"nombre","telefono","correo","estrellas","opiniones","pagina_web","clasificacion_sitio","anio_sitio","es_lead","categoria","direccion","zona","maps_url"
"Autos Quito Mancheno","","","4.3","43","","ninguno","","true","Concesionario de automóviles","Joaquín Mancheno y Av. Galo Plaza Lasso, 170144 Quito","La Mariscal, Quito","https://www.google.com/maps/place/Autos+Quito+Mancheno/data=!4m7!3m6!1s0x91d58f7d2108389b:0xd4753eea81b438d6!8m2!3d-0.1016438!4d-78.4725822!16s%2Fg%2F11wnjygls6!19sChIJmzgIIX2P1ZER1ji0geo-ddQ?authuser=0&hl=es-419&g_ep=EgoyMDI2MDkyMC4wIJJjKgBIAVAD&rclk=1"
"Grupo Comercial Erazo (Norte)","(02) 241-0022","","4.7","18","","ninguno","","true","Concesionario de automóviles","Av. Mariscal Sucre y Manuel Valdiviezo N50-133 y, 170514 Quito","La Mariscal, Quito","https://www.google.com/maps/place/Grupo+Comercial+Erazo+%28Norte%29/data=!4m7!3m6!1s0x91d58ff99cbdd963:0xa5bbdf9d2ad4a43!8m2!3d-0.1476261!4d-78.4989283!16s%2Fg%2F11cs3y9_vn!19sChIJY9m9nPmP1ZERQ0qt0vm9Wwo?authuser=0&hl=es-419&g_ep=EgoyMDI2MDkyMC4wIJJjKgBIAVAD&rclk=1"
"Autos Quito","098 904 3602","","3.4","757","","ninguno","","true","Compraventa de automóviles","Av. Galo Plaza Lasso esquina, 170307 Quito","La Mariscal, Quito","https://www.google.com/maps/place/Autos+Quito/data=!4m7!3m6!1s0x91d58f7d1f74ee01:0x1c1a01cb4902fed1!8m2!3d-0.1133467!4d-78.4789092!16s%2Fg%2F11fy_ngyts!19sChIJAe50H32P1ZER0f4CScsBGhw?authuser=0&hl=es-419&g_ep=EgoyMDI2MDkyMC4wIJJjKgBIAVAD&rclk=1"
"GAMA AUTOS MATRIZ","099 806 2197","","4.5","13","https://www.facebook.com/GamaAutosMatriz","solo_red_social","","true","Compraventa de automóviles","Eloy Alfaro, y y Fray Leonardo Murialdo, 170514 Quito","La Mariscal, Quito","https://www.google.com/maps/place/GAMA+AUTOS+MATRIZ/data=!4m7!3m6!1s0x91d58f085b066089:0x565645c465b45ecb!8m2!3d-0.1301101!4d-78.4708589!16s%2Fg%2F11x2kxg7y3!19sChIJiWAGWwiP1ZERy160ZcRFVlY?authuser=0&hl=es-419&g_ep=EgoyMDI2MDkyMC4wIJJjKgBIAVAD&rclk=1"
"Q-Motors Patio De Autos","099 873 3049","","3.8","92","","ninguno","","true","Concesionario de automóviles","Galo Pl. Lasso, 170203 Quito","La Mariscal, Quito","https://www.google.com/maps/place/Q-Motors+Patio+De+Autos/data=!4m7!3m6!1s0x91d58f6d0ec22f1d:0xc1f08581aa848cfa!8m2!3d-0.0990522!4d-78.4549005!16s%2Fg%2F11bz0w2jw4!19sChIJHS_CDm2P1ZER-oyEqoGF8ME?authuser=0&hl=es-419&g_ep=EgoyMDI2MDkyMC4wIJJjKgBIAVAD&rclk=1"
"Kia - Asiauto Matriz","1700 542 542","","4.2","1274","https://www.kia.com/ec/shopping-tools/find-a-dealer.html","sitio_propio","2021","true","Concesionario Kia","Av. Galo Plaza Lasso y De los Cedros N73-40 Y, 170303 Quito","La Mariscal, Quito","https://www.google.com/maps/place/Kia+-+Asiauto+Matriz/data=!4m7!3m6!1s0x91d5855a6877245b:0x6e142baf42218cac!8m2!3d-0.1230954!4d-78.4798514!16s%2Fg%2F11gn20c50n!19sChIJWyR3aFqF1ZERrIwhQq8rFG4?authuser=0&hl=es-419&g_ep=EgoyMDI2MDkyMC4wIJJjKgBIAVAD&rclk=1"
"Concesionario Full Autos - Sucursal Galo Plaza Lasso","099 108 8880","","3.7","167","https://www.full-autos.com/","sitio_propio","2026","false","Concesionario de automóviles","Av. Galo Plaza Lasso y Porfirio Romero N54-07 y, 170502 Quito","La Mariscal, Quito","https://www.google.com/maps/place/Concesionario+Full+Autos+-+Sucursal+Galo+Plaza+Lasso/data=!4m7!3m6!1s0x91d585f110f418eb:0x485272f0034bf049!8m2!3d-0.1385391!4d-78.4827244!16s%2Fg%2F11r9yc1kyl!19sChIJ6xj0EPGF1ZERSfBLA_ByUkg?authuser=0&hl=es-419&g_ep=EgoyMDI2MDkyMC4wIJJjKgBIAVAD&rclk=1"
"Autos Quito S.A.","099 283 0682","","3.6","109","https://linktr.ee/Autosquitosa","solo_red_social","","true","Concesionario de automóviles","Av. Eloy Alfaro N40-748, 150176 Quito","La Mariscal, Quito","https://www.google.com/maps/place/Autos+Quito+S.A./data=!4m7!3m6!1s0x91d591f4102736d7:0x38b0b12dc1061225!8m2!3d-0.166992!4d-78.4685514!16s%2Fg%2F11rp1820b3!19sChIJ1zYnEPSR1ZERJRIGwS2xsDg?authuser=0&hl=es-419&g_ep=EgoyMDI2MDkyMC4wIJJjKgBIAVAD&rclk=1"
"Hyundai Trustmotor Matriz","099 910 1144","","4","478","https://www.hyundai.com.ec/","sitio_propio","","true","Concesionario de automóviles","Av. Galo Plaza Lasso, y y Av. 6 de Diciembre, 170138 Quito","La Mariscal, Quito","https://www.google.com/maps/place/Hyundai+Trustmotor+Matriz/data=!4m7!3m6!1s0x91d585639bd6f723:0x65ba177cca4b41c8!8m2!3d-0.1218942!4d-78.4799103!16s%2Fg%2F11cjkvq5wd!19sChIJI_fWm2OF1ZERyEFLynwXumU?authuser=0&hl=es-419&g_ep=EgoyMDI2MDkyMC4wIJJjKgBIAVAD&rclk=1"
"Autocor Av. 6 de Diciembre","096 770 2220","datospersonales@autocor.com.ec","4.7","382","http://www.autocor.com.ec/","sitio_propio","2026","false","Compraventa de automóviles","Av. 6 de Diciembre y SN 61 Y, 170513 Quito","La Mariscal, Quito","https://www.google.com/maps/place/Autocor+Av.+6+de+Diciembre/data=!4m7!3m6!1s0x91d585a27d067a37:0x3532252f877cce2f!8m2!3d-0.1271848!4d-78.4779654!16s%2Fg%2F11s7gfqr63!19sChIJN3oGfaKF1ZERL858hy8lMjU?authuser=0&hl=es-419&g_ep=EgoyMDI2MDkyMC4wIJJjKgBIAVAD&rclk=1"
"AUTOS PARATI","098 344 3966","","5","11","https://autosparati.com.ec/","sitio_propio","2026","false","Concesionario de automóviles","panamericana norte, y y Leonidas Proaño, 170155 Quito","La Mariscal, Quito","https://www.google.com/maps/place/AUTOS+PARATI/data=!4m7!3m6!1s0x91d58f871b10456b:0x7e7564308cd0b50b!8m2!3d-0.1051224!4d-78.4332609!16s%2Fg%2F11zbfppn4z!19sChIJa0UQG4eP1ZERC7XQjDBkdX4?authuser=0&hl=es-419&g_ep=EgoyMDI2MDkyMC4wIJJjKgBIAVAD&rclk=1"
"GAVIL MOTORS","099 803 9813","","3.8","32","https://gavilmotors.github.io/","sitio_propio","","false","Concesionario de automóviles","Amalia Uriguen, con y Francisco de Albornoz, 170201 Quito","La Mariscal, Quito","https://www.google.com/maps/place/GAVIL+MOTORS/data=!4m7!3m6!1s0x91d58f193f436bbd:0xdd38509a27a2bc24!8m2!3d-0.080525!4d-78.4182741!16s%2Fg%2F11vm7wxxk7!19sChIJvWtDPxmP1ZERJLyiJ5pQON0?authuser=0&hl=es-419&g_ep=EgoyMDI2MDkyMC4wIJJjKgBIAVAD&rclk=1"
"Proauto Chevrolet - Camiones","098 330 5525","","4.2","653","https://www.proautochevrolet.com.ec/?utm_source=google&utm_medium=banner&utm_id=business","sitio_propio","","false","Concesionario Chevrolet","Av. Simón Bolívar, 170133 Quito","La Mariscal, Quito","https://www.google.com/maps/place/Proauto+Chevrolet+-+Camiones/data=!4m7!3m6!1s0x91d58f9e7477fc73:0xaff0767300cc835!8m2!3d-0.1132417!4d-78.457815!16s%2Fg%2F1hd_p9f_v!19sChIJc_x3dJ6P1ZERNcgMMGcH_wo?authuser=0&hl=es-419&g_ep=EgoyMDI2MDkyMC4wIJJjKgBIAVAD&rclk=1"
"AUTOS FÉNIX","098 839 0621","","4.7","9","","ninguno","","true","Tienda de vehículos de segunda mano y de ocasión","Av. 6 de Diciembre, y y De los Pinos, 170138 Quito","La Mariscal, Quito","https://www.google.com/maps/place/AUTOS+F%C3%89NIX/data=!4m7!3m6!1s0x91d58ff2ad08f0f1:0x5afed003ec4782b5!8m2!3d-0.1374244!4d-78.4732635!16s%2Fg%2F11z5nffrfs!19sChIJ8fAIrfKP1ZERtYJH7APQ_lo?authuser=0&hl=es-419&g_ep=EgoyMDI2MDkyMC4wIJJjKgBIAVAD&rclk=1"
"Tu Carro Fast","098 381 8514","","3.6","58","http://tucarrofast.com/","sitio_propio","","false","Concesionario de automóviles","Av. Galo Plaza Lasso &, 170310 Quito","La Mariscal, Quito","https://www.google.com/maps/place/Tu+Carro+Fast/data=!4m7!3m6!1s0x91d5858678513549:0x44928dfca8b7bde0!8m2!3d-0.1086711!4d-78.4778054!16s%2Fg%2F11t5x5nqw6!19sChIJSTVReIaF1ZER4L23qPyNkkQ?authuser=0&hl=es-419&g_ep=EgoyMDI2MDkyMC4wIJJjKgBIAVAD&rclk=1"
"Grupo Roldan / JAC Motors / JETOUR / YTO / SANY / Comercial Roldan Carapungo","098 285 7679","comercialroldan2018@gmail.com","4.8","17","http://www.carlosroldan.com.ec/","sitio_propio","","false","Concesionario de automóviles","Av. Simón Bolívar, 170306 Quito","La Mariscal, Quito","https://www.google.com/maps/place/Grupo+Roldan+%2F+JAC+Motors+%2F+JETOUR+%2F+YTO+%2F+SANY+%2F+Comercial+Roldan+Carapungo/data=!4m7!3m6!1s0x91d58f5a30375965:0x244038ab92b548f!8m2!3d-0.111668!4d-78.4581624!16s%2Fg%2F11ks3dq_97!19sChIJZVk3MFqP1ZERj1QruYoDRAI?authuser=0&hl=es-419&g_ep=EgoyMDI2MDkyMC4wIJJjKgBIAVAD&rclk=1"
"Toyota del Ecuador","(02) 396-2500","","4.6","149","https://www.toyota.com.ec/","sitio_propio","","false","Concesionario de automóviles","Av. Galo Plaza Lasso N69-309 y, 150511 Quito","La Mariscal, Quito","https://www.google.com/maps/place/Toyota+del+Ecuador/data=!4m7!3m6!1s0x91d58580564c9891:0x2d1585537c2fe966!8m2!3d-0.1081831!4d-78.4780528!16s%2Fg%2F11c3j96t1f!19sChIJkZhMVoCF1ZERZukvfFOFFS0?authuser=0&hl=es-419&g_ep=EgoyMDI2MDkyMC4wIJJjKgBIAVAD&rclk=1"
"Chery Condado","099 105 0600","","4.9","15","https://www.maresacenter.com/","sitio_propio","","false","Concesionario de vehículos todoterreno","Av. Mariscal Sucre, y y Av. John F. Kennedy, 170144 Quito","La Mariscal, Quito","https://www.google.com/maps/place/Chery+Condado/data=!4m7!3m6!1s0x91d585b68692fd65:0x4d5a6ea22ed2b97d!8m2!3d-0.1024867!4d-78.4902357!16s%2Fg%2F11txzm67w0!19sChIJZf2ShraF1ZERfbnSLqJuWk0?authuser=0&hl=es-419&g_ep=EgoyMDI2MDkyMC4wIJJjKgBIAVAD&rclk=1"
"Urbancar","098 763 2976","info@urban-car.com; infoseminuevos@urban-car.com; mitaller@urban-car.com","4.1","128","https://urbancarautos.com/","sitio_propio","2024","false","Taller de automóviles","Av. Simón Bolívar, 170133 Quito","La Mariscal, Quito","https://www.google.com/maps/place/Urbancar/data=!4m7!3m6!1s0x91d58f0ab54e2b5d:0x704eb8e93b1a4ec0!8m2!3d-0.1105274!4d-78.458459!16s%2Fg%2F11c6lx85n_!19sChIJXStOtQqP1ZERwE4aO-m4TnA?authuser=0&hl=es-419&g_ep=EgoyMDI2MDkyMC4wIJJjKgBIAVAD&rclk=1"
"Automekano - Agencia Galo Plaza","(02) 392-2369","cotizador@automekano.com","4.4","362","http://www.automekano.com/","sitio_propio","2026","false","Concesionario de automóviles","Av. Galo Plaza Lasso Francisco Namiña, 170138 Quito","La Mariscal, Quito","https://www.google.com/maps/place/Automekano+-+Agencia+Galo+Plaza/data=!4m7!3m6!1s0x91d5855e02bfa9d7:0x27bdd6353f6376af!8m2!3d-0.1277629!4d-78.4806635!16s%2Fg%2F11h0k443b!19sChIJ16m_Al6F1ZERr3ZjPzXWvSc?authuser=0&hl=es-419&g_ep=EgoyMDI2MDkyMC4wIJJjKgBIAVAD&rclk=1"
"Gama Autos Eloy Alfaro","098 823 9795","","4.6","25","https://www.facebook.com/Gamaautos.pc","solo_red_social","","true","Concesionario de automóviles","Av. Eloy Alfaro y De Las Madreselvas &, 170138 Quito","La Mariscal, Quito","https://www.google.com/maps/place/Gama+Autos+Eloy+Alfaro/data=!4m7!3m6!1s0x91d59176acf7a62b:0xfdc74ccbdd457cbc!8m2!3d-0.1476098!4d-78.4689951!16s%2Fg%2F11v3k7bnj5!19sChIJK6b3rHaR1ZERvHxF3ctMx_0?authuser=0&hl=es-419&g_ep=EgoyMDI2MDkyMC4wIJJjKgBIAVAD&rclk=1"
"Busimott Cia Ltda","(02) 350-0328","info@busimott.com","4.7","552","https://busimott.com/","sitio_propio","","false","Concesionario de automóviles","Av. Eloy Alfaro &, 170144 Quito","La Mariscal, Quito","https://www.google.com/maps/place/Busimott+Cia+Ltda/data=!4m7!3m6!1s0x91d58f227952b653:0x1d170fc3991ae956!8m2!3d-0.1259544!4d-78.4718113!16s%2Fg%2F11j5fj222t!19sChIJU7ZSeSKP1ZERVukamcMPFx0?authuser=0&hl=es-419&g_ep=EgoyMDI2MDkyMC4wIJJjKgBIAVAD&rclk=1"
"Urgentito | Autos Usados","099 862 9114","freiderwillertoledolaya@gmail.com; urgentitoibarraeme@gmail.com; urgentitoecuador@gmail.com; urgentitovalle@gmail.com; urgentitoredespomasqui@gmail.com; urgentitotumbaco@gmail.com","3.4","863","http://www.urgentito.com.ec/","sitio_propio","2026","false","Tienda de vehículos de segunda mano y de ocasión","diagonal a Solca Frente a la gasolinera Primax, Av. Eloy Alfaro, y y De los Fresnos","La Mariscal, Quito","https://www.google.com/maps/place/Urgentito+%7C+Autos+Usados/data=!4m7!3m6!1s0x91d58f6a14feb2c7:0x4bb1b23e75279a8!8m2!3d-0.1337044!4d-78.4709224!16s%2Fg%2F11g22nzrmv!19sChIJx7L-FGqP1ZERqHlS5yMbuwQ?authuser=0&hl=es-419&g_ep=EgoyMDI2MDkyMC4wIJJjKgBIAVAD&rclk=1"
"BYD","(02) 601-2610","","4.1","69","","ninguno","","true","Concesionario de automóviles","Av. Galo Plaza Lasso, 170144 Quito","La Mariscal, Quito","https://www.google.com/maps/place/BYD/data=!4m7!3m6!1s0x91d5857c3c6e008d:0x5652503617cc8859!8m2!3d-0.1265385!4d-78.480773!16s%2Fg%2F11cjkdnj7d!19sChIJjQBuPHyF1ZERWYjMFzZQUlY?authuser=0&hl=es-419&g_ep=EgoyMDI2MDkyMC4wIJJjKgBIAVAD&rclk=1"
"STG Autos Usados","097 883 7786","","4.5","33","","ninguno","","true","Compraventa de automóviles","Av. Real Audiencia N65-215, 170303 Quito","La Mariscal, Quito","https://www.google.com/maps/place/STG+Autos+Usados/data=!4m7!3m6!1s0x91d5857bb5d2fffb:0x2290f6f6417540e8!8m2!3d-0.1156803!4d-78.4834925!16s%2Fg%2F11bx1y_yb2!19sChIJ-__StXuF1ZER6EB1Qfb2kCI?authuser=0&hl=es-419&g_ep=EgoyMDI2MDkyMC4wIJJjKgBIAVAD&rclk=1"
"BYD Auto - Galo Plaza","(02) 281-1378","","4.5","75","http://www.corasa.com.ec/","sitio_propio","","true","Concesionario de automóviles","Av. Galo Plaza Lasso &, 170138 Quito","La Mariscal, Quito","https://www.google.com/maps/place/BYD+Auto+-+Galo+Plaza/data=!4m7!3m6!1s0x91d59aafb49b3a8f:0x1df9f4b246291d51!8m2!3d-0.1301301!4d-78.4810337!16s%2Fg%2F11byyj977h!19sChIJjzqbtK-a1ZERUR0pRrL0-R0?authuser=0&hl=es-419&g_ep=EgoyMDI2MDkyMC4wIJJjKgBIAVAD&rclk=1"
"Grupo Roldan Quito Norte / JAC Motors","098 105 5800","comercialroldan2018@gmail.com","4","369","https://gruporoldan.com.ec/","sitio_propio","","false","Concesionario de automóviles","Av Galo Plaza Lasso, y y Francisco Dalmau, 170310 Quito","La Mariscal, Quito","https://www.google.com/maps/place/Grupo+Roldan+Quito+Norte+%2F+JAC+Motors/data=!4m7!3m6!1s0x91d5857f17a7e98b:0xdfd2316a1f475964!8m2!3d-0.1114076!4d-78.479285!16s%2Fg%2F11cjkqk8zl!19sChIJi-mnF3-F1ZERZFlHH2ox0t8?authuser=0&hl=es-419&g_ep=EgoyMDI2MDkyMC4wIJJjKgBIAVAD&rclk=1"
"Autos MB","099 398 5484","ventas@autosmb.com.ec","4.6","8","http://autosmb.com.ec/","sitio_propio","","false","Concesionario de automóviles","De Los Arupos E1-66, 170307 Quito","La Mariscal, Quito","https://www.google.com/maps/place/Autos+MB/data=!4m7!3m6!1s0x91d58f2c7f62cc85:0x2c5a9a56b7c59a6a!8m2!3d-0.1119086!4d-78.47815!16s%2Fg%2F11kf46gf5k!19sChIJhcxifyyP1ZERaprFt1aaWiw?authuser=0&hl=es-419&g_ep=EgoyMDI2MDkyMC4wIJJjKgBIAVAD&rclk=1"
"CSG MOTORS","(02) 247-2292","","4.3","7","","ninguno","","true","Compraventa de automóviles","VGG9+VPM, Av. 10 de Agosto, 170144 Quito","La Mariscal, Quito","https://www.google.com/maps/place/CSG+MOTORS/data=!4m7!3m6!1s0x91d58563f68f22fb:0x39e4329be1da6dfb!8m2!3d-0.122789!4d-78.4806877!16s%2Fg%2F11c318nzzt!19sChIJ-yKP9mOF1ZER-23a4Zsy5Dk?authuser=0&hl=es-419&g_ep=EgoyMDI2MDkyMC4wIJJjKgBIAVAD&rclk=1"
"COGMOTORS SA","","","4.3","18","","ninguno","","true","Concesionario de autocaravanas","VGRR+PX8, Simon Bolivar Y, Panamericana Nte., 170133 Quito","La Mariscal, Quito","https://www.google.com/maps/place/COGMOTORS+SA/data=!4m7!3m6!1s0x91d58f49b5e8bfcd:0x93a8c5b09aa36e88!8m2!3d-0.1082139!4d-78.4575589!16s%2Fg%2F11fpdclt_g!19sChIJzb_otUmP1ZERiG6jmrDFqJM?authuser=0&hl=es-419&g_ep=EgoyMDI2MDkyMC4wIJJjKgBIAVAD&rclk=1"
"Kia - Asiauto Portal Shopping","1700 542 542","","3.1","15","https://www.kia.com/ec/shopping-tools/find-a-dealer.html","sitio_propio","2021","true","Concesionario Kia","Centro Comercial Portal Shopping, 170133 Quito","La Mariscal, Quito","https://www.google.com/maps/place/Kia+-+Asiauto+Portal+Shopping/data=!4m7!3m6!1s0x91d58f3607e8a1e3:0xb278bcf617385cac!8m2!3d-0.1083223!4d-78.4580771!16s%2Fg%2F11r4m1nyq9!19sChIJ46HoBzaP1ZERrFw4F_a8eLI?authuser=0&hl=es-419&g_ep=EgoyMDI2MDkyMC4wIJJjKgBIAVAD&rclk=1"
"Hyundai TrustMotor - El Condado","099 910 1144","","3.5","55","","ninguno","","true","Concesionario Hyundai","Centro Comercial El Condado, Piso: 1, Av. de la Prensa s/n, Local: 101, 170301 Quito","La Mariscal, Quito","https://www.google.com/maps/place/Hyundai+TrustMotor+-+El+Condado/data=!4m7!3m6!1s0x91d5859a53443661:0x4ed7d6b2ea3f6c77!8m2!3d-0.1028968!4d-78.4898183!16s%2Fg%2F11gnrxtt4c!19sChIJYTZEU5qF1ZERd2w_6rLW104?authuser=0&hl=es-419&g_ep=EgoyMDI2MDkyMC4wIJJjKgBIAVAD&rclk=1"
"Kia Seminuevos Certificados Galo Plaza Lasso","1700 542 542","","3.2","23","","ninguno","","true","Concesionario Kia","Av. 10 de Agosto y Sabanilla, 170138 Quito","La Mariscal, Quito","https://www.google.com/maps/place/Kia+Seminuevos+Certificados+Galo+Plaza+Lasso/data=!4m7!3m6!1s0x91d5856965114245:0x7e686965bf3a3a0b!8m2!3d-0.123376!4d-78.48009!16s%2Fg%2F11q2c_bnmr!19sChIJRUIRZWmF1ZERCzo6v2VpaH4?authuser=0&hl=es-419&g_ep=EgoyMDI2MDkyMC4wIJJjKgBIAVAD&rclk=1"
"Auto-Confianza","(02) 226-5289","","4.8","653","http://www.autoconfianza.com.ec/","sitio_propio","2026","false","Concesionario de automóviles","Junto a la gasolinera Terpel, Av. 10 de Agosto N6798 y, Av. Río Coca Esquina, Quito","La Mariscal, Quito","https://www.google.com/maps/place/Auto-Confianza/data=!4m7!3m6!1s0x91d59a97f8da776d:0x13ea05637ac5ba25!8m2!3d-0.16167!4d-78.4855067!16s%2Fg%2F11gtccn1xs!19sChIJbXfa-Jea1ZERJbrFemMF6hM?authuser=0&hl=es-419&g_ep=EgoyMDI2MDkyMC4wIJJjKgBIAVAD&rclk=1"
"Kia - Asiauto Condado","1700 542 542","","4","261","https://www.kia.com/ec/shopping-tools/find-a-dealer.html","sitio_propio","2021","true","Concesionario Kia","John F. Kennedy 1478 y Av. De la Prensa El Condado Shopping, 170301 Quito","La Mariscal, Quito","https://www.google.com/maps/place/Kia+-+Asiauto+Condado/data=!4m7!3m6!1s0x91d5859b89296e7b:0xcf3588066bfb1c0b!8m2!3d-0.1044136!4d-78.4912449!16s%2Fg%2F11dym5dwhp!19sChIJe24piZuF1ZERCxz7awaINc8?authuser=0&hl=es-419&g_ep=EgoyMDI2MDkyMC4wIJJjKgBIAVAD&rclk=1"
"1001carros","1800 227 222","","3.7","14","http://www.1001carros.com/","sitio_propio","","false","Tienda de vehículos de segunda mano y de ocasión","VGW5+XR6, Quito","La Mariscal, Quito","https://www.google.com/maps/place/1001carros/data=!4m7!3m6!1s0x91d5859a505523e9:0xa52392d721185920!8m2!3d-0.1025849!4d-78.4904909!16s%2Fg%2F11c205y_p2!19sChIJ6SNVUJqF1ZERIFkYIdeSI6U?authuser=0&hl=es-419&g_ep=EgoyMDI2MDkyMC4wIJJjKgBIAVAD&rclk=1"
"Larsa Motors","098 367 7676","","4.1","7","","ninguno","","true","Concesionario de camiones","170133 Quito","La Mariscal, Quito","https://www.google.com/maps/place/Larsa+Motors/data=!4m7!3m6!1s0x91d58f917dc38da9:0x39a8669c4c6da19f!8m2!3d-0.1086214!4d-78.4525531!16s%2Fg%2F11l59xqyfb!19sChIJqY3DfZGP1ZERn6FtTJxmqDk?authuser=0&hl=es-419&g_ep=EgoyMDI2MDkyMC4wIJJjKgBIAVAD&rclk=1"
"Kia Asiauto Av. Occidental","1700 542 542","","4.3","1362","https://www.kia.com.ec/","sitio_propio","","true","Concesionario de automóviles","Av. Occidental, 170528 Quito","La Mariscal, Quito","https://www.google.com/maps/place/Kia+Asiauto+Av.+Occidental/data=!4m7!3m6!1s0x91d58535a3326327:0x241719d2dc606b2!8m2!3d-0.1440358!4d-78.4998146!16s%2Fg%2F12q4tx236!19sChIJJ2MyozWF1ZERsgbGLZ1xQQI?authuser=0&hl=es-419&g_ep=EgoyMDI2MDkyMC4wIJJjKgBIAVAD&rclk=1"
"Automotores y Anexos Seminuevos","099 950 8888","","4.3","71","http://www.seminuevosautomotoresyanexos.com/","sitio_propio","2026","false","Tienda de vehículos de segunda mano y de ocasión","Av. Eloy Alfaro, 170517 Quito","La Mariscal, Quito","https://www.google.com/maps/place/Automotores+y+Anexos+Seminuevos/data=!4m7!3m6!1s0x91d59b1747420baf:0xf113fbda5df5df08!8m2!3d-0.1691161!4d-78.4699682!16s%2Fg%2F11fjzbtmdq!19sChIJrwtCRxeb1ZERCN_1Xdr7E_E?authuser=0&hl=es-419&g_ep=EgoyMDI2MDkyMC4wIJJjKgBIAVAD&rclk=1"
"Alvarez Autos Matriz","099 892 5041","","4.7","7","","ninguno","","true","Compraventa de automóviles","170303, Quito","La Mariscal, Quito","https://www.google.com/maps/place/Alvarez+Autos+Matriz/data=!4m7!3m6!1s0x91d59b33f09d2d3d:0xe00f539854758ec0!8m2!3d-0.1229804!4d-78.4859558!16s%2Fg%2F11sk1qvcn_!19sChIJPS2d8DOb1ZERwI51VJhTD-A?authuser=0&hl=es-419&g_ep=EgoyMDI2MDkyMC4wIJJjKgBIAVAD&rclk=1"
"Centro de Colisiones SRG norte","(02) 241-5900","","4.1","378","http://www.srgtalleres.net/","sitio_propio","2026","false","Concesionario de automóviles","Av. Galo Plaza Lasso 8721, 090106 Quito","La Mariscal, Quito","https://www.google.com/maps/place/Centro+de+Colisiones+SRG+norte/data=!4m7!3m6!1s0x91d58552d88ead39:0x38b1ca6a42c7a14f!8m2!3d-0.1454628!4d-78.483706!16s%2Fg%2F11h_tjsf8s!19sChIJOa2O2FKF1ZERT6HHQmrKsTg?authuser=0&hl=es-419&g_ep=EgoyMDI2MDkyMC4wIJJjKgBIAVAD&rclk=1"
"TARGETAUTO","(02) 328-3940","","4.5","19","","ninguno","","true","Subastas de coches","VGCC+5RJ, 170138 Quito","La Mariscal, Quito","https://www.google.com/maps/place/TARGETAUTO/data=!4m7!3m6!1s0x91d5855fb4b0d3e3:0xffc46aace7808785!8m2!3d-0.1295357!4d-78.4779865!16s%2Fg%2F11c44xd8yf!19sChIJ49OwtF-F1ZERhYeA56xqxP8?authuser=0&hl=es-419&g_ep=EgoyMDI2MDkyMC4wIJJjKgBIAVAD&rclk=1"
"Megavehiculos Matriz Quito","(02) 226-9344","","4.2","198","","ninguno","","true","Concesionario Hyundai","El Labrador, Av. 10 de Agosto y Av. El Inca N44-318 y, 170138 Quito","La Mariscal, Quito","https://www.google.com/maps/place/Megavehiculos+Matriz+Quito/data=!4m7!3m6!1s0x91d59aa4ea70f9cd:0x66696bece6a448c8!8m2!3d-0.1589431!4d-78.4850847!16s%2Fg%2F11cmcw0cn0!19sChIJzflw6qSa1ZERyEik5uxraWY?authuser=0&hl=es-419&g_ep=EgoyMDI2MDkyMC4wIJJjKgBIAVAD&rclk=1"
"ARCA CARS - Automotriz Venta de Autos","095 958 7837","","3.7","48","https://www.arcacars.org/","sitio_propio","","true","Concesionario Chevrolet","VG26+G52, Av. Río Amazonas, 170104 Quito","La Mariscal, Quito","https://www.google.com/maps/place/ARCA+CARS+-+Automotriz+Venta+de+Autos/data=!4m7!3m6!1s0x91d59b001c166327:0x7057127d2fc75706!8m2!3d-0.1487279!4d-78.4896249!16s%2Fg%2F11wbyt6v__!19sChIJJ2MWHACb1ZERBlfHL30SV3A?authuser=0&hl=es-419&g_ep=EgoyMDI2MDkyMC4wIJJjKgBIAVAD&rclk=1"
"Mavi Autos","(02) 244-7328","","4.6","37","http://www.maviautos.com/","sitio_propio","2026","false","Concesionario de automóviles","Av. de los Shyris N41-40, 170135 Quito","La Mariscal, Quito","https://www.google.com/maps/place/Mavi+Autos/data=!4m7!3m6!1s0x91d59a9e96900799:0x9b2f0ec4d6fdbc17!8m2!3d-0.1686024!4d-78.4792326!16s%2Fg%2F11g4dv0k3l!19sChIJmQeQlp6a1ZERF7z91sQOL5s?authuser=0&hl=es-419&g_ep=EgoyMDI2MDkyMC4wIJJjKgBIAVAD&rclk=1"
"Automotores Continental Labrador","1800 141 414","","4.3","1119","https://www.automotorescontinental.com/?utm_source=google&utm_medium=banner&utm_id=business","sitio_propio","","false","Concesionario Chevrolet","Matriz, El Labrador, Av. 10 de Agosto y Av. Río Amazonas N45-266, 170502 Quito","La Mariscal, Quito","https://www.google.com/maps/place/Automotores+Continental+Labrador/data=!4m7!3m6!1s0x91d59aa5649bea23:0x4f7389ef27b6597d!8m2!3d-0.1558873!4d-78.484601!16s%2Fg%2F1hc158gxd!19sChIJI-qbZKWa1ZERfVm2J--Jc08?authuser=0&hl=es-419&g_ep=EgoyMDI2MDkyMC4wIJJjKgBIAVAD&rclk=1"
"Mercedes-Benz - Inchcape Matríz","099 793 6662","","5","135","http://www.mercedes-benz.com.ec/?utm_campaign=gmb&utm_medium=organic&utm_source=local","sitio_propio","","false","Concesionario Mercedes Benz","Av. Galo Plaza Lasso y Sabanilla 62-103, 170138 Quito","La Mariscal, Quito","https://www.google.com/maps/place/Mercedes-Benz+-+Inchcape+Matr%C3%ADz/data=!4m7!3m6!1s0x91d5858a2ae66c3b:0x17ec4e0f3d1b8197!8m2!3d-0.1243248!4d-78.4808891!16s%2Fg%2F11pcsk8njd!19sChIJO2zmKoqF1ZERl4EbPQ9O7Bc?authuser=0&hl=es-419&g_ep=EgoyMDI2MDkyMC4wIJJjKgBIAVAD&rclk=1"
"VIP AUTOS","(02) 264-1812","","3.6","15","","ninguno","","true","Concesionario de automóviles","Av. 6 de Diciembre y De los Pinos &, 170138 Quito","La Mariscal, Quito","https://www.google.com/maps/place/VIP+AUTOS/data=!4m7!3m6!1s0x91d599a0e9343c77:0x5df4bffca5607b53!8m2!3d-0.1374517!4d-78.4732631!16s%2Fg%2F11gmh_g75l!19sChIJdzw06aCZ1ZERU3tgpfy_9F0?authuser=0&hl=es-419&g_ep=EgoyMDI2MDkyMC4wIJJjKgBIAVAD&rclk=1"
"F Autos","099 881 8550","ayuda@patiotuerca.com; agf1autos@hotmail.com","4","14","https://ecuador.patiotuerca.com/dealers-profile/f-autos-cia-lda/248","sitio_propio","2026","false","Tienda de vehículos de segunda mano y de ocasión","Av. 6 de Diciembre y Fray Leonardo Murialdo N58-68 y, 170513 Quito","La Mariscal, Quito","https://www.google.com/maps/place/F+Autos/data=!4m7!3m6!1s0x91d585335f1c9f47:0x8e7717a5edef9b02!8m2!3d-0.1306189!4d-78.475858!16s%2Fg%2F11l1brbdjv!19sChIJR58cXzOF1ZERApvv7aUXd44?authuser=0&hl=es-419&g_ep=EgoyMDI2MDkyMC4wIJJjKgBIAVAD&rclk=1"
"Autocor Av. Eloy Alfaro","096 770 2220","datospersonales@autocor.com.ec","4.7","334","http://www.autocor.com.ec/","sitio_propio","2026","false","Tienda de vehículos de segunda mano y de ocasión","Av. Eloy Alfaro, 170516 Quito","La Mariscal, Quito","https://www.google.com/maps/place/Autocor+Av.+Eloy+Alfaro/data=!4m7!3m6!1s0x91d5915dce364681:0xcb45a4a57584b169!8m2!3d-0.1665056!4d-78.4684247!16s%2Fg%2F11j12hrndq!19sChIJgUY2zl2R1ZERabGEdaWkRcs?authuser=0&hl=es-419&g_ep=EgoyMDI2MDkyMC4wIJJjKgBIAVAD&rclk=1"
"Ambacar Galo Plaza","098 855 7898","nombre@email.com","4.2","333","https://www.ambacar.com/","sitio_propio","","false","Concesionario de automóviles","Avenida Galo Plaza N 59 - 155 y Francisco Namiña, 170120 Quito","La Mariscal, Quito","https://www.google.com/maps/place/Ambacar+Galo+Plaza/data=!4m7!3m6!1s0x91d585d908532405:0x108619b679385a53!8m2!3d-0.1277947!4d-78.480373!16s%2Fg%2F11gr429p1x!19sChIJBSRTCNmF1ZERU1o4ebYZhhA?authuser=0&hl=es-419&g_ep=EgoyMDI2MDkyMC4wIJJjKgBIAVAD&rclk=1"
"ICT Autos","096 901 2193","","4.1","19","https://www.ictautos.com/","sitio_propio","2026","false","Concesionario de automóviles","Av. 6 de Diciembre 170502, 170138 Quito","La Mariscal, Quito","https://www.google.com/maps/place/ICT+Autos/data=!4m7!3m6!1s0x91d59b8fc99aec6d:0xf504af2fd3632515!8m2!3d-0.1418122!4d-78.4740608!16s%2Fg%2F11sfx50gbp!19sChIJbeyayY-b1ZERFSVj0y-vBPU?authuser=0&hl=es-419&g_ep=EgoyMDI2MDkyMC4wIJJjKgBIAVAD&rclk=1"
"One Stop Autos","098 452 3473","","3.4","34","","ninguno","","true","Concesionario de automóviles","170144 Quito","La Mariscal, Quito","https://www.google.com/maps/place/One+Stop+Autos/data=!4m7!3m6!1s0x91d59b097941b679:0x153e18b164bc6156!8m2!3d-0.1193707!4d-78.4917245!16s%2Fg%2F11n2z7cf_x!19sChIJebZBeQmb1ZERVmG8ZLEYPhU?authuser=0&hl=es-419&g_ep=EgoyMDI2MDkyMC4wIJJjKgBIAVAD&rclk=1"
"Lavca Norte","(02) 394-7720","info@lavca.com.ec; info@lavca.com","3.7","87","https://www.lavca.com.ec/","sitio_propio","","false","Concesionario de automóviles","Fray Leonardo Murialdo 2, 170138 Quito","La Mariscal, Quito","https://www.google.com/maps/place/Lavca+Norte/data=!4m7!3m6!1s0x91d58518bbae4907:0x174c9cb39c1441ae!8m2!3d-0.1316625!4d-78.4762969!16s%2Fg%2F11q2shyvxw!19sChIJB0muuxiF1ZERrkEUnLOcTBc?authuser=0&hl=es-419&g_ep=EgoyMDI2MDkyMC4wIJJjKgBIAVAD&rclk=1"
"Škoda Ecuador - Quito","(02) 601-2614","","4.1","27","","ninguno","","true","Concesionario Skoda","Av. Galo Plaza Lasso y Sabanilla 4973 y, 170303 Quito","La Mariscal, Quito","https://www.google.com/maps/place/%C5%A0koda+Ecuador+-+Quito/data=!4m7!3m6!1s0x91d59bf24e110e85:0x65f541e6e44c6ab4!8m2!3d-0.1245822!4d-78.4803532!16s%2Fg%2F11kn6r9wxd!19sChIJhQ4RTvKb1ZERtGpM5OZB9WU?authuser=0&hl=es-419&g_ep=EgoyMDI2MDkyMC4wIJJjKgBIAVAD&rclk=1"
"1001 Carros","1800 100 122 ext. 6700","","4","335","http://www.1001carros.com/","sitio_propio","","false","Concesionario de automóviles","Av. Galo Plaza Lasso y Rafael Ramos, 170512 Quito","La Mariscal, Quito","https://www.google.com/maps/place/1001+Carros/data=!4m7!3m6!1s0x91d59b618ebfed33:0xfc476a00338db86!8m2!3d-0.1503443!4d-78.4844117!16s%2Fg%2F11fl47mvxz!19sChIJM-2_jmGb1ZERhts4A6B2xA8?authuser=0&hl=es-419&g_ep=EgoyMDI2MDkyMC4wIJJjKgBIAVAD&rclk=1"
"URBANPLAZA","(02) 240-8215","info@urban-car.com; infoseminuevos@urban-car.com; mitaller@urban-car.com","3.9","7","http://www.urbancarautos.com/","sitio_propio","2024","false","Concesionario de automóviles","Av. Galo Plaza Lasso 3082, 170138 Quito","La Mariscal, Quito","https://www.google.com/maps/place/URBANPLAZA/data=!4m7!3m6!1s0x91d5855d1eb8b63b:0xeb0c867cf576b5d4!8m2!3d-0.132!4d-78.4813492!16s%2Fg%2F11trykft1k!19sChIJO7a4Hl2F1ZER1LV29XyGDOs?authuser=0&hl=es-419&g_ep=EgoyMDI2MDkyMC4wIJJjKgBIAVAD&rclk=1"
"JMC","097 871 0012","","3.7","181","https://galmack.com.ec/contactanos/","sitio_propio","","false","Concesionario de camiones","Parque de los Recuerdos, Dirección: Av. Galo Plazo Lasso, y y Manuel Ambrosi, 170513 Quito","La Mariscal, Quito","https://www.google.com/maps/place/JMC/data=!4m7!3m6!1s0x91d5856148d966ab:0xf959aaef6d6747b7!8m2!3d-0.1181462!4d-78.4796062!16s%2Fg%2F11gmyvkx5d!19sChIJq2bZSGGF1ZERt0dnbe-qWfk?authuser=0&hl=es-419&g_ep=EgoyMDI2MDkyMC4wIJJjKgBIAVAD&rclk=1"
"Casabaca, Agencia Norte","096 292 0000","","4.5","262","https://www.casabaca.com/","sitio_propio","2026","false","Taller mecánico","Av. Galo Plaza Lasso, 170123 Quito","La Mariscal, Quito","https://www.google.com/maps/place/Casabaca,+Agencia+Norte/data=!4m7!3m6!1s0x91d5857cb288b7c1:0x53905333b5db6e33!8m2!3d-0.1186536!4d-78.4800773!16s%2Fg%2F11cnc0k64b!19sChIJwbeIsnyF1ZERM27btTNTkFM?authuser=0&hl=es-419&g_ep=EgoyMDI2MDkyMC4wIJJjKgBIAVAD&rclk=1"
"Grupo Roldan / JAC / Jetour / Sany / Beiben Truck / Zongshen / Textron / Bianchi","(02) 346-4890 ext. 3318","comercialroldan2018@gmail.com","4.2","90","https://gruporoldan.com.ec/","sitio_propio","","false","Concesionario de automóviles","Av. 6 de Diciembre &, 170138 Quito","La Mariscal, Quito","https://www.google.com/maps/place/Grupo+Roldan+%2F+JAC+%2F+Jetour+%2F+Sany+%2F+Beiben+Truck+%2F+Zongshen+%2F+Textron+%2F+Bianchi/data=!4m7!3m6!1s0x91d585cff648dab1:0x2dcd81ca6ae2fa96!8m2!3d-0.1210503!4d-78.4797353!16s%2Fg%2F11lm9bwf05!19sChIJsdpI9s-F1ZERlvriasqBzS0?authuser=0&hl=es-419&g_ep=EgoyMDI2MDkyMC4wIJJjKgBIAVAD&rclk=1"
"EcuaAuto Chevrolet - Río Coca","099 140 2100","","4.5","1193","https://www.ecuaautochevrolet.ec/?utm_source=google&utm_medium=banner&utm_id=business","sitio_propio","","false","Concesionario Chevrolet","Río Coca, y y Av. de los Shyris, 170138 Quito","La Mariscal, Quito","https://www.google.com/maps/place/EcuaAuto+Chevrolet+-+R%C3%ADo+Coca/data=!4m7!3m6!1s0x91d59aa051989b71:0xa6c5bcdc953dea00!8m2!3d-0.1625428!4d-78.4775428!16s%2Fg%2F1vlzcfn6!19sChIJcZuYUaCa1ZERAOo9ldy8xaY?authuser=0&hl=es-419&g_ep=EgoyMDI2MDkyMC4wIJJjKgBIAVAD&rclk=1"
"Grupo Mavesa Quito Norte","1800 628 372","","4.3","173","","ninguno","","true","Concesionario de camiones","Galo Plaza Lasso, y y Sebastián Moreno, Quito","La Mariscal, Quito","https://www.google.com/maps/place/Grupo+Mavesa+Quito+Norte/data=!4m7!3m6!1s0x91d585b60abd3ec1:0xd47d26c2f06e222!8m2!3d-0.1063284!4d-78.4766524!16s%2Fg%2F11jrqhgr56!19sChIJwT69CraF1ZERIuIGL2zSRw0?authuser=0&hl=es-419&g_ep=EgoyMDI2MDkyMC4wIJJjKgBIAVAD&rclk=1"
"Zona Franca autos","096 833 8138","","4.1","170","","ninguno","","true","Concesionario de automóviles","Cristóbal De Ayala 93, 170138 Quito","La Mariscal, Quito","https://www.google.com/maps/place/Zona+Franca+autos/data=!4m7!3m6!1s0x91d58f2f5a10dd07:0xeeb74d1980275fc1!8m2!3d-0.1428838!4d-78.4695957!16s%2Fg%2F11j4ttk1j6!19sChIJB90QWi-P1ZERwV8ngBlNt-4?authuser=0&hl=es-419&g_ep=EgoyMDI2MDkyMC4wIJJjKgBIAVAD&rclk=1"
"Vamsmotors","099 879 9914","","5","6","","ninguno","","true","Concesionario de automóviles","Av. Galo Plaza Lasso y Porfirio Romero &, 170138 Quito","La Mariscal, Quito","https://www.google.com/maps/place/Vamsmotors/data=!4m7!3m6!1s0x91d59bd3bca01a93:0x9f31e52b72d11307!8m2!3d-0.138061!4d-78.4826741!16s%2Fg%2F11sff7gpw1!19sChIJkxqgvNOb1ZERBxPRcivlMZ8?authuser=0&hl=es-419&g_ep=EgoyMDI2MDkyMC4wIJJjKgBIAVAD&rclk=1"
"Toyota Casabaca - El Condado","1800 227 222","","4.4","98","http://www.casabaca.com/","sitio_propio","2026","false","Concesionario Toyota","Av de la Prensa y Av. Mariscal Sucre Centro Comercial Condado Shopping (planta baja","La Mariscal, Quito","https://www.google.com/maps/place/Toyota+Casabaca+-+El+Condado/data=!4m7!3m6!1s0x91d585d6e477b5d7:0x281406323c38467d!8m2!3d-0.1026333!4d-78.4906758!16s%2Fg%2F11hf8bpdpq!19sChIJ17V35NaF1ZERfUY4PDIGFCg?authuser=0&hl=es-419&g_ep=EgoyMDI2MDkyMC4wIJJjKgBIAVAD&rclk=1"
"TOBAMOTORS Renault","099 251 7493","","4.7","226","https://es-la.facebook.com/tobamotorsrenault/","solo_red_social","","true","Taller mecánico","170144 Quito","La Mariscal, Quito","https://www.google.com/maps/place/TOBAMOTORS+Renault/data=!4m7!3m6!1s0x91d585761a50311f:0x753ebb04beffb99e!8m2!3d-0.1102745!4d-78.4913142!16s%2Fg%2F11g6bk20r9!19sChIJHzFQGnaF1ZERnrn_vgS7PnU?authuser=0&hl=es-419&g_ep=EgoyMDI2MDkyMC4wIJJjKgBIAVAD&rclk=1"
"CABRERA AUTOS","223-5837","","4.5","565","http://www.cabrerautos.com/","sitio_propio","2026","false","Compraventa de automóviles","Av. 10 de Agosto y Av. Mariana de Jesús N31 133 y, 170135 Quito","La Mariscal, Quito","https://www.google.com/maps/place/CABRERA+AUTOS/data=!4m7!3m6!1s0x91d59a641d13687d:0x749552c3f0475ae1!8m2!3d-0.1895461!4d-78.4926879!16s%2Fg%2F11cn6sslq0!19sChIJfWgTHWSa1ZER4VpH8MNSlXQ?authuser=0&hl=es-419&g_ep=EgoyMDI2MDkyMC4wIJJjKgBIAVAD&rclk=1"
"Sinotruk - Carapungo | Vehicentro","099 204 8229","contacto@vehicentro.com","4.5","56","https://vehicentro.com/","sitio_propio","2026","false","Concesionario de camiones","Frente a Santa Maria de Carapungo, Av. Simón Bolívar, 170133 Quito","La Mariscal, Quito","https://www.google.com/maps/place/Sinotruk+-+Carapungo+%7C+Vehicentro/data=!4m7!3m6!1s0x91d58f8dbdabdb2d:0x5dec9833905d0922!8m2!3d-0.1120741!4d-78.4577208!16s%2Fg%2F11h7vqmfjc!19sChIJLdurvY2P1ZERIgldkDOY7F0?authuser=0&hl=es-419&g_ep=EgoyMDI2MDkyMC4wIJJjKgBIAVAD&rclk=1"
"Urgentito Pomasqui","096 320 4579","","4.5","236","","ninguno","","true","Concesionario de automóviles","METROS DEL COLEGIO FRANCES, AV MANUEL CORDOVA GALARZA Y SAMUEL, Francisco Castellanos 300, 170120 Quito","La Mariscal, Quito","https://www.google.com/maps/place/Urgentito+Pomasqui/data=!4m7!3m6!1s0x91d589d08677c85d:0xfef04a102bd04b33!8m2!3d-0.0619585!4d-78.4572174!16s%2Fg%2F11sdytj0zq!19sChIJXch3htCJ1ZERM0vQKxBK8P4?authuser=0&hl=es-419&g_ep=EgoyMDI2MDkyMC4wIJJjKgBIAVAD&rclk=1"
"TEXTRON OFF ROAD QUITO","099 455 5135","","4","8","","ninguno","","true","Concesionario de automóviles","VGHC+H5C, Av. 6 de Diciembre, 170138 Quito","La Mariscal, Quito","https://www.google.com/maps/place/TEXTRON+OFF+ROAD+QUITO/data=!4m7!3m6!1s0x91d585ecfe153abb:0xfa42b98294d96b4f!8m2!3d-0.1210718!4d-78.4796194!16s%2Fg%2F11ll52yc8z!19sChIJuzoV_uyF1ZERT2vZlIK5Qvo?authuser=0&hl=es-419&g_ep=EgoyMDI2MDkyMC4wIJJjKgBIAVAD&rclk=1"
"Enderezada Pintura Automotriz AutoSpace","099 761 7572","","4.9","107","","ninguno","","true","Taller de reparación de automóviles","Av. Isidro Ayora y Avenida Clemente Yerovi Indaburu &, 170302 Quito","La Mariscal, Quito","https://www.google.com/maps/place/Enderezada+Pintura+Automotriz+AutoSpace/data=!4m7!3m6!1s0x91d58f676223a691:0xd9b58c2224bb48b2!8m2!3d-0.0918634!4d-78.4677397!16s%2Fg%2F11dylq_hx2!19sChIJkaYjYmeP1ZERski7JCKMtdk?authuser=0&hl=es-419&g_ep=EgoyMDI2MDkyMC4wIJJjKgBIAVAD&rclk=1"
"Hybrid Service","099 875 7928","cleon@hybrid-service.com","4.9","99","https://hybrid-service.com/","sitio_propio","2024","false","Taller de reparación de automóviles","Chediak, 170144 Quito","La Mariscal, Quito","https://www.google.com/maps/place/Hybrid+Service/data=!4m7!3m6!1s0x91d58fd81b1f4471:0x2323449a46be2493!8m2!3d-0.1073254!4d-78.4716733!16s%2Fg%2F11h23m3p63!19sChIJcUQfG9iP1ZERkyS-RppEIyM?authuser=0&hl=es-419&g_ep=EgoyMDI2MDkyMC4wIJJjKgBIAVAD&rclk=1"
"Jgc Importadores Industriales","(02) 247-9935","informacion@jgcimportadores.com","4.7","21","http://www.jgcimportadores.com/","sitio_propio","2026","false","Distribuidores de carretillas elevadoras","Sebastián Moreno 2 Y, 150, 170310 Quito","La Mariscal, Quito","https://www.google.com/maps/place/Jgc+Importadores+Industriales/data=!4m7!3m6!1s0x91d585812aa80fe5:0x97bfb89a3fe98998!8m2!3d-0.105263!4d-78.478039!16s%2Fg%2F11bbrp2fq5!19sChIJ5Q-oKoGF1ZERmInpP5q4v5c?authuser=0&hl=es-419&g_ep=EgoyMDI2MDkyMC4wIJJjKgBIAVAD&rclk=1"
"Quito Motors Granados","099 976 3673","","4","224","","ninguno","","true","Concesionario Ford","AV, Av. de los Granados y Shuara, 170124 Quito","La Mariscal, Quito","https://www.google.com/maps/place/Quito+Motors+Granados/data=!4m7!3m6!1s0x91d59072cccf7e6b:0x1dea3b1e1546f7b0!8m2!3d-0.164904!4d-78.4656647!16s%2Fg%2F11gfmmccps!19sChIJa37PzHKQ1ZERsPdGFR476h0?authuser=0&hl=es-419&g_ep=EgoyMDI2MDkyMC4wIJJjKgBIAVAD&rclk=1"
"Disauto","099 391 3670","importadoradisauto@gmail.com","4.3","141","http://www.disauto.ec/","sitio_propio","2026","false","Tienda de repuestos para automóviles","Disauto Centro Automotriz, 170208 Quito","La Mariscal, Quito","https://www.google.com/maps/place/Disauto/data=!4m7!3m6!1s0x91d58f0629b18175:0x7a66776b5b57ad79!8m2!3d-0.1070065!4d-78.4412572!16s%2Fg%2F1pv6ymrb4!19sChIJdYGxKQaP1ZERea1XW2t3Zno?authuser=0&hl=es-419&g_ep=EgoyMDI2MDkyMC4wIJJjKgBIAVAD&rclk=1"
"Starmotors S.A Jac Autos Granados","(02) 605-1666","ejemplo@gmail.com","4.2","289","https://jac.com.ec/","sitio_propio","2026","false","Compraventa de automóviles","Av. de los Granados y Av. Eloy Alfaro E14-215 y, 170503 Quito","La Mariscal, Quito","https://www.google.com/maps/place/Starmotors+S.A+Jac+Autos+Granados/data=!4m7!3m6!1s0x91d590744168c5f9:0x98d87156f640fa8!8m2!3d-0.1659416!4d-78.4693544!16s%2Fg%2F1w_vpbvm!19sChIJ-cVoQXSQ1ZERqA9kbxWHjQk?authuser=0&hl=es-419&g_ep=EgoyMDI2MDkyMC4wIJJjKgBIAVAD&rclk=1"
"Teojama Comercial - Sucursal Calderón Quito","(02) 400-4104","","4.6","65","http://www.teojama.com/","sitio_propio","","false","Taller de camiones","Revisión Vehicular, Calle Viteri 149 y Panamericana Norte. Junto a, 170155 Quito","La Mariscal, Quito","https://www.google.com/maps/place/Teojama+Comercial+-+Sucursal+Calder%C3%B3n+Quito/data=!4m7!3m6!1s0x91d58f0714947627:0x690ee9830cc3ecb2!8m2!3d-0.1043382!4d-78.4418798!16s%2Fg%2F11h8cj_bgj!19sChIJJ3aUFAeP1ZERsuzDDIPpDmk?authuser=0&hl=es-419&g_ep=EgoyMDI2MDkyMC4wIJJjKgBIAVAD&rclk=1"
"Offerschocados","(02) 202-1605","","4.1","47","http://www.offerschocados.com.ec/","sitio_propio","","true","Subastas de coches","Humberto Cabezas, 170202 Quito","La Mariscal, Quito","https://www.google.com/maps/place/Offerschocados/data=!4m7!3m6!1s0x91d58fa13bb8ec7d:0xc3f07ac60705e14d!8m2!3d-0.1035942!4d-78.4308616!16s%2Fg%2F11bwkj81z3!19sChIJfey4O6GP1ZERTeEFB8Z68MM?authuser=0&hl=es-419&g_ep=EgoyMDI2MDkyMC4wIJJjKgBIAVAD&rclk=1"
"Autocor Av. Orellana","099 043 6699","datospersonales@autocor.com.ec","4.5","528","http://www.autocor.com.ec/","sitio_propio","2026","false","Tienda de vehículos de segunda mano y de ocasión","Av. Francisco de Orellana y Enrique Gangotena E4-328 y, 170522 Quito","Centro Histórico, Quito","https://www.google.com/maps/place/Autocor+Av.+Orellana/data=!4m7!3m6!1s0x91d59b6063aab6d1:0x4e04010f2bc91338!8m2!3d-0.1976691!4d-78.4902317!16s%2Fg%2F11h0t8qy1p!19sChIJ0baqY2Cb1ZEROBPJKw8BBE4?authuser=0&hl=es-419&g_ep=EgoyMDI2MDkyMC4wIJJjKgBIAVAD&rclk=1"
"1001Carros - Agencia Carrión","1800 100 122","","4.1","504","http://www.1001carros.com/","sitio_propio","","false","Tienda de vehículos de segunda mano y de ocasión","Av 10 de Agosto N21- 281 y Carrion, 170526 Quito","Centro Histórico, Quito","https://www.google.com/maps/place/1001Carros+-+Agencia+Carri%C3%B3n/data=!4m7!3m6!1s0x91d59a155bc79aeb:0xf6c1e39b58a130db!8m2!3d-0.2022685!4d-78.4973373!16s%2Fg%2F11c44yhzpj!19sChIJ65rHWxWa1ZER2zChWJvjwfY?authuser=0&hl=es-419&g_ep=EgoyMDI2MDkyMC4wIJJjKgBIAVAD&rclk=1"
"Auto Directo","098 728 6955","","4.9","275","","ninguno","","true","Consecionaria de vehículos de powersports","Av. 10 de Agosto y Bartolome de las Casas &, 170102 Quito","Centro Histórico, Quito","https://www.google.com/maps/place/Auto+Directo/data=!4m7!3m6!1s0x91d5857d1c1bd037:0x74ea5ff415437888!8m2!3d-0.1935787!4d-78.4943815!16s%2Fg%2F11txglb_gd!19sChIJN9AbHH2F1ZERiHhDFfRf6nQ?authuser=0&hl=es-419&g_ep=EgoyMDI2MDkyMC4wIJJjKgBIAVAD&rclk=1"
"Patiotuerca Ecuador","098 414 7408","ayuda@patiotuerca.com","4.1","273","http://www.patiotuerca.com/","sitio_propio","2026","false","Concesionario de automóviles","Av. La Coruña E12-148, 170143 Quito","Centro Histórico, Quito","https://www.google.com/maps/place/Patiotuerca+Ecuador/data=!4m7!3m6!1s0x91d59a9f8dd32cf1:0x4f80f36c4d90d0bc!8m2!3d-0.2061545!4d-78.4822546!16s%2Fg%2F11bx8rfnq1!19sChIJ8SzTjZ-a1ZERvNCQTWzzgE8?authuser=0&hl=es-419&g_ep=EgoyMDI2MDkyMC4wIJJjKgBIAVAD&rclk=1"
"El Palacio Automotriz","","","4.4","7","","ninguno","","true","Concesionario de automóviles","QFVQ+6F4, M. Aguilar, 170103 Quito","Centro Histórico, Quito","https://www.google.com/maps/place/El+Palacio+Automotriz/data=!4m7!3m6!1s0x91d59a30c4936c17:0x1b18b7da622e23dd!8m2!3d-0.2069788!4d-78.5113031!16s%2Fg%2F11ldq6tnf7!19sChIJF2yTxDCa1ZER3SMuYtq3GBs?authuser=0&hl=es-419&g_ep=EgoyMDI2MDkyMC4wIJJjKgBIAVAD&rclk=1"
"Carrera Autos | Usados Multimarca","(02) 256-4815","","4.5","93","http://www.carreraautos.com.ec/","sitio_propio","","false","Tienda de vehículos de segunda mano y de ocasión","Av. 6 de Diciembre 47, N28-47, 170517 Quito","Centro Histórico, Quito","https://www.google.com/maps/place/Carrera+Autos+%7C+Usados+Multimarca/data=!4m7!3m6!1s0x91d59a723274b6e5:0x488933205bc00981!8m2!3d-0.1975759!4d-78.4840342!16s%2Fg%2F11c70hwqrx!19sChIJ5bZ0MnKa1ZERgQnAWyAziUg?authuser=0&hl=es-419&g_ep=EgoyMDI2MDkyMC4wIJJjKgBIAVAD&rclk=1"
"ChevyPlan - Showroom Quito","1800 243 897","servicioalcliente@chevyplan.com.ec","4","247","http://www.chevyplan.com.ec/","sitio_propio","","false","Concesionario de automóviles","Showroom ChevyPlan, Av. Francisco de Orellana 766, 170517 Quito","Centro Histórico, Quito","https://www.google.com/maps/place/ChevyPlan+-+Showroom+Quito/data=!4m7!3m6!1s0x91d59075ee32ce3b:0xaa807a5d7c7aad32!8m2!3d-0.1987383!4d-78.4848645!16s%2Fg%2F11c1tsz81c!19sChIJO84y7nWQ1ZERMq16fF16gKo?authuser=0&hl=es-419&g_ep=EgoyMDI2MDkyMC4wIJJjKgBIAVAD&rclk=1"
"Quito Motors - Ford","099 976 3673","sudamerica@izmocars.com","4.1","437","http://www.quitomotors.com.ec/","sitio_propio","","false","Concesionario de coches de carreras","N25-108 y, Av. 10 de Agosto","Centro Histórico, Quito","https://www.google.com/maps/place/Quito+Motors+-+Ford/data=!4m7!3m6!1s0x91d59a69811605bf:0x5840d8f31cc564a4!8m2!3d-0.1972125!4d-78.4954708!16s%2Fg%2F11b7y70hrd!19sChIJvwUWgWma1ZERpGTFHPPYQFg?authuser=0&hl=es-419&g_ep=EgoyMDI2MDkyMC4wIJJjKgBIAVAD&rclk=1"
"Casabaca - Matriz","1800 227 222","","4.4","543","http://www.casabaca.com/","sitio_propio","2026","false","Concesionario Toyota","Av. 10 de Agosto y Carrión N21-281 y, 170520 Quito","Centro Histórico, Quito","https://www.google.com/maps/place/Casabaca+-+Matriz/data=!4m7!3m6!1s0x91d59a3fe2efa241:0xd93d3ad8342be41!8m2!3d-0.2021493!4d-78.4987291!16s%2Fg%2F11c6t96kqw!19sChIJQaLv4j-a1ZERQb5Cg63Tkw0?authuser=0&hl=es-419&g_ep=EgoyMDI2MDkyMC4wIJJjKgBIAVAD&rclk=1"
"BAIC Ecuador","","","4.5","104","https://baic.ec/","sitio_propio","2026","false","Concesionario de automóviles","PB Automotores y Anexos, Av. Francisco de Orellana y Av. 10 de Agosto, 170522 Quito","Centro Histórico, Quito","https://www.google.com/maps/place/BAIC+Ecuador/data=!4m7!3m6!1s0x91d59b6dcc186033:0x1425780e08ac10a0!8m2!3d-0.1961906!4d-78.4948069!16s%2Fg%2F11hyt43swz!19sChIJM2AYzG2b1ZERoBCsCA54JRQ?authuser=0&hl=es-419&g_ep=EgoyMDI2MDkyMC4wIJJjKgBIAVAD&rclk=1"
"Lavca Matriz","(02) 394-7720","","4.3","336","","ninguno","","true","Concesionario de automóviles","Av. 10 de Agosto, 170521 Quito","Centro Histórico, Quito","https://www.google.com/maps/place/Lavca+Matriz/data=!4m7!3m6!1s0x91d59a903feffff9:0x3bc3b77e8175a042!8m2!3d-0.1726304!4d-78.4880286!16s%2Fg%2F11c2mk55td!19sChIJ-f_vP5Ca1ZERQqB1gX63wzs?authuser=0&hl=es-419&g_ep=EgoyMDI2MDkyMC4wIJJjKgBIAVAD&rclk=1"
"Metrocar S.A. - González Suárez","096 944 8350","","4.2","203","http://www.metrocarchevrolet.com/?utm_source=google&utm_medium=banner&utm_id=business","sitio_propio","","false","Concesionario de automóviles","Av. Francisco de Orellana 360, 170517 Quito","Centro Histórico, Quito","https://www.google.com/maps/place/Metrocar+S.A.+-+Gonz%C3%A1lez+Su%C3%A1rez/data=!4m7!3m6!1s0x91d59a73528a67ef:0xf58197a080b97b8f!8m2!3d-0.2007604!4d-78.4815213!16s%2Fg%2F1txc82zm!19sChIJ72eKUnOa1ZERj3u5gKCXgfU?authuser=0&hl=es-419&g_ep=EgoyMDI2MDkyMC4wIJJjKgBIAVAD&rclk=1"
"Taller Quito Motors Matriz","099 147 1384","sudamerica@izmocars.com","4.4","80","http://www.quitomotors.com.ec/","sitio_propio","","false","Oficinas de empresa","Javier Ascazubi, 170515 Quito","Centro Histórico, Quito","https://www.google.com/maps/place/Taller+Quito+Motors+Matriz/data=!4m7!3m6!1s0x91d59ba1000a4f21:0x59392e239545fb91!8m2!3d-0.1962202!4d-78.4948178!16s%2Fg%2F11gmw5l9nk!19sChIJIU8KAKGb1ZERkftFlSMuOVk?authuser=0&hl=es-419&g_ep=EgoyMDI2MDkyMC4wIJJjKgBIAVAD&rclk=1"
"AUTOSDR","098 703 2171","","4.3","7","","ninguno","","true","Concesionario de automóviles","Capitan Alfonso Yepez, y y Av. Galo Plaza Lasso, 170512 Quito","Centro Histórico, Quito","https://www.google.com/maps/place/AUTOSDR/data=!4m7!3m6!1s0x91d59b0d9ffebc45:0xe11fb7d8408ed31d!8m2!3d-0.1358064!4d-78.4824!16s%2Fg%2F11xcs01kf7!19sChIJRbz-nw2b1ZERHdOOQNi3H-E?authuser=0&hl=es-419&g_ep=EgoyMDI2MDkyMC4wIJJjKgBIAVAD&rclk=1"
"1001Carros - Agencia Amazonas","1800 100 122 ext. 6700","","4.1","172","http://www.1001carros.com/","sitio_propio","","false","Tienda de vehículos de segunda mano y de ocasión","Av. Eloy Alfaro, 170519 Quito","Centro Histórico, Quito","https://www.google.com/maps/place/1001Carros+-+Agencia+Amazonas/data=!4m7!3m6!1s0x91d59a6f86895ccb:0x364f124c43bed9aa!8m2!3d-0.1926458!4d-78.4887501!16s%2Fg%2F11css7vrfh!19sChIJy1yJhm-a1ZERqtm-Q0wSTzY?authuser=0&hl=es-419&g_ep=EgoyMDI2MDkyMC4wIJJjKgBIAVAD&rclk=1"
"Bmotors","098 813 7727","","4.8","34","https://www.bmotors.com.ec/","sitio_propio","2026","false","Tienda de vehículos de segunda mano y de ocasión","Av. 10 de Agosto y Corea N36-32 y, 170507 Quito","Centro Histórico, Quito","https://www.google.com/maps/place/Bmotors/data=!4m7!3m6!1s0x91d59a8f3b22c339:0x2197de0fd5608397!8m2!3d-0.1776476!4d-78.488563!16s%2Fg%2F11g8xl6kl1!19sChIJOcMiO4-a1ZERl4Ng1Q_elyE?authuser=0&hl=es-419&g_ep=EgoyMDI2MDkyMC4wIJJjKgBIAVAD&rclk=1"
"Autos OK","099 880 6560","","3.4","104","http://www.autosok.com.ec/","sitio_propio","","false","Tienda de vehículos de segunda mano y de ocasión","Av. Eloy Alfaro 711, 170515 Quito","Centro Histórico, Quito","https://www.google.com/maps/place/Autos+OK/data=!4m7!3m6!1s0x91d59bc4b0756687:0xd8d868483334ad75!8m2!3d-0.1920216!4d-78.487061!16s%2Fg%2F11t6hr1mpm!19sChIJh2Z1sMSb1ZERda00M0ho2Ng?authuser=0&hl=es-419&g_ep=EgoyMDI2MDkyMC4wIJJjKgBIAVAD&rclk=1"
"AUTOVID","(02) 224-7828","","4.1","20","","ninguno","","true","Concesionario de automóviles","RGH5+QXH, 170105, Quito","Centro Histórico, Quito","https://www.google.com/maps/place/AUTOVID/data=!4m7!3m6!1s0x91d59baff3484237:0xaf07771020e3554!8m2!3d-0.1705717!4d-78.4900021!16s%2Fg%2F11h23hmgyt!19sChIJN0JI86-b1ZERVDUOAnF38Ao?authuser=0&hl=es-419&g_ep=EgoyMDI2MDkyMC4wIJJjKgBIAVAD&rclk=1"
"Auto","","","4.4","11","https://m.facebook.com/autosmart16/","solo_red_social","","true","Concesionario de automóviles","Av. de la República, 170521 Quito","Centro Histórico, Quito","https://www.google.com/maps/place/Auto/data=!4m7!3m6!1s0x91d59a63c3fd5651:0x7e68d127373b3966!8m2!3d-0.1816542!4d-78.4900392!16s%2Fg%2F11g9kr29f7!19sChIJUVb9w2Oa1ZERZjk7NyfRaH4?authuser=0&hl=es-419&g_ep=EgoyMDI2MDkyMC4wIJJjKgBIAVAD&rclk=1"
"NAUTOS","(02) 323-8509","info@nautos.com.ec","4.3","31","http://www.nautos.com.ec/","sitio_propio","2022","false","Concesionario de automóviles","Av. Francisco de Orellana E4-150, 170102 Quito","Centro Histórico, Quito","https://www.google.com/maps/place/NAUTOS/data=!4m7!3m6!1s0x91d59a6eab9c24e9:0x62c5ad35571d775b!8m2!3d-0.1968476!4d-78.4921057!16s%2Fg%2F11c1rfy1b_!19sChIJ6SScq26a1ZERW3cdVzWtxWI?authuser=0&hl=es-419&g_ep=EgoyMDI2MDkyMC4wIJJjKgBIAVAD&rclk=1"
"G.AUTOSECUADOR","098 125 0854","","4.9","15","https://www.gautos.com.ec/contactos","sitio_propio","","true","Concesionario de vehículos todoterreno","Av. 10 de Agosto, y y Juan Pablo Sanz, 170507 Quito","Centro Histórico, Quito","https://www.google.com/maps/place/G.AUTOSECUADOR/data=!4m7!3m6!1s0x91d59bda620547f1:0x96b2f88acead2324!8m2!3d-0.1798403!4d-78.4891042!16s%2Fg%2F11h4y20qd0!19sChIJ8UcFYtqb1ZERJCOtzor4spY?authuser=0&hl=es-419&g_ep=EgoyMDI2MDkyMC4wIJJjKgBIAVAD&rclk=1"
"Metrocar Mariana de Jesus","(02) 298-5555","","4.3","244","https://www.metrocarchevrolet.com/","sitio_propio","","false","Concesionario de automóviles","Avenue 10 de Agosto N31-162 y Mariana de Jesús, 170515 Quito","Centro Histórico, Quito","https://www.google.com/maps/place/Metrocar+Mariana+de+Jesus/data=!4m7!3m6!1s0x91d59a6427acd71f:0x5238f450124819c0!8m2!3d-0.1894932!4d-78.4921416!16s%2Fg%2F1vnrm29h!19sChIJH9esJ2Sa1ZERwBlIElD0OFI?authuser=0&hl=es-419&g_ep=EgoyMDI2MDkyMC4wIJJjKgBIAVAD&rclk=1"
"Mercedes-Benz Carrera Autos","(02) 256-4815","","5","190","https://www.mercedes-benz.com.ec/pasajeros","sitio_propio","2025","false","Concesionario de automóviles","Av. República, y y Av. 6 de Diciembre Esquina, 170517 Quito","Centro Histórico, Quito","https://www.google.com/maps/place/Mercedes-Benz+Carrera+Autos/data=!4m7!3m6!1s0x91d59a722a7eb9a7:0x672b3541992b122c!8m2!3d-0.1970244!4d-78.4836838!16s%2Fg%2F11dxlcdstz!19sChIJp7l-KnKa1ZERLBIrmUE1K2c?authuser=0&hl=es-419&g_ep=EgoyMDI2MDkyMC4wIJJjKgBIAVAD&rclk=1"
"Mercedes-Benz - Inchcape Quito NNUU","099 793 6668","","4.7","503","https://www.mercedes-benz.com.ec/?utm_campaign=gmb&utm_medium=organic&utm_source=local","sitio_propio","","false","Concesionario Mercedes Benz","Av. Naciones Unidas N 36-170 y, 170505 Quito","Centro Histórico, Quito","https://www.google.com/maps/place/Mercedes-Benz+-+Inchcape+Quito+NNUU/data=!4m7!3m6!1s0x91d585974ef188b9:0x17955e710701318a!8m2!3d-0.1763066!4d-78.4876743!16s%2Fg%2F11h4tmw4rh!19sChIJuYjxTpeF1ZERijEBB3FelRc?authuser=0&hl=es-419&g_ep=EgoyMDI2MDkyMC4wIJJjKgBIAVAD&rclk=1"
"MAGAUTOS","(02) 321-5275","","4.4","26","","ninguno","","true","Concesionario de automóviles","AV. COLON Y VERASALLES, 170129 Quito","Centro Histórico, Quito","https://www.google.com/maps/place/MAGAUTOS/data=!4m7!3m6!1s0x91d59a6a01d20339:0x6b92fda090fb4f90!8m2!3d-0.1970335!4d-78.4977324!16s%2Fg%2F11bzt2wdm6!19sChIJOQPSAWqa1ZERkE_7kKD9kms?authuser=0&hl=es-419&g_ep=EgoyMDI2MDkyMC4wIJJjKgBIAVAD&rclk=1"
"Ambacar KGM Eloy Alfaro y 6 de Diciembre","(02) 382-2140","nombre@email.com","4.5","100","https://www.ambacar.ec/","sitio_propio","","false","Concesionario de automóviles","Av. Eloy Alfaro &, 170102 Quito","Centro Histórico, Quito","https://www.google.com/maps/place/Ambacar+KGM+Eloy+Alfaro+y+6+de+Diciembre/data=!4m7!3m6!1s0x91d59b31b72f27d9:0x508876f901361d9e!8m2!3d-0.1865925!4d-78.4786941!16s%2Fg%2F11gsn1pf4y!19sChIJ2ScvtzGb1ZERnh02Afl2iFA?authuser=0&hl=es-419&g_ep=EgoyMDI2MDkyMC4wIJJjKgBIAVAD&rclk=1"
"IMPOURRESTA S.A.","098 748 2035","","4","117","https://www.facebook.com/impourresta/","solo_red_social","","true","Concesionario de automóviles","en sentido Norte Sur, Av. América y Mañosca N35-145 y, 170102 Quito","Centro Histórico, Quito","https://www.google.com/maps/place/IMPOURRESTA+S.A./data=!4m7!3m6!1s0x91d585dc5df1b57f:0x7c59e8aff135f2dc!8m2!3d-0.1779825!4d-78.4942821!16s%2Fg%2F11h3h_4dgc!19sChIJf7XxXdyF1ZER3PI18a_oWXw?authuser=0&hl=es-419&g_ep=EgoyMDI2MDkyMC4wIJJjKgBIAVAD&rclk=1"
"Automotores y Anexos - Nissan Orellana","095 897 2022","","4.1","311","https://www.nissan.com.ec/","sitio_propio","2026","false","Concesionario de automóviles","RG34+G82, Av. Francisco de Orellana y Av. 10 de Agosto E2-30 y, 170102 Quito","Centro Histórico, Quito","https://www.google.com/maps/place/Automotores+y+Anexos+-+Nissan+Orellana/data=!4m7!3m6!1s0x91d59a6971af0c87:0xa7de9e4eb1da8d82!8m2!3d-0.1961906!4d-78.4948069!16s%2Fg%2F11b_2gth2w!19sChIJhwyvcWma1ZERgo3asU6e3qc?authuser=0&hl=es-419&g_ep=EgoyMDI2MDkyMC4wIJJjKgBIAVAD&rclk=1"
"preciso.com.ec","099 892 8473","info@preciso.com.ec","4.9","186","https://www.preciso.com.ec/","sitio_propio","","false","Centro de negocios","y, 170102 Quito","Centro Histórico, Quito","https://www.google.com/maps/place/preciso.com.ec/data=!4m7!3m6!1s0x91d59b2fa13093f3:0x9657177d9ebbed40!8m2!3d-0.1735744!4d-78.4870657!16s%2Fg%2F11vjdrk865!19sChIJ85MwoS-b1ZERQO27nn0XV5Y?authuser=0&hl=es-419&g_ep=EgoyMDI2MDkyMC4wIJJjKgBIAVAD&rclk=1"
"JMC - Quito – Majestic","098 027 4327","","3.6","44","https://galmack.com.ec/contactanos/","sitio_propio","","false","Concesionario de automóviles","Av. 6 de Diciembre, 170517 Quito","Centro Histórico, Quito","https://www.google.com/maps/place/JMC+-+Quito+%E2%80%93+Majestic/data=!4m7!3m6!1s0x91d59bd33e62d033:0x3029f204d5df99fe!8m2!3d-0.1969474!4d-78.4831434!16s%2Fg%2F11h08t63wj!19sChIJM9BiPtOb1ZER_pnf1QTyKTA?authuser=0&hl=es-419&g_ep=EgoyMDI2MDkyMC4wIJJjKgBIAVAD&rclk=1"
"Kia - Asiauto Orellana","1700 542 542","","4.2","903","https://www.kia.com/ec/shopping-tools/find-a-dealer.html","sitio_propio","2021","true","Concesionario Kia","Av. Francisco de Orellana E9-79 y, 180104 Quito","Centro Histórico, Quito","https://www.google.com/maps/place/Kia+-+Asiauto+Orellana/data=!4m7!3m6!1s0x91d59a72402073ed:0x9fc33d7ebc1a959c!8m2!3d-0.1982016!4d-78.4852869!16s%2Fg%2F11c1ncps26!19sChIJ7XMgQHKa1ZERnJUavH49w58?authuser=0&hl=es-419&g_ep=EgoyMDI2MDkyMC4wIJJjKgBIAVAD&rclk=1"
"Kia- Asiauto Mariana de Jesus","1700 542 542","","3.9","690","https://www.kia.com/ec/shopping-tools/find-a-dealer.html","sitio_propio","2021","true","Concesionario Kia","Av. Mariana de Jesús y E-80 y Carvajal Esq, 170513 Quito","Centro Histórico, Quito","https://www.google.com/maps/place/Kia-+Asiauto+Mariana+de+Jesus/data=!4m7!3m6!1s0x91d59bcc84fe0be5:0xfa74df6f472530fd!8m2!3d-0.1864353!4d-78.4969101!16s%2Fg%2F1hc3sgjhr!19sChIJ5Qv-hMyb1ZER_TAlR2_fdPo?authuser=0&hl=es-419&g_ep=EgoyMDI2MDkyMC4wIJJjKgBIAVAD&rclk=1"
"Subaru | Carrera Autos","099 736 9892","mailto:info@carreraautos.com.ec; info@carreraautos.com.ec","4.8","23","https://carreraautos.com/","sitio_propio","2025","false","Concesionario Subaru","Av. 6 de Diciembre, y y Av. de la República esquina, 170122 Quito","Centro Histórico, Quito","https://www.google.com/maps/place/Subaru+%7C+Carrera+Autos/data=!4m7!3m6!1s0x91d59b63ff334cd5:0x5e5ec94acf424e8f!8m2!3d-0.1974514!4d-78.4838642!16s%2Fg%2F11vpr25vby!19sChIJ1Uwz_2Ob1ZERj05Cz0rJXl4?authuser=0&hl=es-419&g_ep=EgoyMDI2MDkyMC4wIJJjKgBIAVAD&rclk=1"
"Ambacar Shyris","(02) 252-9525","nombre@email.com","4.5","166","https://www.ambacar.ec/","sitio_propio","","false","Concesionario de automóviles","Av. Shyris, y y Av. Eloy Alfaro Esquina, 170516 Quito","Centro Histórico, Quito","https://www.google.com/maps/place/Ambacar+Shyris/data=!4m7!3m6!1s0x91d59b96ec3a8495:0x2fe700437bf7085c!8m2!3d-0.1889361!4d-78.4823957!16s%2Fg%2F11c2npfnld!19sChIJlYQ67Jab1ZERXAj3e0MA5y8?authuser=0&hl=es-419&g_ep=EgoyMDI2MDkyMC4wIJJjKgBIAVAD&rclk=1"
"ZEEKR House, Quito, Pichincha","(02) 605-5979","","4.8","109","https://www.zeekrlife.com/es-ec/","sitio_propio","2025","false","Concesionario de automóviles","Av. de los Shyris y Av. 6 de Diciembre N32-58 y, 170102 Quito","Centro Histórico, Quito","https://www.google.com/maps/place/ZEEKR+House,+Quito,+Pichincha/data=!4m7!3m6!1s0x91d59bd4e63add3b:0x7a36d6996076ee6a!8m2!3d-0.1896303!4d-78.4819381!16s%2Fg%2F11gl0k2ld7!19sChIJO9065tSb1ZERau52YJnWNno?authuser=0&hl=es-419&g_ep=EgoyMDI2MDkyMC4wIJJjKgBIAVAD&rclk=1"
"Comercial Pozo","(02) 223-9627","ayuda@patiotuerca.com","4.2","10","https://ecuador.patiotuerca.com/dealers-profile/comercial-pozo-matriz-/199","sitio_propio","2026","false","Tienda de vehículos de segunda mano y de ocasión","Diego de Almagro 286, 170517 Quito","Centro Histórico, Quito","https://www.google.com/maps/place/Comercial+Pozo/data=!4m7!3m6!1s0x91d59a7a0da31f61:0x343d386b93c52d58!8m2!3d-0.1915865!4d-78.4818722!16s%2Fg%2F11f77607p9!19sChIJYR-jDXqa1ZERWC3Fk2s4PTQ?authuser=0&hl=es-419&g_ep=EgoyMDI2MDkyMC4wIJJjKgBIAVAD&rclk=1"
"Stop Car","099 993 2074","","4.3","62","","ninguno","","true","Concesionario de automóviles","Juan León Mera y La Pinta N26-128 y, 170143 Quito","Centro Histórico, Quito","https://www.google.com/maps/place/Stop+Car/data=!4m7!3m6!1s0x91d59a6db2993e03:0x95da6481655f9cb1!8m2!3d-0.1986976!4d-78.4892225!16s%2Fg%2F11b7fw1z2w!19sChIJAz6Zsm2a1ZERsZxfZYFk2pU?authuser=0&hl=es-419&g_ep=EgoyMDI2MDkyMC4wIJJjKgBIAVAD&rclk=1"
"SuperCars","099 837 4984","info@supercars.ec","4.8","15","https://www.supercars.ec/","sitio_propio","","false","Concesionario de automóviles","Alba Calderón 21, 170157 Quito","Centro Histórico, Quito","https://www.google.com/maps/place/SuperCars/data=!4m7!3m6!1s0x91d59169d9b2172f:0x8600a5ec9ea1eeaa!8m2!3d-0.2028462!4d-78.4296217!16s%2Fg%2F11ppwn5jsg!19sChIJLxey2WmR1ZERqu6hnuylAIY?authuser=0&hl=es-419&g_ep=EgoyMDI2MDkyMC4wIJJjKgBIAVAD&rclk=1"
"Autoprime","098 939 4238","ayuda@patiotuerca.com","4.4","22","https://ecuador.patiotuerca.com/dealers-profile/interauto/285","sitio_propio","2026","false","Concesionario de automóviles","0°10'51. 78°29'23 0 El Blanqueado I, 170146 Quito","Centro Histórico, Quito","https://www.google.com/maps/place/Autoprime/data=!4m7!3m6!1s0x91d59a89073461c9:0x27cf5c80f8a2d11e!8m2!3d-0.180479!4d-78.489685!16s%2Fg%2F11cm_hssn3!19sChIJyWE0B4ma1ZERHtGi-IBczyc?authuser=0&hl=es-419&g_ep=EgoyMDI2MDkyMC4wIJJjKgBIAVAD&rclk=1"
"MAX AUTOS","099 137 7319","","4.9","7","","ninguno","","true","Concesionario de automóviles","Av. la Gasca &, 170129 Quito","Centro Histórico, Quito","https://www.google.com/maps/place/MAX+AUTOS/data=!4m7!3m6!1s0x91d59b3d700fbaa7:0x69eaf20d315860e7!8m2!3d-0.195621!4d-78.5069622!16s%2Fg%2F11p0vznkmw!19sChIJp7oPcD2b1ZER52BYMQ3y6mk?authuser=0&hl=es-419&g_ep=EgoyMDI2MDkyMC4wIJJjKgBIAVAD&rclk=1"
"JAC Motors / MACROCAR Distribuidor Autorizado","098 525 8211","","4.1","8","","ninguno","","true","Concesionario de automóviles","Av. 6 de Diciembre 44, 170143 Quito","Centro Histórico, Quito","https://www.google.com/maps/place/JAC+Motors+%2F+MACROCAR+Distribuidor+Autorizado/data=!4m7!3m6!1s0x91d59bd8c768bd89:0xfd250ed3928db0a8!8m2!3d-0.2040925!4d-78.4892762!16s%2Fg%2F11j4qzbt2n!19sChIJib1ox9ib1ZERqLCNktMOJf0?authuser=0&hl=es-419&g_ep=EgoyMDI2MDkyMC4wIJJjKgBIAVAD&rclk=1"
"Oficinas Mi Auto a un Clic","099 494 4415","","5","8","","ninguno","","true","Compraventa de automóviles","Fernando Ayarza E13-126 y, 170102 Quito","Centro Histórico, Quito","https://www.google.com/maps/place/Oficinas+Mi+Auto+a+un+Clic/data=!4m7!3m6!1s0x91d59b3288dca0c5:0x79cf8cb92956383a!8m2!3d-0.1864786!4d-78.4777474!16s%2Fg%2F11thnc97hg!19sChIJxaDciDKb1ZEROjhWKbmMz3k?authuser=0&hl=es-419&g_ep=EgoyMDI2MDkyMC4wIJJjKgBIAVAD&rclk=1"
"Chery Mariana de Jesús","099 105 0600","","3.8","19","https://www.maresacenter.com/","sitio_propio","","false","Concesionario de automóviles","Av. Mariana de Jesús Oe3-283, 170521 Quito","Centro Histórico, Quito","https://www.google.com/maps/place/Chery+Mariana+de+Jes%C3%BAs/data=!4m7!3m6!1s0x91d59bb416223a5b:0x9ac4d220f3b5e174!8m2!3d-0.1867607!4d-78.4959247!16s%2Fg%2F11kk70djf3!19sChIJWzoiFrSb1ZERdOG18yDSxJo?authuser=0&hl=es-419&g_ep=EgoyMDI2MDkyMC4wIJJjKgBIAVAD&rclk=1"
"AUTOS Cumbayá","099 725 6418","","4.2","37","https://www.autoscumbaya.com/","sitio_propio","2026","false","Concesionario de automóviles","Diagonal al Banco Pichincha de Tumbaco, Av. Oswaldo Guayasamín, y y Gaspar de Carvajal, 170903","Centro Histórico, Quito","https://www.google.com/maps/place/AUTOS+Cumbay%C3%A1/data=!4m7!3m6!1s0x91d591d018cc42ab:0xce4b430e29c1c3a0!8m2!3d-0.2163622!4d-78.4033715!16s%2Fg%2F11s7bdl8zq!19sChIJq0LMGNCR1ZERoMPBKQ5DS84?authuser=0&hl=es-419&g_ep=EgoyMDI2MDkyMC4wIJJjKgBIAVAD&rclk=1"
"Ecuasueña","","","3.8","189","","ninguno","","true","Oficinas de empresa","","Centro Histórico, Quito","https://www.google.com/maps/place/Ecuasue%C3%B1a/data=!4m7!3m6!1s0x91d59b486492f7c3:0x3f5c8d1c01c87b7c!8m2!3d-1.3603287!4d-83.8954733!16s%2Fg%2F11j580680c!19sChIJw_eSZEib1ZERfHvIARyNXD8?authuser=0&hl=es-419&g_ep=EgoyMDI2MDkyMC4wIJJjKgBIAVAD&rclk=1"
"Repuestos Ford en Quito Ecuador, Importadora Sanchez Montoya, Almacen de repuestos Repuestos Ford Quito","098 344 4646","","4.6","27","https://importadorasanchezmontoya.com/","sitio_propio","2020","true","Tienda de repuestos para automóviles","Gral. Vicente Aguirre y Av. 10 de Agosto &, 170520 Quito","Centro Histórico, Quito","https://www.google.com/maps/place/Repuestos+Ford+en+Quito+Ecuador,+Importadora+Sanchez+Montoya,+Almacen+de+repuestos+Repuestos+Ford+Quito/data=!4m7!3m6!1s0x91d59bf71b218579:0x30d340755116391c!8m2!3d-0.1960862!4d-78.4958832!16s%2Fg%2F11p77ff211!19sChIJeYUhG_eb1ZERHDkWUXVA0zA?authuser=0&hl=es-419&g_ep=EgoyMDI2MDkyMC4wIJJjKgBIAVAD&rclk=1"
"Vaca Vehiculos","","","3.8","9","","ninguno","","true","Concesionario de carros de golf","RG44+QHH, 170515 Quito","Centro Histórico, Quito","https://www.google.com/maps/place/Vaca+Vehiculos/data=!4m7!3m6!1s0x91d59a68bd1484fb:0xadacadfecfa566d2!8m2!3d-0.1930713!4d-78.4935199!16s%2Fg%2F11d_8m7jdj!19sChIJ-4QUvWia1ZER0malz_6trK0?authuser=0&hl=es-419&g_ep=EgoyMDI2MDkyMC4wIJJjKgBIAVAD&rclk=1"
"TALLER AUTOMOTRIZ JAIME PAEZ","095 865 6152","jpaezrp@hotmail.com","4.7","41","https://peugeotjpaez.com/","sitio_propio","","false","Concesionario Peugeot","diagonal al colegio Dillon, Av. 9 de octubre, y y Av. Eloy Alfaro, Quito","Centro Histórico, Quito","https://www.google.com/maps/place/TALLER+AUTOMOTRIZ+JAIME+PAEZ/data=!4m7!3m6!1s0x91d59b205c8d39f1:0xcb1454223dd0f01d!8m2!3d-0.1947955!4d-78.4922925!16s%2Fg%2F11jjl_zf5h!19sChIJ8TmNXCCb1ZERHfDQPSJUFMs?authuser=0&hl=es-419&g_ep=EgoyMDI2MDkyMC4wIJJjKgBIAVAD&rclk=1"
"Moto Place","(02) 256-9853","","4.8","166","https://www.motoplace.ec/","sitio_propio","2026","false","Concesionario de motos","Centro Comercial Espiral, Jorge Washington y, Av. Río Amazonas y PB local 65, 170526 Quito","Centro Histórico, Quito","https://www.google.com/maps/place/Moto+Place/data=!4m7!3m6!1s0x91d59b20aeb0117f:0xdae5281c7a58003e!8m2!3d-0.2064505!4d-78.4959296!16s%2Fg%2F11kktz99n3!19sChIJfxGwriCb1ZERPgBYehwo5do?authuser=0&hl=es-419&g_ep=EgoyMDI2MDkyMC4wIJJjKgBIAVAD&rclk=1"
"GLOBALPLAN - Quito Matriz","(02) 297-7000","","3.2","55","http://www.globalplan.com.ec/","sitio_propio","","true","Asociación u organización","Avs, Av. Cristóbal Colón y Av. 10 de Agosto E1-45 y, 170522 Quito","Centro Histórico, Quito","https://www.google.com/maps/place/GLOBALPLAN+-+Quito+Matriz/data=!4m7!3m6!1s0x91d59a6a31396417:0xfe891606361494!8m2!3d-0.1980996!4d-78.495092!16s%2Fg%2F1q662qtmm!19sChIJF2Q5MWqa1ZERlBQ2BhaJ_gA?authuser=0&hl=es-419&g_ep=EgoyMDI2MDkyMC4wIJJjKgBIAVAD&rclk=1"
"Motos Eléctricas Quito - Orellana Motors","099 798 8677","support@now.site","4.6","11","https://orellanamotors.now.site/","sitio_propio","","false","Concesionario de motos eléctricas","Av. 10 de agosto-05 y, Selva Alegre esq, 170520 Quito","Centro Histórico, Quito","https://www.google.com/maps/place/Motos+El%C3%A9ctricas+Quito+-+Orellana+Motors/data=!4m7!3m6!1s0x91d59bbda5b410e3:0x48dff5056a1081b3!8m2!3d-0.1942572!4d-78.4946328!16s%2Fg%2F11rd4855t6!19sChIJ4xC0pb2b1ZERs4EQagX130g?authuser=0&hl=es-419&g_ep=EgoyMDI2MDkyMC4wIJJjKgBIAVAD&rclk=1"
"Inducom Quito","093 947 3708","ventasweb2@inducom-ec.com","3.3","12","http://www.inducom-ec.com/","sitio_propio","2026","false","Empresa de suministros industriales","Av. Galo Plaza Lasso, y y Antonio Basantes, 170521 Quito","Centro Histórico, Quito","https://www.google.com/maps/place/Inducom+Quito/data=!4m7!3m6!1s0x91d59a90ba74ee19:0x6cddec8e0310687e!8m2!3d-0.1020116!4d-78.4733725!16s%2Fg%2F11cmryq0st!19sChIJGe50upCa1ZERfmgQA47s3Ww?authuser=0&hl=es-419&g_ep=EgoyMDI2MDkyMC4wIJJjKgBIAVAD&rclk=1"
"Automotores Continental Recreo","1800 141 414","","4.3","1156","http://www.automotorescontinental.com/?utm_source=google&utm_medium=banner&utm_id=business","sitio_propio","","false","Concesionario Chevrolet","JUNTO AL C.C. EL RECREO, Av. Pedro Vicente Maldonado y Teodoro Gomez de La Torre S/N Y, 170111 Quito","Centro Histórico, Quito","https://www.google.com/maps/place/Automotores+Continental+Recreo/data=!4m7!3m6!1s0x91d59900f9dfc309:0x84ae34c4833cc1e8!8m2!3d-0.2542116!4d-78.5225792!16s%2Fg%2F1pzvb3zjj!19sChIJCcPf-QCZ1ZER6ME8g8Q0roQ?authuser=0&hl=es-419&g_ep=EgoyMDI2MDkyMC4wIJJjKgBIAVAD&rclk=1"
"Servicio Mitsubishi","099 349 5151","","4.7","35","","ninguno","","true","Taller de automóviles","JERONIMO CARRION, Y y Av. 10 de Agosto OE1-64, 170515 Quito","Centro Histórico, Quito","https://www.google.com/maps/place/Servicio+Mitsubishi/data=!4m7!3m6!1s0x91d59a6f865a9d67:0x80141389dbc5bd3b!8m2!3d-0.2017626!4d-78.4984354!16s%2Fg%2F11c1pswhtz!19sChIJZ51ahm-a1ZERO73F24kTFIA?authuser=0&hl=es-419&g_ep=EgoyMDI2MDkyMC4wIJJjKgBIAVAD&rclk=1"
"Lubri Repuestos Granizo","(02) 254-1325","","3.9","182","http://www.lubrirepuestosgranizo.amawebs.com///","sitio_propio","2026","false","Tienda de repuestos para automóviles","Versalles y Cristóbal de Acuña 114 y, 170520 Quito","Centro Histórico, Quito","https://www.google.com/maps/place/Lubri+Repuestos+Granizo/data=!4m7!3m6!1s0x91d59a67d74f40d7:0x9f369e1f6f52613c!8m2!3d-0.1917267!4d-78.4954679!16s%2Fg%2F11g8vpy4z9!19sChIJ10BP12ea1ZERPGFSbx-eNp8?authuser=0&hl=es-419&g_ep=EgoyMDI2MDkyMC4wIJJjKgBIAVAD&rclk=1"
"HYUNMOTOR","","","4.2","418","","ninguno","","true","Concesionario Hyundai","","Centro Histórico, Quito","https://www.google.com/maps/place/HYUNMOTOR/data=!4m7!3m6!1s0x91d59a6406d410af:0x2bf85b6ade5b83f6!8m2!3d-0.1730186!4d-78.4979274!16s%2Fg%2F1ptywfd1m!19sChIJrxDUBmSa1ZER9oNb3mpb-Cs?authuser=0&hl=es-419&g_ep=EgoyMDI2MDkyMC4wIJJjKgBIAVAD&rclk=1"
"Valenzco S.A","098 792 8671","valenzco.s.a@hotmail.com","4.8","12","https://valenzcogestora.wordpress.com/","sitio_propio","","false","Concesionario de automóviles","av napo, y y Miguel Trujillo, 170603 Quito","Centro Histórico, Quito","https://www.google.com/maps/place/Valenzco+S.A/data=!4m7!3m6!1s0x91d59bf1aa1060c3:0x9d523bf4ffa1818d!8m2!3d-0.2416001!4d-78.5121831!16s%2Fg%2F11mqx2wjzc!19sChIJw2AQqvGb1ZERjYGh__Q7Up0?authuser=0&hl=es-419&g_ep=EgoyMDI2MDkyMC4wIJJjKgBIAVAD&rclk=1"
"GALARDI MOTORS","(02) 222-7788","","4.1","221","http://www.galardimotors.com/","sitio_propio","","false","Concesionario de motos","N24- y, Avenida 6 de Diciembre & Alfredo Baquerizo Moreno, Quito","Centro Histórico, Quito","https://www.google.com/maps/place/GALARDI+MOTORS/data=!4m7!3m6!1s0x91d59a12f35f3271:0x72a16bba6c620390!8m2!3d-0.2035523!4d-78.4880375!16s%2Fg%2F11bxd91cyv!19sChIJcTJf8xKa1ZERkANibLproXI?authuser=0&hl=es-419&g_ep=EgoyMDI2MDkyMC4wIJJjKgBIAVAD&rclk=1"
"CEPSA S.A. - Matriz","(02) 256-2262","","4.5","204","","ninguno","","true","Comercio","Av. 6 Diciembre N24-48 y, Mariscal Foch, Quito","Centro Histórico, Quito","https://www.google.com/maps/place/CEPSA+S.A.+-+Matriz/data=!4m7!3m6!1s0x91d59a13b0fe492f:0x1068393ef86cd05!8m2!3d-0.204605!4d-78.4899377!16s%2Fg%2F11c45r05x2!19sChIJL0n-sBOa1ZERBc2G75ODBgE?authuser=0&hl=es-419&g_ep=EgoyMDI2MDkyMC4wIJJjKgBIAVAD&rclk=1"
"PAZMIÑO autos","098 603 1763","","4.3","47","http://www.xn--pazmioautos-5db.com/#!/index/","sitio_propio","2026","false","Tienda de vehículos de segunda mano y de ocasión","Av. Mariscal Sucre S24-05 yTabiazo, Frente a la Gasolinera Petroecuador de la Gatazo, 170606 Quito","Centro Histórico, Quito","https://www.google.com/maps/place/PAZMI%C3%91O+autos/data=!4m7!3m6!1s0x91d598db6f5a8c87:0x4503df58f597a15!8m2!3d-0.2643991!4d-78.5498092!16s%2Fg%2F11dfphphhd!19sChIJh4xab9uY1ZERFXpZj_U9UAQ?authuser=0&hl=es-419&g_ep=EgoyMDI2MDkyMC4wIJJjKgBIAVAD&rclk=1"
"Eccomoto","096 958 7653","eccomotoecu@gmail.com","4.8","8","https://www.eccomoto.com.ec/","sitio_propio","","false","Concesionario de motos","9 de Octubre, y y 18 de Septiembre, 170143 Quito","Centro Histórico, Quito","https://www.google.com/maps/place/Eccomoto/data=!4m7!3m6!1s0x91d59bfe986b93c9:0x5509da9a9958d4b7!8m2!3d-0.2064057!4d-78.4972405!16s%2Fg%2F11vjhhq434!19sChIJyZNrmP6b1ZERt9RYmZraCVU?authuser=0&hl=es-419&g_ep=EgoyMDI2MDkyMC4wIJJjKgBIAVAD&rclk=1"
"ECUASUEÑA QUITO SUR","","vendas@novalider.com","3.9","121","http://novalider.com/","sitio_propio","","false","Concesionario de automóviles","PFRG+JQ9, Quito","Centro Histórico, Quito","https://www.google.com/maps/place/ECUASUE%C3%91A+QUITO+SUR/data=!4m7!3m6!1s0x91d5994993c916bb:0xe0d3ceef7ec0c85e!8m2!3d-0.258499!4d-78.5228021!16s%2Fg%2F11skyqlvw8!19sChIJuxbJk0mZ1ZERXsjAfu_O0-A?authuser=0&hl=es-419&g_ep=EgoyMDI2MDkyMC4wIJJjKgBIAVAD&rclk=1"
"Carmotors","(02) 601-4743","","3.3","14","","ninguno","","true","Concesionario de automóviles","mariano reyes y, Francisco Gomez, 170602 Quito","Centro Histórico, Quito","https://www.google.com/maps/place/Carmotors/data=!4m7!3m6!1s0x91d5990844ba1b1f:0x1b56d943342d2104!8m2!3d-0.2426099!4d-78.5196607!16s%2Fg%2F11f7r241mh!19sChIJHxu6RAiZ1ZERBCEtNEPZVhs?authuser=0&hl=es-419&g_ep=EgoyMDI2MDkyMC4wIJJjKgBIAVAD&rclk=1"
"Honda Almagro","","info@honda.com.ec","4","386","https://motos.honda.com.ec/","sitio_propio","2021","true","Concesionario Honda","y Belo Horizonte, Diego de Almagro, 170518 Quito","Centro Histórico, Quito","https://www.google.com/maps/place/Honda+Almagro/data=!4m7!3m6!1s0x91d59a72218e9e59:0xa7a0543d522806b5!8m2!3d-0.197185!4d-78.4849604!16s%2Fg%2F11cs5jhqf1!19sChIJWZ6OIXKa1ZERtQYoUj1UoKc?authuser=0&hl=es-419&g_ep=EgoyMDI2MDkyMC4wIJJjKgBIAVAD&rclk=1"
"Urgentito | Sur Autos Usados","098 465 2924","","4.1","251","https://urgentitosur.com/","sitio_propio","","false","Tienda de vehículos de segunda mano y de ocasión","Av. Mariscal Sucre y Chilla, 170158 Quito","Centro Histórico, Quito","https://www.google.com/maps/place/Urgentito+%7C+Sur+Autos+Usados/data=!4m7!3m6!1s0x91d5990b190219b3:0xb0d657cccd8b8095!8m2!3d-0.2697521!4d-78.5518374!16s%2Fg%2F11pc6h8s1b!19sChIJsxkCGQuZ1ZERlYCLzcxX1rA?authuser=0&hl=es-419&g_ep=EgoyMDI2MDkyMC4wIJJjKgBIAVAD&rclk=1"
"MOTO Y CICLE","099 320 8440","","4.4","44","","ninguno","","true","Comercio","Avenida Francisco de Orellana, y y Av. Río Amazonas, 170517 Quito","Centro Histórico, Quito","https://www.google.com/maps/place/MOTO+Y+CICLE/data=!4m7!3m6!1s0x91d59b84016e3905:0x661e483008ec9b39!8m2!3d-0.1980396!4d-78.4900048!16s%2Fg%2F11gnq3dq37!19sChIJBTluAYSb1ZEROZvsCDBIHmY?authuser=0&hl=es-419&g_ep=EgoyMDI2MDkyMC4wIJJjKgBIAVAD&rclk=1"
"Ventas de Vehículos Nuevos y Usados","099 427 2489","","4.2","26","","ninguno","","true","Concesionario de automóviles","Av. Francisco de Orellana y Av. 6 de Diciembre &, 170517 Quito","La Floresta, Quito","https://www.google.com/maps/place/Ventas+de+Veh%C3%ADculos+Nuevos+y+Usados/data=!4m7!3m6!1s0x91d59bc8e8bb7183:0xa008a859a58bf8ba!8m2!3d-0.1991442!4d-78.4843936!16s%2Fg%2F11jsbt66pv!19sChIJg3G76Mib1ZERuviLpVmoCKA?authuser=0&hl=es-419&g_ep=EgoyMDI2MDkyMC4wIJJjKgBIAVAD&rclk=1"
"Automotores ""ROCAR""","","","4.6","7","","ninguno","","true","Tienda de vehículos de segunda mano y de ocasión","Av. El Inca n1-60, 170138 Quito","La Floresta, Quito","https://www.google.com/maps/place/Automotores+%22ROCAR%22/data=!4m7!3m6!1s0x91d59bb80363fc27:0x760e5aac9a920337!8m2!3d-0.1595991!4d-78.4852729!16s%2Fg%2F11q88wt830!19sChIJJ_xjA7ib1ZERNwOSmqxaDnY?authuser=0&hl=es-419&g_ep=EgoyMDI2MDkyMC4wIJJjKgBIAVAD&rclk=1"
"Automotores y Anexos","095 897 2022","","4.3","797","https://nissan.com.ec/","sitio_propio","2026","false","Concesionario Nissan","170513 Quito","La Floresta, Quito","https://www.google.com/maps/place/Automotores+y+Anexos/data=!4m7!3m6!1s0x91d59075f8cc1473:0xaa898e42d2dcc151!8m2!3d-0.1691233!4d-78.4750791!16s%2Fg%2F11c1q9hrs1!19sChIJcxTM-HWQ1ZERUcHc0kKOiao?authuser=0&hl=es-419&g_ep=EgoyMDI2MDkyMC4wIJJjKgBIAVAD&rclk=1"
"NovaCars","099 994 4884","","4.3","23","http://www.novacars.com.ec/","sitio_propio","","true","Concesionario de automóviles","Frente a ANETA, Av. Gaspar de Villarroel y Japón, 170506 Quito","La Floresta, Quito","https://www.google.com/maps/place/NovaCars/data=!4m7!3m6!1s0x91d59b1568f9aa15:0x198498d9697275b8!8m2!3d-0.1696801!4d-78.4831478!16s%2Fg%2F11sh76c3n2!19sChIJFar5aBWb1ZERuHVyadmYhBk?authuser=0&hl=es-419&g_ep=EgoyMDI2MDkyMC4wIJJjKgBIAVAD&rclk=1"
"Real Autos","","","4.3","6","","ninguno","","true","Concesionario de automóviles","Av. Río Amazonas y Río Topo 31 y, 170104 Quito","La Floresta, Quito","https://www.google.com/maps/place/Real+Autos/data=!4m7!3m6!1s0x91d59b644e2ad887:0xeb20608ef471f8fa!8m2!3d-0.151262!4d-78.4889974!16s%2Fg%2F11y7symrn7!19sChIJh9gqTmSb1ZER-vhx9I5gIOs?authuser=0&hl=es-419&g_ep=EgoyMDI2MDkyMC4wIJJjKgBIAVAD&rclk=1"
"Recordmotor S.A.","(02) 241-4509","","4","288","https://autos.honda.com.ec/","sitio_propio","2026","false","Concesionario de automóviles","Av. El Inca y Av. Río Amazonas &, 170138 Quito","La Floresta, Quito","https://www.google.com/maps/place/Recordmotor+S.A./data=!4m7!3m6!1s0x91d59aa48fa19b39:0xf6f4dd8ad3175139!8m2!3d-0.1597921!4d-78.4842172!16s%2Fg%2F1hc4fpvmb!19sChIJOZuhj6Sa1ZEROVEX04rd9PY?authuser=0&hl=es-419&g_ep=EgoyMDI2MDkyMC4wIJJjKgBIAVAD&rclk=1"
"Innovamotor S.A","099 981 9142","","4","35","","ninguno","","true","Tienda de vehículos de segunda mano y de ocasión","El Labrador, Av. 10 de Agosto N42-155 y, 170138 Quito","La Floresta, Quito","https://www.google.com/maps/place/Innovamotor+S.A/data=!4m7!3m6!1s0x91d59bc2a214a4f1:0xd4d00d7d2e858480!8m2!3d-0.1640796!4d-78.4864776!16s%2Fg%2F11rj6hcm_v!19sChIJ8aQUosKb1ZERgISFLn0N0NQ?authuser=0&hl=es-419&g_ep=EgoyMDI2MDkyMC4wIJJjKgBIAVAD&rclk=1"
"RUTA 76 CAR SHOP","098 858 9896","","4.2","19","","ninguno","","true","Concesionario de automóviles","Av Eloy Alfaro, y y De los Perales, Quito","La Floresta, Quito","https://www.google.com/maps/place/RUTA+76+CAR+SHOP/data=!4m7!3m6!1s0x91d58ff7dd6b8bc9:0xd331361e3b62cb44!8m2!3d-0.1554778!4d-78.4661229!16s%2Fg%2F11rj69tczp!19sChIJyYtr3feP1ZERRMtiOx42MdM?authuser=0&hl=es-419&g_ep=EgoyMDI2MDkyMC4wIJJjKgBIAVAD&rclk=1"
"Maresa Center Fiat","099 105 0600","","4.3","238","https://www.maresacenter.com/?utm_term=maresa%20center&utm_campaign=MC+%7C+CHN+%7C+Search+%7C+2022&utm_source=adwords&utm_medium=ppc&hsa_acc=4608263893&hsa_cam=15915444226&hsa_grp=131916417546&hsa_ad=575584238114&hsa_src=g&hsa_tgt=kwd-526816360071&hsa_kw=maresa%20center&hsa_mt=p&hsa_net=adwords&hsa_ver=3&gad_source=1&gclid=CjwKCAiArLyuBhA7EiwA-qo80EUWwUxZK5x_HPqOdbwJTGjem5X1x4YMC_RjOelUYytpXuVrc49kExoC4AkQAvD_BwE","sitio_propio","","false","Concesionario de automóviles","Av. de los Granados y De Los Colimes 2704 Y, 170513 Quito","La Floresta, Quito","https://www.google.com/maps/place/Maresa+Center+Fiat/data=!4m7!3m6!1s0x91d59075955f094f:0xf208298cffecc72!8m2!3d-0.168198!4d-78.47394!16s%2Fg%2F11g_4kqnr!19sChIJTwlflXWQ1ZERcsz-z5iCIA8?authuser=0&hl=es-419&g_ep=EgoyMDI2MDkyMC4wIJJjKgBIAVAD&rclk=1"
"Ambacar Granados GWM","(02) 334-4011","nombre@email.com","4.4","1015","https://www.ambacar.com/","sitio_propio","","false","Concesionario de automóviles","Av. de los Granados e14-262, 170513 Quito","La Floresta, Quito","https://www.google.com/maps/place/Ambacar+Granados+GWM/data=!4m7!3m6!1s0x91d590736bdb9d3b:0x671edbc4b56942a3!8m2!3d-0.1663463!4d-78.4687442!16s%2Fg%2F11csqhdjpr!19sChIJO53ba3OQ1ZERo0JptcTbHmc?authuser=0&hl=es-419&g_ep=EgoyMDI2MDkyMC4wIJJjKgBIAVAD&rclk=1"
"BYD Auto - Av. de los Granados","099 424 8469","","4","70","https://bydauto.ec/","sitio_propio","2025","false","Concesionario de vehículos eléctricos","Av. de los Granados 170124, 170124 Quito","La Floresta, Quito","https://www.google.com/maps/place/BYD+Auto+-+Av.+de+los+Granados/data=!4m7!3m6!1s0x91d591a45218c333:0x12ce166625ef84c8!8m2!3d-0.1634586!4d-78.4639039!16s%2Fg%2F11l6ysbm7_!19sChIJM8MYUqSR1ZERyITvJWYWzhI?authuser=0&hl=es-419&g_ep=EgoyMDI2MDkyMC4wIJJjKgBIAVAD&rclk=1"
"One Move","099 512 3451","","4.7","34","http://onemove.com.ec/","sitio_propio","","false","Tienda de vehículos de segunda mano y de ocasión","Sector Miravalle, Av. Oswaldo Guayasamín LT87 y, Av. Simón Bolívar, 170530 Quito","La Floresta, Quito","https://www.google.com/maps/place/One+Move/data=!4m7!3m6!1s0x91d591878e10fc79:0xfc7f4e97a75e5675!8m2!3d-0.1893465!4d-78.4526563!16s%2Fg%2F11t71w86s2!19sChIJefwQjoeR1ZERdVZep5dOf_w?authuser=0&hl=es-419&g_ep=EgoyMDI2MDkyMC4wIJJjKgBIAVAD&rclk=1"
"GMQ Motors La ""Y""","099 434 5477","","4.2","37","https://www.gmqmotors.com.ec/inicio","sitio_propio","2026","false","Concesionario de automóviles","Av. de la Prensa, y y Av. 10 de Agosto, 170512 Quito","La Floresta, Quito","https://www.google.com/maps/place/GMQ+Motors+La+%22Y%22/data=!4m7!3m6!1s0x91d585c0f6bee2bf:0x9a03bc8c448e2f9d!8m2!3d-0.1653443!4d-78.4868374!16s%2Fg%2F11q8v5wwcn!19sChIJv-K-9sCF1ZERnS-ORIy8A5o?authuser=0&hl=es-419&g_ep=EgoyMDI2MDkyMC4wIJJjKgBIAVAD&rclk=1"
"AutoHub Motor Group","099 996 8783","","3.5","13","","ninguno","","true","Concesionario de automóviles","Av. El Inca, E4E y y Miguel Arévalo E4-271, 170502 Quito","La Floresta, Quito","https://www.google.com/maps/place/AutoHub+Motor+Group/data=!4m7!3m6!1s0x91d59bdb70daceed:0xf82e0138ebe2fe2e!8m2!3d-0.157301!4d-78.4815009!16s%2Fg%2F11rbfq6qc8!19sChIJ7c7acNub1ZERLv7i6zgBLvg?authuser=0&hl=es-419&g_ep=EgoyMDI2MDkyMC4wIJJjKgBIAVAD&rclk=1"
"Auto gallery","099 358 0536","","4.4","12","","ninguno","","true","Concesionario de automóviles","De los viñedos, y y De Las Margaritas, 170503 Quito","La Floresta, Quito","https://www.google.com/maps/place/Auto+gallery/data=!4m7!3m6!1s0x91d591863e5c9b67:0xce9c8f700d849578!8m2!3d-0.1604666!4d-78.4750234!16s%2Fg%2F11qg98hmp6!19sChIJZ5tcPoaR1ZEReJWEDXCPnM4?authuser=0&hl=es-419&g_ep=EgoyMDI2MDkyMC4wIJJjKgBIAVAD&rclk=1"
"AUTOLUXE","099 567 2769","ayuda@patiotuerca.com; autoluxe1@outlook.com","4.5","11","https://ecuador.patiotuerca.com/dealers-profile/autoluxe/1141/?&page=1","sitio_propio","2026","false","Concesionario de automóviles","Baron de Carondelet, y y Av. América, Quito","La Floresta, Quito","https://www.google.com/maps/place/AUTOLUXE/data=!4m7!3m6!1s0x91d59b449d5ce415:0xf280786edecffc4b!8m2!3d-0.17382!4d-78.4915621!16s%2Fg%2F11sbzmqtmt!19sChIJFeRcnUSb1ZERS_zP3m54gPI?authuser=0&hl=es-419&g_ep=EgoyMDI2MDkyMC4wIJJjKgBIAVAD&rclk=1"
"Tu Auto","(02) 244-9184","","4.2","13","","ninguno","","true","Concesionario de vehículos todoterreno","RGQ9+33Q, 170138 Quito","La Floresta, Quito","https://www.google.com/maps/place/Tu+Auto/data=!4m7!3m6!1s0x91d59aa3c9fbeed7:0x3b9e6648830b8f35!8m2!3d-0.1622794!4d-78.4822796!16s%2Fg%2F11csbw6xqj!19sChIJ1-77yaOa1ZERNY8Lg0hmnjs?authuser=0&hl=es-419&g_ep=EgoyMDI2MDkyMC4wIJJjKgBIAVAD&rclk=1"
"AUTOXPERTS EC","096 969 5380","ayuda@patiotuerca.com; tjaramillo606@gmail.com","3.7","9","https://ecuador.patiotuerca.com/dealers-profile/auto-xperts/1437","sitio_propio","2026","false","Compraventa de automóviles","Av. Río Coca, y y De Los Laureles, 170138 Quito","La Floresta, Quito","https://www.google.com/maps/place/AUTOXPERTS+EC/data=!4m7!3m6!1s0x91d59b57a5a88387:0x48ed9054ee11ddcb!8m2!3d-0.1644392!4d-78.4706769!16s%2Fg%2F11kqvx9t3v!19sChIJh4OopVeb1ZERy90R7lSQ7Ug?authuser=0&hl=es-419&g_ep=EgoyMDI2MDkyMC4wIJJjKgBIAVAD&rclk=1"
"Autostock","099 900 2044","","4.5","11","http://www.autostock.com.ec/","sitio_propio","","true","Concesionario de automóviles","Av. Río Coca &, 170138 Quito","La Floresta, Quito","https://www.google.com/maps/place/Autostock/data=!4m7!3m6!1s0x91d59bd0c768ee8d:0x7158b8ecc43ad746!8m2!3d-0.1627356!4d-78.4780171!16s%2Fg%2F11t53n5hmt!19sChIJje5ox9Cb1ZERRtc6xOy4WHE?authuser=0&hl=es-419&g_ep=EgoyMDI2MDkyMC4wIJJjKgBIAVAD&rclk=1"
"Chery Granados","099 105 0600","","4.3","317","https://www.maresacenter.com/","sitio_propio","","false","Concesionario de automóviles","Av. de los Granados y De las Hiedras E11-124 y, 170504 Quito","La Floresta, Quito","https://www.google.com/maps/place/Chery+Granados/data=!4m7!3m6!1s0x91d59075f2d2e7d9:0xbe68ff3883270509!8m2!3d-0.1684166!4d-78.4741134!16s%2Fg%2F1tr9ph7x!19sChIJ2efS8nWQ1ZERCQUngzj_aL4?authuser=0&hl=es-419&g_ep=EgoyMDI2MDkyMC4wIJJjKgBIAVAD&rclk=1"
"Mareauto Seminuevos","099 894 3888","","4.1","23","https://www.facebook.com/MareautoSeminuevos","solo_red_social","","true","Compraventa de automóviles","Av. Naciones Unidas y Av. 10 de Agosto OE1-108 y, 170102 Quito","La Floresta, Quito","https://www.google.com/maps/place/Mareauto+Seminuevos/data=!4m7!3m6!1s0x91d59b0af7a33999:0x4f4898d3d9df75c1!8m2!3d-0.1748654!4d-78.489041!16s%2Fg%2F11fsjk12cg!19sChIJmTmj9wqb1ZERwXXf2dOYSE8?authuser=0&hl=es-419&g_ep=EgoyMDI2MDkyMC4wIJJjKgBIAVAD&rclk=1"
"Ecuawagen","(02) 226-4380","","4.3","326","","ninguno","","true","Concesionario Volkswagen","Av. de los Granados E14-70 e, 170504 Quito","La Floresta, Quito","https://www.google.com/maps/place/Ecuawagen/data=!4m7!3m6!1s0x91d59075ce644d01:0x8e8e18823b8ab7b9!8m2!3d-0.1680556!4d-78.4715428!16s%2Fg%2F11xdxv6xl!19sChIJAU1kznWQ1ZERubeKO4IYjo4?authuser=0&hl=es-419&g_ep=EgoyMDI2MDkyMC4wIJJjKgBIAVAD&rclk=1"
"Automekano - Agencia Granados","(02) 392-2371","cotizador@automekano.com","5","11","https://www.automekano.com/","sitio_propio","2026","false","Concesionario de automóviles","Av. de los Granados y Av. Eloy Alfaro, 170513 Quito","La Floresta, Quito","https://www.google.com/maps/place/Automekano+-+Agencia+Granados/data=!4m7!3m6!1s0x91d591834e184079:0x9b51631f7eecd4a8!8m2!3d-0.1659496!4d-78.4693593!16s%2Fg%2F11xzs8yybh!19sChIJeUAYToOR1ZERqNTsfh9jUZs?authuser=0&hl=es-419&g_ep=EgoyMDI2MDkyMC4wIJJjKgBIAVAD&rclk=1"
"Mitsubishi Motors Quito (Mosumi S.A.)","(02) 294-0800","","4.4","276","","ninguno","","true","Concesionario de automóviles","Avenida Juan de Ascaray e3-33, 170513 Quito","La Floresta, Quito","https://www.google.com/maps/place/Mitsubishi+Motors+Quito+%28Mosumi+S.A.%29/data=!4m7!3m6!1s0x91d59a9814ac313d:0xb44d6b8fb289ff4e!8m2!3d-0.166222!4d-78.486127!16s%2Fg%2F11c468_zpj!19sChIJPTGsFJia1ZERTv-Jso9rTbQ?authuser=0&hl=es-419&g_ep=EgoyMDI2MDkyMC4wIJJjKgBIAVAD&rclk=1"
"Automotores y Anexos - Renault Eloy Alfaro","099 489 4486","","4.3","452","https://renault.ec/","sitio_propio","2026","false","Concesionario de automóviles","Av. Eloy Alfaro N40-348, 170513 Quito","La Floresta, Quito","https://www.google.com/maps/place/Automotores+y+Anexos+-+Renault+Eloy+Alfaro/data=!4m7!3m6!1s0x91d59074099f1d1b:0x926ec74ff41256df!8m2!3d-0.1686752!4d-78.4697209!16s%2Fg%2F1v_0ktml!19sChIJGx2fCXSQ1ZER31YS9E_HbpI?authuser=0&hl=es-419&g_ep=EgoyMDI2MDkyMC4wIJJjKgBIAVAD&rclk=1"
"Maresa Center Chrysler","099 105 0600","","4","48","","ninguno","","true","Concesionario Chrysler","Av. De los Granados E11-67 y Las Hiedras, Av. de los Granados E11-67, 170137 Quito","La Floresta, Quito","https://www.google.com/maps/place/Maresa+Center+Chrysler/data=!4m7!3m6!1s0x91d59075f3b91645:0xa51408f7c52393cb!8m2!3d-0.1683847!4d-78.4748385!16s%2Fg%2F1hhm3nbx1!19sChIJRRa583WQ1ZERy5MjxfcIFKU?authuser=0&hl=es-419&g_ep=EgoyMDI2MDkyMC4wIJJjKgBIAVAD&rclk=1"
"Baic Eloy Alfaro","(02) 381-5020","","4.9","22","https://baic.ec/","sitio_propio","2026","false","Concesionario de automóviles","RGJJ+93R, 170513 Quito","La Floresta, Quito","https://www.google.com/maps/place/Baic+Eloy+Alfaro/data=!4m7!3m6!1s0x91d591dba6565565:0xd74ecf8da112ad27!8m2!3d-0.1690056!4d-78.4698678!16s%2Fg%2F11h9k_p2xt!19sChIJZVVWptuR1ZERJ60SoY3PTtc?authuser=0&hl=es-419&g_ep=EgoyMDI2MDkyMC4wIJJjKgBIAVAD&rclk=1"
"Asiacar La Y Hyundai","099 943 1942","","4","221","","ninguno","","true","Concesionario Hyundai","170102 Quito","La Floresta, Quito","https://www.google.com/maps/place/Asiacar+La+Y+Hyundai/data=!4m7!3m6!1s0x91d59a9759b79add:0xda748eba1c00e53c!8m2!3d-0.1687788!4d-78.4867791!16s%2Fg%2F11fz1tr8r8!19sChIJ3Zq3WZea1ZERPOUAHLqOdNo?authuser=0&hl=es-419&g_ep=EgoyMDI2MDkyMC4wIJJjKgBIAVAD&rclk=1"
"Corporacion Maresa","098 134 0548","","3.3","23","https://www.corpmaresa.com.ec/","sitio_propio","","true","Compraventa de automóviles","Av. de los Granados 67, 170513 Quito","La Floresta, Quito","https://www.google.com/maps/place/Corporacion+Maresa/data=!4m7!3m6!1s0x91d7a5123de09881:0xf1cce804b40ed944!8m2!3d-0.1682386!4d-78.4746712!16s%2Fg%2F11c54cwp3y!19sChIJgZjgPRKl15ERRNkOtATozPE?authuser=0&hl=es-419&g_ep=EgoyMDI2MDkyMC4wIJJjKgBIAVAD&rclk=1"
"Volkswagen - Quito - La Carolina","1800 898 989","f@faisalman.com","3.5","79","https://www.volkswagen.com.ec/es.html","sitio_propio","2026","false","Concesionario de automóviles","Av. Eloy Alfaro 1907, 170135 Quito","La Floresta, Quito","https://www.google.com/maps/place/Volkswagen+-+Quito+-+La+Carolina/data=!4m7!3m6!1s0x91d59bfc05162f23:0x10423f5576e882d3!8m2!3d-0.1879608!4d-78.4816573!16s%2Fg%2F11h5799vwj!19sChIJIy8WBfyb1ZER04LodlU_QhA?authuser=0&hl=es-419&g_ep=EgoyMDI2MDkyMC4wIJJjKgBIAVAD&rclk=1"
"SUZUKI Store - Granados","1800 789 854","info@suzukiecuador.com","4.2","89","https://suzukiecuador.com/","sitio_propio","","false","Concesionario de automóviles","Gonzalo Baca, y y Av. de los Granados, Quito","La Floresta, Quito","https://www.google.com/maps/place/SUZUKI+Store+-+Granados/data=!4m7!3m6!1s0x91d591b4281e4dc5:0x4c5547b1a432a32e!8m2!3d-0.1631951!4d-78.4648061!16s%2Fg%2F11sssskmz4!19sChIJxU0eKLSR1ZERLqMypLFHVUw?authuser=0&hl=es-419&g_ep=EgoyMDI2MDkyMC4wIJJjKgBIAVAD&rclk=1"
"CopaCars – Compra y Venta de Vehículos en Quito","099 274 3967","copacarsautos@gmail.com","4.8","22","https://www.copacars.ec/","sitio_propio","","false","Concesionario de automóviles","Miravalle 4, 170184 Quito","La Floresta, Quito","https://www.google.com/maps/place/CopaCars+%E2%80%93+Compra+y+Venta+de+Veh%C3%ADculos+en+Quito/data=!4m7!3m6!1s0x91d590e01e4e0419:0xee202d9de36e0313!8m2!3d-0.1923023!4d-78.4442944!16s%2Fg%2F11b70kctfp!19sChIJGQROHuCQ1ZEREwNu450tIO4?authuser=0&hl=es-419&g_ep=EgoyMDI2MDkyMC4wIJJjKgBIAVAD&rclk=1"
"autos capital","(02) 601-2651","","4.5","17","","ninguno","","true","Concesionario de carros de golf","RG95+CW5, Av. de la República, 170521 Quito","La Floresta, Quito","https://www.google.com/maps/place/autos+capital/data=!4m7!3m6!1s0x91d59a89baec7691:0x3e2ba52261c8c3c5!8m2!3d-0.1814771!4d-78.4901526!16s%2Fg%2F11g9mhbc_5!19sChIJkXbsuoma1ZERxcPIYSKlKz4?authuser=0&hl=es-419&g_ep=EgoyMDI2MDkyMC4wIJJjKgBIAVAD&rclk=1"
"Ambacar Naranjos","(02) 334-0831","nombre@email.com","4.2","170","http://www.ambacar.com/","sitio_propio","","false","Taller de reparación de automóviles","170124 Quito","La Floresta, Quito","https://www.google.com/maps/place/Ambacar+Naranjos/data=!4m7!3m6!1s0x91d5900d245422d1:0x4b3fe98404bc6cbe!8m2!3d-0.1639736!4d-78.4663291!16s%2Fg%2F11f3m9wbk5!19sChIJ0SJUJA2Q1ZERvmy8BITpP0s?authuser=0&hl=es-419&g_ep=EgoyMDI2MDkyMC4wIJJjKgBIAVAD&rclk=1"
"Mazda Granados","099 105 0600","","4.2","291","https://www.maresacenter.com/","sitio_propio","","false","Concesionario de automóviles","De las Hiedras y 1er Piso E11-67, 170513 Quito","La Floresta, Quito","https://www.google.com/maps/place/Mazda+Granados/data=!4m7!3m6!1s0x91d59075f29f2bd7:0xa4af9c02b0aaa46a!8m2!3d-0.168303!4d-78.4739624!16s%2Fg%2F1hf0hbkwh!19sChIJ1yuf8nWQ1ZERaqSqsAKcr6Q?authuser=0&hl=es-419&g_ep=EgoyMDI2MDkyMC4wIJJjKgBIAVAD&rclk=1"
"AutoGarage","","","4","23","","ninguno","","true","Concesionario de motos","Av. Shyris, y y Av. 6 de Diciembre, 170138 Quito","La Floresta, Quito","https://www.google.com/maps/place/AutoGarage/data=!4m7!3m6!1s0x91d59b5beaeb9561:0xb9e33570be67611f!8m2!3d-0.1607036!4d-78.4780034!16s%2Fg%2F11ghlw7tph!19sChIJYZXr6lub1ZERH2FnvnA147k?authuser=0&hl=es-419&g_ep=EgoyMDI2MDkyMC4wIJJjKgBIAVAD&rclk=1"
"SUZUKI Store - Labrador","1800 789 854","info@suzukiecuador.com","4.3","228","https://suzukiecuador.com/","sitio_propio","","false","Concesionario Suzuki","Av. El Inca y y, 170502 Quito","La Floresta, Quito","https://www.google.com/maps/place/SUZUKI+Store+-+Labrador/data=!4m7!3m6!1s0x91d59bf614431ca9:0x6d35de7efedf4246!8m2!3d-0.1585033!4d-78.4835968!16s%2Fg%2F11nn37wm8f!19sChIJqRxDFPab1ZERRkLf_n7eNW0?authuser=0&hl=es-419&g_ep=EgoyMDI2MDkyMC4wIJJjKgBIAVAD&rclk=1"
"Honda Recordmotor","(02) 246-6182","","3.2","13","","ninguno","","true","Concesionario de automóviles","entre Amazonas y, Av. El Inca E2-14, 170104 Quito","La Floresta, Quito","https://www.google.com/maps/place/Honda+Recordmotor/data=!4m7!3m6!1s0x91d59b84206f41fb:0x795a914db5b57b57!8m2!3d-0.1596987!4d-78.4843036!16s%2Fg%2F11nsxscqx8!19sChIJ-0FvIISb1ZERV3u1tU2RWnk?authuser=0&hl=es-419&g_ep=EgoyMDI2MDkyMC4wIJJjKgBIAVAD&rclk=1"
"Kia - Surmotor Shyris","1700 542 542","","4","37","https://www.kia.com/ec/shopping-tools/find-a-dealer.html","sitio_propio","2021","true","Concesionario Kia","Av. de los Shyris y Av. Gaspar de Villarroel N39-237 y, 170102 Quito","La Floresta, Quito","https://www.google.com/maps/place/Kia+-+Surmotor+Shyris/data=!4m7!3m6!1s0x91d59be4289fcc97:0xd6f32d25bc7f2379!8m2!3d-0.1707536!4d-78.4802654!16s%2Fg%2F11r4m30lbq!19sChIJl8yfKOSb1ZEReSN_vCUt89Y?authuser=0&hl=es-419&g_ep=EgoyMDI2MDkyMC4wIJJjKgBIAVAD&rclk=1"
"Peugeot Lion Eloy Alfaro","096 403 0030","","4.4","344","https://www.peugeot.com.ec/","sitio_propio","","false","Concesionario Peugeot","Av. Eloy Alfaro entre Gaspar de Villaroel, 170504 Quito","La Floresta, Quito","https://www.google.com/maps/place/Peugeot+Lion+Eloy+Alfaro/data=!4m7!3m6!1s0x91d591e88495fc45:0x41f0e05bd1abf4c1!8m2!3d-0.1697725!4d-78.4695731!16s%2Fg%2F11gwg5fr1m!19sChIJRfyVhOiR1ZERwfSr0Vvg8EE?authuser=0&hl=es-419&g_ep=EgoyMDI2MDkyMC4wIJJjKgBIAVAD&rclk=1"
"Provemovil","099 784 5067","","3.3","9","https://www.provemovil.com.ec/wordpress/","sitio_propio","","false","Subastas de coches","RHM3+XM8, 170170 Quito","La Floresta, Quito","https://www.google.com/maps/place/Provemovil/data=!4m7!3m6!1s0x91d5915b2def5fb1:0x5edb3eae2102a4e7!8m2!3d-0.1650958!4d-78.4457855!16s%2Fg%2F11rc8y_nn9!19sChIJsV_vLVuR1ZER56QCIa4-214?authuser=0&hl=es-419&g_ep=EgoyMDI2MDkyMC4wIJJjKgBIAVAD&rclk=1"
"Automotores y Anexos - Renault Shyris","1800 736 285","","4.4","482","http://www.renault.ec/","sitio_propio","2026","false","Concesionario Renault","Av. de los Shyris, 170135 Quito","La Floresta, Quito","https://www.google.com/maps/place/Automotores+y+Anexos+-+Renault+Shyris/data=!4m7!3m6!1s0x91d59a8359370d05:0x76aa3e793051b440!8m2!3d-0.1745434!4d-78.4808545!16s%2Fg%2F11bx1c6kcm!19sChIJBQ03WYOa1ZERQLRRMHk-qnY?authuser=0&hl=es-419&g_ep=EgoyMDI2MDkyMC4wIJJjKgBIAVAD&rclk=1"
"Q2 Saloon Autos","(02) 292-0205","info@q2saloon.com","4.5","61","https://www.q2saloon.com/","sitio_propio","","false","Oficina de tráfico","170513 Quito","La Floresta, Quito","https://www.google.com/maps/place/Q2+Saloon+Autos/data=!4m7!3m6!1s0x91d59a9fd483e489:0x58f8ceea2b1f1071!8m2!3d-0.1670096!4d-78.4755285!16s%2Fg%2F11fxf2t9dx!19sChIJieSD1J-a1ZERcRAfK-rO-Fg?authuser=0&hl=es-419&g_ep=EgoyMDI2MDkyMC4wIJJjKgBIAVAD&rclk=1"
"Automotores Continental Cumbayá","1800 141 414","","4.3","266","http://www.automotorescontinental.com/?utm_source=google&utm_medium=banner&utm_id=business","sitio_propio","","false","Concesionario Chevrolet","Av. Oswaldo Guayasamín, 170157 Quito","La Floresta, Quito","https://www.google.com/maps/place/Automotores+Continental+Cumbay%C3%A1/data=!4m7!3m6!1s0x91d591bb8c9de9ff:0xa350e4fa3a7bea7b!8m2!3d-0.1965656!4d-78.4415869!16s%2Fg%2F11c1sjndhp!19sChIJ_-mdjLuR1ZERe-p7OvrkUKM?authuser=0&hl=es-419&g_ep=EgoyMDI2MDkyMC4wIJJjKgBIAVAD&rclk=1"
"Mécanica Automotriz Skoda","098 714 8734","","4.5","35","https://automotrizskoda.com/","sitio_propio","","true","Concesionario Skoda","Sector Jipijapa, Calle, De Los Colimes 43-197 y, 170150 Quito","La Floresta, Quito","https://www.google.com/maps/place/M%C3%A9canica+Automotriz+Skoda/data=!4m7!3m6!1s0x91d5900ad0e044df:0xabb36f889ab635d4!8m2!3d-0.1643579!4d-78.4727874!16s%2Fg%2F11gt_v31s6!19sChIJ30Tg0AqQ1ZER1DW2mohvs6s?authuser=0&hl=es-419&g_ep=EgoyMDI2MDkyMC4wIJJjKgBIAVAD&rclk=1"
"MANCAR AUTOS","(02) 500-9242","","5","9","","ninguno","","true","Tienda de vehículos de segunda mano y de ocasión","Av. 6 de Diciembre &, 170102 Quito","La Floresta, Quito","https://www.google.com/maps/place/MANCAR+AUTOS/data=!4m7!3m6!1s0x91d59b00184c8277:0xa6009a57cae43202!8m2!3d-0.189528!4d-78.4802726!16s%2Fg%2F11x2z1k5p3!19sChIJd4JMGACb1ZERAjLkyleaAKY?authuser=0&hl=es-419&g_ep=EgoyMDI2MDkyMC4wIJJjKgBIAVAD&rclk=1"
"Soficar 6 de Diciembre","099 146 0946","","4.6","67","https://www.soficar.ec/","sitio_propio","","false","Concesionario de automóviles","Av. 6 de Diciembre, y y Pedro Ponce Carrasco, 170518 Quito","González Suárez, Quito","https://www.google.com/maps/place/Soficar+6+de+Diciembre/data=!4m7!3m6!1s0x91d59bc1184b5e59:0x4720638c7bb3a2cf!8m2!3d-0.1926188!4d-78.4811883!16s%2Fg%2F11wh70w2bb!19sChIJWV5LGMGb1ZERz6Kze4xjIEc?authuser=0&hl=es-419&g_ep=EgoyMDI2MDkyMC4wIJJjKgBIAVAD&rclk=1"
"Autocor Av. De Los Shyris","099 043 6699","datospersonales@autocor.com.ec","4.5","223","http://www.autocor.com.ec/","sitio_propio","2026","false","Compraventa de automóviles","Av. de los Shyris, 170506 Quito","González Suárez, Quito","https://www.google.com/maps/place/Autocor+Av.+De+Los+Shyris/data=!4m7!3m6!1s0x91d59b2687e5f117:0x26d93c3f531edd6d!8m2!3d-0.1710731!4d-78.4802076!16s%2Fg%2F11tckzggcc!19sChIJF_Hlhyab1ZERbd0eUz882SY?authuser=0&hl=es-419&g_ep=EgoyMDI2MDkyMC4wIJJjKgBIAVAD&rclk=1"
"Fatosla C.A","","","4.6","102","http://www.fatosla.com/","sitio_propio","","false","Comercio","Av. Diego Vásquez, y y Antonio Castillo OE1-27","González Suárez, Quito","https://www.google.com/maps/place/Fatosla+C.A/data=!4m7!3m6!1s0x91d4610765e89cf9:0x81c262027dca96a2!8m2!3d-0.094402!4d-78.4711089!16s%2Fg%2F11bwyw8v_x!19sChIJ-ZzoZQdh1JERopbKfQJiwoE?authuser=0&hl=es-419&g_ep=EgoyMDI2MDkyMC4wIJJjKgBIAVAD&rclk=1"
"Autorek Negocios Automotrices","099 899 1346","","3.6","14","","ninguno","","true","Concesionario de automóviles","autorekauto@gmail.com, 170102 Quito","González Suárez, Quito","https://www.google.com/maps/place/Autorek+Negocios+Automotrices/data=!4m7!3m6!1s0x91d5856afd698ba9:0xd608bf1cbf71fa87!8m2!3d-0.1534798!4d-78.4883154!16s%2Fg%2F11x8cgl41j!19sChIJqYtp_WqF1ZERh_pxvxy_CNY?authuser=0&hl=es-419&g_ep=EgoyMDI2MDkyMC4wIJJjKgBIAVAD&rclk=1"
"Zupreme Wrap - (Car Wrapping)","097 923 3692","","4.5","31","https://www.facebook.com/zupremewrap","solo_red_social","","true","Servicio de rotulación de vehículos","Av. Galo Plaza Lasso y Enrique Portilla Guerrero &, 170310 Quito","González Suárez, Quito","https://www.google.com/maps/place/Zupreme+Wrap+-+%28Car+Wrapping%29/data=!4m7!3m6!1s0x91d585126759e8ed:0x572f20bff3224c13!8m2!3d-0.105618!4d-78.4760492!16s%2Fg%2F11rch72076!19sChIJ7ehZZxKF1ZERE0wi878gL1c?authuser=0&hl=es-419&g_ep=EgoyMDI2MDkyMC4wIJJjKgBIAVAD&rclk=1"
"CAMService Tecniford , Taller automotriz a domicilio Quito.","096 279 9019","","4.7","68","","ninguno","","true","Taller de reparación de automóviles","a la embajada americana, Av. de los Guayacanes, y y Avigiras, 170514 Quito","González Suárez, Quito","https://www.google.com/maps/place/CAMService+Tecniford+,+Taller+automotriz+a+domicilio+Quito./data=!4m7!3m6!1s0x91d58ff08a54784d:0xb561048c2bdc3b5a!8m2!3d-0.1370352!4d-78.4669349!16s%2Fg%2F11b6gglzd5!19sChIJTXhUivCP1ZERWjvcK4wEYbU?authuser=0&hl=es-419&g_ep=EgoyMDI2MDkyMC4wIJJjKgBIAVAD&rclk=1"
"Patio Retencion Vehicular Carapungo","","","3.3","245","","ninguno","","true","Concesionario de automóviles","WH23+2P6, Capitán Giovanni Calles, 170202 Quito","González Suárez, Quito","https://www.google.com/maps/place/Patio+Retencion+Vehicular+Carapungo/data=!4m7!3m6!1s0x91d58f11f96bddc9:0x93fed948511cd21f!8m2!3d-0.0999669!4d-78.445749!16s%2Fg%2F11clydztt6!19sChIJyd1r-RGP1ZERH9IcUUjZ_pM?authuser=0&hl=es-419&g_ep=EgoyMDI2MDkyMC4wIJJjKgBIAVAD&rclk=1"
"Geely Ecuador","(02) 606-0301","infogeely@impoventura.com; usuario@dominio.com","4.2","10","https://www.geely.com.ec/","sitio_propio","2026","false","Fábrica de automóviles","Bello Horizonte 354, 170517 Quito","González Suárez, Quito","https://www.google.com/maps/place/Geely+Ecuador/data=!4m7!3m6!1s0x91d59bae1a193b8d:0x753d1de78264c231!8m2!3d-0.1971245!4d-78.4837066!16s%2Fg%2F11j0shwhfn!19sChIJjTsZGq6b1ZERMcJkgucdPXU?authuser=0&hl=es-419&g_ep=EgoyMDI2MDkyMC4wIJJjKgBIAVAD&rclk=1"
"MendoAuto","099 044 6233","administracionuio@mendoauto.com; administraciongye@mendoauto.com","5","7","https://mendoauto.com/","sitio_propio","2026","false","Concesionario de automóviles","La Pradera, Av de la República, y y Av. Eloy Alfaro, 170102 Quito","González Suárez, Quito","https://www.google.com/maps/place/MendoAuto/data=!4m7!3m6!1s0x91d59ba6a06b57bb:0xa3473ab4c602b5f!8m2!3d-0.191623!4d-78.4857709!16s%2Fg%2F11x6y0s0sm!19sChIJu1droKab1ZERXytgTKtzNAo?authuser=0&hl=es-419&g_ep=EgoyMDI2MDkyMC4wIJJjKgBIAVAD&rclk=1"
"Subaru | Carrera Autos - Cumbayá","095 886 1623","","4.9","76","https://subaru.carreraautos.com/","sitio_propio","2024","false","Concesionario Subaru","Av. Oswaldo Guayasamín, 170157 Quito","Cumbayá, Quito","https://www.google.com/maps/place/Subaru+%7C+Carrera+Autos+-+Cumbay%C3%A1/data=!4m7!3m6!1s0x91d591e53c033661:0xc5e9e6ab6f612c79!8m2!3d-0.1999342!4d-78.4378244!16s%2Fg%2F11yc07t2nh!19sChIJYTYDPOWR1ZEReSxhb6vm6cU?authuser=0&hl=es-419&g_ep=EgoyMDI2MDkyMC4wIJJjKgBIAVAD&rclk=1"
"Autocor Cumbaya","099 043 6699","datospersonales@autocor.com.ec","4.4","66","https://www.autocor.com.ec/","sitio_propio","2026","false","Concesionario de automóviles","Av. Oswaldo Guayasamín, 170157 Quito","Cumbayá, Quito","https://www.google.com/maps/place/Autocor+Cumbaya/data=!4m7!3m6!1s0x91d5918c91b19dd1:0x1bbeb727fdd7d3ce!8m2!3d-0.206237!4d-78.433618!16s%2Fg%2F11vwwykyxm!19sChIJ0Z2xkYyR1ZERztPX_Se3vhs?authuser=0&hl=es-419&g_ep=EgoyMDI2MDkyMC4wIJJjKgBIAVAD&rclk=1"
"Automotores y Anexos","095 897 2022","","4.3","276","https://www.nissan.com.ec/","sitio_propio","2026","false","Concesionario Nissan","Junto CC Escala, Av. Oswaldo Guayasamín y Pje. la Praga S/N, 170902 Quito","Cumbayá, Quito","https://www.google.com/maps/place/Automotores+y+Anexos/data=!4m7!3m6!1s0x91d591273b499621:0xef7240569df8a386!8m2!3d-0.2069793!4d-78.4270455!16s%2Fg%2F11c5t2d0bk!19sChIJIZZJOyeR1ZERhqP4nVZAcu8?authuser=0&hl=es-419&g_ep=EgoyMDI2MDkyMC4wIJJjKgBIAVAD&rclk=1"
"1001Carros","1800 100 122 ext. 6000","","3.5","40","","ninguno","","true","Tienda de vehículos de segunda mano y de ocasión","María Angélica Idrovo, y y Gral. Eloy Alfaro, 170904 Quito","Cumbayá, Quito","https://www.google.com/maps/place/1001Carros/data=!4m7!3m6!1s0x91d5919b5aefe6d9:0xd4414fc2da64e917!8m2!3d-0.2005531!4d-78.4332334!16s%2Fg%2F11fd4rcgts!19sChIJ2ebvWpuR1ZERF-lk2sJPQdQ?authuser=0&hl=es-419&g_ep=EgoyMDI2MDkyMC4wIJJjKgBIAVAD&rclk=1"
"Kia - Asiauto Cumbayá","1700 542 542","","4","175","https://www.kia.com/ec/shopping-tools/find-a-dealer.html","sitio_propio","2021","true","Concesionario Kia","Av. Interoceánica y Toscana (frente al Hospital de los Valles CUMBAYA, 170904","Cumbayá, Quito","https://www.google.com/maps/place/Kia+-+Asiauto+Cumbay%C3%A1/data=!4m7!3m6!1s0x91d590e6642ac251:0x42a67843d1cf740b!8m2!3d-0.2094373!4d-78.4255612!16s%2Fg%2F11cs5rq0yl!19sChIJUcIqZOaQ1ZERC3TP0UN4pkI?authuser=0&hl=es-419&g_ep=EgoyMDI2MDkyMC4wIJJjKgBIAVAD&rclk=1"
"Casabaca - Agencia Cumbayá","1800 227 222","","4.3","502","http://www.casabaca.com/","sitio_propio","2026","false","Concesionario Toyota","Av. Oswaldo Guayasamín y Isidro Ayora, 170157 Quito","Cumbayá, Quito","https://www.google.com/maps/place/Casabaca+-+Agencia+Cumbay%C3%A1/data=!4m7!3m6!1s0x91d590e6007eb279:0x22dedb54e4feb737!8m2!3d-0.1969608!4d-78.4409149!16s%2Fg%2F1pv000hz8!19sChIJebJ-AOaQ1ZERN7f-5FTb3iI?authuser=0&hl=es-419&g_ep=EgoyMDI2MDkyMC4wIJJjKgBIAVAD&rclk=1"
"Ambacar Cumbayá","(02) 322-2098","nombre@email.com","4.1","29","https://www.ambacar.com/","sitio_propio","","false","Concesionario de automóviles","C. C. Paseo San Francisco, Av. Interoceánica, y y Francisco de Orellana, 170517 Quito","Cumbayá, Quito","https://www.google.com/maps/place/Ambacar+Cumbay%C3%A1/data=!4m7!3m6!1s0x91d591998c401d2d:0x9ac93d2b06360788!8m2!3d-0.1991213!4d-78.4367827!16s%2Fg%2F11gwm9k5cc!19sChIJLR1AjJmR1ZERiAc2Bis9yZo?authuser=0&hl=es-419&g_ep=EgoyMDI2MDkyMC4wIJJjKgBIAVAD&rclk=1"
"Mitsubishi Motors Cumbaya (Mosumi S.A.)","(02) 294-0810","","4.5","22","https://www.mitsubishi-motors.com.ec/","sitio_propio","2015","true","Concesionario de automóviles","Av Pampite N20-91, 170902 Quito","Cumbayá, Quito","https://www.google.com/maps/place/Mitsubishi+Motors+Cumbaya+%28Mosumi+S.A.%29/data=!4m7!3m6!1s0x91d5911b89dd4c9d:0xb8dfa32fc3330d3d!8m2!3d-0.1952447!4d-78.4366254!16s%2Fg%2F11fpmdn0k_!19sChIJnUzdiRuR1ZERPQ0zwy-j37g?authuser=0&hl=es-419&g_ep=EgoyMDI2MDkyMC4wIJJjKgBIAVAD&rclk=1"
"Suzuki Store - Cumbayá","1800 789 854","info@suzukiecuador.com","4.6","88","https://suzukiecuador.com/","sitio_propio","","false","Concesionario de automóviles","Av. Oswaldo Guayazamín, Escalón Lumbisí y y, 170901 Quito","Cumbayá, Quito","https://www.google.com/maps/place/Suzuki+Store+-+Cumbay%C3%A1/data=!4m7!3m6!1s0x91d59123e4a453f5:0x2049201f8e43ce9d!8m2!3d-0.2055247!4d-78.4294053!16s%2Fg%2F11rfrhn8bk!19sChIJ9VOk5COR1ZERnc5Djh8gSSA?authuser=0&hl=es-419&g_ep=EgoyMDI2MDkyMC4wIJJjKgBIAVAD&rclk=1"
"Autofenix - Concesionario Multimarca: Leapmotor, Isuzu, GAC","096 404 2042","usuario@dominio.com","4.5","190","http://www.autofenix.com.ec/","sitio_propio","2026","false","Concesionario de automóviles","Av interoceánica, Oswaldo Guayasamín y Pasaje Leonidas Plaza OE8-213 y, 170143 Quito","Cumbayá, Quito","https://www.google.com/maps/place/Autofenix+-+Concesionario+Multimarca:+Leapmotor,+Isuzu,+GAC/data=!4m7!3m6!1s0x91d590dbc33ac371:0xa924f7db59cf3074!8m2!3d-0.2120272!4d-78.4226946!16s%2Fg%2F11b7j0gp4t!19sChIJccM6w9uQ1ZERdDDPWdv3JKk?authuser=0&hl=es-419&g_ep=EgoyMDI2MDkyMC4wIJJjKgBIAVAD&rclk=1"
"Alvarez Barba S.A Cumbaya","(02) 380-9280","","4.5","19","https://alvarezbarba.com.ec/","sitio_propio","","false","Concesionario BMW","QHQG+M9F, 170157 Quito","Cumbayá, Quito","https://www.google.com/maps/place/Alvarez+Barba+S.A+Cumbaya/data=!4m7!3m6!1s0x91d591bfd48e3ef7:0x141d9e00093488a8!8m2!3d-0.2108122!4d-78.424063!16s%2Fg%2F11rxnq1sww!19sChIJ9z6O1L-R1ZERqIg0CQCeHRQ?authuser=0&hl=es-419&g_ep=EgoyMDI2MDkyMC4wIJJjKgBIAVAD&rclk=1"
"TrueMotors","098 553 6924","","5","6","","ninguno","","true","Concesionario de automóviles","QHHF+7X8, Av. 2 de Agosto, 170184 Quito","Cumbayá, Quito","https://www.google.com/maps/place/TrueMotors/data=!4m7!3m6!1s0x91d597004de967e7:0xc01c6a4a7ff83e5!8m2!3d-0.2216334!4d-78.4205084!16s%2Fg%2F11n3nv0wsv!19sChIJ52fpTQCX1ZER5YP_p6TGAQw?authuser=0&hl=es-419&g_ep=EgoyMDI2MDkyMC4wIJJjKgBIAVAD&rclk=1"
"URGENTITO I TUMBACO","097 969 8327","","4.3","221","","ninguno","","true","Concesionario de automóviles","Av. Oswaldo Guayasamín y Belermo &, 170184 Quito","Cumbayá, Quito","https://www.google.com/maps/place/URGENTITO+I+TUMBACO/data=!4m7!3m6!1s0x91d59189c931924d:0x5f21c8b02cb39650!8m2!3d-0.2166685!4d-78.4029644!16s%2Fg%2F11thncwtbq!19sChIJTZIxyYmR1ZERUJazLLDIIV8?authuser=0&hl=es-419&g_ep=EgoyMDI2MDkyMC4wIJJjKgBIAVAD&rclk=1"
"GEELY PROAUTO","095 869 7070","","3.3","7","","ninguno","","true","Concesionario de automóviles","Av. Oswaldo Guayasamín 1, 2 Km 14, 170903 Quito","Cumbayá, Quito","https://www.google.com/maps/place/GEELY+PROAUTO/data=!4m7!3m6!1s0x91d5919d45f0faf1:0xadaa17486e80193!8m2!3d-0.2107659!4d-78.4147198!16s%2Fg%2F11nk8b8s98!19sChIJ8frwRZ2R1ZERkwHohnSh2go?authuser=0&hl=es-419&g_ep=EgoyMDI2MDkyMC4wIJJjKgBIAVAD&rclk=1"
"Riku","(02) 237-0812","","5","85","https://riku.ec/home","sitio_propio","2022","false","Concesionario de automóviles","Fray Gonzalo de Vera 422 y, Juan Montalvo esquina, Quito 170184, 170902","Cumbayá, Quito","https://www.google.com/maps/place/Riku/data=!4m7!3m6!1s0x91d59133b4366c73:0x3b5d492e25ca27aa!8m2!3d-0.2135535!4d-78.4069545!16s%2Fg%2F11y090f4t9!19sChIJc2w2tDOR1ZERqifKJS5JXTs?authuser=0&hl=es-419&g_ep=EgoyMDI2MDkyMC4wIJJjKgBIAVAD&rclk=1"
"Cochez SA Jaguar Land Rover","(02) 392-2372","jandrade@cochez.com.ec; cliente.ecu@i.landrover.com; jandrade@cochez.com.ec\; cliente.ecu@i.landrover.com\","5","7","http://ecuador.landrover.com/","sitio_propio","","false","Concesionario Land Rover","PASEO SAN FRANCISCO, Calle 1, 170902 Quito","Cumbayá, Quito","https://www.google.com/maps/place/Cochez+SA+Jaguar+Land+Rover/data=!4m7!3m6!1s0x91d591062b7f3e7b:0xa43a62b0279d0146!8m2!3d-0.1992608!4d-78.4369275!16s%2Fg%2F11ppyb7_zv!19sChIJez5_KwaR1ZERRgGdJ7BiOqQ?authuser=0&hl=es-419&g_ep=EgoyMDI2MDkyMC4wIJJjKgBIAVAD&rclk=1"
"Ambacar Tumbaco","(02) 237-4864","nombre@email.com","4.1","52","http://www.ambacar.ec/","sitio_propio","","false","Concesionario de automóviles","Av.Interoceanica #3000 y, Rodrigo Nuñez, 170902","Cumbayá, Quito","https://www.google.com/maps/place/Ambacar+Tumbaco/data=!4m7!3m6!1s0x91d5918031ac27f5:0xe4bfd5fa85e58cc1!8m2!3d-0.2119417!4d-78.4122702!16s%2Fg%2F11j0vzgfrn!19sChIJ9SesMYCR1ZERwYzlhfrVv-Q?authuser=0&hl=es-419&g_ep=EgoyMDI2MDkyMC4wIJJjKgBIAVAD&rclk=1"
"Chery Grupo Lader Tumbaco","099 703 4412","info@grupolader.com","4","56","https://www.grupolader.com/","sitio_propio","2025","false","Concesionario de automóviles","QHPR+JG Puembo Avenida Interoceánica, 170902 Quito","Cumbayá, Quito","https://www.google.com/maps/place/Chery+Grupo+Lader+Tumbaco/data=!4m7!3m6!1s0x91d5918567191523:0x2f2dde535aadb566!8m2!3d-0.2134375!4d-78.4086875!16s%2Fg%2F11rrpbdx06!19sChIJIxUZZ4WR1ZERZrWtWlPeLS8?authuser=0&hl=es-419&g_ep=EgoyMDI2MDkyMC4wIJJjKgBIAVAD&rclk=1"
"Ponte 11 Patio de Autos","099 369 5202","","3.9","11","https://somosponte11.com/","sitio_propio","2025","false","Tienda de vehículos de segunda mano y de ocasión","Vicente Rocafuerte 269, 170184 Quito","Cumbayá, Quito","https://www.google.com/maps/place/Ponte+11+Patio+de+Autos/data=!4m7!3m6!1s0x91d5914f12c7cd11:0x3288266a788a5719!8m2!3d-0.2139598!4d-78.4068362!16s%2Fg%2F11m6xx74zt!19sChIJEc3HEk-R1ZERGVeKeGomiDI?authuser=0&hl=es-419&g_ep=EgoyMDI2MDkyMC4wIJJjKgBIAVAD&rclk=1"
"Grupo HAM Autos Venta automóviles","098 330 8935","","4.8","20","http://www.grupoham.com.ec/","sitio_propio","2026","false","Concesionario de automóviles","Ruta Viva y Pje. Pérez KM8 y, 170903 Quito","Tumbaco, Quito","https://www.google.com/maps/place/Grupo+HAM+Autos+Venta+autom%C3%B3viles/data=!4m7!3m6!1s0x91d597a4be650a85:0x3c9560e0c6a72b39!8m2!3d-0.2225839!4d-78.4009399!16s%2Fg%2F11rtsfhb_9!19sChIJhQplvqSX1ZEROSunxuBglTw?authuser=0&hl=es-419&g_ep=EgoyMDI2MDkyMC4wIJJjKgBIAVAD&rclk=1"
"Tumbaco Motors","096 804 4371","","4.2","84","","ninguno","","true","Tienda de repuestos para automóviles","QJP7+V3G P&S, E28C, 170184 Quito","Tumbaco, Quito","https://www.google.com/maps/place/Tumbaco+Motors/data=!4m7!3m6!1s0x91d591570537e9b9:0xa6581f2637a3f0e3!8m2!3d-0.2124033!4d-78.3877253!16s%2Fg%2F11bccgmpm9!19sChIJuek3BVeR1ZER4_CjNyYfWKY?authuser=0&hl=es-419&g_ep=EgoyMDI2MDkyMC4wIJJjKgBIAVAD&rclk=1"
"Automotores Quito RUTA VIVA","099 924 2663","","4.4","44","https://www.facebook.com/AutomotoresQuito","solo_red_social","","true","Tienda de vehículos de segunda mano y de ocasión","170184 Quito","Tumbaco, Quito","https://www.google.com/maps/place/Automotores+Quito+RUTA+VIVA/data=!4m7!3m6!1s0x91d59a626b50fa8b:0xf378e6ee2a68ea8b!8m2!3d-0.2227762!4d-78.4039023!16s%2Fg%2F11cm03g2l7!19sChIJi_pQa2Ka1ZERi-poKu7mePM?authuser=0&hl=es-419&g_ep=EgoyMDI2MDkyMC4wIJJjKgBIAVAD&rclk=1"
"ASSA | Volkswagen - Cumbayá","098 142 9933","","4.1","127","","ninguno","","true","Concesionario Volkswagen","Av. Oswaldo Guayasamín, 170143 Quito","Tumbaco, Quito","https://www.google.com/maps/place/ASSA+%7C+Volkswagen+-+Cumbay%C3%A1/data=!4m7!3m6!1s0x91d59122c81d93c5:0x3928bfef54d833da!8m2!3d-0.211624!4d-78.4224992!16s%2Fg%2F11fpmdwr9y!19sChIJxZMdyCKR1ZER2jPYVO-_KDk?authuser=0&hl=es-419&g_ep=EgoyMDI2MDkyMC4wIJJjKgBIAVAD&rclk=1"
"AUTOVALLEY","(02) 237-0559","","3.8","108","","ninguno","","true","Taller de automóviles","QHMV+888, 170184 Quito","Tumbaco, Quito","https://www.google.com/maps/place/AUTOVALLEY/data=!4m7!3m6!1s0x91d591358ac8d125:0xe77652eebdb56010!8m2!3d-0.2167155!4d-78.406662!16s%2Fg%2F1yg585yr0!19sChIJJdHIijWR1ZEREGC1ve5Sduc?authuser=0&hl=es-419&g_ep=EgoyMDI2MDkyMC4wIJJjKgBIAVAD&rclk=1"
"Autofenix - Taller de servicio autorizado y multimarca en Tumbaco / Cumbayá","096 404 2042","usuario@dominio.com","3.9","135","http://www.autofenix.com.ec/posventa","sitio_propio","2026","false","Taller de reparación de automóviles","Av. Oswaldo Guayasamín E6-269, 170184 Quito","Tumbaco, Quito","https://www.google.com/maps/place/Autofenix+-+Taller+de+servicio+autorizado+y+multimarca+en+Tumbaco+%2F+Cumbay%C3%A1/data=!4m7!3m6!1s0x91d590ef603c45cd:0x6f5b6c8e7429e3ea!8m2!3d-0.2104916!4d-78.4161758!16s%2Fg%2F1hdyxywq9!19sChIJzUU8YO-Q1ZER6uMpdI5sW28?authuser=0&hl=es-419&g_ep=EgoyMDI2MDkyMC4wIJJjKgBIAVAD&rclk=1"
"Ford Tumbaco","099 282 1338","sudamerica@izmocars.com","4.1","16","https://www.orgu.com.ec/","sitio_propio","","false","Concesionario Ford","Frente a la Plaza Coral, NE5-148, Av. Oswaldo Guayasamín y Oswaldo Guayasamín, 170184 Quito","Tumbaco, Quito","https://www.google.com/maps/place/Ford+Tumbaco/data=!4m7!3m6!1s0x91d5935e5d6ffc73:0xf458ab932311ed7d!8m2!3d-0.216545!4d-78.3958369!16s%2Fg%2F11xm9h_1pp!19sChIJc_xvXV6T1ZERfe0RI5OrWPQ?authuser=0&hl=es-419&g_ep=EgoyMDI2MDkyMC4wIJJjKgBIAVAD&rclk=1"
"AUTO LUJOS TUMBACO","097 911 9635","","4.8","14","","ninguno","","true","Servicio de reparación de sistemas eléctricos para automóviles","170184 Quito","Tumbaco, Quito","https://www.google.com/maps/place/AUTO+LUJOS+TUMBACO/data=!4m7!3m6!1s0x91d593cfa86793c9:0x24173ce5e7b47292!8m2!3d-0.2074083!4d-78.3817128!16s%2Fg%2F11rssck68j!19sChIJyZNnqM-T1ZERknK05-U8FyQ?authuser=0&hl=es-419&g_ep=EgoyMDI2MDkyMC4wIJJjKgBIAVAD&rclk=1"
"CarSpot Ruta Viva","099 620 0010","","5","9","http://www.carspotecuador.com/","sitio_propio","2026","false","Tienda de vehículos de segunda mano y de ocasión","170903, Quito","Tumbaco, Quito","https://www.google.com/maps/place/CarSpot+Ruta+Viva/data=!4m7!3m6!1s0x91d597022fde17b7:0xe3385460af63ddd!8m2!3d-0.2217399!4d-78.3959469!16s%2Fg%2F11yddb5vfv!19sChIJtxfeLwKX1ZER3T32CkaFMw4?authuser=0&hl=es-419&g_ep=EgoyMDI2MDkyMC4wIJJjKgBIAVAD&rclk=1"
"Mansuera Tumbaco","(02) 264-4273","","4.5","76","http://www.mansuera.com/","sitio_propio","","false","Tienda de repuestos para automóviles","Av. Interoceánica Oe4-67 KM 14,5 y eloy alfaro (frente a Petrocomercial), 170184 Quito","Tumbaco, Quito","https://www.google.com/maps/place/Mansuera+Tumbaco/data=!4m7!3m6!1s0x91d5919aff5e6957:0x5bfd90cd558df20b!8m2!3d-0.212878!4d-78.410941!16s%2Fg%2F11glc2px8b!19sChIJV2le_5qR1ZERC_KNVc2Q_Vs?authuser=0&hl=es-419&g_ep=EgoyMDI2MDkyMC4wIJJjKgBIAVAD&rclk=1"
"Taller automotriz Mega Taller Ec","099 902 0557","","4.7","52","https://megatallerec.netlify.app/","sitio_propio","","false","Taller de automóviles","170184 Quito","Tumbaco, Quito","https://www.google.com/maps/place/Taller+automotriz+Mega+Taller+Ec/data=!4m7!3m6!1s0x91d5911cc47a6c73:0x10cc32f8b0349349!8m2!3d-0.2128179!4d-78.3872939!16s%2Fg%2F11jz9_jsb9!19sChIJc2x6xByR1ZERSZM0sPgyzBA?authuser=0&hl=es-419&g_ep=EgoyMDI2MDkyMC4wIJJjKgBIAVAD&rclk=1"
"Motogarage Store Tumbaco","099 401 9090","motogaragestore@gmail.com\&quot;&gt;motogaragestore@gmail.com&lt;/a&gt;&lt;/p&gt;&quot;],&quot;desktop&quot;:[0,{&quot;top&quot;:[0,246],&quot;left&quot;:[0,0],&quot;width&quot;:[0,236],&quot;height&quot;:[0,24]}],&quot;settings&quot;:[0,{&quot;styles&quot;:[0,{&quot;text&quot;:[0,&quot;left&quot;],&quot;align&quot;:[0,&quot;flex-start&quot;],&quot;justify&quot;:[0,&quot;center&quot;],&quot;m-element-margin&quot;:[0,&quot;0; motogaragestore@gmail.com","4.6","95","https://motogaragestore.online/","sitio_propio","2025","false","Concesionario de motos","e, 170184 Quito","Tumbaco, Quito","https://www.google.com/maps/place/Motogarage+Store+Tumbaco/data=!4m7!3m6!1s0x91d59134222674df:0x67e0ffc8b0cb4cae!8m2!3d-0.2103312!4d-78.4135143!16s%2Fg%2F11hlw4687n!19sChIJ33QmIjSR1ZERrkzLsMj_4Gc?authuser=0&hl=es-419&g_ep=EgoyMDI2MDkyMC4wIJJjKgBIAVAD&rclk=1"
"CAR POINT","(02) 237-5675","","4.3","42","","ninguno","","true","Taller de reparación de automóviles","QHMW+PHX, 170184 Quito","Tumbaco, Quito","https://www.google.com/maps/place/CAR+POINT/data=!4m7!3m6!1s0x91d5914bd05e82b3:0x406428176d5de332!8m2!3d-0.2156444!4d-78.4035041!16s%2Fg%2F11c7p4hfwt!19sChIJs4Je0EuR1ZERMuNdbRcoZEA?authuser=0&hl=es-419&g_ep=EgoyMDI2MDkyMC4wIJJjKgBIAVAD&rclk=1"
"Total Fix","098 443 2002","","3.9","39","https://instagram.com/totalfix?utm_medium=copy_link","solo_red_social","","true","Taller de reparación de automóviles","Av. Oswaldo Guayasamín, 170184 Quito","Tumbaco, Quito","https://www.google.com/maps/place/Total+Fix/data=!4m7!3m6!1s0x91d5911eec82c5b5:0xd39e16825fabae99!8m2!3d-0.2171369!4d-78.4018859!16s%2Fg%2F11q8v_kd2s!19sChIJtcWC7B6R1ZERma6rX4IWntM?authuser=0&hl=es-419&g_ep=EgoyMDI2MDkyMC4wIJJjKgBIAVAD&rclk=1"
"Orgu Ford - Tumbaco","098 436 3407","","4","8","","ninguno","","true","Taller de reparación de automóviles","QJM3+GJ8, Av. Oswaldo Guayasamín, 170184 Quito","Tumbaco, Quito","https://www.google.com/maps/place/Orgu+Ford+-+Tumbaco/data=!4m7!3m6!1s0x91d5910057583a3d:0x177200851af03a7e!8m2!3d-0.2164222!4d-78.3959159!16s%2Fg%2F11wxfxbrfc!19sChIJPTpYVwCR1ZERfjrwGoUAchc?authuser=0&hl=es-419&g_ep=EgoyMDI2MDkyMC4wIJJjKgBIAVAD&rclk=1"
"Guaranda Figueroa Tumbaco","(02) 237-8242","s&#101;rvi&#99;ioa&#108;&#99;l&#105;en&#116;e&#64;r&#101;pu&#101;s&#116;&#111;s&#103;&#117;a&#114;an&#100;&#97;fi&#103;ueroa&#46;co&#109;","4.2","168","http://www.gfautomotriz.com/","sitio_propio","","false","Proveedor de repuestos de carrocería de automóviles","Km 17½, Av. Oswaldo Guayasamín, 170175 Quito","Tumbaco, Quito","https://www.google.com/maps/place/Guaranda+Figueroa+Tumbaco/data=!4m7!3m6!1s0x91d591577666a203:0x189c41f6e3fac19c!8m2!3d-0.2115088!4d-78.3872222!16s%2Fg%2F11g6xwzvv8!19sChIJA6JmdleR1ZERnMH64_ZBnBg?authuser=0&hl=es-419&g_ep=EgoyMDI2MDkyMC4wIJJjKgBIAVAD&rclk=1"
"Kia - Asiauto Cumbayá","1700 542 542","","4","176","https://www.kia.com/ec/shopping-tools/find-a-dealer.html","sitio_propio","2021","true","Concesionario Kia","Av. Interoceánica y Toscana (frente al Hospital de los Valles CUMBAYA, 170904","Tumbaco, Quito","https://www.google.com/maps/place/Kia+-+Asiauto+Cumbay%C3%A1/data=!4m7!3m6!1s0x91d590e6642ac251:0x42a67843d1cf740b!8m2!3d-0.209437!4d-78.425561!16s%2Fg%2F11cs5rq0yl!19sChIJUcIqZOaQ1ZERC3TP0UN4pkI?authuser=0&hl=es-419&g_ep=EgoyMDI2MDkyMC4wIJJjKgBIAVAD&rclk=1"
"Mazda Cumbayá","099 105 0600","","4.6","25","https://www.maresacenter.com/","sitio_propio","","false","Concesionario Mazda","Florencia y Av. Oswaldo Guayasamín &, 170904 Quito","Tumbaco, Quito","https://www.google.com/maps/place/Mazda+Cumbay%C3%A1/data=!4m7!3m6!1s0x91d591981190561b:0xf93b08dda99ea6b3!8m2!3d-0.2103793!4d-78.4251154!16s%2Fg%2F11y5f5yfdp!19sChIJG1aQEZiR1ZERs6aeqd0IO_k?authuser=0&hl=es-419&g_ep=EgoyMDI2MDkyMC4wIJJjKgBIAVAD&rclk=1"
"Repuestos Peugeot Jaime Páez RP","099 592 8993","jpaezrp@hotmail.com","4.5","11","http://www.peugeotjpaez.com/","sitio_propio","","false","Tienda de repuestos para automóviles","Tumbaco. Av Interoceanica, Oe4-82 Y Rodrigo Nuñez Junto a la gasolinera Petrocomercial Macelino, 170903 Quito","Tumbaco, Quito","https://www.google.com/maps/place/Repuestos+Peugeot+Jaime+P%C3%A1ez+RP/data=!4m7!3m6!1s0x91d5913719d26d6f:0xc9a59caf5ea29310!8m2!3d-0.2124048!4d-78.4110311!16s%2Fg%2F11f64cryyh!19sChIJb23SGTeR1ZEREJOiXq-cpck?authuser=0&hl=es-419&g_ep=EgoyMDI2MDkyMC4wIJJjKgBIAVAD&rclk=1"
"Repuestos Ford Tumbaco","098 397 8528","","4.5","6","","ninguno","","true","Tienda de repuestos para automóviles","E28C 23, 170184 Quito","Tumbaco, Quito","https://www.google.com/maps/place/Repuestos+Ford+Tumbaco/data=!4m7!3m6!1s0x91d593accc41ccf1:0x784023c26f768400!8m2!3d-0.2073386!4d-78.3817362!16s%2Fg%2F11nlch6yp2!19sChIJ8cxBzKyT1ZERAIR2b8IjQHg?authuser=0&hl=es-419&g_ep=EgoyMDI2MDkyMC4wIJJjKgBIAVAD&rclk=1"
"Tumbaco Motors Sucursal","099 838 5442","","4.6","9","","ninguno","","true","Tienda de repuestos para automóviles","Av. Interoceánica Oe3-384, 170906 Quito","Tumbaco, Quito","https://www.google.com/maps/place/Tumbaco+Motors+Sucursal/data=!4m7!3m6!1s0x91d59477bc13ca9d:0x73f12856344e1be!8m2!3d-0.2213784!4d-78.3518295!16s%2Fg%2F11fgl9qzzn!19sChIJncoTvHeU1ZERvuFEY4USPwc?authuser=0&hl=es-419&g_ep=EgoyMDI2MDkyMC4wIJJjKgBIAVAD&rclk=1"
"GAC - ELOY ALFARO","","infogac@impoventura.com; usuario@dominio.com; infogack@impoventura.com","5","9","http://www.gac.com.ec/","sitio_propio","","false","Concesionario de automóviles","Av. Eloy Alfaro y Av. Gaspar de Villarroel 40-153 y, 170504 Quito","Tumbaco, Quito","https://www.google.com/maps/place/GAC+-+ELOY+ALFARO/data=!4m7!3m6!1s0x91d5916c0c0fc8eb:0xd751bcd68f353bdd!8m2!3d-0.1703777!4d-78.4704206!16s%2Fg%2F11ysn1hpm9!19sChIJ68gPDGyR1ZER3Ts1j9a8Udc?authuser=0&hl=es-419&g_ep=EgoyMDI2MDkyMC4wIJJjKgBIAVAD&rclk=1"
"Jetour Granados","","info@jetourecuador.com; correo@ejemplo.com","5","13","https://www.jetourecuador.com/","sitio_propio","2026","false","Concesionario de automóviles","Av. Granados y y, Vía a Nayón Esquina, 171057 Quito","Tumbaco, Quito","https://www.google.com/maps/place/Jetour+Granados/data=!4m7!3m6!1s0x91d591e0d25f8bdb:0xfefb9a601d4b4824!8m2!3d-0.1627403!4d-78.4627736!16s%2Fg%2F11zhb09z92!19sChIJ24tf0uCR1ZERJEhLHWCa-_4?authuser=0&hl=es-419&g_ep=EgoyMDI2MDkyMC4wIJJjKgBIAVAD&rclk=1"
"Carros y Carreteras","","carrosycarreteras33@gmail.com","4.9","30","https://carrosycarreteras.com/","sitio_propio","","false","Taller de reparación de automóviles","QJJV+PPQ, Quito","Tumbaco, Quito","https://www.google.com/maps/place/Carros+y+Carreteras/data=!4m7!3m6!1s0x91d593048ebcb475:0xa1f8d92c3af5f72d!8m2!3d-0.218275!4d-78.356022!16s%2Fg%2F11q93jj050!19sChIJdbS8jgST1ZERLff1OizZ-KE?authuser=0&hl=es-419&g_ep=EgoyMDI2MDkyMC4wIJJjKgBIAVAD&rclk=1"
"Sinotruk - Granados | Vehicentro","099 204 8229","contacto@vehicentro.com","4.9","75","https://www.vehicentro.com/","sitio_propio","2026","false","Concesionario de automóviles","Av. delos granados E14-531 Psj, De los Naranjos, 170516 Quito","Tumbaco, Quito","https://www.google.com/maps/place/Sinotruk+-+Granados+%7C+Vehicentro/data=!4m7!3m6!1s0x91d591e804208855:0xc6555de0da3276b6!8m2!3d-0.1653716!4d-78.4668269!16s%2Fg%2F11y624jkhs!19sChIJVYggBOiR1ZERtnYy2uBdVcY?authuser=0&hl=es-419&g_ep=EgoyMDI2MDkyMC4wIJJjKgBIAVAD&rclk=1"
"Toyota Casabaca - Centro de Experiencia Granados","1800 227 222","","4.3","288","http://www.casabaca.com/","sitio_propio","2026","false","Concesionario de automóviles","Av. de los Granados, 170124 Quito","Tumbaco, Quito","https://www.google.com/maps/place/Toyota+Casabaca+-+Centro+de+Experiencia+Granados/data=!4m7!3m6!1s0x91d5912e36a3528f:0xee02018cb8db79c8!8m2!3d-0.1640796!4d-78.4643427!16s%2Fg%2F11nfz3yms0!19sChIJj1KjNi6R1ZERyHnbuIwBAu4?authuser=0&hl=es-419&g_ep=EgoyMDI2MDkyMC4wIJJjKgBIAVAD&rclk=1"
"La Ramona Motors Co.","099 970 0754","","4.9","38","https://www.instagram.com/la.ramona.motors?igsh=cGk5MWJ1d2V6cXQ3&utm_source=qr","solo_red_social","","true","Concesionario de automóviles","","Tumbaco, Quito","https://www.google.com/maps/place/La+Ramona+Motors+Co./data=!4m7!3m6!1s0x872c73f2db473d3f:0x4df18eedd7d08caf!8m2!3d-0.1865944!4d-78.4305382!16s%2Fg%2F11y9dps8hy!19sChIJPz1H2_JzLIcRr4zQ1-2O8U0?authuser=0&hl=es-419&g_ep=EgoyMDI2MDkyMC4wIJJjKgBIAVAD&rclk=1"
"CORP NOVALIDER QUITO NORTE","096 775 8939","","4.9","10","","ninguno","","true","Concesionario de automóviles","Av. 10 de Agosto y Joaquin Auz N37-232 y, 170138 Quito","La Carolina, Quito","https://www.google.com/maps/place/CORP+NOVALIDER+QUITO+NORTE/data=!4m7!3m6!1s0x91d59b375bc7db45:0xf4105c83ef762572!8m2!3d-0.1729728!4d-78.4876368!16s%2Fg%2F11zxjl_3z7!19sChIJRdvHWzeb1ZERciV274NcEPQ?authuser=0&hl=es-419&g_ep=EgoyMDI2MDkyMC4wIJJjKgBIAVAD&rclk=1"
"Grupo Mavesa Quito Baker","1800 628 372","","4.1","81","https://www.grupomavesa.com.ec/","sitio_propio","","false","Concesionario de camiones","VG68+XVX, 170138 Quito","La Carolina, Quito","https://www.google.com/maps/place/Grupo+Mavesa+Quito+Baker/data=!4m7!3m6!1s0x91d58581680f0fd9:0x851961b013c9113e!8m2!3d-0.1373416!4d-78.4827455!16s%2Fg%2F11pdqx89fy!19sChIJ2Q8PaIGF1ZERPhHJE7BhGYU?authuser=0&hl=es-419&g_ep=EgoyMDI2MDkyMC4wIJJjKgBIAVAD&rclk=1"
"Induauto 10 de Agosto Matriz","","","4.4","19","http://www.induautochevrolet.com/","sitio_propio","","false","Concesionario Chevrolet","RG85+WW5 Puente peatonal, 170102 Quito","La Carolina, Quito","https://www.google.com/maps/place/Induauto+10+de+Agosto+Matriz/data=!4m7!3m6!1s0x91d59b00550cd981:0xf975ecc11f94a9d6!8m2!3d-0.1826749!4d-78.4905281!16s%2Fg%2F11y4983_sc!19sChIJgdkMVQCb1ZER1qmUH8Hsdfk?authuser=0&hl=es-419&g_ep=EgoyMDI2MDkyMC4wIJJjKgBIAVAD&rclk=1"
"LEASY - Crédito vehicular","098 021 2826","ventas-ec@leasyauto.com","5","17","https://leasyauto.com/ec","sitio_propio","2026","false","","Av. de los Shyris N33-134, Ofi 504, 170135 Quito","La Carolina, Quito","https://www.google.com/maps/place/LEASY+-+Cr%C3%A9dito+vehicular/data=!4m7!3m6!1s0x91d59b2df82a11df:0x98430f9302feb8ff!8m2!3d-0.1862727!4d-78.4824667!16s%2Fg%2F11nqvm5wdp!19sChIJ3xEq-C2b1ZER_7j-ApMPQ5g?authuser=0&hl=es-419&g_ep=EgoyMDI2MDkyMC4wIJJjKgBIAVAD&rclk=1"
"ORTEGA AUTOMOTORES","098 496 4986","","4.2","37","https://www.facebook.com/ortegaautos/","solo_red_social","","true","Concesionario de automóviles","Av. Río Amazonas N43-172) y, 170513 Quito","Iñaquito, Quito","https://www.google.com/maps/place/ORTEGA+AUTOMOTORES/data=!4m7!3m6!1s0x91d59b00482ce8c3:0xbc562419304859ae!8m2!3d-0.1628172!4d-78.4830903!16s%2Fg%2F11k6vdmm6m!19sChIJw-gsSACb1ZERrllIMBkkVrw?authuser=0&hl=es-419&g_ep=EgoyMDI2MDkyMC4wIJJjKgBIAVAD&rclk=1"
".","","","4.7","22","","ninguno","","true","Concesionario de automóviles","Avenida 6 de Diciembre, y y Pablo Del Solar, Quito","Iñaquito, Quito","https://www.google.com/maps/place/data=!4m7!3m6!1s0x91d59bdb643aabf9:0x74f1edcc5300746f!8m2!3d-0.1564096!4d-78.4774017!16s%2Fg%2F11rvg80mhp!19sChIJ-as6ZNub1ZERb3QAU8zt8XQ?authuser=0&hl=es-419&g_ep=EgoyMDI2MDkyMC4wIJJjKgBIAVAD&rclk=1"
"Hiper Autos UIO","096 399 0567","","3.8","16","https://www.hiperautosuio.com/inicio","sitio_propio","2026","false","Concesionario de automóviles","Av. Río Amazonas y Río Curaray N48-197 y, 170405 Quito","Iñaquito, Quito","https://www.google.com/maps/place/Hiper+Autos+UIO/data=!4m7!3m6!1s0x91d59b00410d7f5b:0xaefb91eb7bec868e!8m2!3d-0.1495763!4d-78.4894785!16s%2Fg%2F11m7190hg5!19sChIJW38NQQCb1ZERjobse-uR-64?authuser=0&hl=es-419&g_ep=EgoyMDI2MDkyMC4wIJJjKgBIAVAD&rclk=1"
"Autocor La Prensa","098 300 5861","datospersonales@autocor.com.ec","4.5","87","http://www.autocor.com.ec/","sitio_propio","2026","false","Tienda de vehículos de segunda mano y de ocasión","Avenida La Prensa N46 y, Zamora OE 314, 170104 Quito","Iñaquito, Quito","https://www.google.com/maps/place/Autocor+La+Prensa/data=!4m7!3m6!1s0x91d59aa0511588eb:0x24c8ddabd38d679c!8m2!3d-0.1555427!4d-78.4888483!16s%2Fg%2F11dx9hv28m!19sChIJ64gVUaCa1ZERnGeN06vdyCQ?authuser=0&hl=es-419&g_ep=EgoyMDI2MDkyMC4wIJJjKgBIAVAD&rclk=1"
"Proauto Chevrolet - Sede Granados","098 330 5525","","4.2","843","https://www.proautochevrolet.com.ec/?utm_source=google&utm_medium=banner&utm_id=business","sitio_propio","","false","Concesionario Chevrolet","Avenida, Av. de los Granados, Quito","Iñaquito, Quito","https://www.google.com/maps/place/Proauto+Chevrolet+-+Sede+Granados/data=!4m7!3m6!1s0x91d5907339ac6cad:0xf86d7d98c0307c19!8m2!3d-0.1655194!4d-78.4678967!16s%2Fg%2F1ptwhlylk!19sChIJrWysOXOQ1ZERGXwwwJh9bfg?authuser=0&hl=es-419&g_ep=EgoyMDI2MDkyMC4wIJJjKgBIAVAD&rclk=1"
"Autos Sierra CAR COMPRA CORP","095 945 9005","ayuda@patiotuerca.com; alexteran54@hotmail.com","3.7","26","https://ecuador.patiotuerca.com/ptx/dealers-profile/auto-sierra/1605","sitio_propio","2026","false","Compraventa de automóviles","Av. El Inca E4-239, 171511 Quito","Iñaquito, Quito","https://www.google.com/maps/place/Autos+Sierra+CAR+COMPRA+CORP/data=!4m7!3m6!1s0x91d59be16da547b9:0xd4ef5c8df6fc3188!8m2!3d-0.157733!4d-78.4819148!16s%2Fg%2F11yksrgtv_!19sChIJuUelbeGb1ZERiDH89o1c79Q?authuser=0&hl=es-419&g_ep=EgoyMDI2MDkyMC4wIJJjKgBIAVAD&rclk=1"
"Autoline Quito Norte","099 074 1472","esteban.cordova@autoline.com.ec; william.gallo@autoline.com.ec; nilo.moreno@autoline.com.ec; ventas@autoline.com.ec; esteban.cordova@autoline.com","4","31","https://www.autoline.com.ec/","sitio_propio","","false","Compraventa de automóviles","Av. 10 de Agosto y Av. El Inca 44-318 y, 170138 Quito","Iñaquito, Quito","https://www.google.com/maps/place/Autoline+Quito+Norte/data=!4m7!3m6!1s0x91d58f7b5145a47d:0xe6870a1629992d84!8m2!3d-0.1589473!4d-78.4850766!16s%2Fg%2F11f57hfv0f!19sChIJfaRFUXuP1ZERhC2ZKRYKh-Y?authuser=0&hl=es-419&g_ep=EgoyMDI2MDkyMC4wIJJjKgBIAVAD&rclk=1"
"Ambacar El Cliclista","099 500 1846","nombre@email.com","4.4","113","https://www.ambacar.ec/","sitio_propio","","false","Concesionario de automóviles","Av. de los Granados y De Las Azucenas E 14-697, 170503 Quito","Iñaquito, Quito","https://www.google.com/maps/place/Ambacar+El+Cliclista/data=!4m7!3m6!1s0x91d59102f306f949:0xa91c7455fc9a101d!8m2!3d-0.1645133!4d-78.4657969!16s%2Fg%2F11j292n2jn!19sChIJSfkG8wKR1ZERHRCa_FV0HKk?authuser=0&hl=es-419&g_ep=EgoyMDI2MDkyMC4wIJJjKgBIAVAD&rclk=1"
"Joffre Yazbek Automotores","098 330 9341","","4.2","50","https://www.yazbekautomotores.ec/","sitio_propio","","true","Concesionario de automóviles","Av. 6 de Diciembre y Av. Río Coca n44-66 y, 170512 Quito","Iñaquito, Quito","https://www.google.com/maps/place/Joffre+Yazbek+Automotores/data=!4m7!3m6!1s0x91d59aa07f24994d:0xa62145126b5aab!8m2!3d-0.1625875!4d-78.4754511!16s%2Fg%2F11fcq355gh!19sChIJTZkkf6Ca1ZERq1prEkUhpgA?authuser=0&hl=es-419&g_ep=EgoyMDI2MDkyMC4wIJJjKgBIAVAD&rclk=1"
"MAXCARS ALIANZA MULTIMARCA","099 990 0899","","4.4","7","","ninguno","","true","Concesionario de automóviles","Av. Occidental, L22 y N48, 170528 Quito","Iñaquito, Quito","https://www.google.com/maps/place/MAXCARS+ALIANZA+MULTIMARCA/data=!4m7!3m6!1s0x91d59198f29a9bbb:0x5733a47410fc5baa!8m2!3d-0.1505247!4d-78.4979897!16s%2Fg%2F11hlw3m63z!19sChIJu5ua8piR1ZERqlv8EHSkM1c?authuser=0&hl=es-419&g_ep=EgoyMDI2MDkyMC4wIJJjKgBIAVAD&rclk=1"
"VipMotors","096 885 4591","","4.1","18","","ninguno","","true","Concesionario de automóviles","Av. de los Shyris N41-23, 170102 Quito","Iñaquito, Quito","https://www.google.com/maps/place/VipMotors/data=!4m7!3m6!1s0x91d59b005ee2ec01:0xfa800b7082b71bd7!8m2!3d-0.1748886!4d-78.4805973!16s%2Fg%2F11nfnqf_28!19sChIJAeziXgCb1ZER1xu3gnALgPo?authuser=0&hl=es-419&g_ep=EgoyMDI2MDkyMC4wIJJjKgBIAVAD&rclk=1"
"BMW Alvarez Barba","(02) 241-0760","canaldigital2@alvarezbarba.com.ec; crmpostventa@alvarezbarba.com.ec; msautos@alvarezbarba.com.ec; ventasuio1@alvarezbarba.com.ec; ventascumbaya2@alvarezbarba.com.ec; ventasmini@alvarezbarba.com.ec; jaimecucalon@ecuavia.com; javierestrada@ecuavia.com; luisgandara@ecuavia.com; guillermoparra@ecuavia.com","4.4","406","http://www.bmw.com.ec/","sitio_propio","2025","false","Concesionario de automóviles","Av. de Los Algarrobos, 170138 Quito","Iñaquito, Quito","https://www.google.com/maps/place/BMW+Alvarez+Barba/data=!4m7!3m6!1s0x91d58553b58cd881:0xc9831211ce7e8bfd!8m2!3d-0.1437847!4d-78.4835527!16s%2Fg%2F1pxw3nd17!19sChIJgdiMtVOF1ZER_Yt-zhESg8k?authuser=0&hl=es-419&g_ep=EgoyMDI2MDkyMC4wIJJjKgBIAVAD&rclk=1"
"Urgentito Taller Multimarca","098 838 9358","","3.8","68","https://www.urgentitotalleres.com/","sitio_propio","2025","false","Taller mecánico","Diagonal Parkenor, N67, De Los Arupos y Av. Galo Plaza Lasso E1-202 y, 170307 Quito","Iñaquito, Quito","https://www.google.com/maps/place/Urgentito+Taller+Multimarca/data=!4m7!3m6!1s0x91d585ae54a95c57:0x288321a531c3a50f!8m2!3d-0.1121495!4d-78.4776077!16s%2Fg%2F11w_c7b2gf!19sChIJV1ypVK6F1ZERD6XDMaUhgyg?authuser=0&hl=es-419&g_ep=EgoyMDI2MDkyMC4wIJJjKgBIAVAD&rclk=1"
"Teojama Comercial - Matriz Quito","(02) 240-0500","","4.5","336","http://www.teojama.com/","sitio_propio","","false","Concesionario de camiones","Av. Galo Plaza Lasso N47-137 y Pasaje, Los Cactus, 170104 Quito","Iñaquito, Quito","https://www.google.com/maps/place/Teojama+Comercial+-+Matriz+Quito/data=!4m7!3m6!1s0x91d59aae6ed27865:0xf3241e21fec66372!8m2!3d-0.1519764!4d-78.4847199!16s%2Fg%2F11b6zmd7yj!19sChIJZXjSbq6a1ZERcmPG_iEeJPM?authuser=0&hl=es-419&g_ep=EgoyMDI2MDkyMC4wIJJjKgBIAVAD&rclk=1"
"AUTO AMIGO GROUP","099 500 7108","","3.6","7","","ninguno","","true","Tienda de vehículos de segunda mano y de ocasión","RGX2+RMX, 170132 Quito","Iñaquito, Quito","https://www.google.com/maps/place/AUTO+AMIGO+GROUP/data=!4m7!3m6!1s0x91d59b641ea9485b:0xd98bc0f00710ac42!8m2!3d-0.1503857!4d-78.4982766!16s%2Fg%2F11gh9m7hwj!19sChIJW0ipHmSb1ZERQqwQB_DAi9k?authuser=0&hl=es-419&g_ep=EgoyMDI2MDkyMC4wIJJjKgBIAVAD&rclk=1"
"GMQ Motors La Prensa","099 503 1777","","4.1","9","https://www.gmqmotors.com.ec/inicio","sitio_propio","2026","false","Concesionario de automóviles","Av. de la Prensa y Coronel Héctor Molina 56-40 y, 170512 Quito","Iñaquito, Quito","https://www.google.com/maps/place/GMQ+Motors+La+Prensa/data=!4m7!3m6!1s0x91d58519eaf40c45:0xff7ee69afc6cc408!8m2!3d-0.1354829!4d-78.4935647!16s%2Fg%2F11vdb2tzq6!19sChIJRQz06hmF1ZERCMRs_Jrmfv8?authuser=0&hl=es-419&g_ep=EgoyMDI2MDkyMC4wIJJjKgBIAVAD&rclk=1"
"Taller Maresa Center Bugambillas","099 105 0600","","4.3","64","https://agenda.maresaservice.ec/","sitio_propio","","false","Concesionario de automóviles","Diagonal al Cementerio, Av. Eloy Alfaro y y, 170138 Quito","Iñaquito, Quito","https://www.google.com/maps/place/Taller+Maresa+Center+Bugambillas/data=!4m7!3m6!1s0x91d59b72816e45df:0xeedbe57a956a210a!8m2!3d-0.1590707!4d-78.4678468!16s%2Fg%2F11sv1q9r4s!19sChIJ30VugXKb1ZERCiFqlXrl2-4?authuser=0&hl=es-419&g_ep=EgoyMDI2MDkyMC4wIJJjKgBIAVAD&rclk=1"
"Taller Multimarca KERS AUTOS","099 894 1418","","4.9","20","","ninguno","","true","Taller mecánico","Antonio Jose de Sucre Y, Rio Peripa 2, 170134 Quito","Iñaquito, Quito","https://www.google.com/maps/place/Taller+Multimarca+KERS+AUTOS/data=!4m7!3m6!1s0x91d58512b3a9a11f:0xae3a9e1100cc5778!8m2!3d-0.1101648!4d-78.5045263!16s%2Fg%2F11h4c3wgsq!19sChIJH6GpsxKF1ZEReFfMABGeOq4?authuser=0&hl=es-419&g_ep=EgoyMDI2MDkyMC4wIJJjKgBIAVAD&rclk=1"
"Lavadora Bellavista","099 404 7766","","4.7","20","","ninguno","","true","Servicio de lavado de coches","Calle Bella Vista, Autopista Gral. Rumiñahui OE3-250, Quito","Bellavista, Quito","https://www.google.com/maps/place/Lavadora+Bellavista/data=!4m7!3m6!1s0x91d5857a8f5460ed:0xa1580af8bea54fd3!8m2!3d-0.1171206!4d-78.4859684!16s%2Fg%2F11gr32rx_2!19sChIJ7WBUj3qF1ZER00-lvvgKWKE?authuser=0&hl=es-419&g_ep=EgoyMDI2MDkyMC4wIJJjKgBIAVAD&rclk=1"
"Subaru Ecuador","099 913 6663","","4.9","321","http://www.subaru.com.ec/?utm_campaign=gmb&utm_medium=organic&utm_source=local","sitio_propio","2025","false","Concesionario de automóviles","Av. de los Granados y De Los Colimes, 170513 Quito","Bellavista, Quito","https://www.google.com/maps/place/Subaru+Ecuador/data=!4m7!3m6!1s0x91d591b48e880c55:0x8102876357351678!8m2!3d-0.1685692!4d-78.4726859!16s%2Fg%2F11vkbn98c2!19sChIJVQyIjrSR1ZEReBY1V2OHAoE?authuser=0&hl=es-419&g_ep=EgoyMDI2MDkyMC4wIJJjKgBIAVAD&rclk=1"
"OMODA - JAECOO","096 405 4055","","4.4","51","https://omodajaecoo.ec/","sitio_propio","2020","true","Concesionario de vehículos eléctricos","Av. 10 de Agosto &, 170138 Quito","Quito Tenis, Quito","https://www.google.com/maps/place/OMODA+-+JAECOO/data=!4m7!3m6!1s0x91d59bde7e029fc1:0x2b676365d5c1743d!8m2!3d-0.1593115!4d-78.4856344!16s%2Fg%2F11s754md34!19sChIJwZ8Cft6b1ZERPXTB1WVjZys?authuser=0&hl=es-419&g_ep=EgoyMDI2MDkyMC4wIJJjKgBIAVAD&rclk=1"
"AUTOPREMIUM SEMINUEVOS","(02) 513-7108","","4.1","58","http://www.autopremium.com.ec/","sitio_propio","2026","false","Oficinas de empresa","Diagonal a Servientrega, Av. Galo Plaza Lasso, y y De los Cedros esquina, 170138 Quito","Quito Tenis, Quito","https://www.google.com/maps/place/AUTOPREMIUM+SEMINUEVOS/data=!4m7!3m6!1s0x91d58553ccf7f337:0xb1688364e1f60443!8m2!3d-0.1231467!4d-78.4807195!16s%2Fg%2F11dyp3_mhp!19sChIJN_P3zFOF1ZERQwT24WSDaLE?authuser=0&hl=es-419&g_ep=EgoyMDI2MDkyMC4wIJJjKgBIAVAD&rclk=1"
"BROKAUTOS","099 956 3717","ayuda@patiotuerca.com","4.1","18","https://ecuador.patiotuerca.com/dealers-profile/grupo-automotriz-%28grupo-comercial-erazo-euromotors-brokautos%29/1284","sitio_propio","2026","false","Concesionario de automóviles","Av. Mariscal Sucre y Manuel Valdiviezo N50 -133 Y, 170132 Quito","Quito Tenis, Quito","https://www.google.com/maps/place/BROKAUTOS/data=!4m7!3m6!1s0x91d59b57622bb96d:0x9de0a4860e41135a!8m2!3d-0.1476387!4d-78.4989179!16s%2Fg%2F11pbft36m8!19sChIJbbkrYleb1ZERWhNBDoak4J0?authuser=0&hl=es-419&g_ep=EgoyMDI2MDkyMC4wIJJjKgBIAVAD&rclk=1"
"MEGAUTOS","(02) 515-4464","","4.6","25","","ninguno","","true","Oficina de tráfico","10 de agosto y Av. Río Amazonas N45-141 y, 170150 Quito","Quito Tenis, Quito","https://www.google.com/maps/place/MEGAUTOS/data=!4m7!3m6!1s0x91d59bc40633b2ad:0xb87c3b37d3b85378!8m2!3d-0.1571404!4d-78.4857124!16s%2Fg%2F11jpvs6_bj!19sChIJrbIzBsSb1ZEReFO40zc7fLg?authuser=0&hl=es-419&g_ep=EgoyMDI2MDkyMC4wIJJjKgBIAVAD&rclk=1"
"Motoria Plaza de las Américas","099 069 8426","","4.8","20","http://www.motoriaecuador.com/","sitio_propio","","false","Compraventa de automóviles","Av. América, y y Av. de la República esquina, 170102 Quito","Quito Tenis, Quito","https://www.google.com/maps/place/Motoria+Plaza+de+las+Am%C3%A9ricas/data=!4m7!3m6!1s0x91d59b7ef22cc27b:0x1361553bb50e7618!8m2!3d-0.1753119!4d-78.4933233!16s%2Fg%2F11njzjmlyb!19sChIJe8Is8n6b1ZERGHYOtTtVYRM?authuser=0&hl=es-419&g_ep=EgoyMDI2MDkyMC4wIJJjKgBIAVAD&rclk=1"
"Lynk & Co - Quito","(03) 299-4740","contacto@vehicentro.com","4.4","17","https://www.lynkcoautos.com.ec/","sitio_propio","","false","Concesionario de automóviles","Av. Naciones Unidas, y y Av. América, 170102 Quito","Quito Tenis, Quito","https://www.google.com/maps/place/Lynk+%26+Co+-+Quito/data=!4m7!3m6!1s0x91d59bb01c4835cb:0x964756ab759e2b59!8m2!3d-0.1742877!4d-78.4923299!16s%2Fg%2F11xddxbr30!19sChIJyzVIHLCb1ZERWSuedatWR5Y?authuser=0&hl=es-419&g_ep=EgoyMDI2MDkyMC4wIJJjKgBIAVAD&rclk=1"
"Hyundai Trustmotor - El Inca","098 543 9056","","4.5","15","https://www.hyundai.com.ec/","sitio_propio","","true","Concesionario Hyundai","Av. El Inca y Av. 10 de Agosto &, 170138 Quito","Quito Tenis, Quito","https://www.google.com/maps/place/Hyundai+Trustmotor+-+El+Inca/data=!4m7!3m6!1s0x91d59b007100ce23:0x5b45bfda946890d!8m2!3d-0.1601178!4d-78.4859018!16s%2Fg%2F11x0frjml_!19sChIJI84AcQCb1ZERDYlGqf1btAU?authuser=0&hl=es-419&g_ep=EgoyMDI2MDkyMC4wIJJjKgBIAVAD&rclk=1"
"Chery Market Place El Bosque","099 842 2794","","4.6","9","https://www.maresacenter.com/","sitio_propio","","false","Concesionario de automóviles","170132 Quito","Quito Tenis, Quito","https://www.google.com/maps/place/Chery+Market+Place+El+Bosque/data=!4m7!3m6!1s0x91d59b5a89f94137:0x8259583e71f52e7d!8m2!3d-0.1620551!4d-78.4972985!16s%2Fg%2F11rptr3g5x!19sChIJN0H5iVqb1ZERfS71cT5YWYI?authuser=0&hl=es-419&g_ep=EgoyMDI2MDkyMC4wIJJjKgBIAVAD&rclk=1"
"Automotores Continental Panamericana Norte","1800 141 414","","4.3","1053","http://www.automotorescontinental.com/","sitio_propio","","false","Concesionario Chevrolet","Parque de los Recuerdos, PANAMERICANA NORTE KM. 4 ½ DIAGONAL AL, Quito","Cotocollao, Quito","https://www.google.com/maps/place/Automotores+Continental+Panamericana+Norte/data=!4m7!3m6!1s0x91d5856347380f05:0xf91156bf823247c0!8m2!3d-0.1189613!4d-78.4795404!16s%2Fg%2F1w0j57t0!19sChIJBQ84R2OF1ZERwEcygr9WEfk?authuser=0&hl=es-419&g_ep=EgoyMDI2MDkyMC4wIJJjKgBIAVAD&rclk=1"
"Solo Coches (Taller Vehículos)","099 602 4350","contacto@ejemplo.com","4.9","33","http://solo-coches.webnode.es/","sitio_propio","","false","Taller de reparación de automóviles","José Herboso y Gonzalo Benítez OE-246 y, 170104 Quito","Cotocollao, Quito","https://www.google.com/maps/place/Solo+Coches+%28Taller+Veh%C3%ADculos%29/data=!4m7!3m6!1s0x91d5854c92feb813:0x95a3573d3f8321eb!8m2!3d-0.1418312!4d-78.4932994!16s%2Fg%2F11c0zxg25b!19sChIJE7j-kkyF1ZER6yGDPz1Xo5U?authuser=0&hl=es-419&g_ep=EgoyMDI2MDkyMC4wIJJjKgBIAVAD&rclk=1"
"Centro de Colisiones Auto Delta","(02) 240-2475","","3.8","48","","ninguno","","true","Taller de chapa y pintura","Av. 10 de Agosto N57-108, 170138 Quito","Cotocollao, Quito","https://www.google.com/maps/place/Centro+de+Colisiones+Auto+Delta/data=!4m7!3m6!1s0x91d59aa5237f7577:0xffa631b496d469a5!8m2!3d-0.1325029!4d-78.4814003!16s%2Fg%2F11c1s02g_6!19sChIJd3V_I6Wa1ZERpWnUlrQxpv8?authuser=0&hl=es-419&g_ep=EgoyMDI2MDkyMC4wIJJjKgBIAVAD&rclk=1"
"Auto En Regla","(02) 604-3079","","4.1","9","","ninguno","","true","Concesionario de automóviles","WG4H+JJQ, Av Diego Vásquez de Cepeda, 170120 Quito","Carcelén, Quito","https://www.google.com/maps/place/Auto+En+Regla/data=!4m7!3m6!1s0x91d58f60e9c478f7:0x9ab7a93f64d78a7!8m2!3d-0.0934087!4d-78.4708825!16s%2Fg%2F11gvrrxvnm!19sChIJ93jE6WCP1ZERp3hN9pN6qwk?authuser=0&hl=es-419&g_ep=EgoyMDI2MDkyMC4wIJJjKgBIAVAD&rclk=1"
"Chery Urbancar Carapungo","(02) 347-7912","protecciondedatos@corpmaresa.com.ec","3.9","210","https://www.chery.com.ec/","sitio_propio","2026","false","Concesionario de automóviles","FRENTE AL SANTA MARÍA DEL INTERCAMBIADOR DE, Av. Simón Bolívar, 170133 Quito","Carcelén, Quito","https://www.google.com/maps/place/Chery+Urbancar+Carapungo/data=!4m7!3m6!1s0x91d58f76071142ff:0xa9ed5ea3b3c83cb5!8m2!3d-0.1110522!4d-78.4582147!16s%2Fg%2F11gbfrdxnc!19sChIJ_0IRB3aP1ZERtTzIs6Ne7ak?authuser=0&hl=es-419&g_ep=EgoyMDI2MDkyMC4wIJJjKgBIAVAD&rclk=1"
"Spa Auto Carcelen","","","4.6","89","","ninguno","","true","Planchista","WG8H+89M, 170120 Quito","Carcelén, Quito","https://www.google.com/maps/place/Spa+Auto+Carcelen/data=!4m7!3m6!1s0x91d58fed9ba33771:0x33ee24cb9945b15c!8m2!3d-0.0841744!4d-78.4715693!16s%2Fg%2F11g2zkrg8g!19sChIJcTejm-2P1ZERXLFFmcsk7jM?authuser=0&hl=es-419&g_ep=EgoyMDI2MDkyMC4wIJJjKgBIAVAD&rclk=1"
"Gr Motors","098 372 7520","","4.6","37","","ninguno","","true","Concesionario de automóviles","Av General Eloy Alfaro, Y y De Los Eucaliptos E4-198, 170512 Quito","Carcelén, Quito","https://www.google.com/maps/place/Gr+Motors/data=!4m7!3m6!1s0x91d59b9df6895dd7:0x6b9496eeb7c8c249!8m2!3d-0.1168807!4d-78.4735444!16s%2Fg%2F11h_1lr18f!19sChIJ112J9p2b1ZERScLIt-6WlGs?authuser=0&hl=es-419&g_ep=EgoyMDI2MDkyMC4wIJJjKgBIAVAD&rclk=1"
"Tecnicentro ""Carcelén"" vulcanizadora alineación y balanceo","099 340 2754","","4.5","33","","ninguno","","true","Taller de automóviles","Isidro Ayora N84-155, 170302 Quito","Carcelén, Quito","https://www.google.com/maps/place/Tecnicentro+%22Carcel%C3%A9n%22+vulcanizadora+alineaci%C3%B3n+y+balanceo/data=!4m7!3m6!1s0x91d58f5a5ba82769:0xd0eada9822157ca6!8m2!3d-0.0838542!4d-78.467243!16s%2Fg%2F11fcp85jjm!19sChIJaSeoW1qP1ZERpnwVIpja6tA?authuser=0&hl=es-419&g_ep=EgoyMDI2MDkyMC4wIJJjKgBIAVAD&rclk=1"
"SP Motors","099 977 6064","","5","14","","ninguno","","true","Concesionario de automóviles","Av. 6 de diciembre, y y Fray Leonardo Murialdo, 170513 Quito","Carcelén, Quito","https://www.google.com/maps/place/SP+Motors/data=!4m7!3m6!1s0x91d5857f218e81bb:0x291e8ec0872b2aef!8m2!3d-0.1313561!4d-78.4755563!16s%2Fg%2F11kq4q4569!19sChIJu4GOIX-F1ZER7yorh8COHik?authuser=0&hl=es-419&g_ep=EgoyMDI2MDkyMC4wIJJjKgBIAVAD&rclk=1"
"AEKIA S.A.","","","4.6","27","","ninguno","","true","Concesionario de automóviles","VGG9+HWM, Av. Galo Plaza Lasso, 170138 Quito","Carcelén, Quito","https://www.google.com/maps/place/AEKIA+S.A./data=!4m7!3m6!1s0x91d585c62f38e83d:0x123bdeb856749949!8m2!3d-0.1235425!4d-78.480203!16s%2Fg%2F11gn20cp20!19sChIJPeg4L8aF1ZERSZl0VrjeOxI?authuser=0&hl=es-419&g_ep=EgoyMDI2MDkyMC4wIJJjKgBIAVAD&rclk=1"
"LJ Auto inmediato 4.0 S.A.S","098 799 0962","ljautoinmediato.sas@gmail.com","5","43","https://ljautoinmediato.com.ec/","sitio_propio","2026","false","Servicio de alquiler de vehículos todo terreno","San Francisco de Rumiurcu N76, 170134 Quito","Carcelén, Quito","https://www.google.com/maps/place/LJ+Auto+inmediato+4.0+S.A.S/data=!4m7!3m6!1s0x91d5856439ed76ff:0x9e50ebc24b6565d0!8m2!3d-0.0927383!4d-78.4987491!16s%2Fg%2F11xdxtvnxk!19sChIJ_3btOWSF1ZER0GVlS8LrUJ4?authuser=0&hl=es-419&g_ep=EgoyMDI2MDkyMC4wIJJjKgBIAVAD&rclk=1"
"Asiauto Centro de Colisiones Matriz KIA","(02) 395-7960 ext. 6644","","4.5","100","http://www.kia.com/ec","sitio_propio","2021","true","Taller de reparación de automóviles","Av. 6 de Diciembre N63-102 y, 170513 Quito","Carcelén, Quito","https://www.google.com/maps/place/Asiauto+Centro+de+Colisiones+Matriz+KIA/data=!4m7!3m6!1s0x91d585b24c19d049:0x909ab076d8511cb1!8m2!3d-0.1237317!4d-78.4782877!16s%2Fg%2F11jp7jnmv6!19sChIJSdAZTLKF1ZERsRxR2HawmpA?authuser=0&hl=es-419&g_ep=EgoyMDI2MDkyMC4wIJJjKgBIAVAD&rclk=1"
"VIP Motors Pro","099 395 6452","ayuda@patiotuerca.com","4.2","13","https://ecuador.patiotuerca.com/dealers-profile/vip-motors/1162","sitio_propio","2026","false","Tienda de vehículos de segunda mano y de ocasión","Eloy Alfaro y, E10 B, 000000 Quito","Carcelén, Quito","https://www.google.com/maps/place/VIP+Motors+Pro/data=!4m7!3m6!1s0x91d58fabb72a2b13:0xdcff30a615c338cc!8m2!3d-0.1397926!4d-78.4702224!16s%2Fg%2F11nyr_q0bt!19sChIJEysqt6uP1ZERzDjDFaYw_9w?authuser=0&hl=es-419&g_ep=EgoyMDI2MDkyMC4wIJJjKgBIAVAD&rclk=1"
"Intercambiador de Carcelen","","","3.9","11","","ninguno","","true","Parada de transporte público","Quito","Carcelén, Quito","https://www.google.com/maps/place/Intercambiador+de+Carcelen/data=!4m7!3m6!1s0x91d58f642101107d:0xe2281b01eebbbbf0!8m2!3d-0.0962186!4d-78.4678986!16s%2Fg%2F11c60mwb3h!19sChIJfRABIWSP1ZER8Lu77gEbKOI?authuser=0&hl=es-419&g_ep=EgoyMDI2MDkyMC4wIJJjKgBIAVAD&rclk=1"
"AUTOLINE QUITO SUR","099 074 1472","esteban.cordova@autoline.com.ec; william.gallo@autoline.com.ec; nilo.moreno@autoline.com.ec; ventas@autoline.com.ec; esteban.cordova@autoline.com","4.3","145","https://www.autoline.com.ec/","sitio_propio","","false","Concesionario de automóviles","Av. Maldonado, y y Quimag, Quito","Solanda, Quito","https://www.google.com/maps/place/AUTOLINE+QUITO+SUR/data=!4m7!3m6!1s0x91d59891916fca39:0x108f8bc8ab809eb3!8m2!3d-0.2805458!4d-78.5338401!16s%2Fg%2F11ff2cb61n!19sChIJOcpvkZGY1ZERs56Aq8iLjxA?authuser=0&hl=es-419&g_ep=EgoyMDI2MDkyMC4wIJJjKgBIAVAD&rclk=1"
"1001Carros.com - Agencia San Bartolo","1800 100 122 ext. 8002","","3.6","73","","ninguno","","true","Tienda de vehículos de segunda mano y de ocasión","Av. Maldonado S/N y El Tablón (Frente a diario El Comercio, 170605 Quito","Solanda, Quito","https://www.google.com/maps/place/1001Carros.com+-+Agencia+San+Bartolo/data=!4m7!3m6!1s0x91d598f3cbc97777:0xe0044150bf330ee7!8m2!3d-0.2719995!4d-78.5284881!16s%2Fg%2F11h9xx2c16!19sChIJd3fJy_OY1ZER5w4zv1BBBOA?authuser=0&hl=es-419&g_ep=EgoyMDI2MDkyMC4wIJJjKgBIAVAD&rclk=1"
"CHANGAN - Quito Sur","(02) 394-9200","info@changanecuador.com","4.4","33","http://www.changanecuador.com/","sitio_propio","2026","false","Concesionario de automóviles","Frente a Diario El Comercio, Av. Pedro Vicente Maldonado, y y Pueblo Viejo, Quito","Solanda, Quito","https://www.google.com/maps/place/CHANGAN+-+Quito+Sur/data=!4m7!3m6!1s0x91d599a0deb5f363:0x2f085ec50f4d6785!8m2!3d-0.2727851!4d-78.5288637!16s%2Fg%2F11t0nn7bkc!19sChIJY_O13qCZ1ZERhWdND8VeCC8?authuser=0&hl=es-419&g_ep=EgoyMDI2MDkyMC4wIJJjKgBIAVAD&rclk=1"
"Hyundai TrustMotor - Quito Sur","099 910 1144","","4","84","","ninguno","","true","Concesionario Hyundai","Quito","Solanda, Quito","https://www.google.com/maps/place/Hyundai+TrustMotor+-+Quito+Sur/data=!4m7!3m6!1s0x91d598920152402d:0xee7550635b8deaf7!8m2!3d-0.2795101!4d-78.532327!16s%2Fg%2F11dynzy3yd!19sChIJLUBSAZKY1ZER9-qNW2NQde4?authuser=0&hl=es-419&g_ep=EgoyMDI2MDkyMC4wIJJjKgBIAVAD&rclk=1"
"Mister Auto Grupo Maliza Quito","096 988 9677","","4","27","","ninguno","","true","Concesionario de automóviles","Av. Llira Ñan y Av. Cóndor Ñan &, 170146 Quito","Solanda, Quito","https://www.google.com/maps/place/Mister+Auto+Grupo+Maliza+Quito/data=!4m7!3m6!1s0x91d5a385612516bb:0xa3e95374732a3ecf!8m2!3d-0.2981285!4d-78.5469666!16s%2Fg%2F11fpd9mc00!19sChIJuxYlYYWj1ZERzz4qc3RT6aM?authuser=0&hl=es-419&g_ep=EgoyMDI2MDkyMC4wIJJjKgBIAVAD&rclk=1"
"Ambacar Quicentro Sur","098 441 6991","nombre@email.com","3.8","241","https://www.ambacar.com/","sitio_propio","","false","Concesionario de automóviles","Subsuelo 2, Av. Morán Valverde 1000 y Quitumbe Ñan Centro Comercial Quicentro Sur, 170702 Quito","Solanda, Quito","https://www.google.com/maps/place/Ambacar+Quicentro+Sur/data=!4m7!3m6!1s0x91d598bd53384703:0x571af2e7f7fe76bd!8m2!3d-0.2857437!4d-78.5434057!16s%2Fg%2F11cs376562!19sChIJA0c4U72Y1ZERvXb-9-fyGlc?authuser=0&hl=es-419&g_ep=EgoyMDI2MDkyMC4wIJJjKgBIAVAD&rclk=1"
"Autocor Quicentro Sur","098 300 5861","datospersonales@autocor.com.ec","4.8","33","https://www.autocor.com.ec/","sitio_propio","2026","false","Concesionario de automóviles","Av. Morán Valverde, 170405 Quito","Solanda, Quito","https://www.google.com/maps/place/Autocor+Quicentro+Sur/data=!4m7!3m6!1s0x7876819d1e7464d:0x14d7ade289557c76!8m2!3d-0.2863402!4d-78.5412733!16s%2Fg%2F11w8rk88p8!19sChIJTUbn0RlohwcRdnxVieKt1xQ?authuser=0&hl=es-419&g_ep=EgoyMDI2MDkyMC4wIJJjKgBIAVAD&rclk=1"
"Kia - Asiauto San Bartolo","1700 542 542","","4.2","720","https://www.kia.com/ec/shopping-tools/find-a-dealer.html","sitio_propio","2021","true","Concesionario Kia","A El Comercio, Av. Maldonado, Y y Saraguro 11672, 170605 Quito","Solanda, Quito","https://www.google.com/maps/place/Kia+-+Asiauto+San+Bartolo/data=!4m7!3m6!1s0x91d598f1662f39e5:0x70f9e63eeff66f7!8m2!3d-0.2704576!4d-78.5283181!16s%2Fg%2F11dftc6j2s!19sChIJ5TkvZvGY1ZER92b_7mOeDwc?authuser=0&hl=es-419&g_ep=EgoyMDI2MDkyMC4wIJJjKgBIAVAD&rclk=1"
"Autocor Valle de los Chillos","096 770 2220","datospersonales@autocor.com.ec","4.5","172","https://www.autocor.com.ec/","sitio_propio","2026","false","Tienda de vehículos de segunda mano y de ocasión","San Juan de Dios, 170804 Quito","Solanda, Quito","https://www.google.com/maps/place/Autocor+Valle+de+los+Chillos/data=!4m7!3m6!1s0x91d5bd2570120893:0x7b53c88073df4ce!8m2!3d-0.3049719!4d-78.4510271!16s%2Fg%2F11v60ycjp9!19sChIJkwgScCW91ZERzvQ9B4g8tQc?authuser=0&hl=es-419&g_ep=EgoyMDI2MDkyMC4wIJJjKgBIAVAD&rclk=1"
"MARIÑO AUTOS","099 858 0653","","4","27","https://marinoautos.wixsite.com/my-site-2","sitio_propio","","false","Concesionario de automóviles","Av RUMICHACA y Palmales 224 y, 170409 Quito","Solanda, Quito","https://www.google.com/maps/place/MARI%C3%91O+AUTOS/data=!4m7!3m6!1s0x91d599172628936b:0x3e5e11f0fb7d389d!8m2!3d-0.275241!4d-78.5450686!16s%2Fg%2F11nfnxd944!19sChIJa5MoJheZ1ZERnTh9-_ARXj4?authuser=0&hl=es-419&g_ep=EgoyMDI2MDkyMC4wIJJjKgBIAVAD&rclk=1"
"Cotam Automotores","099 257 9667","","4.8","61","http://www.cotam.ec/","sitio_propio","2026","false","Concesionario de automóviles","Avenida Oe2 y Av. Llira Ñan S34-107, 170131 Quito","Solanda, Quito","https://www.google.com/maps/place/Cotam+Automotores/data=!4m7!3m6!1s0x91d599c1012193df:0x49aa36bd2b54be28!8m2!3d-0.2932479!4d-78.5444655!16s%2Fg%2F11s7svdm8y!19sChIJ35MhAcGZ1ZERKL5UK702qkk?authuser=0&hl=es-419&g_ep=EgoyMDI2MDkyMC4wIJJjKgBIAVAD&rclk=1"
"MR AUTOS","098 306 0980","","3.6","122","https://www.facebook.com/mrauto123/?ref=settings","solo_red_social","","true","Concesionario de automóviles","Av. Pedro Vicente Maldonado y Fenicio Angulo S46-552 y, S46-552 y, 170702 Quito","Solanda, Quito","https://www.google.com/maps/place/MR+AUTOS/data=!4m7!3m6!1s0x91d5a3bd7845bfef:0x1c9438c2dbc825c9!8m2!3d-0.3151081!4d-78.5487099!16s%2Fg%2F11flgdjjjs!19sChIJ779FeL2j1ZERySXI28I4lBw?authuser=0&hl=es-419&g_ep=EgoyMDI2MDkyMC4wIJJjKgBIAVAD&rclk=1"
"Autocomercio JR","(02) 261-2896","","4.6","13","","ninguno","","true","Concesionario de automóviles","Avenue Alonso de Angulo y Ciudadela Atahualpa Oe2-771, 170601 Quito","Solanda, Quito","https://www.google.com/maps/place/Autocomercio+JR/data=!4m7!3m6!1s0x91d59905a4255f2b:0x3cab319cbe6e54a!8m2!3d-0.249115!4d-78.5287754!16s%2Fg%2F11g4cz75z6!19sChIJK18lpAWZ1ZERSuXmyxmzygM?authuser=0&hl=es-419&g_ep=EgoyMDI2MDkyMC4wIJJjKgBIAVAD&rclk=1"
"Feria de Autos Guamaní","098 296 1261","","3.6","1339","","ninguno","","true","Tienda de vehículos de segunda mano y de ocasión","MC6W+79V, 170126 Quito","Solanda, Quito","https://www.google.com/maps/place/Feria+de+Autos+Guaman%C3%AD/data=!4m7!3m6!1s0x91d5a3cfe372adcf:0xcdfa2a614626768!8m2!3d-0.3392671!4d-78.5540885!16s%2Fg%2F11f157yhl0!19sChIJz61y48-j1ZERaGdiFKai3ww?authuser=0&hl=es-419&g_ep=EgoyMDI2MDkyMC4wIJJjKgBIAVAD&rclk=1"
"Automotores Continental - Morán Valverde","099 141 4142","","4.1","20","http://www.automotorescontinental.com/?utm_source=google&utm_medium=banner&utm_id=business","sitio_propio","","false","Concesionario Chevrolet","Av. Morán Valverde, 170146 Quito","Solanda, Quito","https://www.google.com/maps/place/Automotores+Continental+-+Mor%C3%A1n+Valverde/data=!4m7!3m6!1s0x91d599d0bed623e1:0x2af26bf9d18f453e!8m2!3d-0.2868839!4d-78.5409677!16s%2Fg%2F11rmq92_w6!19sChIJ4SPWvtCZ1ZERPkWP0flr8io?authuser=0&hl=es-419&g_ep=EgoyMDI2MDkyMC4wIJJjKgBIAVAD&rclk=1"
"Urgentito | Valle de los Chillos","099 938 6687","freiderwillertoledolaya@gmail.com; urgentitoibarraeme@gmail.com; urgentitoecuador@gmail.com; urgentitovalle@gmail.com; urgentitoredespomasqui@gmail.com; urgentitotumbaco@gmail.com","3.5","590","http://www.urgentito.com.ec/#!/index/vehiculos?city[]=Quito&order_by=year&asc=asc&page=15","sitio_propio","2026","false","Concesionario de automóviles","Zamora, y y Río Pita, Quito","Solanda, Quito","https://www.google.com/maps/place/Urgentito+%7C+Valle+de+los+Chillos/data=!4m7!3m6!1s0x91d5bd56bcecd587:0x57ef97a42d68aad6!8m2!3d-0.3010635!4d-78.4498287!16s%2Fg%2F11fshrsnwz!19sChIJh9XsvFa91ZER1qpoLaSX71c?authuser=0&hl=es-419&g_ep=EgoyMDI2MDkyMC4wIJJjKgBIAVAD&rclk=1"
"CORP. NOVALIDER","098 484 8084","","4.9","14","https://novalider.com.ec/","sitio_propio","","true","Concesionario de automóviles","Av. Pedro Vicente Maldonado, 170121 Quito","Solanda, Quito","https://www.google.com/maps/place/CORP.+NOVALIDER/data=!4m7!3m6!1s0x91d59b908f7d9d87:0xdd08448fc0cb0f2c!8m2!3d-0.2583364!4d-78.5227557!16s%2Fg%2F11sv_2cvmx!19sChIJh519j5Cb1ZERLA_LwI9ECN0?authuser=0&hl=es-419&g_ep=EgoyMDI2MDkyMC4wIJJjKgBIAVAD&rclk=1"
"Tu Carro Ideal JCN","098 747 3309","","4.1","38","","ninguno","","true","Tienda de vehículos de segunda mano y de ocasión","Oe4e S48-210 lt 18 B-2, 170705 Quito","Solanda, Quito","https://www.google.com/maps/place/Tu+Carro+Ideal+JCN/data=!4m7!3m6!1s0x91d5a39a775d6031:0x59efb6b11bd4360e!8m2!3d-0.3167772!4d-78.5579696!16s%2Fg%2F11jrp0wbbh!19sChIJMWBdd5qj1ZERDjbUG7G271k?authuser=0&hl=es-419&g_ep=EgoyMDI2MDkyMC4wIJJjKgBIAVAD&rclk=1"
"Toyota Casabaca - Sur","099 990 0307","","4.3","432","http://www.casabaca.com/","sitio_propio","2026","false","Concesionario Toyota","y, El Tablon, 170139 Quito","Solanda, Quito","https://www.google.com/maps/place/Toyota+Casabaca+-+Sur/data=!4m7!3m6!1s0x91d598f3b6467c43:0x98192c9b1c8235fe!8m2!3d-0.2719861!4d-78.528511!16s%2Fg%2F11bzt1srg6!19sChIJQ3xGtvOY1ZER_jWCHJssGZg?authuser=0&hl=es-419&g_ep=EgoyMDI2MDkyMC4wIJJjKgBIAVAD&rclk=1"
"SUZUKI Store - Sur","1800 789 854","info@suzukiecuador.com","4.6","79","https://suzukiecuador.com/","sitio_propio","","false","Concesionario Suzuki","Av. Pedro Vicente Maldonado y y Esq, 170605 Quito","Solanda, Quito","https://www.google.com/maps/place/SUZUKI+Store+-+Sur/data=!4m7!3m6!1s0x91d599bfd247d9e9:0xb8d652e36276114e!8m2!3d-0.2730609!4d-78.528765!16s%2Fg%2F11q25v0gx6!19sChIJ6dlH0r-Z1ZERThF2YuNS1rg?authuser=0&hl=es-419&g_ep=EgoyMDI2MDkyMC4wIJJjKgBIAVAD&rclk=1"
"MG MOTOR'S","099 993 7523","","3.6","8","","ninguno","","true","Taller de reparación de automóviles","PFG5+4X6, y, Av. Tnte. Hugo Ortiz, Quito","Solanda, Quito","https://www.google.com/maps/place/MG+MOTOR%27S/data=!4m7!3m6!1s0x91d5995024650a5f:0x1251f69ba8d3d2d9!8m2!3d-0.2747206!4d-78.5401183!16s%2Fg%2F11h_7khb0n!19sChIJXwplJFCZ1ZER2dLTqJv2URI?authuser=0&hl=es-419&g_ep=EgoyMDI2MDkyMC4wIJJjKgBIAVAD&rclk=1"
"ExpoCars","097 944 6794","","4.6","9","http://www.expocars.ec/","sitio_propio","","false","Concesionario de automóviles","Pedro Vicente Maldonado, y y Pueblo Viejo, 170148 Quito","Solanda, Quito","https://www.google.com/maps/place/ExpoCars/data=!4m7!3m6!1s0x91d59b7c4d284af1:0x14b0a46a4bdc963e!8m2!3d-0.2729591!4d-78.5295155!16s%2Fg%2F11tr_h41m5!19sChIJ8UooTXyb1ZERPpbcS2qksBQ?authuser=0&hl=es-419&g_ep=EgoyMDI2MDkyMC4wIJJjKgBIAVAD&rclk=1"
"CENTRO DE COLISIONES AUDESUR S.A","(02) 302-7298","","3.4","45","https://www.audesur.ec/audesurwp/","sitio_propio","","false","Taller de reparación de automóviles","PCMW+GXH, 170142 Quito","Solanda, Quito","https://www.google.com/maps/place/CENTRO+DE+COLISIONES+AUDESUR+S.A/data=!4m7!3m6!1s0x91d599ac65a5bb3b:0xcdbdb2fe1ec57a41!8m2!3d-0.2657769!4d-78.5527172!16s%2Fg%2F11pf8tnvzx!19sChIJO7ulZayZ1ZERQXrFHv6yvc0?authuser=0&hl=es-419&g_ep=EgoyMDI2MDkyMC4wIJJjKgBIAVAD&rclk=1"
"Mercedes-Benz - Inchcape Guamaní","099 793 6662","","4.7","230","http://www.mercedes-benz.com.ec/?utm_campaign=gmb&utm_medium=organic&utm_source=local","sitio_propio","","false","Concesionario Mercedes Benz","Avenida Pedro Vicente Maldonado, y y Transversal 3, 170173 Quito","Solanda, Quito","https://www.google.com/maps/place/Mercedes-Benz+-+Inchcape+Guaman%C3%AD/data=!4m7!3m6!1s0x91d5a3cec4210d11:0x23dc01de19954320!8m2!3d-0.3368996!4d-78.5501267!16s%2Fg%2F11c3v6gxtc!19sChIJEQ0hxM6j1ZERIEOVGd4B3CM?authuser=0&hl=es-419&g_ep=EgoyMDI2MDkyMC4wIJJjKgBIAVAD&rclk=1"
"Auto Servicio Nissan Reanult","098 447 5296","","4.8","35","","ninguno","","true","Taller de reparación de automóviles","Calle, Joaquín Ruales S31-164, 170708 Quito","Solanda, Quito","https://www.google.com/maps/place/Auto+Servicio+Nissan+Reanult/data=!4m7!3m6!1s0x91d598b72b886a43:0x8ac71f24083bd76!8m2!3d-0.2796255!4d-78.5572192!16s%2Fg%2F11gwmkgp5x!19sChIJQ2qIK7eY1ZERdr2DQPJxrAg?authuser=0&hl=es-419&g_ep=EgoyMDI2MDkyMC4wIJJjKgBIAVAD&rclk=1"
"Carrera Motors","098 728 0832","","3.2","6","https://carreramotors.com.ec/","sitio_propio","","true","Compraventa de automóviles","Av Rodrigo de Chávez y Pedro de Alfaro, 170109 Quito","Solanda, Quito","https://www.google.com/maps/place/Carrera+Motors/data=!4m7!3m6!1s0x91d599473a49d78d:0xd43435156aa8a740!8m2!3d-0.242423!4d-78.5208276!16s%2Fg%2F11qh7qwcd_!19sChIJjddJOkeZ1ZERQKeoahU1NNQ?authuser=0&hl=es-419&g_ep=EgoyMDI2MDkyMC4wIJJjKgBIAVAD&rclk=1"
"AutoCol EC","098 422 7367","","3.8","17","https://www.autocol.com.ec/","sitio_propio","","true","Compraventa de automóviles","170146, Quito","Solanda, Quito","https://www.google.com/maps/place/AutoCol+EC/data=!4m7!3m6!1s0x91d5a38d19bbfe85:0x94817218d1d444fb!8m2!3d-0.3115873!4d-78.5473593!16s%2Fg%2F11ll_gpfvx!19sChIJhf67GY2j1ZER-0TU0RhygZQ?authuser=0&hl=es-419&g_ep=EgoyMDI2MDkyMC4wIJJjKgBIAVAD&rclk=1"
"Grupo Mavesa Quito Sur","1800 628 372","","4.4","282","https://www.grupomavesa.com.ec/","sitio_propio","","false","Concesionario de camiones","Av. Pedro V. Maldonado S24-154 y, Cusubamba, 170606 Quito","Solanda, Quito","https://www.google.com/maps/place/Grupo+Mavesa+Quito+Sur/data=!4m7!3m6!1s0x91d59891a601085b:0xefb62678f72c1305!8m2!3d-0.2813737!4d-78.5343584!16s%2Fg%2F11c5x7hbcq!19sChIJWwgBppGY1ZERBRMs93gmtu8?authuser=0&hl=es-419&g_ep=EgoyMDI2MDkyMC4wIJJjKgBIAVAD&rclk=1"
"Dina","(02) 267-1781","","4","25","","ninguno","","true","Concesionario Volkswagen","Av. Pedro Vicente Maldonado S20-120 y, 170606 Quito","Solanda, Quito","https://www.google.com/maps/place/Dina/data=!4m7!3m6!1s0x91d5988d3f6222b1:0x8e43dfef1f3df16!8m2!3d-0.2762986!4d-78.5306565!16s%2Fg%2F11c2k8vhwm!19sChIJsSJiP42Y1ZERFt_z8f495Ag?authuser=0&hl=es-419&g_ep=EgoyMDI2MDkyMC4wIJJjKgBIAVAD&rclk=1"
"Kia - Surmotor Quicentro Sur","1700 542 542","","4","118","https://www.kia.com/ec/shopping-tools/find-a-dealer.html","sitio_propio","2021","true","Concesionario Kia","Frente al, Quicentro Sur, Av. Morán Valverde, y y Av. Tnte. Hugo Ortiz, 170606 Quito","Solanda, Quito","https://www.google.com/maps/place/Kia+-+Surmotor+Quicentro+Sur/data=!4m7!3m6!1s0x91d599317e764c97:0xc8d47e2b56be5c52!8m2!3d-0.2835459!4d-78.5427783!16s%2Fg%2F11fv788jjm!19sChIJl0x2fjGZ1ZERUly-Vit-1Mg?authuser=0&hl=es-419&g_ep=EgoyMDI2MDkyMC4wIJJjKgBIAVAD&rclk=1"
"AUTOS CHANGO S.A.S","098 636 7773","","4.2","11","https://www.autoschango.com/","sitio_propio","2026","false","Compraventa de automóviles","Sur de Quito, Av. Mariscal Sucre, 170102 Quito","Solanda, Quito","https://www.google.com/maps/place/AUTOS+CHANGO+S.A.S/data=!4m7!3m6!1s0x91d5a38112f603a9:0xfb43707d0a2f0c40!8m2!3d-0.3263133!4d-78.5559198!16s%2Fg%2F11vhshpd4k!19sChIJqQP2EoGj1ZERQAwvCn1wQ_s?authuser=0&hl=es-419&g_ep=EgoyMDI2MDkyMC4wIJJjKgBIAVAD&rclk=1"
"Audesur Nissan & Renault","(02) 302-7298","","4","481","https://www.audesur.ec/","sitio_propio","","false","Concesionario de automóviles","Av. Mariscal Sucre s25-06 y, 170131 Tabiazo","Solanda, Quito","https://www.google.com/maps/place/Audesur+Nissan+%26+Renault/data=!4m7!3m6!1s0x91d598db48724d29:0xad77f2300b9756b1!8m2!3d-0.2672332!4d-78.5515057!16s%2Fg%2F1v_z5d0m!19sChIJKU1ySNuY1ZERsVaXCzDyd60?authuser=0&hl=es-419&g_ep=EgoyMDI2MDkyMC4wIJJjKgBIAVAD&rclk=1"
"GALAUTOS","","","3.4","13","","ninguno","","true","Concesionario de automóviles","PF64+H2G, 170146 Quito","Solanda, Quito","https://www.google.com/maps/place/GALAUTOS/data=!4m7!3m6!1s0x91d599a10aa9240d:0x2d76cef44a9491bc!8m2!3d-0.2885626!4d-78.5449257!16s%2Fg%2F11tfd8h305!19sChIJDSSpCqGZ1ZERvJGUSvTOdi0?authuser=0&hl=es-419&g_ep=EgoyMDI2MDkyMC4wIJJjKgBIAVAD&rclk=1"
"Mazda Mariscal Sucre","099 105 0600","","4.3","84","https://www.maresacenter.com/","sitio_propio","","false","Concesionario de automóviles","Av. Mariscal Sucre NS24-172 y, Tabiazo, Quito","Solanda, Quito","https://www.google.com/maps/place/Mazda+Mariscal+Sucre/data=!4m7!3m6!1s0x91d59995b3e88797:0xf241e396e5361230!8m2!3d-0.2653843!4d-78.5509931!16s%2Fg%2F11h7fy7wz7!19sChIJl4fos5WZ1ZERMBI25ZbjQfI?authuser=0&hl=es-419&g_ep=EgoyMDI2MDkyMC4wIJJjKgBIAVAD&rclk=1"
"Automotriz Hyundai","(02) 262-9378","","4.2","18","","ninguno","","true","Taller de reparación de automóviles","Toacazo y Oe5Q, 170148 Quito","Solanda, Quito","https://www.google.com/maps/place/Automotriz+Hyundai/data=!4m7!3m6!1s0x91d598e76abab759:0xdaf87c98ed9b6b35!8m2!3d-0.2625725!4d-78.541999!16s%2Fg%2F11fcrh588q!19sChIJWbe6aueY1ZERNWub7Zh8-No?authuser=0&hl=es-419&g_ep=EgoyMDI2MDkyMC4wIJJjKgBIAVAD&rclk=1"
"Ecua consorcio","(02) 264-9313","","3.5","26","","ninguno","","true","Concesionario de automóviles","QF3H+RP9, 170111 Quito","Solanda, Quito","https://www.google.com/maps/place/Ecua+consorcio/data=!4m7!3m6!1s0x91d599cc6ead25ff:0xeafcefa5939a97e3!8m2!3d-0.2454601!4d-78.5206353!16s%2Fg%2F11fl9nnfdj!19sChIJ_yWtbsyZ1ZER45eak6Xv_Oo?authuser=0&hl=es-419&g_ep=EgoyMDI2MDkyMC4wIJJjKgBIAVAD&rclk=1"
"Hyundai Lanzoty","(02) 394-7740","","4.1","20","https://www.hyundai.com.ec/","sitio_propio","","true","Concesionario Hyundai","Av. Morán Valverde, y y Av. Tnte. Hugo Ortiz, 170702 Quito","Solanda, Quito","https://www.google.com/maps/place/Hyundai+Lanzoty/data=!4m7!3m6!1s0x91d59999553c1f3f:0x80b00df4451a2085!8m2!3d-0.2838591!4d-78.5427855!16s%2Fg%2F11l1yl8nf_!19sChIJPx88VZmZ1ZERhSAaRfQNsIA?authuser=0&hl=es-419&g_ep=EgoyMDI2MDkyMC4wIJJjKgBIAVAD&rclk=1"
"INAUTO Ingeniería e Inteligencia Automotriz","099 778 3468","","4.3","58","http://www.inautokia.com/","sitio_propio","","true","Taller de reparación de automóviles","frente a, Av Maldonado S19-196 entre El Tablón, y y Guanazán, 170601 Quito","Solanda, Quito","https://www.google.com/maps/place/INAUTO+Ingenier%C3%ADa+e+Inteligencia+Automotriz/data=!4m7!3m6!1s0x91d598f114916c3d:0x4bb5756522e28525!8m2!3d-0.2746371!4d-78.5300457!16s%2Fg%2F11bxjcgfw1!19sChIJPWyRFPGY1ZERJYXiImV1tUs?authuser=0&hl=es-419&g_ep=EgoyMDI2MDkyMC4wIJJjKgBIAVAD&rclk=1"
"EJ autos","098 343 9144","","4.1","25","","ninguno","","true","Compraventa de automóviles","Av.Condor Ñan Lt, Av. Llira Ñan OE2 Y, 1568, 170702 Quito","Solanda, Quito","https://www.google.com/maps/place/EJ+autos/data=!4m7!3m6!1s0x91d5a3672a4e79e1:0x9bc2d6667d39c950!8m2!3d-0.2988623!4d-78.546744!16s%2Fg%2F11pgbqyr64!19sChIJ4XlOKmej1ZERUMk5fWbWwps?authuser=0&hl=es-419&g_ep=EgoyMDI2MDkyMC4wIJJjKgBIAVAD&rclk=1"
"Ruta de Gracia","098 015 6049","","5","54","https://rutadegraciaa.netlify.app/","sitio_propio","2025","false","Tienda de repuestos para motos","Oe6-169 Alpahuasi, y y Pedro Collazos, 170121 Quito","Solanda, Quito","https://www.google.com/maps/place/Ruta+de+Gracia/data=!4m7!3m6!1s0x91d5998f91099821:0x621739d54013f204!8m2!3d-0.2457135!4d-78.5099128!16s%2Fg%2F11msq0wlpy!19sChIJIZgJkY-Z1ZERBPITQNU5F2I?authuser=0&hl=es-419&g_ep=EgoyMDI2MDkyMC4wIJJjKgBIAVAD&rclk=1"
"Feria Libre De Vehiculos Del Sur.","","","3.7","360","","ninguno","","true","Tienda de vehículos de segunda mano y de ocasión","MC5W+F78, 170126 Quito","Solanda, Quito","https://www.google.com/maps/place/Feria+Libre+De+Vehiculos+Del+Sur./data=!4m7!3m6!1s0x91d5a3c53196d363:0x87061dff8f5e61d2!8m2!3d-0.3413359!4d-78.5543064!16s%2Fg%2F11cjht3mhz!19sChIJY9OWMcWj1ZER0mFej_8dBoc?authuser=0&hl=es-419&g_ep=EgoyMDI2MDkyMC4wIJJjKgBIAVAD&rclk=1"
"ColAutos","","","4.8","32","","ninguno","","true","Concesionario de automóviles","MFR4+F3, 170146 Quito","Quitumbe, Quito","https://www.google.com/maps/place/ColAutos/data=!4m7!3m6!1s0x91d5997585e65a79:0xddeb87748e81faeb!8m2!3d-0.3083496!4d-78.5444912!16s%2Fg%2F11g4h94d60!19sChIJeVrmhXWZ1ZER6_qBjnSH690?authuser=0&hl=es-419&g_ep=EgoyMDI2MDkyMC4wIJJjKgBIAVAD&rclk=1"
"Grupo Serauto","096 952 2093","info@gruposerauto.com","4.7","13","http://www.gruposerauto.ec/","sitio_propio","2026","false","Compraventa de automóviles","Ilaló 563, 170805 Quito","Quitumbe, Quito","https://www.google.com/maps/place/Grupo+Serauto/data=!4m7!3m6!1s0x91d5a3d5d0c6492f:0x4a7aebd0204c0e48!8m2!3d-0.3039358!4d-78.4791634!16s%2Fg%2F11j3kmv9bd!19sChIJL0nG0NWj1ZERSA5MINDreko?authuser=0&hl=es-419&g_ep=EgoyMDI2MDkyMC4wIJJjKgBIAVAD&rclk=1"
"CORAUTOCAM","098 420 5604","","4","6","","ninguno","","true","Taller de reparación de automóviles","Ulpiano Becerra N3-120 Lote 7 y, Panamericana Nte., Quito","Quitumbe, Quito","https://www.google.com/maps/place/CORAUTOCAM/data=!4m7!3m6!1s0x91d58f5df538ea85:0x508ea3182cc06ab1!8m2!3d-0.1023345!4d-78.430704!16s%2Fg%2F11j7fzl0b6!19sChIJheo49V2P1ZERsWrALBijjlA?authuser=0&hl=es-419&g_ep=EgoyMDI2MDkyMC4wIJJjKgBIAVAD&rclk=1"