"nombre","telefono","correo","estrellas","opiniones","pagina_web","clasificacion_sitio","anio_sitio","es_lead","categoria","direccion","zona","maps_url"
"Disauto","099 391 3670","importadoradisauto@gmail.com","4.3","141","http://www.disauto.ec/","sitio_propio","2026","false","Tienda de repuestos para automóviles","Disauto Centro Automotriz, 170208 Quito","La Mariscal, Quito","https://www.google.com/maps/place/Disauto/data=!4m7!3m6!1s0x91d58f0629b18175:0x7a66776b5b57ad79!8m2!3d-0.1070065!4d-78.4412572!16s%2Fg%2F1pv6ymrb4!19sChIJdYGxKQaP1ZERea1XW2t3Zno?authuser=0&hl=es-419&g_ep=EgoyMDI2MDkxNC4wIJJjKgBIAVAD&rclk=1"
"CeDav Importadora Automotriz","097 898 7079","","5","12","","ninguno","","true","Tienda de repuestos para automóviles","170133, Avenida Francisco de la Torre y Jose Encalada, 170133 Quito","La Mariscal, Quito","https://www.google.com/maps/place/CeDav+Importadora+Automotriz/data=!4m7!3m6!1s0x91d58fb5c611d7b7:0xc7410e4aa433245a!8m2!3d-0.1179854!4d-78.4684814!16s%2Fg%2F11kqhjtshq!19sChIJt9cRxrWP1ZERWiQzpEoOQcc?authuser=0&hl=es-419&g_ep=EgoyMDI2MDkxNC4wIJJjKgBIAVAD&rclk=1"
"Distribuidora Automotriz Bolaños ""Calderon""","(02) 282-1505","","4.3","13","","ninguno","","true","Tienda de repuestos para automóviles","Panamericana Nte., 170203 Quito","La Mariscal, Quito","https://www.google.com/maps/place/Distribuidora+Automotriz+Bola%C3%B1os+%22Calderon%22/data=!4m7!3m6!1s0x91d58f0a55b56fb9:0x1c1948111f9e630f!8m2!3d-0.1076902!4d-78.4493024!16s%2Fg%2F11gh01lrj6!19sChIJuW-1VQqP1ZERD2OeHxFIGRw?authuser=0&hl=es-419&g_ep=EgoyMDI2MDkxNC4wIJJjKgBIAVAD&rclk=1"
"Mansuera Carapungo","(02) 242-8488","","4.1","141","https://www.mansuera.com/","sitio_propio","","false","Tienda de repuestos para automóviles","Panamericana Norte KM 11, OE 11-174 y, Alfonso Moncayo, 170203 Quito","La Mariscal, Quito","https://www.google.com/maps/place/Mansuera+Carapungo/data=!4m7!3m6!1s0x91d58ffc41829d4f:0x537a5ab7ee6cadc9!8m2!3d-0.1081398!4d-78.4521116!16s%2Fg%2F11j2fnvykg!19sChIJT52CQfyP1ZERya1s7rdaelM?authuser=0&hl=es-419&g_ep=EgoyMDI2MDkxNC4wIJJjKgBIAVAD&rclk=1"
"MEXID REPUESTOS ELÉCTRICOS","096 288 5178","","4.9","14","https://es-la.facebook.com/Repuestosmexid/","solo_red_social","","true","Tienda de repuestos para automóviles","Carihuairazo Oe11-156, 170204 Quito","La Mariscal, Quito","https://www.google.com/maps/place/MEXID+REPUESTOS+EL%C3%89CTRICOS/data=!4m7!3m6!1s0x91d58f14966b7239:0x6088101fc3aa2030!8m2!3d-0.095298!4d-78.4509498!16s%2Fg%2F11gslhbn67!19sChIJOXJrlhSP1ZERMCCqwx8QiGA?authuser=0&hl=es-419&g_ep=EgoyMDI2MDkxNC4wIJJjKgBIAVAD&rclk=1"
"Ls Taller Automotriz","","","4.7","52","","ninguno","","true","Taller de reparación de automóviles","Galo Pl. Lasso N15-216, 170204 Quito","La Mariscal, Quito","https://www.google.com/maps/place/Ls+Taller+Automotriz/data=!4m7!3m6!1s0x91d58f6baa9c422b:0xb39e4cbbac3613b0!8m2!3d-0.0938648!4d-78.4553132!16s%2Fg%2F11gsllk7_c!19sChIJK0KcqmuP1ZERsBM2rLtMnrM?authuser=0&hl=es-419&g_ep=EgoyMDI2MDkxNC4wIJJjKgBIAVAD&rclk=1"
"MULTIREPUESTOS MONTALVO","096 785 7945","","4.3","9","","ninguno","","true","Tienda de repuestos para automóviles","Panamericana Nte. y El Arenal, 170204 Quito","La Mariscal, Quito","https://www.google.com/maps/place/MULTIREPUESTOS+MONTALVO/data=!4m7!3m6!1s0x91d58fbbfdb96011:0x7acb9492f9c1103!8m2!3d-0.1075278!4d-78.4487623!16s%2Fg%2F11g1lyjmn3!19sChIJEWC5_buP1ZERAxGcL0m5rAc?authuser=0&hl=es-419&g_ep=EgoyMDI2MDkxNC4wIJJjKgBIAVAD&rclk=1"
"El Repuestero Automotriz","098 703 1593","","4.9","14","","ninguno","","true","Tienda de repuestos para automóviles","Carlos Mantilla y C. Miami OE7-222 y, 170204 Quito","La Mariscal, Quito","https://www.google.com/maps/place/El+Repuestero+Automotriz/data=!4m7!3m6!1s0x91d58f51c03c8e81:0x14959ddb0cbe177b!8m2!3d-0.0950718!4d-78.4437558!16s%2Fg%2F11fjzbwmkt!19sChIJgY48wFGP1ZERexe-DNudlRQ?authuser=0&hl=es-419&g_ep=EgoyMDI2MDkxNC4wIJJjKgBIAVAD&rclk=1"
"Repuestos Automotrices Guaranda Figueroa - Carapungo","(02) 201-0126","repuestosautomotricesjc@gmail.com","4.2","71","http://www.repuestosautomotrices.com/","sitio_propio","2026","false","Proveedor de repuestos de carrocería de automóviles","Capitán Giovanni Calles, 170203 Quito","La Mariscal, Quito","https://www.google.com/maps/place/Repuestos+Automotrices+Guaranda+Figueroa+-+Carapungo/data=!4m7!3m6!1s0x91d58f0d1f69c21f:0xab2715386e2eaf5!8m2!3d-0.1029771!4d-78.4513085!16s%2Fg%2F11dxlcy9s3!19sChIJH8JpHw2P1ZER9erihlNxsgo?authuser=0&hl=es-419&g_ep=EgoyMDI2MDkxNC4wIJJjKgBIAVAD&rclk=1"
"Repuestos Automotrices JV","098 776 2583","info@latinotype.com; team@latofonts.com; filler@godaddy.com","4.6","11","http://repuestosautomotricesjv.godaddysites.com/","sitio_propio","2025","false","Tienda de repuestos para automóviles","Avenida Francisco de la Torre 1741, Quito","La Mariscal, Quito","https://www.google.com/maps/place/Repuestos+Automotrices+JV/data=!4m7!3m6!1s0x91d58faadd29c38d:0xb8e2588fd04be8da!8m2!3d-0.1207687!4d-78.4699758!16s%2Fg%2F11lh34sjr6!19sChIJjcMp3aqP1ZER2uhL0I9Y4rg?authuser=0&hl=es-419&g_ep=EgoyMDI2MDkxNC4wIJJjKgBIAVAD&rclk=1"
"Importadora Dávila Respuestos Automotrices al Por Mayor","096 411 0764","","5","44","http://www.importadoradavila.com/","sitio_propio","","false","Importador","Av. Domingo Rengifo y Antonio Basantes 74-21 y, 170310 Quito","La Mariscal, Quito","https://www.google.com/maps/place/Importadora+D%C3%A1vila+Respuestos+Automotrices+al+Por+Mayor/data=!4m7!3m6!1s0x91d585062383a03f:0xfefb627b2477fb7c!8m2!3d-0.0998001!4d-78.4770201!16s%2Fg%2F11ng1w0sqp!19sChIJP6CDIwaF1ZERfPt3JHti-_4?authuser=0&hl=es-419&g_ep=EgoyMDI2MDkxNC4wIJJjKgBIAVAD&rclk=1"
"Hivimar","(02) 373-1900","","4.7","10","http://www.hivimar.com/","sitio_propio","","true","Tienda de repuestos para automóviles","Joaquín Mancheno, y y Manuel Najas, 170303 Quito","La Mariscal, Quito","https://www.google.com/maps/place/Hivimar/data=!4m7!3m6!1s0x91d5850b5aea89cb:0x115f3ff2c8f85abe!8m2!3d-0.0965988!4d-78.4762934!16s%2Fg%2F11n0pq2d4v!19sChIJy4nqWguF1ZERvlr4yPI_XxE?authuser=0&hl=es-419&g_ep=EgoyMDI2MDkxNC4wIJJjKgBIAVAD&rclk=1"
"CHEVYAUTO PARTS CARAPUNGO","099 779 7233","","4.5","10","","ninguno","","true","Tienda de repuestos para automóviles","Panamericana Nte. y El Arenal 41 Y, 170208 Quito","La Mariscal, Quito","https://www.google.com/maps/place/CHEVYAUTO+PARTS+CARAPUNGO/data=!4m7!3m6!1s0x91d58f4bd5d034e7:0xd6f4c2c74da0ff5f!8m2!3d-0.1076139!4d-78.4485832!16s%2Fg%2F11jhx77j2g!19sChIJ5zTQ1UuP1ZERX_-gTcfC9NY?authuser=0&hl=es-419&g_ep=EgoyMDI2MDkxNC4wIJJjKgBIAVAD&rclk=1"
"ELEQTRON ELECTROREPUESTOS AUTOMOTRICES","099 255 6725","","4.9","36","","ninguno","","true","Tienda de repuestos para automóviles","A 700 metros del la Revisión Vehicular, Direccion Av. Geovanny Calles Oe7-294 entre Miami, y y Doral Esquina, Quito","La Mariscal, Quito","https://www.google.com/maps/place/ELEQTRON+ELECTROREPUESTOS+AUTOMOTRICES/data=!4m7!3m6!1s0x91d58f3f54308169:0xf4c2f18acf33612!8m2!3d-0.0972237!4d-78.4420779!16s%2Fg%2F11wpl5skgs!19sChIJaYEwVD-P1ZEREjbzrBgvTA8?authuser=0&hl=es-419&g_ep=EgoyMDI2MDkxNC4wIJJjKgBIAVAD&rclk=1"
"JIMCARS TALLER DE EMPAQUES","096 261 8177","","4.9","14","","ninguno","","true","Tienda de repuestos para automóviles","Quito","La Mariscal, Quito","https://www.google.com/maps/place/JIMCARS+TALLER+DE+EMPAQUES/data=!4m7!3m6!1s0x91d58f06385495d3:0xac819aee86fea95a!8m2!3d-0.1070357!4d-78.4415996!16s%2Fg%2F11f4_3b5y_!19sChIJ05VUOAaP1ZERWqn-hu6agaw?authuser=0&hl=es-419&g_ep=EgoyMDI2MDkxNC4wIJJjKgBIAVAD&rclk=1"
"Repuestos Automotrices Guaranda Figueroa - El Condado - autopartes aceites para motor","098 731 9437","repuestosautomotricesjc@gmail.com","4","16","http://www.repuestosautomotrices.com/","sitio_propio","2026","false","Tienda de repuestos para automóviles","Av. de la Prensa y Ramon Chiriboga, 170301 Quito","La Mariscal, Quito","https://www.google.com/maps/place/Repuestos+Automotrices+Guaranda+Figueroa+-+El+Condado+-+autopartes+aceites+para+motor/data=!4m7!3m6!1s0x91d585a1e9fb2885:0xcaa590168359d1df!8m2!3d-0.1124993!4d-78.4947429!16s%2Fg%2F11h3y2v6bg!19sChIJhSj76aGF1ZER39FZgxaQpco?authuser=0&hl=es-419&g_ep=EgoyMDI2MDkxNC4wIJJjKgBIAVAD&rclk=1"
"Asia repuestos","099 257 0993","","4.3","137","https://www.facebook.com/asiarepuestosquito","solo_red_social","","true","Tienda de repuestos para automóviles","Av. 6 de Diciembre 170502, N 53-128, 170138 Quito","La Mariscal, Quito","https://www.google.com/maps/place/Asia+repuestos/data=!4m7!3m6!1s0x91d58ff8389f9e09:0x679ed14f5d1a393b!8m2!3d-0.1384313!4d-78.4733185!16s%2Fg%2F11fcqy792l!19sChIJCZ6fOPiP1ZEROzkaXU_Rnmc?authuser=0&hl=es-419&g_ep=EgoyMDI2MDkxNC4wIJJjKgBIAVAD&rclk=1"
"Mansuera Matriz","1800 626 783","","4.2","244","http://www.mansuera.com/","sitio_propio","","false","Tienda de repuestos para automóviles","Dirección: Bellavista OE 273 y Panamericana Norte, 170106 Quito","La Mariscal, Quito","https://www.google.com/maps/place/Mansuera+Matriz/data=!4m7!3m6!1s0x91d5857c9132b9a9:0xf44c94af55354365!8m2!3d-0.1177029!4d-78.4821968!16s%2Fg%2F1hdznstsr!19sChIJqbkykXyF1ZERZUM1Va-UTPQ?authuser=0&hl=es-419&g_ep=EgoyMDI2MDkxNC4wIJJjKgBIAVAD&rclk=1"
"Masterax Cia Ltda","(02) 247-3320","","4.2","134","","ninguno","","true","Tienda de accesorios para automóviles","Av. Eloy Alfaro y De Los Eucaliptos N66-81 Y, 170144 Quito","La Mariscal, Quito","https://www.google.com/maps/place/Masterax+Cia+Ltda/data=!4m7!3m6!1s0x91d58f87723c8357:0xb68e2b991a13890a!8m2!3d-0.1162525!4d-78.4741684!16s%2Fg%2F1ptxhsxpc!19sChIJV4M8coeP1ZERCokTGpkrjrY?authuser=0&hl=es-419&g_ep=EgoyMDI2MDkxNC4wIJJjKgBIAVAD&rclk=1"
"El Genuino Repuestos Legarda","096 200 0733","","4.4","40","https://www.elgenuinorepuestos.com/","sitio_propio","","false","Tienda de repuestos para automóviles","Bernardo de Legarda, y y Domingo Juan &, 170301 Quito","La Mariscal, Quito","https://www.google.com/maps/place/El+Genuino+Repuestos+Legarda/data=!4m7!3m6!1s0x91d585d9ff78c865:0x96b0612d4e545dff!8m2!3d-0.1166028!4d-78.502382!16s%2Fg%2F11r77dxndb!19sChIJZch4_9mF1ZER_11UTi1hsJY?authuser=0&hl=es-419&g_ep=EgoyMDI2MDkxNC4wIJJjKgBIAVAD&rclk=1"
"JS Tecninorte - Repuestos Automotrices Quito","(02) 344-1139","","4.7","43","https://linktr.ee/JSTECNINORTE","solo_red_social","","true","Taller de automóviles","Av. Jaime Roldós Aguilera Oe2-88, 170120 Quito","La Mariscal, Quito","https://www.google.com/maps/place/JS+Tecninorte+-+Repuestos+Automotrices+Quito/data=!4m7!3m6!1s0x91d58f59950db33f:0xb36111991023aac3!8m2!3d-0.0835869!4d-78.4708283!16s%2Fg%2F11gnpkcmtv!19sChIJP7MNlVmP1ZERw6ojEJkRYbM?authuser=0&hl=es-419&g_ep=EgoyMDI2MDkxNC4wIJJjKgBIAVAD&rclk=1"
"Autopartes Internacional","(02) 341-3325","autopartes.internacional2022@gmail.com\&quot;&gt;autopartes.internacional2022@gmail.com&lt;/a&gt;&lt;/span&gt;&lt;/p&gt;&lt;p; autopartes.internacional2022@gmail.com","4.6","15","http://www.autopartesinternacional.com/","sitio_propio","","false","Tienda de repuestos para automóviles","Av Occidental y José Figueroa, Av. Occidental N62 96, Quito","La Mariscal, Quito","https://www.google.com/maps/place/Autopartes+Internacional/data=!4m7!3m6!1s0x91d58511711fa4a7:0x27d26ac5ff63a2bc!8m2!3d-0.1216998!4d-78.5045565!16s%2Fg%2F1hd_kmn8m!19sChIJp6QfcRGF1ZERvKJj_8Vq0ic?authuser=0&hl=es-419&g_ep=EgoyMDI2MDkxNC4wIJJjKgBIAVAD&rclk=1"
"Automotriz Falcón","(02) 603-8583","","4.3","22","","ninguno","","true","Taller de reparación de automóviles","Av. 6 de Diciembre N54-156, 170138 Quito","La Mariscal, Quito","https://www.google.com/maps/place/Automotriz+Falc%C3%B3n/data=!4m7!3m6!1s0x91d5855f9a87fbdf:0x7a6e5919d59f57dd!8m2!3d-0.1298969!4d-78.476081!16s%2Fg%2F11gqqs67w4!19sChIJ3_uHml-F1ZER3Vef1RlZbno?authuser=0&hl=es-419&g_ep=EgoyMDI2MDkxNC4wIJJjKgBIAVAD&rclk=1"
"Electricidad Automotriz Quimbiulco","096 264 6304","","4.1","37","https://bit.ly/ElectQuimbiulco","sitio_propio","","false","Tienda de repuestos para automóviles","Av. Capitán Geovanni Calles S/N, 170203 Quito","La Mariscal, Quito","https://www.google.com/maps/place/Electricidad+Automotriz+Quimbiulco/data=!4m7!3m6!1s0x91d58f0da7745c23:0x1ac2f3d065dfcdd0!8m2!3d-0.1021998!4d-78.4495406!16s%2Fg%2F11gzplnkt5!19sChIJI1x0pw2P1ZER0M3fZdDzwho?authuser=0&hl=es-419&g_ep=EgoyMDI2MDkxNC4wIJJjKgBIAVAD&rclk=1"
"Autorepuestos CMC","(02) 229-3988","","4.4","20","https://www.facebook.com/Autorepuestos-CMC-678746178879162/","solo_red_social","","true","Tienda de repuestos para automóviles","Av Occidental y Legarda Sentido sur norte Sobre la occidental, 170301 Quito","La Mariscal, Quito","https://www.google.com/maps/place/Autorepuestos+CMC/data=!4m7!3m6!1s0x91d585102db4403b:0x52fac6c207099168!8m2!3d-0.1200382!4d-78.5062358!16s%2Fg%2F11g9gltlr1!19sChIJO0C0LRCF1ZERaJEJB8LG-lI?authuser=0&hl=es-419&g_ep=EgoyMDI2MDkxNC4wIJJjKgBIAVAD&rclk=1"
"El Genuino Repuestos Prensa","098 324 2355","","4.2","78","https://elgenuinorepuestos.com/","sitio_propio","","false","Tienda de repuestos para automóviles","Avenida de la Prensa, y y Av del Maestro n60-08 y, 170512 Quito","La Mariscal, Quito","https://www.google.com/maps/place/El+Genuino+Repuestos+Prensa/data=!4m7!3m6!1s0x91d58562dd168ecd:0x9eefa9c26fd9e4c6!8m2!3d-0.1248262!4d-78.4936233!16s%2Fg%2F11lpwt2ndn!19sChIJzY4W3WKF1ZERxuTZb8Kp754?authuser=0&hl=es-419&g_ep=EgoyMDI2MDkxNC4wIJJjKgBIAVAD&rclk=1"
"Súper Repuestos Automotrices Gines Suarez - Autopartes","096 266 6958","","4.6","11","https://www.facebook.com/Super-Repuestos-Gines-Suarez-111211184724598/","solo_red_social","","true","Tienda de repuestos para automóviles","Av. deL Maestro OE 4-56 y, Tyarco, 170102 Quito","La Mariscal, Quito","https://www.google.com/maps/place/S%C3%BAper+Repuestos+Automotrices+Gines+Suarez+-+Autopartes/data=!4m7!3m6!1s0x91d5856b781c5d6b:0x1af08e553352de54!8m2!3d-0.1229024!4d-78.4905851!16s%2Fg%2F11rzq1wq8p!19sChIJa10ceGuF1ZERVN5SM1WO8Bo?authuser=0&hl=es-419&g_ep=EgoyMDI2MDkxNC4wIJJjKgBIAVAD&rclk=1"
"Repuestos y Taller automotriz A&B","099 872 4369","","5","8","","ninguno","","true","Tienda de repuestos para automóviles","Calle E3 y N90, 170120 Quito","La Mariscal, Quito","https://www.google.com/maps/place/Repuestos+y+Taller+automotriz+A%26B/data=!4m7!3m6!1s0x91d58f2c025c2471:0x6478395ada7e97ae!8m2!3d-0.0766155!4d-78.465806!16s%2Fg%2F11qnq_6ffn!19sChIJcSRcAiyP1ZERrpd-2lo5eGQ?authuser=0&hl=es-419&g_ep=EgoyMDI2MDkxNC4wIJJjKgBIAVAD&rclk=1"
"Servifreno C.A","(02) 247-2763","","4.4","154","http://www.servifreno.com/","sitio_propio","","false","Tienda de repuestos para automóviles","Panamericana Nte. y De los Ciruelos N 67-103 y, 170303 Quito","La Mariscal, Quito","https://www.google.com/maps/place/Servifreno+C.A/data=!4m7!3m6!1s0x91d59887775d34bf:0x716c0ac7060ac0d4!8m2!3d-0.1121323!4d-78.479235!16s%2Fg%2F11c0wcmzqj!19sChIJvzRdd4eY1ZER1MAKBscKbHE?authuser=0&hl=es-419&g_ep=EgoyMDI2MDkxNC4wIJJjKgBIAVAD&rclk=1"
"Casa Automotriz China","099 520 2202","","4.9","12","https://www.facebook.com/search/top?q=casa%20automotriz%20china","solo_red_social","","true","Taller mecánico","Matilde Hidalgo, Quito","La Mariscal, Quito","https://www.google.com/maps/place/Casa+Automotriz+China/data=!4m7!3m6!1s0x91d58f610f501065:0x24f7cc691aabf876!8m2!3d-0.1213484!4d-78.437116!16s%2Fg%2F11sx6ytcwp!19sChIJZRBQD2GP1ZERdvirGmnM9yQ?authuser=0&hl=es-419&g_ep=EgoyMDI2MDkxNC4wIJJjKgBIAVAD&rclk=1"
"El Genuino Repuestos 6 de Diciembre","098 406 5672","","4.4","496","http://www.elgenuinorepuestos.com/","sitio_propio","","false","Tienda de repuestos para automóviles","Av. 6 de Diciembre y De los Álamos N49-285 y, 170502 Quito","La Mariscal, Quito","https://www.google.com/maps/place/El+Genuino+Repuestos+6+de+Diciembre/data=!4m7!3m6!1s0x91d58fff8e22a91f:0x711dedde4f4019c5!8m2!3d-0.1452578!4d-78.4749649!16s%2Fg%2F1pp2wzvg3!19sChIJH6kijv-P1ZERxRlAT97tHXE?authuser=0&hl=es-419&g_ep=EgoyMDI2MDkxNC4wIJJjKgBIAVAD&rclk=1"
"Tecnicentro Automotriz Luis R. Salazar","(02) 328-0792","","4.7","10","","ninguno","","true","Tienda de repuestos para automóviles","Calle, Fray Leonardo Murialdo E9-132, Quito","La Mariscal, Quito","https://www.google.com/maps/place/Tecnicentro+Automotriz+Luis+R.+Salazar/data=!4m7!3m6!1s0x91d58ff5a47bff95:0xd8122fea9d4f9230!8m2!3d-0.130846!4d-78.4733958!16s%2Fg%2F11gnrlx729!19sChIJlf97pPWP1ZERMJJPneovEtg?authuser=0&hl=es-419&g_ep=EgoyMDI2MDkxNC4wIJJjKgBIAVAD&rclk=1"
"Autovindex T&G Lubricantes,filtros automotriz","098 326 6542","","5","7","","ninguno","","true","Tienda de repuestos para automóviles","AV. GIOVANNI CALLES, LASCANO y LOCALIDAD: CALDERON (CARAPUNGO, 170201 Quito","La Mariscal, Quito","https://www.google.com/maps/place/Autovindex+T%26G+Lubricantes,filtros+automotriz/data=!4m7!3m6!1s0x91d58f9aa47910fd:0x77e88ca746ff54e7!8m2!3d-0.0904128!4d-78.4306268!16s%2Fg%2F11yx_x8q_1!19sChIJ_RB5pJqP1ZER51T_RqeM6Hc?authuser=0&hl=es-419&g_ep=EgoyMDI2MDkxNC4wIJJjKgBIAVAD&rclk=1"
"Automotriz Fiat","098 718 0515","","4.6","15","","ninguno","","true","Taller mecánico","Av. Jaime Roldós Aguilera E1 -90, 170302 Quito","La Mariscal, Quito","https://www.google.com/maps/place/Automotriz+Fiat/data=!4m7!3m6!1s0x91d58f5a0d092f0b:0xd1a3a386fa1030c4!8m2!3d-0.0828011!4d-78.468248!16s%2Fg%2F11gr26kkyq!19sChIJCy8JDVqP1ZERxDAQ-oajo9E?authuser=0&hl=es-419&g_ep=EgoyMDI2MDkxNC4wIJJjKgBIAVAD&rclk=1"
"TALLER ESPECIALIZADO AIRE ACONDICIONADO Y CALEFACCIÓN AUTOMOTRIZ ❄️❄️❄️ TODO AIRE SIEMPRE FRÍO","096 390 9401","","4.9","14","https://www.facebook.com/profile.php?id=100075642259396&mibextid=ZbWKwL","solo_red_social","","true","Taller de aire acondicionado automotriz","Sierra Morena N16-18, Alcalá esquina, 170204 Quito","La Mariscal, Quito","https://www.google.com/maps/place/TALLER+ESPECIALIZADO+AIRE+ACONDICIONADO+Y+CALEFACCI%C3%93N+AUTOMOTRIZ+%E2%9D%84%EF%B8%8F%E2%9D%84%EF%B8%8F%E2%9D%84%EF%B8%8F+TODO+AIRE+SIEMPRE+FR%C3%8DO/data=!4m7!3m6!1s0x91d58fbabd24749f:0xfa9b20540f615c3a!8m2!3d-0.0922649!4d-78.4447708!16s%2Fg%2F11z74w43f_!19sChIJn3QkvbqP1ZEROlxhD1Qgm_o?authuser=0&hl=es-419&g_ep=EgoyMDI2MDkxNC4wIJJjKgBIAVAD&rclk=1"
"Autorepuestos Zurita","(02) 259-6087","","4.5","11","","ninguno","","true","Tienda de baterías para automóvil","Av. de la Prensa N58-373, Quito","La Mariscal, Quito","https://www.google.com/maps/place/Autorepuestos+Zurita/data=!4m7!3m6!1s0x91d5856a71155b79:0x5bfb0f33d3bfbbf6!8m2!3d-0.1277337!4d-78.4941119!16s%2Fg%2F11ff30ptqh!19sChIJeVsVcWqF1ZER9ru_0zMP-1s?authuser=0&hl=es-419&g_ep=EgoyMDI2MDkxNC4wIJJjKgBIAVAD&rclk=1"
"Garner Espinosa C.A. Quito","099 473 7502","garner@garner.com.ec","4.4","148","http://www.garner.com.ec/","sitio_propio","","false","Comercio","Av. Eloy Alfaro y Antonio Basantes N73-22 y, 170317 Quito","La Mariscal, Quito","https://www.google.com/maps/place/Garner+Espinosa+C.A.+Quito/data=!4m7!3m6!1s0x91d58f7c10f8c8ad:0x26182df74e7ab702!8m2!3d-0.1045446!4d-78.4706963!16s%2Fg%2F11bw3djjqw!19sChIJrcj4EHyP1ZERArd6TvctGCY?authuser=0&hl=es-419&g_ep=EgoyMDI2MDkxNC4wIJJjKgBIAVAD&rclk=1"
"Auto Center repuestos originales Ford","098 412 2372","","4.7","39","","ninguno","","true","Taller de automóviles","De los Fresnos y De los Guayacanes E13-98 y, 170124 Quito","La Mariscal, Quito","https://www.google.com/maps/place/Auto+Center+repuestos+originales+Ford/data=!4m7!3m6!1s0x91d58fa2c62209ff:0xeab800af95cc2b2c!8m2!3d-0.1325581!4d-78.4670151!16s%2Fg%2F11j4qs9qgd!19sChIJ_wkixqKP1ZERLCvMla8AuOo?authuser=0&hl=es-419&g_ep=EgoyMDI2MDkxNC4wIJJjKgBIAVAD&rclk=1"
"AutoFer La Clinica De Los Elevadores Y Chapas De Auto","098 592 9486","","4.6","42","https://www.facebook.com/share/1FxCuyFWMA/","solo_red_social","","true","Taller de reparación de automóviles","170206 Quito","La Mariscal, Quito","https://www.google.com/maps/place/AutoFer+La+Clinica+De+Los+Elevadores+Y+Chapas+De+Auto/data=!4m7!3m6!1s0x91d58ff52b4e7155:0xfae51973449092ba!8m2!3d-0.0950246!4d-78.4434226!16s%2Fg%2F11gxmlc_0j!19sChIJVXFOK_WP1ZERupKQRHMZ5fo?authuser=0&hl=es-419&g_ep=EgoyMDI2MDkxNC4wIJJjKgBIAVAD&rclk=1"
"BYD Auto - Galo Plaza","(02) 281-1378","","4.5","75","http://www.corasa.com.ec/","sitio_propio","","true","Concesionario de automóviles","Av. Galo Plaza Lasso &, 170138 Quito","La Mariscal, Quito","https://www.google.com/maps/place/BYD+Auto+-+Galo+Plaza/data=!4m7!3m6!1s0x91d59aafb49b3a8f:0x1df9f4b246291d51!8m2!3d-0.1301301!4d-78.4810337!16s%2Fg%2F11byyj977h!19sChIJjzqbtK-a1ZERUR0pRrL0-R0?authuser=0&hl=es-419&g_ep=EgoyMDI2MDkxNC4wIJJjKgBIAVAD&rclk=1"
"Full Parts","098 990 8477","fullpartesec@gmail.com","4.6","83","https://fullparts.com.ec/","sitio_propio","","false","Tienda de repuestos para automóviles","Avenida 6 de Diciembre N48C, y y De las Hortensias Esquina, 170138 Quito","La Mariscal, Quito","https://www.google.com/maps/place/Full+Parts/data=!4m7!3m6!1s0x91d58f8b39bcbbf5:0xb737729742228f2f!8m2!3d-0.148288!4d-78.4753293!16s%2Fg%2F11c57sw6tz!19sChIJ9bu8OYuP1ZERL48iQpdyN7c?authuser=0&hl=es-419&g_ep=EgoyMDI2MDkxNC4wIJJjKgBIAVAD&rclk=1"
"Distribuidora Oña Repuestos Automotrices","099 901 9221","ventas@distonia.com.ec; nventas@distonia.com.ec","4.3","163","https://www.distribuidoraona.com/","sitio_propio","","false","Tienda de repuestos para automóviles","De Los Alamos E9-106 y, Joaquín Sumaita, 170502 Quito","La Mariscal, Quito","https://www.google.com/maps/place/Distribuidora+O%C3%B1a+Repuestos+Automotrices/data=!4m7!3m6!1s0x91d58fffafca3b07:0xa9b9184ca166f50d!8m2!3d-0.1447097!4d-78.4728671!16s%2Fg%2F11gdgr95p6!19sChIJBzvKr_-P1ZERDfVmoUwYuak?authuser=0&hl=es-419&g_ep=EgoyMDI2MDkxNC4wIJJjKgBIAVAD&rclk=1"
"Importadora Automotriz Pichincha","(02) 241-6341","","4.6","14","","ninguno","","true","Tienda de repuestos para automóviles","Av. 6 de Diciembre N51-16, 170138 Quito","La Mariscal, Quito","https://www.google.com/maps/place/Importadora+Automotriz+Pichincha/data=!4m7!3m6!1s0x91d58fff6880aac7:0xd77c43bf06a2b2d7!8m2!3d-0.1433217!4d-78.4743573!16s%2Fg%2F11c1v1y8yq!19sChIJx6qAaP-P1ZER17KiBr9DfNc?authuser=0&hl=es-419&g_ep=EgoyMDI2MDkxNC4wIJJjKgBIAVAD&rclk=1"
"Tecnova Quito - Bosch Ec","(02) 280-5295","usuario@ejemplo.com","4.6","1116","https://tecnova.com.ec/","sitio_propio","","false","Tienda de repuestos para automóviles","Av. Galo Plaza Lasso y Manuel Zambrano, 170138 Quito","La Mariscal, Quito","https://www.google.com/maps/place/Tecnova+Quito+-+Bosch+Ec/data=!4m7!3m6!1s0x91d5855e061ddeb9:0x1fc1edf2bd1d0177!8m2!3d-0.1286275!4d-78.4809355!16s%2Fg%2F11b7819mm3!19sChIJud4dBl6F1ZERdwEdvfLtwR8?authuser=0&hl=es-419&g_ep=EgoyMDI2MDkxNC4wIJJjKgBIAVAD&rclk=1"
"Importadora Camurarepuestos Cia. Ltda.","098 792 0559","","4.3","74","https://www.camurarepuestos.com/","sitio_propio","","false","Tienda de repuestos para automóviles","Av. 6 de Diciembre N50-08, 170138 Quito","La Mariscal, Quito","https://www.google.com/maps/place/Importadora+Camurarepuestos+Cia.+Ltda./data=!4m7!3m6!1s0x91d58f8d3d468647:0x8936c319eb29c035!8m2!3d-0.1452578!4d-78.4746247!16s%2Fg%2F11sz7qzvk7!19sChIJR4ZGPY2P1ZERNcAp6xnDNok?authuser=0&hl=es-419&g_ep=EgoyMDI2MDkxNC4wIJJjKgBIAVAD&rclk=1"
"AUTOREPUESTOS DEL JAPÓN ""ALEXIS CUENCA""","(02) 245-4377","cliente@gurusoluciones.com; autorepuestosjapon@hotmail.com; notificaciones@publicar.com","4.3","390","https://www.paginas-amarillas.com.ec/empresas/autorepuestos-del-japon-alexis-cuenca/quito-30699841?ad=80542097","sitio_propio","2026","false","Tienda de repuestos para automóviles","Av. 6 de Diciembre y Av. El Inca N46-252 y, 170138 Quito","La Mariscal, Quito","https://www.google.com/maps/place/AUTOREPUESTOS+DEL+JAP%C3%93N+%22ALEXIS+CUENCA%22/data=!4m7!3m6!1s0x91d59aa84a27f6a7:0xaa154cc0fcbc2a3d!8m2!3d-0.153578!4d-78.4766603!16s%2Fg%2F11f0l1kh1y!19sChIJp_YnSqia1ZERPSq8_MBMFao?authuser=0&hl=es-419&g_ep=EgoyMDI2MDkxNC4wIJJjKgBIAVAD&rclk=1"
"AUTOLUJOS Mobile Car Shop","098 422 2097","","4.9","29","","ninguno","","true","Proveedor de alarmas de coche","Carlos Mantilla y Capitán Giovanni Calles Oe7-566 y, 170120 Quito","La Mariscal, Quito","https://www.google.com/maps/place/AUTOLUJOS+Mobile+Car+Shop/data=!4m7!3m6!1s0x91d58f5037b67191:0x723b95a877142036!8m2!3d-0.0981072!4d-78.4450369!16s%2Fg%2F11p0wr442h!19sChIJkXG2N1CP1ZERNiAUd6iVO3I?authuser=0&hl=es-419&g_ep=EgoyMDI2MDkxNC4wIJJjKgBIAVAD&rclk=1"
"Urbancar","098 763 2976","info@urban-car.com; infoseminuevos@urban-car.com; mitaller@urban-car.com","4.1","128","https://urbancarautos.com/","sitio_propio","2024","false","Taller de automóviles","Av. Simón Bolívar, 170133 Quito","La Mariscal, Quito","https://www.google.com/maps/place/Urbancar/data=!4m7!3m6!1s0x91d58f0ab54e2b5d:0x704eb8e93b1a4ec0!8m2!3d-0.1105274!4d-78.458459!16s%2Fg%2F11c6lx85n_!19sChIJXStOtQqP1ZERwE4aO-m4TnA?authuser=0&hl=es-419&g_ep=EgoyMDI2MDkxNC4wIJJjKgBIAVAD&rclk=1"
"Frenos y Frenos","096 300 0346","","4.5","198","http://www.frenosyfrenos.com.ec/","sitio_propio","","true","Tienda de repuestos para coches de carreras","Av del Maestro OE1-252 OE2 Fco, Francisco LLangarima, 170303 Quito","La Mariscal, Quito","https://www.google.com/maps/place/Frenos+y+Frenos/data=!4m7!3m6!1s0x91d5856ee1375b55:0xa432de96ed849fed!8m2!3d-0.1256784!4d-78.4832483!16s%2Fg%2F11bxc56y4q!19sChIJVVs34W6F1ZER7Z-E7ZbeMqQ?authuser=0&hl=es-419&g_ep=EgoyMDI2MDkxNC4wIJJjKgBIAVAD&rclk=1"
"Castillo Automotriz","098 792 0577","","4.1","49","","ninguno","","true","Tienda de repuestos para automóviles","Av. 6 de Diciembre, 170138 Quito","La Mariscal, Quito","https://www.google.com/maps/place/Castillo+Automotriz/data=!4m7!3m6!1s0x91d59005b3b3b4cd:0xea60dd3c81f0afa9!8m2!3d-0.1486048!4d-78.4754298!16s%2Fg%2F11gr39nx73!19sChIJzbSzswWQ1ZERqa_wgTzdYOo?authuser=0&hl=es-419&g_ep=EgoyMDI2MDkxNC4wIJJjKgBIAVAD&rclk=1"
"JAPKOR REPUESTOS","(02) 341-3823","","4.9","15","","ninguno","","true","Tienda de accesorios para automóviles","170103 Quito","La Mariscal, Quito","https://www.google.com/maps/place/JAPKOR+REPUESTOS/data=!4m7!3m6!1s0x91d58542b8be60d5:0x810e442cb7d058f3!8m2!3d-0.1232825!4d-78.5022171!16s%2Fg%2F11fjyvt_gk!19sChIJ1WC-uEKF1ZER81jQtyxEDoE?authuser=0&hl=es-419&g_ep=EgoyMDI2MDkxNC4wIJJjKgBIAVAD&rclk=1"
"SEMA Ingeniería Automotriz","095 984 8255","","3.8","8","","ninguno","","true","Taller de reparación de automóviles","Jesús del Gran Poder, 170144 Quito","La Mariscal, Quito","https://www.google.com/maps/place/SEMA+Ingenier%C3%ADa+Automotriz/data=!4m7!3m6!1s0x91d58f1d379f294d:0xbf85783ab211ef62!8m2!3d-0.1086798!4d-78.4635372!16s%2Fg%2F11py4sz7yy!19sChIJTSmfNx2P1ZERYu8Rsjp4hb8?authuser=0&hl=es-419&g_ep=EgoyMDI2MDkxNC4wIJJjKgBIAVAD&rclk=1"
"Ambacar Galo Plaza","098 855 7898","nombre@email.com","4.2","333","https://www.ambacar.com/","sitio_propio","","false","Concesionario de automóviles","Avenida Galo Plaza N 59 - 155 y Francisco Namiña, 170120 Quito","La Mariscal, Quito","https://www.google.com/maps/place/Ambacar+Galo+Plaza/data=!4m7!3m6!1s0x91d585d908532405:0x108619b679385a53!8m2!3d-0.1277947!4d-78.480373!16s%2Fg%2F11gr429p1x!19sChIJBSRTCNmF1ZERU1o4ebYZhhA?authuser=0&hl=es-419&g_ep=EgoyMDI2MDkxNC4wIJJjKgBIAVAD&rclk=1"
"R&P Servicio Automotriz","099 752 4776","mario.ramos@rypautomotriz.com; mail@correo.com; mario.ramos@rypservicioautomotriz.com","4.9","56","http://www.rypservicioautomotriz.com/","sitio_propio","","false","Planchista","Av. Galo Plaza Lasso 57-108, 170134 Quito","La Mariscal, Quito","https://www.google.com/maps/place/R%26P+Servicio+Automotriz/data=!4m7!3m6!1s0x91d585a181364931:0xd5d81757e3028311!8m2!3d-0.1325075!4d-78.4813677!16s%2Fg%2F11f3twgbrx!19sChIJMUk2gaGF1ZEREYMC41cX2NU?authuser=0&hl=es-419&g_ep=EgoyMDI2MDkxNC4wIJJjKgBIAVAD&rclk=1"
"Land Rover Parts Ecuador","096 230 1680","","4","17","","ninguno","","true","Taller de reparación de automóviles","Pedro Guerrero &, 170133 Quito","La Mariscal, Quito","https://www.google.com/maps/place/Land+Rover+Parts+Ecuador/data=!4m7!3m6!1s0x91d585353c025313:0x4e6e0364814a7ac!8m2!3d-0.1292294!4d-78.4626162!16s%2Fg%2F11g8bvf_wg!19sChIJE1MCPDWF1ZERrKcUSDbg5gQ?authuser=0&hl=es-419&g_ep=EgoyMDI2MDkxNC4wIJJjKgBIAVAD&rclk=1"
"DICOMTEK (PERNOS)","(02) 241-0312","ventas@dicomtek.ec","4.6","184","http://dicomtek.net/","sitio_propio","2023","false","Tienda de herramientas","Av. Eloy Alfaro N52-300, 170514 Quito","La Mariscal, Quito","https://www.google.com/maps/place/DICOMTEK+%28PERNOS%29/data=!4m7!3m6!1s0x91d58ff97f29f19f:0x4671c67192aa8b2e!8m2!3d-0.1395419!4d-78.4697735!16s%2Fg%2F11dx8ys302!19sChIJn_Epf_mP1ZERLouqknHGcUY?authuser=0&hl=es-419&g_ep=EgoyMDI2MDkxNC4wIJJjKgBIAVAD&rclk=1"
"Importadora Páez - Repuestos Peugeot y Taller de Servicios Peugeot y Citroen","098 808 2853","","4.3","90","","ninguno","","true","Tienda de repuestos para automóviles","De los Fresnos E8-93 y, 170513 Quito","La Mariscal, Quito","https://www.google.com/maps/place/Importadora+P%C3%A1ez+-+Repuestos+Peugeot+y+Taller+de+Servicios+Peugeot+y+Citroen/data=!4m7!3m6!1s0x91d58ff630d997e7:0xea225681fc6af7d2!8m2!3d-0.1341724!4d-78.4732088!16s%2Fg%2F11c44qw3bp!19sChIJ55fZMPaP1ZER0vdq_IFWIuo?authuser=0&hl=es-419&g_ep=EgoyMDI2MDkxNC4wIJJjKgBIAVAD&rclk=1"
"Tool Car Equipamiento Automotriz","099 173 3558","toolcar_ec@outlook.com","4.8","30","http://www.toolcarec.com/","sitio_propio","2024","false","Tienda de herramientas","Centro Comercial Las Violestas, La Prensa, y y Pablo Picasso N70-121, LOCAL #10, 170301 Quito","La Mariscal, Quito","https://www.google.com/maps/place/Tool+Car+Equipamiento+Automotriz/data=!4m7!3m6!1s0x91d59b4c01e8dc4d:0x884a6cac199584bc!8m2!3d-0.1081709!4d-78.4930705!16s%2Fg%2F11jclc3hj5!19sChIJTdzoAUyb1ZERvISVGaxsSog?authuser=0&hl=es-419&g_ep=EgoyMDI2MDkxNC4wIJJjKgBIAVAD&rclk=1"
"Soluciones Automotrices","096 121 4730","","3.5","28","http://www.facebook.com/solautomotrices/","solo_red_social","","true","Tienda de repuestos para automóviles","Av. 6 de Diciembre 77-91 y, 170138 Quito","La Mariscal, Quito","https://www.google.com/maps/place/Soluciones+Automotrices/data=!4m7!3m6!1s0x91d59aaa1a208583:0x9aa33f3a3494829b!8m2!3d-0.1510644!4d-78.4764003!16s%2Fg%2F11fdx8kplh!19sChIJg4UgGqqa1ZERm4KUNDo_o5o?authuser=0&hl=es-419&g_ep=EgoyMDI2MDkxNC4wIJJjKgBIAVAD&rclk=1"
"FILTROCORP S.A.","241-6771","servicioalclientegye@filtrocorp.com; seleccion@filtrocorp.com","4.4","179","http://filtrocorp.com/","sitio_propio","2023","false","Tienda de repuestos para automóviles","De Los Arupos E3- Y, 170144 Quito","La Mariscal, Quito","https://www.google.com/maps/place/FILTROCORP+S.A./data=!4m7!3m6!1s0x91d58f8086457837:0xdc571d31f000b315!8m2!3d-0.1123978!4d-78.4747607!16s%2Fg%2F11c311g_7t!19sChIJN3hFhoCP1ZERFbMA8DEdV9w?authuser=0&hl=es-419&g_ep=EgoyMDI2MDkxNC4wIJJjKgBIAVAD&rclk=1"
"MACTELL SERVICIO AUTOMOTRIZ","229-3210","","4.8","32","https://oneclic.app/mactell-servicio-automotriz","sitio_propio","","false","Taller mecánico","Sabanilla N13-80, y, 170103 Quito","La Mariscal, Quito","https://www.google.com/maps/place/MACTELL+SERVICIO+AUTOMOTRIZ/data=!4m7!3m6!1s0x91d585d52b49917b:0x96d27afefaa021c5!8m2!3d-0.1216101!4d-78.4993838!16s%2Fg%2F11gslq9njz!19sChIJe5FJK9WF1ZERxSGg-v560pY?authuser=0&hl=es-419&g_ep=EgoyMDI2MDkxNC4wIJJjKgBIAVAD&rclk=1"
"Freisacar","099 621 9864","comercial@freisacar.com.ec","4.5","437","http://www.freisacar.com.ec/","sitio_propio","2022","false","Tienda de repuestos para automóviles","C. de Las Hortencias E9-3, 170138 Quito","La Mariscal, Quito","https://www.google.com/maps/place/Freisacar/data=!4m7!3m6!1s0x91d59aaa82e57cb5:0x2da4513d2b58059!8m2!3d-0.1483588!4d-78.4750668!16s%2Fg%2F11cr_slczq!19sChIJtXzlgqqa1ZERWYC10hNF2gI?authuser=0&hl=es-419&g_ep=EgoyMDI2MDkxNC4wIJJjKgBIAVAD&rclk=1"
"Mecanica Automotriz a Diesel, Repuestos Thermo King, Taller a Diesel","098 717 9336","","4.6","7","","ninguno","","true","Taller de reparación de motores diésel","Giovanni Calles Lascano Oe5-103, 170203 Quito","La Mariscal, Quito","https://www.google.com/maps/place/Mecanica+Automotriz+a+Diesel,+Repuestos+Thermo+King,+Taller+a+Diesel/data=!4m7!3m6!1s0x91d58f1926f0d253:0xe8a1c6f974381dc7!8m2!3d-0.0939139!4d-78.4363613!16s%2Fg%2F11gszdyqds!19sChIJU9LwJhmP1ZERxx04dPnGoeg?authuser=0&hl=es-419&g_ep=EgoyMDI2MDkxNC4wIJJjKgBIAVAD&rclk=1"
"Distribuidora Automotriz Bolaños - DAB CIA LTDA","(02) 281-4610","gerencia@dabscc.com","4.5","8","https://www.dab.com.ec/","sitio_propio","","false","Tienda de repuestos para automóviles","De los Álamos E11-228 y, 170124 Quito","La Mariscal, Quito","https://www.google.com/maps/place/Distribuidora+Automotriz+Bola%C3%B1os+-+DAB+CIA+LTDA/data=!4m7!3m6!1s0x91d58fec078cb0e7:0x50662e564c45037!8m2!3d-0.1442048!4d-78.468365!16s%2Fg%2F11s5j67sdz!19sChIJ57CMB-yP1ZERN1DEZOViBgU?authuser=0&hl=es-419&g_ep=EgoyMDI2MDkxNC4wIJJjKgBIAVAD&rclk=1"
"Avisan Quito Repuestos Automotrices","(02) 326-3303","marketing@avisanautoparts.com","4.3","33","http://www.avisan.com.ec/","sitio_propio","2026","false","Tienda de repuestos para automóviles","N47-45 Y AV. EL INCA, CONJ. MARINGA, Av. 6 de Diciembre, 170138 Quito","La Mariscal, Quito","https://www.google.com/maps/place/Avisan+Quito+Repuestos+Automotrices/data=!4m7!3m6!1s0x91d59bff2ef67629:0x832cd45a4f6b3c1b!8m2!3d-0.1526534!4d-78.4767876!16s%2Fg%2F11ghrg5rh6!19sChIJKXb2Lv-b1ZERGzxrT1rULIM?authuser=0&hl=es-419&g_ep=EgoyMDI2MDkxNC4wIJJjKgBIAVAD&rclk=1"
"Cruz Autocenter Eurotaller, Mecánica Automotriz Quito","098 714 7293","","4.7","87","","ninguno","","true","Taller de reparación de automóviles","José H. Figueroa, y y Gral. José María Guerrero, 170103 Quito","La Mariscal, Quito","https://www.google.com/maps/place/Cruz+Autocenter+Eurotaller,+Mec%C3%A1nica+Automotriz+Quito/data=!4m7!3m6!1s0x91d585e6ed10f439:0x2a71d22fd7ce7e32!8m2!3d-0.1185278!4d-78.49739!16s%2Fg%2F11jv71n8tv!19sChIJOfQQ7eaF1ZERMn7O1y_ScSo?authuser=0&hl=es-419&g_ep=EgoyMDI2MDkxNC4wIJJjKgBIAVAD&rclk=1"
"GT Autorepuestos","(02) 240-8601","","4.5","424","http://www.gtautorepuestos.com.ec/","sitio_propio","2026","false","Tienda de repuestos para automóviles","Isaac Albéniz E2-27, 170502 Quito","La Mariscal, Quito","https://www.google.com/maps/place/GT+Autorepuestos/data=!4m7!3m6!1s0x91d59aaee1565ab3:0x7248af51b7eb99e4!8m2!3d-0.1530144!4d-78.4825388!16s%2Fg%2F11b7ywp_d6!19sChIJs1pW4a6a1ZER5Jnrt1GvSHI?authuser=0&hl=es-419&g_ep=EgoyMDI2MDkxNC4wIJJjKgBIAVAD&rclk=1"
"Repuestos Fiat Corsa","(02) 241-2000","","4.5","47","","ninguno","","true","Tienda de repuestos para automóviles","Av. 6 de Diciembre y Sector N49-231, 170138 Quito","La Mariscal, Quito","https://www.google.com/maps/place/Repuestos+Fiat+Corsa/data=!4m7!3m6!1s0x91d58ffff68027a7:0xf39e3e3ff6c976f2!8m2!3d-0.1456119!4d-78.4750612!16s%2Fg%2F11fdy7np2v!19sChIJpyeA9v-P1ZER8nbJ9j8-nvM?authuser=0&hl=es-419&g_ep=EgoyMDI2MDkxNC4wIJJjKgBIAVAD&rclk=1"
"Autorepuestos Tipan S.C.C.I","(02) 326-3714","info@autorepuestostipan.com","4.7","50","http://autorepuestostipan.com/","sitio_propio","","false","Tienda de repuestos para automóviles","Av. Eloy Alfaro N50-305 y, 170138 Quito","La Mariscal, Quito","https://www.google.com/maps/place/Autorepuestos+Tipan+S.C.C.I/data=!4m7!3m6!1s0x91d58f89411939a1:0x1b1f63f9a348d4d1!8m2!3d-0.1451064!4d-78.4695067!16s%2Fg%2F11gsbf0vxn!19sChIJoTkZQYmP1ZER0dRIo_ljHxs?authuser=0&hl=es-419&g_ep=EgoyMDI2MDkxNC4wIJJjKgBIAVAD&rclk=1"
"Cj Servicios Centro Automotriz","(02) 510-0868","","4.1","49","http://cjimportaciones.ec/","sitio_propio","","false","Tienda de repuestos para automóviles","Av. 6 de Diciembre N47-182 y, 170502 Quito","La Mariscal, Quito","https://www.google.com/maps/place/Cj+Servicios+Centro+Automotriz/data=!4m7!3m6!1s0x91d59aa9f1c6b43f:0x78f6136c1145e24b!8m2!3d-0.1518178!4d-78.4762953!16s%2Fg%2F11c45jqh0v!19sChIJP7TG8ama1ZERS-JFEWwT9ng?authuser=0&hl=es-419&g_ep=EgoyMDI2MDkxNC4wIJJjKgBIAVAD&rclk=1"
"Variedades LAGA Llantas en Quito;Ecuador","098 764 4613","","4.5","43","https://wa.me/message/FVV3CW34VHTDN1","solo_red_social","","true","Tienda de neumáticos","Eloy Alfaro, y y De los Juncos, 170133 Quito","La Mariscal, Quito","https://www.google.com/maps/place/Variedades+LAGA+Llantas+en+Quito;Ecuador/data=!4m7!3m6!1s0x91d58f29279dbcbb:0xd956dbde9daa8556!8m2!3d-0.1219732!4d-78.4718!16s%2Fg%2F11pxlt9hn1!19sChIJu7ydJymP1ZERVoWqnd7bVtk?authuser=0&hl=es-419&g_ep=EgoyMDI2MDkxNC4wIJJjKgBIAVAD&rclk=1"
"EMERSON FORD TALLER","099 203 7697","","4.3","47","http://www.emersonford.com.ec/","sitio_propio","","false","Taller de reparación de automóviles","Fray Leonardo Murialdo y Francisco Marcos Oe2-258 y, 170512 Quito","La Mariscal, Quito","https://www.google.com/maps/place/EMERSON+FORD+TALLER/data=!4m7!3m6!1s0x91d58564e791d3c1:0x69330696bc4df66!8m2!3d-0.1306299!4d-78.4862162!16s%2Fg%2F11cn0r_2c_!19sChIJwdOR52SF1ZERZt_Ea2kwkwY?authuser=0&hl=es-419&g_ep=EgoyMDI2MDkxNC4wIJJjKgBIAVAD&rclk=1"
"Automotriz Jonathan","(02) 241-8675","","4.4","51","https://www.instagram.com/autojona_uio/","solo_red_social","","true","Tienda de repuestos para automóviles","Avenida 6 de Diciembre, y De Las Cucardas N49-176, 170502 Quito","La Mariscal, Quito","https://www.google.com/maps/place/Automotriz+Jonathan/data=!4m7!3m6!1s0x91d58ffffef7de25:0x6e0896e34db9c1b9!8m2!3d-0.1465183!4d-78.4748943!16s%2Fg%2F11gpnc_ytp!19sChIJJd73_v-P1ZERucG5TeOWCG4?authuser=0&hl=es-419&g_ep=EgoyMDI2MDkxNC4wIJJjKgBIAVAD&rclk=1"
"Auto Express","(02) 282-7184","","4.3","12","","ninguno","","true","Tienda de repuestos para automóviles","Punin N4-119, 170203 Quito","La Mariscal, Quito","https://www.google.com/maps/place/Auto+Express/data=!4m7!3m6!1s0x91d58ee19ea0187b:0x1f4e43fe71d843ee!8m2!3d-0.0951868!4d-78.4271445!16s%2Fg%2F11fgm1nw1y!19sChIJexignuGO1ZER7kPYcf5DTh8?authuser=0&hl=es-419&g_ep=EgoyMDI2MDkxNC4wIJJjKgBIAVAD&rclk=1"
"Autorepuestos Luis Rodríguez V","(02) 281-4512","ventas@autorepuestoslrv.com","4.7","69","https://www.autorepuestoslrv.com/","sitio_propio","","false","Tienda de repuestos para automóviles","Av. 6 de Diciembre N47-79, 170138 Quito","La Mariscal, Quito","https://www.google.com/maps/place/Autorepuestos+Luis+Rodr%C3%ADguez+V/data=!4m7!3m6!1s0x91d59aa9b77caea9:0x4979bed251057575!8m2!3d-0.1527861!4d-78.4768519!16s%2Fg%2F11b5pj6cqg!19sChIJqa58t6ma1ZERdXUFUdK-eUk?authuser=0&hl=es-419&g_ep=EgoyMDI2MDkxNC4wIJJjKgBIAVAD&rclk=1"
"Termo Formaciones","099 312 6086","","4.2","71","","ninguno","","true","Taller de reparación de vehículos todoterreno","Av. Eloy Alfaro N66-101, 170303 Quito","La Mariscal, Quito","https://www.google.com/maps/place/Termo+Formaciones/data=!4m7!3m6!1s0x91d58f87b6184dcf:0x477b45990d2dc596!8m2!3d-0.1177991!4d-78.4727869!16s%2Fg%2F11gp2q7r0p!19sChIJz00YtoeP1ZERlsUtDZlFe0c?authuser=0&hl=es-419&g_ep=EgoyMDI2MDkxNC4wIJJjKgBIAVAD&rclk=1"
"La France","(02) 247-5543","","4.6","75","","ninguno","","true","Taller de reparación de automóviles","José Amesaba, 170144 Quito","La Mariscal, Quito","https://www.google.com/maps/place/La+France/data=!4m7!3m6!1s0x91d58564c9da8527:0x92e88fddf044f057!8m2!3d-0.119415!4d-78.482139!16s%2Fg%2F11c2qhtnl2!19sChIJJ4XayWSF1ZERV_BE8N2P6JI?authuser=0&hl=es-419&g_ep=EgoyMDI2MDkxNC4wIJJjKgBIAVAD&rclk=1"
"TECNIMOTOR Mecánica Automotriz, Scanner, Baterias, ABC Motor","098 723 8574","","4.6","16","https://pymes.gdc.coop/ads/mecanica-tecnimotor","sitio_propio","","false","Taller mecánico","Barrio Aguirre, Punin y Capitán Giovanni Calles N5-154 y, 170201 Quito","La Mariscal, Quito","https://www.google.com/maps/place/TECNIMOTOR+Mec%C3%A1nica+Automotriz,+Scanner,+Baterias,+ABC+Motor/data=!4m7!3m6!1s0x91d58f1fde02bbe5:0x77f5b94b22621958!8m2!3d-0.0928129!4d-78.4299185!16s%2Fg%2F11cl_l51d4!19sChIJ5bsC3h-P1ZERWBliIku59Xc?authuser=0&hl=es-419&g_ep=EgoyMDI2MDkxNC4wIJJjKgBIAVAD&rclk=1"
"El Genio del Golpe","099 813 2258","","4","145","","ninguno","","true","Taller de reparación de automóviles","Av Diego Vásquez de Cepeda, 170144 Quito","La Mariscal, Quito","https://www.google.com/maps/place/El+Genio+del+Golpe/data=!4m7!3m6!1s0x91d5858464d6eebb:0xdfeaa19306dd50fc!8m2!3d-0.1047127!4d-78.4830202!16s%2Fg%2F11c3k2zq8t!19sChIJu-7WZISF1ZER_FDdBpOh6t8?authuser=0&hl=es-419&g_ep=EgoyMDI2MDkxNC4wIJJjKgBIAVAD&rclk=1"
"Auto Sky - Sucursal","096 314 6601","","3.6","23","https://www.facebook.com/autoskyec/","solo_red_social","","true","Proveedor de repuestos de carrocería de automóviles","Av. 6 de Diciembre y Av. El Inca N47-10 y, 170502 Quito","La Mariscal, Quito","https://www.google.com/maps/place/Auto+Sky+-+Sucursal/data=!4m7!3m6!1s0x91d59aa84b864d31:0x55298633af88b57d!8m2!3d-0.153128!4d-78.4764917!16s%2Fg%2F11hd1s76z_!19sChIJMU2GS6ia1ZERfbWIrzOGKVU?authuser=0&hl=es-419&g_ep=EgoyMDI2MDkxNC4wIJJjKgBIAVAD&rclk=1"
"TECNITRANS TRANSMISION AUTOMATICA","099 994 1160","","4.4","39","","ninguno","","true","Taller de reparación de automóviles","Solca, Calle Manzanos, e14-452, 170514 Quito","La Mariscal, Quito","https://www.google.com/maps/place/TECNITRANS+TRANSMISION+AUTOMATICA/data=!4m7!3m6!1s0x91d58ff1e64bd203:0x9cecb9b828f746b2!8m2!3d-0.1336747!4d-78.4644148!16s%2Fg%2F11gmyy2lyt!19sChIJA9JL5vGP1ZERskb3KLi57Jw?authuser=0&hl=es-419&g_ep=EgoyMDI2MDkxNC4wIJJjKgBIAVAD&rclk=1"
"Importadora Automotriz Arguello Cia. ltda.","(02) 224-1225","","4.3","122","https://importadoraarguello.com/","sitio_propio","","false","Tienda de repuestos para automóviles","RGQ7+V34, Av. de la Prensa, 170521 Quito","La Mariscal, Quito","https://www.google.com/maps/place/Importadora+Automotriz+Arguello+Cia.+ltda./data=!4m7!3m6!1s0x91d59abcb92a4487:0xd3758da0a1f82011!8m2!3d-0.1603509!4d-78.4873055!16s%2Fg%2F11csc9f1pd!19sChIJh0Qqubya1ZERESD4oaCNddM?authuser=0&hl=es-419&g_ep=EgoyMDI2MDkxNC4wIJJjKgBIAVAD&rclk=1"
"TECNIRUEDAS SA","(02) 249-3484","","3.9","19","","ninguno","","true","Taller de revisión de automóviles","San Francisco de Rumihurco N70-26 y Av. Occidental, 170103 Quito","La Mariscal, Quito","https://www.google.com/maps/place/TECNIRUEDAS+SA/data=!4m7!3m6!1s0x91d5859f5ce03383:0x1eafd94757c92ba2!8m2!3d-0.1064317!4d-78.4973117!16s%2Fg%2F11c581zsfl!19sChIJgzPgXJ-F1ZERoivJV0fZrx4?authuser=0&hl=es-419&g_ep=EgoyMDI2MDkxNC4wIJJjKgBIAVAD&rclk=1"
"Ing. J. Espinosa Z. S.A.S","(02) 350-0605","ventas@jespinosa.com.ec","4.7","29","http://www.jespinosa.com.ec/","sitio_propio","2025","false","Proveedor de equipos agrícolas","Avenida Galo Plaza Lasso n73-126 y Antonio Basantes","La Mariscal, Quito","https://www.google.com/maps/place/Ing.+J.+Espinosa+Z.+S.A.S/data=!4m7!3m6!1s0x91d58581cc47cd11:0xa47d5705e1096be5!8m2!3d-0.103413!4d-78.4737931!16s%2Fg%2F11ckr4mfjs!19sChIJEc1HzIGF1ZER5WsJ4QVXfaQ?authuser=0&hl=es-419&g_ep=EgoyMDI2MDkxNC4wIJJjKgBIAVAD&rclk=1"
"MC Automotriz","(02) 253-5643","","4.3","99","http://www.mcautomotriz.com.ec/","sitio_propio","","false","Taller mecánico","Huachi N63-290 y, José H. Figueroa y Figueroa N63-290, 170103 Quito","La Mariscal, Quito","https://www.google.com/maps/place/MC+Automotriz/data=!4m7!3m6!1s0x91d5851286d78f4d:0xca52ef47f659bcb2!8m2!3d-0.1193028!4d-78.5005676!16s%2Fg%2F12cplmy1t!19sChIJTY_XhhKF1ZERsrxZ9kfvUso?authuser=0&hl=es-419&g_ep=EgoyMDI2MDkxNC4wIJJjKgBIAVAD&rclk=1"
"Faros De Lujo Dc","098 741 9620","","4.6","73","https://es-la.facebook.com/farosdelujo.dc/","solo_red_social","","true","Tienda de accesorios para automóviles","Av. de la Prensa y Ángel Ludeña &, N58-385, 170301 Quito","La Mariscal, Quito","https://www.google.com/maps/place/Faros+De+Lujo+Dc/data=!4m7!3m6!1s0x91d5852405748025:0xf4d66b3750635525!8m2!3d-0.127675!4d-78.4941178!16s%2Fg%2F11g0zn4k_q!19sChIJJYB0BSSF1ZERJVVjUDdr1vQ?authuser=0&hl=es-419&g_ep=EgoyMDI2MDkxNC4wIJJjKgBIAVAD&rclk=1"
"Centro Automotriz Repuestos Ford Quito","099 994 2219","","4.1","50","","ninguno","","true","Tienda de repuestos para automóviles","Ave Jacinto Collahuazo S9-364, 170111 Quito","Centro Histórico, Quito","https://www.google.com/maps/place/Centro+Automotriz+Repuestos+Ford+Quito/data=!4m7!3m6!1s0x91d5994d27f73f1b:0x6ef50cbc19824652!8m2!3d-0.2405502!4d-78.5273391!16s%2Fg%2F11h4nl4frr!19sChIJGz_3J02Z1ZERUkaCGbwM9W4?authuser=0&hl=es-419&g_ep=EgoyMDI2MDkxNC4wIJJjKgBIAVAD&rclk=1"
"Importadora JR","(02) 228-8856","","4.2","18","http://www.importadorajr.com/","sitio_propio","","false","Tienda de repuestos para automóviles","C. Sucre E1-95, 170130 Quito","Centro Histórico, Quito","https://www.google.com/maps/place/Importadora+JR/data=!4m7!3m6!1s0x91d599860c1d198f:0x9b24ff85d702cd46!8m2!3d-0.224241!4d-78.5103675!16s%2Fg%2F11fd6rrf0t!19sChIJjxkdDIaZ1ZERRs0C14X_JJs?authuser=0&hl=es-419&g_ep=EgoyMDI2MDkxNC4wIJJjKgBIAVAD&rclk=1"
"AUTOIN","096 382 4452","su@email.com","4.4","27","https://www.autoin.ec/","sitio_propio","2024","false","Tienda de repuestos para automóviles","Jorge Washington E2-12, entre Paez y, Av. 10 de Agosto, 170129 Quito","Centro Histórico, Quito","https://www.google.com/maps/place/AUTOIN/data=!4m7!3m6!1s0x91d59a6699355559:0x376bf565774e10a1!8m2!3d-0.2050389!4d-78.4980938!16s%2Fg%2F1hdzs7xgy!19sChIJWVU1mWaa1ZERoRBOd2X1azc?authuser=0&hl=es-419&g_ep=EgoyMDI2MDkxNC4wIJJjKgBIAVAD&rclk=1"
"Automotriz el Arbolito","(02) 321-0683","","4.5","149","https://www.facebook.com/AutomotrizElArbolito/","solo_red_social","","true","Tienda de repuestos para automóviles","Humberto Albornoz y Atacames, 170521 Quito","Centro Histórico, Quito","https://www.google.com/maps/place/Automotriz+el+Arbolito/data=!4m7!3m6!1s0x91d59a5a848fd22f:0x8d1d55f0d8a366ef!8m2!3d-0.190593!4d-78.5088348!16s%2Fg%2F11c55k5c34!19sChIJL9KPhFqa1ZER72aj2PBVHY0?authuser=0&hl=es-419&g_ep=EgoyMDI2MDkxNC4wIJJjKgBIAVAD&rclk=1"
"Autorepuestos America","(02) 250-8682","","4.6","18","","ninguno","","true","Tienda de repuestos para automóviles","América N15, 170103 Quito","Centro Histórico, Quito","https://www.google.com/maps/place/Autorepuestos+America/data=!4m7!3m6!1s0x91d59b49bd5bf69f:0x792abba9fd0969b9!8m2!3d-0.2101239!4d-78.5038321!16s%2Fg%2F11g_xv6m_9!19sChIJn_ZbvUmb1ZERuWkJ_am7Knk?authuser=0&hl=es-419&g_ep=EgoyMDI2MDkxNC4wIJJjKgBIAVAD&rclk=1"
"Autorepuestos GABASA","(02) 331-7666","","4.3","478","https://www.autorepuestos-gabasa.com/","sitio_propio","","true","Tienda de repuestos para automóviles","Av. 10 de Agosto y y, 170521 Quito","Centro Histórico, Quito","https://www.google.com/maps/place/Autorepuestos+GABASA/data=!4m7!3m6!1s0x91d59aa32e545fa5:0xe124c6c80d524876!8m2!3d-0.1620414!4d-78.4860479!16s%2Fg%2F11dx9604hz!19sChIJpV9ULqOa1ZERdkhSDcjGJOE?authuser=0&hl=es-419&g_ep=EgoyMDI2MDkxNC4wIJJjKgBIAVAD&rclk=1"
"Mundo Automotriz","099 952 6729","","4.6","18","https://www.facebook.com/mundoautomotrizquito/","solo_red_social","","true","Tienda de repuestos para automóviles","Av. 6 de Diciembre y Capitán Ramón Borja N52-154 y, 170502 Quito","Centro Histórico, Quito","https://www.google.com/maps/place/Mundo+Automotriz/data=!4m7!3m6!1s0x91d58ff892030e11:0x5634969c58a4c47d!8m2!3d-0.1404705!4d-78.4738479!16s%2Fg%2F11hd1yz1w7!19sChIJEQ4DkviP1ZERfcSkWJyWNFY?authuser=0&hl=es-419&g_ep=EgoyMDI2MDkxNC4wIJJjKgBIAVAD&rclk=1"
"Repuestos Nippon","098 403 3658","","4.4","114","http://www.repuestosnippon.com/","sitio_propio","","true","Tienda de repuestos para automóviles","Av. de la Prensa y Nicolas Lopez N48-199 y, 170511 Quito","Centro Histórico, Quito","https://www.google.com/maps/place/Repuestos+Nippon/data=!4m7!3m6!1s0x91d59ab3bee46705:0x27c4a440e3414401!8m2!3d-0.1497812!4d-78.4905033!16s%2Fg%2F11b7q59m04!19sChIJBWfkvrOa1ZERAURB40CkxCc?authuser=0&hl=es-419&g_ep=EgoyMDI2MDkxNC4wIJJjKgBIAVAD&rclk=1"
"Centro Automotriz Godoy","099 836 1029","","4.8","6","","ninguno","","true","Tienda de repuestos para coches de carreras","Av. de la Prensa, 170521 Quito","Centro Histórico, Quito","https://www.google.com/maps/place/Centro+Automotriz+Godoy/data=!4m7!3m6!1s0x91d59abd2e6e167b:0xb7e5d448b678234c!8m2!3d-0.1630278!4d-78.4869638!16s%2Fg%2F1yg4f28j3!19sChIJexZuLr2a1ZERTCN4tkjU5bc?authuser=0&hl=es-419&g_ep=EgoyMDI2MDkxNC4wIJJjKgBIAVAD&rclk=1"
"ART REPUESTOS","099 804 7583","","4.7","30","https://www.facebook.com/profile.php?id=100049362112450","solo_red_social","","true","Comercio","0°08'39.0""S 78°28'06 1","Centro Histórico, Quito","https://www.google.com/maps/place/ART+REPUESTOS/data=!4m7!3m6!1s0x91d58ffc34ca861b:0x1697c22091d83f8c!8m2!3d-0.1496816!4d-78.4760144!16s%2Fg%2F11c3svq727!19sChIJG4bKNPyP1ZERjD_YkSDClxY?authuser=0&hl=es-419&g_ep=EgoyMDI2MDkxNC4wIJJjKgBIAVAD&rclk=1"
"Repuestos Areli","099 856 2951","","4.8","28","","ninguno","","true","Proveedor de repuestos para camiones","Av. 10 de Agosto, y y N44B, 170512 Quito","Centro Histórico, Quito","https://www.google.com/maps/place/Repuestos+Areli/data=!4m7!3m6!1s0x91d59bdaffe5e941:0x888fd056c683da68!8m2!3d-0.1586049!4d-78.4855245!16s%2Fg%2F11q1vdq_5h!19sChIJQenl_9qb1ZERaNqDxlbQj4g?authuser=0&hl=es-419&g_ep=EgoyMDI2MDkxNC4wIJJjKgBIAVAD&rclk=1"
"Hybrid Service","099 875 7928","cleon@hybrid-service.com","4.9","99","https://hybrid-service.com/","sitio_propio","2024","false","Taller de reparación de automóviles","Chediak, 170144 Quito","Centro Histórico, Quito","https://www.google.com/maps/place/Hybrid+Service/data=!4m7!3m6!1s0x91d58fd81b1f4471:0x2323449a46be2493!8m2!3d-0.1073254!4d-78.4716733!16s%2Fg%2F11h23m3p63!19sChIJcUQfG9iP1ZERkyS-RppEIyM?authuser=0&hl=es-419&g_ep=EgoyMDI2MDkxNC4wIJJjKgBIAVAD&rclk=1"
"Casa del Ruliman | Repuestos Automotrices e Industriales | Quito Prensa","098 590 0000","","4.4","110","http://www.casadelruliman.ec/","sitio_propio","","false","Tienda de repuestos para automóviles","170512, Quito","Centro Histórico, Quito","https://www.google.com/maps/place/Casa+del+Ruliman+%7C+Repuestos+Automotrices+e+Industriales+%7C+Quito+Prensa/data=!4m7!3m6!1s0x91d59a6249c0893b:0x8abba18e9d3404a7!8m2!3d-0.1648121!4d-78.487413!16s%2Fg%2F11bxd8gjp7!19sChIJO4nASWKa1ZERpwQ0nY6hu4o?authuser=0&hl=es-419&g_ep=EgoyMDI2MDkxNC4wIJJjKgBIAVAD&rclk=1"
"El Genuino Repuestos Inca","098 840 0000","","4.5","44","https://www.elgenuinorepuestos.com/","sitio_propio","","false","Tienda de repuestos para automóviles","De las Toronjas, 170502 Quito","Centro Histórico, Quito","https://www.google.com/maps/place/El+Genuino+Repuestos+Inca/data=!4m7!3m6!1s0x91d5919b809d6afd:0xa03919909349d96d!8m2!3d-0.1509428!4d-78.4720695!16s%2Fg%2F11kqrpkn7x!19sChIJ_WqdgJuR1ZERbdlJk5AZOaA?authuser=0&hl=es-419&g_ep=EgoyMDI2MDkxNC4wIJJjKgBIAVAD&rclk=1"
"Autocentro Repuestos Land Rover","(02) 243-6961","","4.9","15","","ninguno","","true","Proveedor de repuestos de carrocería de automóviles","Yasuní 44-257, 170502 Quito","Centro Histórico, Quito","https://www.google.com/maps/place/Autocentro+Repuestos+Land+Rover/data=!4m7!3m6!1s0x91d59a9f4e621ac3:0x7a92b27235419c08!8m2!3d-0.1655406!4d-78.4805808!16s%2Fg%2F11b8v9xpyh!19sChIJwxpiTp-a1ZERCJxBNXKykno?authuser=0&hl=es-419&g_ep=EgoyMDI2MDkxNC4wIJJjKgBIAVAD&rclk=1"
"JG Repuestos Automotrices","099 850 9969","","4.9","11","","ninguno","","true","Tienda de repuestos para automóviles","","Centro Histórico, Quito","https://www.google.com/maps/place/JG+Repuestos+Automotrices/data=!4m7!3m6!1s0x91d59007f5848857:0x1bcc2160bf7cf6d1!8m2!3d-1.3603287!4d-83.8954733!16s%2Fg%2F11hbbphnmk!19sChIJV4iE9QeQ1ZER0fZ8v2AhzBs?authuser=0&hl=es-419&g_ep=EgoyMDI2MDkxNC4wIJJjKgBIAVAD&rclk=1"
"Toyota Service - Importadora Tomebamba / Talleres / Repuestos","098 796 2994","info@tomebamba.com.ec","4.5","134","https://www.tomebamba.com.ec/","sitio_propio","2026","false","Taller de reparación de automóviles","Av. Occidental y Manuel Valdiviezo 48-210 y, 170104 Quito","Centro Histórico, Quito","https://www.google.com/maps/place/Toyota+Service+-+Importadora+Tomebamba+%2F+Talleres+%2F+Repuestos/data=!4m7!3m6!1s0x91d59ab58c88339b:0x51b0f0716c9e3060!8m2!3d-0.1497523!4d-78.4975601!16s%2Fg%2F11clstxrvh!19sChIJmzOIjLWa1ZERYDCebHHwsFE?authuser=0&hl=es-419&g_ep=EgoyMDI2MDkxNC4wIJJjKgBIAVAD&rclk=1"
"REGENSA","099 064 6038","ventas@regensa.com.ec","4.2","84","http://www.regensa.com.ec/","sitio_propio","","false","Tienda de repuestos para automóviles","Entre AVS. de la Prensa, Av el Inca, y y Av. 10 de Agosto Oe1-128, Quito","Centro Histórico, Quito","https://www.google.com/maps/place/REGENSA/data=!4m7!3m6!1s0x91d59bbf2fd597d1:0x3bdc3c4a00a0acf8!8m2!3d-0.1607819!4d-78.486711!16s%2Fg%2F11fkw9c891!19sChIJ0ZfVL7-b1ZER-KygAEo83Ds?authuser=0&hl=es-419&g_ep=EgoyMDI2MDkxNC4wIJJjKgBIAVAD&rclk=1"
"Repuestos Ford en Quito Ecuador, Importadora Sanchez Montoya, Almacen de repuestos Repuestos Ford Quito","098 344 4646","","4.6","27","https://importadorasanchezmontoya.com/","sitio_propio","2020","true","Tienda de repuestos para automóviles","Gral. Vicente Aguirre y Av. 10 de Agosto &, 170520 Quito","Centro Histórico, Quito","https://www.google.com/maps/place/Repuestos+Ford+en+Quito+Ecuador,+Importadora+Sanchez+Montoya,+Almacen+de+repuestos+Repuestos+Ford+Quito/data=!4m7!3m6!1s0x91d59bf71b218579:0x30d340755116391c!8m2!3d-0.1960862!4d-78.4958832!16s%2Fg%2F11p77ff211!19sChIJeYUhG_eb1ZERHDkWUXVA0zA?authuser=0&hl=es-419&g_ep=EgoyMDI2MDkxNC4wIJJjKgBIAVAD&rclk=1"
"Abcar Repuestos Originales S. A.","(02) 226-7148","ventas@abcar.com.ec","4.3","214","http://www.abcar.com.ec/","sitio_propio","2015","true","Tienda de repuestos para automóviles","Yasuní y Av. El Inca 369 y, 170138 Quito","Centro Histórico, Quito","https://www.google.com/maps/place/Abcar+Repuestos+Originales+S.+A./data=!4m7!3m6!1s0x91d59aa43e2edb05:0xe3f1304e1bd56414!8m2!3d-0.1588738!4d-78.4822236!16s%2Fg%2F11c6vf997m!19sChIJBdsuPqSa1ZERFGTVG04w8eM?authuser=0&hl=es-419&g_ep=EgoyMDI2MDkxNC4wIJJjKgBIAVAD&rclk=1"
"Repuestos automotrices Electroauto Frank","099 905 0197","","4.7","14","","ninguno","","true","Servicio de reparación de sistemas eléctricos para automóviles","De los Guabos, Y y Pedro Izquierdo E10-137, 170502 Quito","Centro Histórico, Quito","https://www.google.com/maps/place/Repuestos+automotrices+Electroauto+Frank/data=!4m7!3m6!1s0x91d59aaaa10b4e5f:0x8aa3014cb93d2b36!8m2!3d-0.1532316!4d-78.4739541!16s%2Fg%2F11gphl9fls!19sChIJX04Loaqa1ZERNis9uUwBo4o?authuser=0&hl=es-419&g_ep=EgoyMDI2MDkxNC4wIJJjKgBIAVAD&rclk=1"
"TALLERES SIAMOTORS, Reparación y Mantenimiento Automotriz","099 257 6718","","4.8","53","https://talleresiamotors.com/","sitio_propio","2024","false","Taller mecánico","Pje. N3A 238, 170202 Quito","Centro Histórico, Quito","https://www.google.com/maps/place/TALLERES+SIAMOTORS,+Reparaci%C3%B3n+y+Mantenimiento+Automotriz/data=!4m7!3m6!1s0x91d58fd04c200a77:0xe628bef8f7a07f32!8m2!3d-0.1000246!4d-78.4257504!16s%2Fg%2F11fqxb60vl!19sChIJdwogTNCP1ZERMn-g9_i-KOY?authuser=0&hl=es-419&g_ep=EgoyMDI2MDkxNC4wIJJjKgBIAVAD&rclk=1"
"Lubri Repuestos Granizo","(02) 254-1325","","3.9","182","http://www.lubrirepuestosgranizo.amawebs.com///","sitio_propio","2026","false","Tienda de repuestos para automóviles","Versalles y Cristóbal de Acuña 114 y, 170520 Quito","Centro Histórico, Quito","https://www.google.com/maps/place/Lubri+Repuestos+Granizo/data=!4m7!3m6!1s0x91d59a67d74f40d7:0x9f369e1f6f52613c!8m2!3d-0.1917267!4d-78.4954679!16s%2Fg%2F11g8vpy4z9!19sChIJ10BP12ea1ZERPGFSbx-eNp8?authuser=0&hl=es-419&g_ep=EgoyMDI2MDkxNC4wIJJjKgBIAVAD&rclk=1"
"AUTOMOTRIZ ALTAMIRANO NAVAS","099 617 2111","","3.7","29","","ninguno","","true","Tienda de repuestos para automóviles","Av. Ladrón de Guevara E12-253, 170143 Quito","La Floresta, Quito","https://www.google.com/maps/place/AUTOMOTRIZ+ALTAMIRANO+NAVAS/data=!4m7!3m6!1s0x91d59a1ae708d3ff:0x386f34002fc0f3ac!8m2!3d-0.212644!4d-78.4881044!16s%2Fg%2F11gmj4_px2!19sChIJ_9MI5xqa1ZERrPPALwA0bzg?authuser=0&hl=es-419&g_ep=EgoyMDI2MDkxNC4wIJJjKgBIAVAD&rclk=1"
"Auto Lujos Top Car G.B","098 365 5373","","4.4","184","https://instagram.com/topcargb?igshid=YmMyMTA2M2Y=","solo_red_social","","true","Tienda de accesorios para automóviles","QGP6+WRH, Av. Ladrón de Guevara, 170143 Quito","La Floresta, Quito","https://www.google.com/maps/place/Auto+Lujos+Top+Car+G.B/data=!4m7!3m6!1s0x91d59a05975716b9:0x5e860537105e0d59!8m2!3d-0.212696!4d-78.4878952!16s%2Fg%2F11g1p2nplk!19sChIJuRZXlwWa1ZERWQ1eEDcFhl4?authuser=0&hl=es-419&g_ep=EgoyMDI2MDkxNC4wIJJjKgBIAVAD&rclk=1"
"GONZAUTO Mecánica Automotriz","098 350 5705","","4.9","37","https://www.facebook.com/GONZAUTO.Mecanica.Automotriz/","solo_red_social","","true","Tienda de automovilismo","JUNTO AL UPC PONCEANO ALTO Esquina, 0E2D, Mariano Paredes y N73 72-155, 170310 Quito","González Suárez, Quito","https://www.google.com/maps/place/GONZAUTO+Mec%C3%A1nica+Automotriz/data=!4m7!3m6!1s0x91d5858b9b7208ab:0x96a703e6c8c70dcd!8m2!3d-0.1011893!4d-78.4810477!16s%2Fg%2F11gn1vtzff!19sChIJqwhym4uF1ZERzQ3HyOYDp5Y?authuser=0&hl=es-419&g_ep=EgoyMDI2MDkxNC4wIJJjKgBIAVAD&rclk=1"
"Freisacar Group Sas","","","4.6","19","","ninguno","","true","Tienda de repuestos para automóviles","WH3C+H8C, 170202 Quito","González Suárez, Quito","https://www.google.com/maps/place/Freisacar+Group+Sas/data=!4m7!3m6!1s0x91d58ee1f89d57c7:0xf83c5c162ad78666!8m2!3d-0.0960503!4d-78.4292323!16s%2Fg%2F11tsjyqyjd!19sChIJx1ed-OGO1ZERZobXKhZcPPg?authuser=0&hl=es-419&g_ep=EgoyMDI2MDkxNC4wIJJjKgBIAVAD&rclk=1"
"AUTO GOLD","098 085 9323","","4.9","124","","ninguno","","true","Tienda de repuestos para automóviles","Avenida 10 de Agosto N35-77 (4709) e Ignacio San María, 170521 Quito","González Suárez, Quito","https://www.google.com/maps/place/AUTO+GOLD/data=!4m7!3m6!1s0x91d59b423418ff57:0xaa3e8a5b88d85013!8m2!3d-0.1793054!4d-78.489347!16s%2Fg%2F11bxg4n0lk!19sChIJV_8YNEKb1ZERE1DYiFuKPqo?authuser=0&hl=es-419&g_ep=EgoyMDI2MDkxNC4wIJJjKgBIAVAD&rclk=1"
"Rodarepuestos Tumbaco","(02) 237-8650","","4.4","23","","ninguno","","true","Tienda de repuestos para automóviles","QJM2+9WG, Federico González Suárez, 170903 Quito","González Suárez, Quito","https://www.google.com/maps/place/Rodarepuestos+Tumbaco/data=!4m7!3m6!1s0x91d5914db833a2a5:0x9b13b0b184f4da55!8m2!3d-0.2165668!4d-78.3976704!16s%2Fg%2F11gw35gdd8!19sChIJpaIzuE2R1ZERVdr0hLGwE5s?authuser=0&hl=es-419&g_ep=EgoyMDI2MDkxNC4wIJJjKgBIAVAD&rclk=1"
"ECOREPUESTOS TUMBACO","099 582 1364","","5","104","https://www.ecorepuestos.ec/","sitio_propio","2023","false","Tienda de repuestos para automóviles","Av. Oswaldo Guayasamín, 170903 Quito","González Suárez, Quito","https://www.google.com/maps/place/ECOREPUESTOS+TUMBACO/data=!4m7!3m6!1s0x91d591b91eb140fb:0x809d2b6d7dfb02fc!8m2!3d-0.2077672!4d-78.3828748!16s%2Fg%2F11xg8bgclh!19sChIJ-0CxHrmR1ZER_AL7fW0rnYA?authuser=0&hl=es-419&g_ep=EgoyMDI2MDkxNC4wIJJjKgBIAVAD&rclk=1"
"Autojapon Honda Subaru","098 703 8728","","4.4","105","https://autojaponecuador.com/","sitio_propio","2026","false","Tienda de repuestos para automóviles","Av. Río Amazonas y De la Canela E1-28 y, 170135 Quito","González Suárez, Quito","https://www.google.com/maps/place/Autojapon+Honda+Subaru/data=!4m7!3m6!1s0x91d59aa51e646791:0x7248a3df64bc44c7!8m2!3d-0.157711!4d-78.4847956!16s%2Fg%2F11f2jrc3r1!19sChIJkWdkHqWa1ZERx0S8ZN-jSHI?authuser=0&hl=es-419&g_ep=EgoyMDI2MDkxNC4wIJJjKgBIAVAD&rclk=1"
"Automil Repuestos","099 369 8987","","4.4","30","http://www.automilrepuestos.ec/","sitio_propio","","false","Tienda de repuestos para coches de carreras","Avenue Alonso de Angulo Oe2-384, 170601 Quito","González Suárez, Quito","https://www.google.com/maps/place/Automil+Repuestos/data=!4m7!3m6!1s0x91d5990602c9f5e1:0xd8163c3b99d97e54!8m2!3d-0.2480647!4d-78.5268164!16s%2Fg%2F11gmgfyptz!19sChIJ4fXJAgaZ1ZERVH7ZmTs8Ftg?authuser=0&hl=es-419&g_ep=EgoyMDI2MDkxNC4wIJJjKgBIAVAD&rclk=1"
"El Genuino Repuestos Tumbaco","099 473 7645","","5","20","https://www.elgenuinorepuestos.com/","sitio_propio","","false","Tienda de repuestos para automóviles","Av. Oswaldo Guayasamín y Pasaje H, 170902 Quito","González Suárez, Quito","https://www.google.com/maps/place/El+Genuino+Repuestos+Tumbaco/data=!4m7!3m6!1s0x91d591477d97dd7d:0xec3e0104a1540ebb!8m2!3d-0.2124671!4d-78.388003!16s%2Fg%2F11x5hv0d4q!19sChIJfd2XfUeR1ZERuw5UoQQBPuw?authuser=0&hl=es-419&g_ep=EgoyMDI2MDkxNC4wIJJjKgBIAVAD&rclk=1"
"Distribuidora Automotriz Bolaños Sur","(02) 263-6737","","4.5","75","","ninguno","","true","Tienda de piezas de automóvil","Av. Mariscal Sucre S24-206 y, 170132 Quito","González Suárez, Quito","https://www.google.com/maps/place/Distribuidora+Automotriz+Bola%C3%B1os+Sur/data=!4m7!3m6!1s0x91d598db3241c703:0xda849f47b2d43291!8m2!3d-0.2656906!4d-78.551029!16s%2Fg%2F11fxwqcp31!19sChIJA8dBMtuY1ZERkTLUskefhNo?authuser=0&hl=es-419&g_ep=EgoyMDI2MDkxNC4wIJJjKgBIAVAD&rclk=1"
"REPUESTOS HONDA 1","099 516 1915","","4.6","30","http://www.autohondaecuador.com/","sitio_propio","","false","Proveedor de repuestos de carrocería de automóviles","Av. 10 de Agosto y Av. Naciones Unidas N36-219 y, 170521 Quito","González Suárez, Quito","https://www.google.com/maps/place/REPUESTOS+HONDA+1/data=!4m7!3m6!1s0x91d59a8fa591651f:0x669e6d030451dc7a!8m2!3d-0.1756245!4d-78.488677!16s%2Fg%2F11csp82k3q!19sChIJH2WRpY-a1ZERetxRBANtnmY?authuser=0&hl=es-419&g_ep=EgoyMDI2MDkxNC4wIJJjKgBIAVAD&rclk=1"
"GRUPO RECALFRENO","097 955 9347","contacto@recalfreno.com","4.6","66","http://www.recalfreno.com/","sitio_propio","","false","Tienda de repuestos para automóviles","sector Puente 3, Av. Gral. Rumiñahui, 170803 Quito","González Suárez, Quito","https://www.google.com/maps/place/GRUPO+RECALFRENO/data=!4m7!3m6!1s0x91d5a3530b073e11:0xb7d8a17fb8a04b18!8m2!3d-0.2617655!4d-78.487829!16s%2Fg%2F11b5wkr5qf!19sChIJET4HC1Oj1ZERGEuguH-h2Lc?authuser=0&hl=es-419&g_ep=EgoyMDI2MDkxNC4wIJJjKgBIAVAD&rclk=1"
"El Genuino Repuestos","098 840 0000","","4.6","162","http://www.elgenuinorepuestos.com/","sitio_propio","","false","Tienda de repuestos para automóviles","Mariscal Sucre S25-130 y Taisha, 170623 Quito","González Suárez, Quito","https://www.google.com/maps/place/El+Genuino+Repuestos/data=!4m7!3m6!1s0x91d598c4fec4728d:0xaf4118aa19ca6d06!8m2!3d-0.2680075!4d-78.5516132!16s%2Fg%2F11c1nd1jwn!19sChIJjXLE_sSY1ZERBm3KGaoYQa8?authuser=0&hl=es-419&g_ep=EgoyMDI2MDkxNC4wIJJjKgBIAVAD&rclk=1"
"FREISACAR SUR","099 811 1240","comercial@freisacar.com.ec","3.5","11","https://www.freisacar.com.ec/productos/","sitio_propio","2022","false","Proveedor de repuestos de carrocería de automóviles","Guanando y Cusubamba S25-296, 162401 Quito","González Suárez, Quito","https://www.google.com/maps/place/FREISACAR+SUR/data=!4m7!3m6!1s0x91d599268d7e22bf:0xd4b991dc7d66c272!8m2!3d-0.2704421!4d-78.547857!16s%2Fg%2F11tggrcfny!19sChIJvyJ-jSaZ1ZERcsJmfdyRudQ?authuser=0&hl=es-419&g_ep=EgoyMDI2MDkxNC4wIJJjKgBIAVAD&rclk=1"
"DISAC MOTOS MECÁNICA INYECCIÓN ELECTRÓNICA CARAPUNGO CALDERÓN TALLER DE MOTOS","","","4.8","40","","ninguno","","true","Taller mecánico","Alcalá, 170204 Quito","Cumbayá, Quito","https://www.google.com/maps/place/DISAC+MOTOS+MEC%C3%81NICA+INYECCI%C3%93N+ELECTR%C3%93NICA+CARAPUNGO+CALDER%C3%93N+TALLER+DE+MOTOS/data=!4m7!3m6!1s0x91d58f31e29b2fcb:0x297c21c0f23f6f42!8m2!3d-0.0880615!4d-78.445829!16s%2Fg%2F11smtr0l7p!19sChIJyy-b4jGP1ZERQm8_8sAhfCk?authuser=0&hl=es-419&g_ep=EgoyMDI2MDkxNC4wIJJjKgBIAVAD&rclk=1"
"Mecanica Automotriz Dejaza","099 147 9827","","3.6","21","https://www.facebook.com/tecnicentroautomotrizdejaza","solo_red_social","","true","Taller de reparación de automóviles","Av. Carlos Mantilla, y y La Rotonda, 170203 Quito","Cumbayá, Quito","https://www.google.com/maps/place/Mecanica+Automotriz+Dejaza/data=!4m7!3m6!1s0x91d588d2245ecca7:0xc369567b208f19da!8m2!3d-0.0737539!4d-78.4346194!16s%2Fg%2F11hblcy08m!19sChIJp8xeJNKI1ZER2hmPIHtWacM?authuser=0&hl=es-419&g_ep=EgoyMDI2MDkxNC4wIJJjKgBIAVAD&rclk=1"
"Android Taller Automotriz Multimarca","099 852 1482","","4.7","18","","ninguno","","true","Taller mecánico","Avenida Eloy Alfaro N66-101 entre De los Eucaliptos y, Manuel Ambrosi, 170307 Quito","Cumbayá, Quito","https://www.google.com/maps/place/Android+Taller+Automotriz+Multimarca/data=!4m7!3m6!1s0x91d58f8ecd114f3d:0x933d08bed68775a!8m2!3d-0.1178469!4d-78.4725514!16s%2Fg%2F11h7flktcb!19sChIJPU8RzY6P1ZERWndo7YvQMwk?authuser=0&hl=es-419&g_ep=EgoyMDI2MDkxNC4wIJJjKgBIAVAD&rclk=1"
"Automotores Continental Cumbayá","1800 141 414","","4.3","266","http://www.automotorescontinental.com/?utm_source=google&utm_medium=banner&utm_id=business","sitio_propio","","false","Concesionario Chevrolet","Av. Oswaldo Guayasamín, 170157 Quito","Cumbayá, Quito","https://www.google.com/maps/place/Automotores+Continental+Cumbay%C3%A1/data=!4m7!3m6!1s0x91d591bb8c9de9ff:0xa350e4fa3a7bea7b!8m2!3d-0.1965656!4d-78.4415869!16s%2Fg%2F11c1sjndhp!19sChIJ_-mdjLuR1ZERe-p7OvrkUKM?authuser=0&hl=es-419&g_ep=EgoyMDI2MDkxNC4wIJJjKgBIAVAD&rclk=1"
"Llanticentro Quito","098 616 9056","","4.4","83","https://llanticentro.ec/","sitio_propio","","false","Tienda de neumáticos","N72 y Av Diego Vásquez de Cepeda 104, 170301 Quito","Cumbayá, Quito","https://www.google.com/maps/place/Llanticentro+Quito/data=!4m7!3m6!1s0x91d585859a9c6de7:0xf1525e23ee2b0950!8m2!3d-0.1011319!4d-78.4831565!16s%2Fg%2F11c30tw2fv!19sChIJ522cmoWF1ZERUAkr7iNeUvE?authuser=0&hl=es-419&g_ep=EgoyMDI2MDkxNC4wIJJjKgBIAVAD&rclk=1"
"Gamapartes Sucursal Tumbaco","099 275 8855","ventas@gamapartes.com","4.8","137","http://www.gamapartes.com/","sitio_propio","2023","false","Tienda de accesorios para automóviles","Av Oswaldo Guayasamin y Federico Gonzalez Suarez, 170902","Tumbaco, Quito","https://www.google.com/maps/place/Gamapartes+Sucursal+Tumbaco/data=!4m7!3m6!1s0x91d5918cfed34627:0xd7e2dbc8a0cfa60d!8m2!3d-0.2108523!4d-78.4137599!16s%2Fg%2F11fb38hkb0!19sChIJJ0bT_oyR1ZERDabPoMjb4tc?authuser=0&hl=es-419&g_ep=EgoyMDI2MDkxNC4wIJJjKgBIAVAD&rclk=1"
"Guaranda Figueroa Tumbaco","(02) 237-8242","s&#101;&#114;&#118;ici&#111;a&#108;&#99;&#108;&#105;&#101;&#110;te&#64;r&#101;p&#117;esto&#115;&#103;&#117;ara&#110;&#100;&#97;&#102;&#105;&#103;&#117;&#101;&#114;oa&#46;c&#111;&#109;","4.2","168","http://www.gfautomotriz.com/","sitio_propio","","false","Proveedor de repuestos de carrocería de automóviles","Km 17½, Av. Oswaldo Guayasamín, 170175 Quito","Tumbaco, Quito","https://www.google.com/maps/place/Guaranda+Figueroa+Tumbaco/data=!4m7!3m6!1s0x91d591577666a203:0x189c41f6e3fac19c!8m2!3d-0.2115088!4d-78.3872222!16s%2Fg%2F11g6xwzvv8!19sChIJA6JmdleR1ZERnMH64_ZBnBg?authuser=0&hl=es-419&g_ep=EgoyMDI2MDkxNC4wIJJjKgBIAVAD&rclk=1"
"Mansuera Tumbaco","(02) 264-4273","","4.5","76","http://www.mansuera.com/","sitio_propio","","false","Tienda de repuestos para automóviles","Av. Interoceánica Oe4-67 KM 14,5 y eloy alfaro (frente a Petrocomercial), 170184 Quito","Tumbaco, Quito","https://www.google.com/maps/place/Mansuera+Tumbaco/data=!4m7!3m6!1s0x91d5919aff5e6957:0x5bfd90cd558df20b!8m2!3d-0.212878!4d-78.410941!16s%2Fg%2F11glc2px8b!19sChIJV2le_5qR1ZERC_KNVc2Q_Vs?authuser=0&hl=es-419&g_ep=EgoyMDI2MDkxNC4wIJJjKgBIAVAD&rclk=1"
"Tumbaco Motors","096 804 4371","","4.2","84","","ninguno","","true","Tienda de repuestos para automóviles","QJP7+V3G P&S, E28C, 170184 Quito","Tumbaco, Quito","https://www.google.com/maps/place/Tumbaco+Motors/data=!4m7!3m6!1s0x91d591570537e9b9:0xa6581f2637a3f0e3!8m2!3d-0.2124033!4d-78.3877253!16s%2Fg%2F11bccgmpm9!19sChIJuek3BVeR1ZER4_CjNyYfWKY?authuser=0&hl=es-419&g_ep=EgoyMDI2MDkxNC4wIJJjKgBIAVAD&rclk=1"
"Repuestos Tumbaco Ubika Autoparts","098 735 3302","info@mysite.com; ubika_autoparts@hotmail.com; ejemplo@misitio.com","4.4","16","https://ubikaautoparts.wixsite.com/ubikaautoparts","sitio_propio","","false","Tienda de repuestos para automóviles","Av. Oswaldo Guayasamín, 170184 Quito","Tumbaco, Quito","https://www.google.com/maps/place/Repuestos+Tumbaco+Ubika+Autoparts/data=!4m7!3m6!1s0x91d59477bcad0e1b:0x153bb9bb32135ac8!8m2!3d-0.205941!4d-78.3797394!16s%2Fg%2F11cs39m7pd!19sChIJGw6tvHeU1ZERyFoTMru5OxU?authuser=0&hl=es-419&g_ep=EgoyMDI2MDkxNC4wIJJjKgBIAVAD&rclk=1"
"GT Autorepuestos - Tumbaco","099 350 2935","","5","24","https://www.gtautorepuestos.com.ec/","sitio_propio","2026","false","Taller de reparación de automóviles","Av. Oswaldo Guayasamín y C. Rumiñahui &, 170184 Quito","Tumbaco, Quito","https://www.google.com/maps/place/GT+Autorepuestos+-+Tumbaco/data=!4m7!3m6!1s0x91d59115475b75c3:0xfb226fb36e46af5d!8m2!3d-0.2144306!4d-78.3907077!16s%2Fg%2F11y3d8c2bl!19sChIJw3VbRxWR1ZERXa9GbrNvIvs?authuser=0&hl=es-419&g_ep=EgoyMDI2MDkxNC4wIJJjKgBIAVAD&rclk=1"
"Autorepuestos Carrera","(02) 237-7904","","4.6","33","","ninguno","","true","Tienda de repuestos para automóviles","E28C, 170184 Quito","Tumbaco, Quito","https://www.google.com/maps/place/Autorepuestos+Carrera/data=!4m7!3m6!1s0x91d5913638d71f05:0x812416eaf7b2fdf0!8m2!3d-0.2139133!4d-78.4079768!16s%2Fg%2F11g6p0mz77!19sChIJBR_XODaR1ZER8P2y9-oWJIE?authuser=0&hl=es-419&g_ep=EgoyMDI2MDkxNC4wIJJjKgBIAVAD&rclk=1"
"El Carro Chino Tumbaco","","","4.1","11","","ninguno","","true","Tienda de repuestos para automóviles","Av. Oswaldo Guayasamín y Av. Universitaria N5-150 y, 170184 Quito","Tumbaco, Quito","https://www.google.com/maps/place/El+Carro+Chino+Tumbaco/data=!4m7!3m6!1s0x91d59139c073bfcd:0xcc890f760af3b6c1!8m2!3d-0.2114835!4d-78.3868105!16s%2Fg%2F11smhtcggs!19sChIJzb9zwDmR1ZERwbbzCnYPicw?authuser=0&hl=es-419&g_ep=EgoyMDI2MDkxNC4wIJJjKgBIAVAD&rclk=1"
"Repuestos Ford Tumbaco","098 397 8528","","4.5","6","","ninguno","","true","Tienda de repuestos para automóviles","E28C 23, 170184 Quito","Tumbaco, Quito","https://www.google.com/maps/place/Repuestos+Ford+Tumbaco/data=!4m7!3m6!1s0x91d593accc41ccf1:0x784023c26f768400!8m2!3d-0.2073386!4d-78.3817362!16s%2Fg%2F11nlch6yp2!19sChIJ8cxBzKyT1ZERAIR2b8IjQHg?authuser=0&hl=es-419&g_ep=EgoyMDI2MDkxNC4wIJJjKgBIAVAD&rclk=1"
"AUTOVALLEY","(02) 237-0559","","3.8","108","","ninguno","","true","Taller de automóviles","QHMV+888, 170184 Quito","Tumbaco, Quito","https://www.google.com/maps/place/AUTOVALLEY/data=!4m7!3m6!1s0x91d591358ac8d125:0xe77652eebdb56010!8m2!3d-0.2167155!4d-78.406662!16s%2Fg%2F1yg585yr0!19sChIJJdHIijWR1ZEREGC1ve5Sduc?authuser=0&hl=es-419&g_ep=EgoyMDI2MDkxNC4wIJJjKgBIAVAD&rclk=1"
"AUTO LUJOS TUMBACO","097 911 9635","","4.8","14","","ninguno","","true","Servicio de reparación de sistemas eléctricos para automóviles","170184 Quito","Tumbaco, Quito","https://www.google.com/maps/place/AUTO+LUJOS+TUMBACO/data=!4m7!3m6!1s0x91d593cfa86793c9:0x24173ce5e7b47292!8m2!3d-0.2074083!4d-78.3817128!16s%2Fg%2F11rssck68j!19sChIJyZNnqM-T1ZERknK05-U8FyQ?authuser=0&hl=es-419&g_ep=EgoyMDI2MDkxNC4wIJJjKgBIAVAD&rclk=1"
"Repuestos Peugeot Jaime Páez RP","099 592 8993","jpaezrp@hotmail.com","4.5","11","http://www.peugeotjpaez.com/","sitio_propio","","false","Tienda de repuestos para automóviles","Tumbaco. Av Interoceanica, Oe4-82 Y Rodrigo Nuñez Junto a la gasolinera Petrocomercial Macelino, 170903 Quito","Tumbaco, Quito","https://www.google.com/maps/place/Repuestos+Peugeot+Jaime+P%C3%A1ez+RP/data=!4m7!3m6!1s0x91d5913719d26d6f:0xc9a59caf5ea29310!8m2!3d-0.2124048!4d-78.4110311!16s%2Fg%2F11f64cryyh!19sChIJb23SGTeR1ZEREJOiXq-cpck?authuser=0&hl=es-419&g_ep=EgoyMDI2MDkxNC4wIJJjKgBIAVAD&rclk=1"
"Tumbaco Motors Sucursal","099 838 5442","","4.6","9","","ninguno","","true","Tienda de repuestos para automóviles","Av. Interoceánica Oe3-384, 170906 Quito","Tumbaco, Quito","https://www.google.com/maps/place/Tumbaco+Motors+Sucursal/data=!4m7!3m6!1s0x91d59477bc13ca9d:0x73f12856344e1be!8m2!3d-0.2213784!4d-78.3518295!16s%2Fg%2F11fgl9qzzn!19sChIJncoTvHeU1ZERvuFEY4USPwc?authuser=0&hl=es-419&g_ep=EgoyMDI2MDkxNC4wIJJjKgBIAVAD&rclk=1"
"1800 Baterias Cumbaya Tumbaco","099 489 6622","dipoauto@1800baterias.com%20; dipoauto@1800baterias.com","5","27","https://1800baterias.com/","sitio_propio","2025","false","Tienda de baterías para automóvil","Av. Oswaldo Guayasamín, 170901 Quito","Tumbaco, Quito","https://www.google.com/maps/place/1800+Baterias+Cumbaya+Tumbaco/data=!4m7!3m6!1s0x91d591a313508dd5:0x562c3091e67304fe!8m2!3d-0.21181!4d-78.412956!16s%2Fg%2F11fmp9qf_b!19sChIJ1Y1QE6OR1ZER_gRz5pEwLFY?authuser=0&hl=es-419&g_ep=EgoyMDI2MDkxNC4wIJJjKgBIAVAD&rclk=1"
"RAPI-FRENOS","(02) 237-3058","","3.7","138","","ninguno","","true","Taller de automóviles","QHMR+W8F, 170184 Quito","Tumbaco, Quito","https://www.google.com/maps/place/RAPI-FRENOS/data=!4m7!3m6!1s0x91d59136797a1d39:0x9f4e6d45ce1ebff0!8m2!3d-0.2151874!4d-78.4092129!16s%2Fg%2F11c5zvlh77!19sChIJOR16eTaR1ZER8L8ezkVtTp8?authuser=0&hl=es-419&g_ep=EgoyMDI2MDkxNC4wIJJjKgBIAVAD&rclk=1"
"Taller automotriz Mega Taller Ec","099 902 0557","","4.7","50","https://megatallerec.netlify.app/","sitio_propio","","false","Taller de automóviles","170184 Quito","Tumbaco, Quito","https://www.google.com/maps/place/Taller+automotriz+Mega+Taller+Ec/data=!4m7!3m6!1s0x91d5911cc47a6c73:0x10cc32f8b0349349!8m2!3d-0.2128179!4d-78.3872939!16s%2Fg%2F11jz9_jsb9!19sChIJc2x6xByR1ZERSZM0sPgyzBA?authuser=0&hl=es-419&g_ep=EgoyMDI2MDkxNC4wIJJjKgBIAVAD&rclk=1"
"Mecánica Tecni Auto Tumbaco","099 048 0646","","4.4","16","","ninguno","","true","Taller de reparación de automóviles","170184 Quito","Tumbaco, Quito","https://www.google.com/maps/place/Mec%C3%A1nica+Tecni+Auto+Tumbaco/data=!4m7!3m6!1s0x91d5914bbbff2cd7:0x1939102897ed0fc3!8m2!3d-0.2143214!4d-78.4078088!16s%2Fg%2F1ydpvbpfg!19sChIJ1yz_u0uR1ZERww_tlygQORk?authuser=0&hl=es-419&g_ep=EgoyMDI2MDkxNC4wIJJjKgBIAVAD&rclk=1"
"Super Freno Tumbaco","099 509 8272","","4.6","49","http://www.superfrenoecuador.com/","sitio_propio","2026","false","Taller mecánico","E28C Y, C. Boyaca, 170184 Quito","Tumbaco, Quito","https://www.google.com/maps/place/Super+Freno+Tumbaco/data=!4m7!3m6!1s0x91d59193359a844f:0xf1255818a9d3a29f!8m2!3d-0.2143016!4d-78.3902601!16s%2Fg%2F11h650j_ft!19sChIJT4SaNZOR1ZERn6LTqRhYJfE?authuser=0&hl=es-419&g_ep=EgoyMDI2MDkxNC4wIJJjKgBIAVAD&rclk=1"
"AZ LLANTAS TUMBACO","099 385 6305","","4.3","10","","ninguno","","true","Tienda de neumáticos","Av. Oswaldo Guayasamín, 170903 Quito","Tumbaco, Quito","https://www.google.com/maps/place/AZ+LLANTAS+TUMBACO/data=!4m7!3m6!1s0x91d59157058800d3:0xecfe65f2e0f7e2a5!8m2!3d-0.2123133!4d-78.3876593!16s%2Fg%2F11f124533s!19sChIJ0wCIBVeR1ZERpeL34PJl_uw?authuser=0&hl=es-419&g_ep=EgoyMDI2MDkxNC4wIJJjKgBIAVAD&rclk=1"
"Total Fix","098 443 2002","","3.9","39","https://instagram.com/totalfix?utm_medium=copy_link","solo_red_social","","true","Taller de reparación de automóviles","Av. Oswaldo Guayasamín, 170184 Quito","Tumbaco, Quito","https://www.google.com/maps/place/Total+Fix/data=!4m7!3m6!1s0x91d5911eec82c5b5:0xd39e16825fabae99!8m2!3d-0.2171369!4d-78.4018859!16s%2Fg%2F11q8v_kd2s!19sChIJtcWC7B6R1ZERma6rX4IWntM?authuser=0&hl=es-419&g_ep=EgoyMDI2MDkxNC4wIJJjKgBIAVAD&rclk=1"
"Mecanica Olmedo Bros","098 477 1042","","4.7","15","","ninguno","","true","Taller de reparación de automóviles","QJMG+QFR, Unnamed Road, 170184 Quito","Tumbaco, Quito","https://www.google.com/maps/place/Mecanica+Olmedo+Bros/data=!4m7!3m6!1s0x91d593218247200b:0x6001697cae1e301e!8m2!3d-0.2155036!4d-78.3738466!16s%2Fg%2F11f6yb7djc!19sChIJCyBHgiGT1ZERHjAernxpAWA?authuser=0&hl=es-419&g_ep=EgoyMDI2MDkxNC4wIJJjKgBIAVAD&rclk=1"
"Lubri Servicios SO, Mecanica Automotríz, Lavadora y Lubricadora de Autos,","(02) 237-4706","","4.4","8","http://lubriserviciosso.amawebs.com/","sitio_propio","2026","false","Servicio de lavado de coches","QJQ7+MJC, Av. Universitaria, 170902 Quito","Tumbaco, Quito","https://www.google.com/maps/place/Lubri+Servicios+SO,+Mecanica+Automotr%C3%ADz,+Lavadora+y+Lubricadora+de+Autos,/data=!4m7!3m6!1s0x91d591578c003d2d:0xd9c34ccfab8b1f4a!8m2!3d-0.2108078!4d-78.3859957!16s%2Fg%2F11ffm50j06!19sChIJLT0AjFeR1ZERSh-Lq89Mw9k?authuser=0&hl=es-419&g_ep=EgoyMDI2MDkxNC4wIJJjKgBIAVAD&rclk=1"
"Taller COKY MOTOR (Mecánica Automotriz)","099 287 1504","cokymotors@gmail.com; cumbaya@cokymotor.com; tumbaco@cokymotor.com","5","49","https://cokymotor.com/","sitio_propio","","false","Taller mecánico","Río Agoyan, 170184 Quito","Tumbaco, Quito","https://www.google.com/maps/place/Taller+COKY+MOTOR+%28Mec%C3%A1nica+Automotriz%29/data=!4m7!3m6!1s0x91d593c4e9a27153:0x9eda4859aacce014!8m2!3d-0.206771!4d-78.3813192!16s%2Fg%2F11rsc1y5xd!19sChIJU3Gi6cST1ZERFODMqllI2p4?authuser=0&hl=es-419&g_ep=EgoyMDI2MDkxNC4wIJJjKgBIAVAD&rclk=1"
"QMotors Autoservice","098 728 4340","","4.8","41","","ninguno","","true","Taller de automóviles","De los cipreces, 170903 Quito","Tumbaco, Quito","https://www.google.com/maps/place/QMotors+Autoservice/data=!4m7!3m6!1s0x91d597b865559f2b:0x1e0b32c7e29a4649!8m2!3d-0.2217634!4d-78.4003859!16s%2Fg%2F11smlsxrlt!19sChIJK59VZbiX1ZERSUaa4scyCx4?authuser=0&hl=es-419&g_ep=EgoyMDI2MDkxNC4wIJJjKgBIAVAD&rclk=1"
"FRIO MOTRIZ","095 862 2828","","4.5","24","https://friomotriz.com/","sitio_propio","2024","false","Tienda de repuestos para coches de carreras","24 de Mayo, 170179 Puembo","Tumbaco, Quito","https://www.google.com/maps/place/FRIO+MOTRIZ/data=!4m7!3m6!1s0x91d593f9dcba9fc3:0x90ffa3cefc5bcdcd!8m2!3d-0.2008142!4d-78.3671122!16s%2Fg%2F11hdsrzq1j!19sChIJw5-63PmT1ZERzc1b_M6j_5A?authuser=0&hl=es-419&g_ep=EgoyMDI2MDkxNC4wIJJjKgBIAVAD&rclk=1"
"Centro de Servicio Renault cumbaya","096 960 4015","","4.3","87","","ninguno","","true","Taller de reparación de automóviles","QHVF+73J, Av. Oswaldo Guayasamín, 170513 Quito","Tumbaco, Quito","https://www.google.com/maps/place/Centro+de+Servicio+Renault+cumbaya/data=!4m7!3m6!1s0x91d590740b54ebf3:0xc23a3d4b50fd5e3!8m2!3d-0.2067893!4d-78.4273568!16s%2Fg%2F11ckvbxjx6!19sChIJ8-tUC3SQ1ZER49UPtdSjIww?authuser=0&hl=es-419&g_ep=EgoyMDI2MDkxNC4wIJJjKgBIAVAD&rclk=1"
"Insignia Automotriz","098 774 0728","","4.9","9","","ninguno","","true","Taller de automóviles","Pasaje San Pedro S/N y, Av. Universitaria, 170184 Quito","Tumbaco, Quito","https://www.google.com/maps/place/Insignia+Automotriz/data=!4m7!3m6!1s0x91d5931de96a4297:0x456635055317eed8!8m2!3d-0.2194638!4d-78.3710951!16s%2Fg%2F11s61zxsgv!19sChIJl0Jq6R2T1ZER2O4XUwU1ZkU?authuser=0&hl=es-419&g_ep=EgoyMDI2MDkxNC4wIJJjKgBIAVAD&rclk=1"
"Four Wheels Garage","098 425 8873","","5","9","https://instagram.com/fourwheelsgarageec?utm_medium=copy_link","solo_red_social","","true","Taller de reparación de vehículos todoterreno","Av. Oswaldo Guayasamín, 170903 Quito","Tumbaco, Quito","https://www.google.com/maps/place/Four+Wheels+Garage/data=!4m7!3m6!1s0x91d5913e2e3fd269:0x85fa5d4a5e5cbc27!8m2!3d-0.2169225!4d-78.3972992!16s%2Fg%2F11rn95z80z!19sChIJadI_Lj6R1ZERJ7xcXkpd-oU?authuser=0&hl=es-419&g_ep=EgoyMDI2MDkxNC4wIJJjKgBIAVAD&rclk=1"
"AUTOPARTES CRUZ, Cajas de Cambios, Cigueñales y Cabezotes, Repuestos Nuevos y Semi Nuevos","099 157 9608","autopartescruz2009@gmail.com","3.3","7","http://autopartes-cruz.amawebs.com/","sitio_propio","2026","false","Taller de reparación de automóviles","Vía Interoceánica Km. 17,5 Lote. N4-99 y, C. Boyaca, 170184","Tumbaco, Quito","https://www.google.com/maps/place/AUTOPARTES+CRUZ,+Cajas+de+Cambios,+Cigue%C3%B1ales+y+Cabezotes,+Repuestos+Nuevos+y+Semi+Nuevos/data=!4m7!3m6!1s0x91d59156db04963b:0xb71938373537f164!8m2!3d-0.2134155!4d-78.388972!16s%2Fg%2F11fzb1ybll!19sChIJO5YE21aR1ZERZPE3NTc4Gbc?authuser=0&hl=es-419&g_ep=EgoyMDI2MDkxNC4wIJJjKgBIAVAD&rclk=1"
"Iluminación Automotriz - Radios Android - Ofercom Ecuador","099 567 8255","","4.4","59","","ninguno","","true","Mayorista de accesorios automotrices","Av. 6 de Diciembre y El Comercio 5119 y, 170513 Quito","La Carolina, Quito","https://www.google.com/maps/place/Iluminaci%C3%B3n+Automotriz+-+Radios+Android+-+Ofercom+Ecuador/data=!4m7!3m6!1s0x91d59b7ef565e759:0xb94a655e3e3402d1!8m2!3d-0.1752331!4d-78.4776216!16s%2Fg%2F11tjhvv46c!19sChIJWedl9X6b1ZER0QI0Pl5lSrk?authuser=0&hl=es-419&g_ep=EgoyMDI2MDkxNC4wIJJjKgBIAVAD&rclk=1"
"Importadora Barragán","098 708 1089","","4.4","14","","ninguno","","true","Tienda de accesorios para automóviles","Av. EJE LONG y Av. Galo Plaza Lasso N45-214, 170502 Quito","La Carolina, Quito","https://www.google.com/maps/place/Importadora+Barrag%C3%A1n/data=!4m7!3m6!1s0x91d59b9668f6f467:0x241104bb57cb53!8m2!3d-0.1567378!4d-78.4846465!16s%2Fg%2F11h0b8bn4h!19sChIJZ_T2aJab1ZERU8tXuwQRJAA?authuser=0&hl=es-419&g_ep=EgoyMDI2MDkxNC4wIJJjKgBIAVAD&rclk=1"
"Automotriz ""Los Angeles""","(02) 243-1807","","4.5","6","","ninguno","","true","Tienda de repuestos para automóviles","De Los Viñedos N44-45, 170138 Quito","La Carolina, Quito","https://www.google.com/maps/place/Automotriz+%22Los+Angeles%22/data=!4m7!3m6!1s0x91d5900a7b2fba2f:0xbe45761d2ec3229e!8m2!3d-0.1621355!4d-78.4745157!16s%2Fg%2F11fcrh7fmp!19sChIJL7ovewqQ1ZERniLDLh12Rb4?authuser=0&hl=es-419&g_ep=EgoyMDI2MDkxNC4wIJJjKgBIAVAD&rclk=1"
"Checo Motors","096 024 3368","support@now.site; germanyparts_skoda@hotmail.com","4.7","26","https://skodachecomotors.now.site/","sitio_propio","","false","Tienda de repuestos para automóviles","El Labrador, Av. Galo Plaza Lasso, N46-141, 170512 Quito","La Carolina, Quito","https://www.google.com/maps/place/Checo+Motors/data=!4m7!3m6!1s0x91d59aafbf3266fb:0x58c70f56e80b693c!8m2!3d-0.1542412!4d-78.4850111!16s%2Fg%2F11ff5jwv6l!19sChIJ-2Yyv6-a1ZERPGkL6FYPx1g?authuser=0&hl=es-419&g_ep=EgoyMDI2MDkxNC4wIJJjKgBIAVAD&rclk=1"
"Guaranda Figueroa El Labrador","099 859 1999","","4.4","107","http://www.repuestosautomotrices.com/","sitio_propio","","true","Proveedor de repuestos de carrocería de automóviles","Av. 10 de Agosto y Av. El Inca &, 170138 Quito","La Carolina, Quito","https://www.google.com/maps/place/Guaranda+Figueroa+El+Labrador/data=!4m7!3m6!1s0x91d59aa3373afd0f:0x12f6b054801c22dc!8m2!3d-0.1592648!4d-78.4856483!16s%2Fg%2F11c70j0b3g!19sChIJD_06N6Oa1ZER3CIcgFSw9hI?authuser=0&hl=es-419&g_ep=EgoyMDI2MDkxNC4wIJJjKgBIAVAD&rclk=1"
"Checoparts Cia.Ltda Ag Eloy Alfaro","098 604 1984","","4.4","21","https://www.facebook.com/Checoparts.Eloy.Alfaro","solo_red_social","","true","Tienda de repuestos para automóviles","Av. N41-59 entre Rio Coca y Granados, Av. Eloy Alfaro, Quito","La Carolina, Quito","https://www.google.com/maps/place/Checoparts+Cia.Ltda+Ag+Eloy+Alfaro/data=!4m7!3m6!1s0x91d5907348e9212d:0xd26cdee490e98277!8m2!3d-0.1653913!4d-78.4684365!16s%2Fg%2F11fzf871bk!19sChIJLSHpSHOQ1ZERd4LpkOTebNI?authuser=0&hl=es-419&g_ep=EgoyMDI2MDkxNC4wIJJjKgBIAVAD&rclk=1"
"Tonka Auto Shop","099 970 9511","","3.9","17","","ninguno","","true","Tienda de accesorios para automóviles","Avenida, Av. Río Coca e3-47 E, 170138 Quito","La Carolina, Quito","https://www.google.com/maps/place/Tonka+Auto+Shop/data=!4m7!3m6!1s0x91d59aa30a323c51:0x828cd4982ae045a5!8m2!3d-0.1616795!4d-78.4839077!16s%2Fg%2F11gmz8vhk6!19sChIJUTwyCqOa1ZERpUXgKpjUjII?authuser=0&hl=es-419&g_ep=EgoyMDI2MDkxNC4wIJJjKgBIAVAD&rclk=1"
"Argüello Express | Repuestos Ford","099 732 9545","ventas1@arguelloexpress.ec; ventas@arguelloexpress.ec","4.6","33","https://arguelloexpress.ec/","sitio_propio","","false","Tienda de repuestos para automóviles","Av, De Las Brevas y Av. El Inca E8-415 y, 170503 Quito","La Carolina, Quito","https://www.google.com/maps/place/Arg%C3%BCello+Express+%7C+Repuestos+Ford/data=!4m7!3m6!1s0x91d59b0faf4461cb:0x4e568df939541f73!8m2!3d-0.1548127!4d-78.47603!16s%2Fg%2F11l8x5yscc!19sChIJy2FErw-b1ZERcx9UOfmNVk4?authuser=0&hl=es-419&g_ep=EgoyMDI2MDkxNC4wIJJjKgBIAVAD&rclk=1"
"Repuestos Renault Autorepuestos Gales","098 783 5169","","4.6","237","","ninguno","","true","Tienda de repuestos para automóviles","N46 y Payamino 09 y, 170138 Quito","La Carolina, Quito","https://www.google.com/maps/place/Repuestos+Renault+Autorepuestos+Gales/data=!4m7!3m6!1s0x91d59aa877d6c9e3:0xfe576e2b1017bed1!8m2!3d-0.1556875!4d-78.4771302!16s%2Fg%2F11f_km7b62!19sChIJ48nWd6ia1ZER0b4XECtuV_4?authuser=0&hl=es-419&g_ep=EgoyMDI2MDkxNC4wIJJjKgBIAVAD&rclk=1"
"Auto Repuestos Volvo","(02) 246-7949","","4.4","14","","ninguno","","true","Tienda de repuestos para automóviles","Av. de la Prensa, N 51-215, 170103 Quito","La Carolina, Quito","https://www.google.com/maps/place/Auto+Repuestos+Volvo/data=!4m7!3m6!1s0x91d5854b89a0de5b:0xb7b62bbe2c5a99a!8m2!3d-0.1434512!4d-78.4923514!16s%2Fg%2F11fdxtq0t6!19sChIJW96giUuF1ZERmqnF4rtiews?authuser=0&hl=es-419&g_ep=EgoyMDI2MDkxNC4wIJJjKgBIAVAD&rclk=1"
"Autoled","096 264 2409","","4.9","7","","ninguno","","true","Taller de reparación de automóviles","Av. Real Audiencia, 170104 Quito","La Carolina, Quito","https://www.google.com/maps/place/Autoled/data=!4m7!3m6!1s0x91d585fc6abe6b33:0x811627c7ec60b9d1!8m2!3d-0.1378321!4d-78.4860276!16s%2Fg%2F11tx63j6cs!19sChIJM2u-avyF1ZER0blg7McnFoE?authuser=0&hl=es-419&g_ep=EgoyMDI2MDkxNC4wIJJjKgBIAVAD&rclk=1"
"Comercial V.V. Mantenimiento Automotriz","(02) 252-3454","","5","14","","ninguno","","true","Tienda de repuestos para automóviles","Av. América N26-77 y, 170521 Quito","La Carolina, Quito","https://www.google.com/maps/place/Comercial+V.V.+Mantenimiento+Automotriz/data=!4m7!3m6!1s0x91d59b4baad53651:0xd69e949845d9b33b!8m2!3d-0.1947482!4d-78.49911!16s%2Fg%2F11h7tns2sp!19sChIJUTbVqkub1ZERO7PZRZiUntY?authuser=0&hl=es-419&g_ep=EgoyMDI2MDkxNC4wIJJjKgBIAVAD&rclk=1"
"AUTOMECA, Repuestos y Servicio Técnico BMW y Mercedes Benz","(02) 292-1592","","4.3","99","http://www.automecaec.com/","sitio_propio","2026","false","Servicio de alquiler de coches","Av. 10 de Agosto y Av. Río Coca N44-52 y, 170501 Quito","La Carolina, Quito","https://www.google.com/maps/place/AUTOMECA,+Repuestos+y+Servicio+T%C3%A9cnico+BMW+y+Mercedes+Benz/data=!4m7!3m6!1s0x91d59aa346a60e47:0xcc38855086bf74cb!8m2!3d-0.1609709!4d-78.4854591!16s%2Fg%2F11b6xm6kwx!19sChIJRw6mRqOa1ZERy3S_hlCFOMw?authuser=0&hl=es-419&g_ep=EgoyMDI2MDkxNC4wIJJjKgBIAVAD&rclk=1"
"Auto K & P","(02) 226-3896","","4.3","32","","ninguno","","true","Tienda de repuestos para automóviles","Av. Eloy Alfaro 43-21 y, 170513 Quito","La Carolina, Quito","https://www.google.com/maps/place/Auto+K+%26+P/data=!4m7!3m6!1s0x91d59aa4a03c271b:0x8af3cccaa202d3c!8m2!3d-0.1649481!4d-78.4687037!16s%2Fg%2F11gmx72vg3!19sChIJGyc8oKSa1ZERPC0gqsw8rwg?authuser=0&hl=es-419&g_ep=EgoyMDI2MDkxNC4wIJJjKgBIAVAD&rclk=1"
"Amortiguadores Sucre","(02) 331-8249","","4.5","87","https://automotriz.gdc.coop/ads/amortiguadores_quito_amortiguadoressucre","sitio_propio","","false","Tienda de piezas de automóvil","Mañosca &, 170147 Quito","La Carolina, Quito","https://www.google.com/maps/place/Amortiguadores+Sucre/data=!4m7!3m6!1s0x91d59a8c5507449b:0xf6f55e5286138964!8m2!3d-0.1763135!4d-78.4949127!16s%2Fg%2F11g9q0n7wn!19sChIJm0QHVYya1ZERZIkThlJe9fY?authuser=0&hl=es-419&g_ep=EgoyMDI2MDkxNC4wIJJjKgBIAVAD&rclk=1"
"CASA DEL AMORTIGUADOR. Tecnicentro la YE.","097 981 7467","","3.9","205","http://www.cdaelamortiguador.com/","sitio_propio","","false","Tienda de repuestos para automóviles","Av. de la Prensa 42-29, 170510 Quito","La Carolina, Quito","https://www.google.com/maps/place/CASA+DEL+AMORTIGUADOR.+Tecnicentro+la+YE./data=!4m7!3m6!1s0x91d59a97fabd4181:0x46632f2af87f7fa3!8m2!3d-0.1653739!4d-78.4872553!16s%2Fg%2F11c1wwvrd8!19sChIJgUG9-pea1ZERo39_-CovY0Y?authuser=0&hl=es-419&g_ep=EgoyMDI2MDkxNC4wIJJjKgBIAVAD&rclk=1"
"VOLVO CENTRUM QUITO","099 820 0413","","4.5","11","https://www.facebook.com/profile.php?id=61552550562237&mibextid=ZbWKwL","solo_red_social","","true","Tienda de repuestos para automóviles","Av. de la Prensa y Falconi &, 170521 Quito","La Carolina, Quito","https://www.google.com/maps/place/VOLVO+CENTRUM+QUITO/data=!4m7!3m6!1s0x91d58fe4b94bf12f:0xa82b3fc47c1e66c1!8m2!3d-0.1637536!4d-78.4869724!16s%2Fg%2F11h48x5st0!19sChIJL_FLueSP1ZERwWYefMQ_K6g?authuser=0&hl=es-419&g_ep=EgoyMDI2MDkxNC4wIJJjKgBIAVAD&rclk=1"
"CAUCHO LIDER","","","5","6","","ninguno","","true","Tienda de repuestos para automóviles","Av. 6 de Diciembre y Samuel Fritz n47-258 y, 170138 Quito","La Carolina, Quito","https://www.google.com/maps/place/CAUCHO+LIDER/data=!4m7!3m6!1s0x91d599ebd769acd1:0xbdfdcbfe62417ba0!8m2!3d-0.1513364!4d-78.4761313!16s%2Fg%2F11h9h0fk6d!19sChIJ0axp1-uZ1ZERoHtBYv7L_b0?authuser=0&hl=es-419&g_ep=EgoyMDI2MDkxNC4wIJJjKgBIAVAD&rclk=1"
"JAP Autopartes y Comercio","(02) 320-3650","","4.3","11","http://www.japautopartesec.com/","sitio_propio","","true","Tienda de repuestos para automóviles","Antonio de Ulloa N30-19, 170129 Quito","La Carolina, Quito","https://www.google.com/maps/place/JAP+Autopartes+y+Comercio/data=!4m7!3m6!1s0x91d59a66198af16b:0x35600d2d7e96e4df!8m2!3d-0.1908844!4d-78.4961426!16s%2Fg%2F11c6vjf0cc!19sChIJa_GKGWaa1ZER3-SWfi0NYDU?authuser=0&hl=es-419&g_ep=EgoyMDI2MDkxNC4wIJJjKgBIAVAD&rclk=1"
"Conauto","(02) 224-1555","","4.3","236","http://www.conauto.com.ec/","sitio_propio","","true","Tienda de repuestos para automóviles","RGJ7+JGJ, Av. Gaspar de Villarroel, 170513 Quito","La Carolina, Quito","https://www.google.com/maps/place/Conauto/data=!4m7!3m6!1s0x91d59a99e1a307b3:0x526fb38768cd7286!8m2!3d-0.1684189!4d-78.4862325!16s%2Fg%2F11b73zpnbf!19sChIJswej4Zma1ZERhnLNaIezb1I?authuser=0&hl=es-419&g_ep=EgoyMDI2MDkxNC4wIJJjKgBIAVAD&rclk=1"
"Autorepuestos Lina","(02) 515-0866","","4.1","69","","ninguno","","true","Proveedor de repuestos de carrocería de automóviles","Av. 6 de Diciembre 53-108, 170138 Quito","Iñaquito, Quito","https://www.google.com/maps/place/Autorepuestos+Lina/data=!4m7!3m6!1s0x91d58ff8f2c40389:0xb6125546d5e1e487!8m2!3d-0.1385607!4d-78.4734368!16s%2Fg%2F11c6mdn24c!19sChIJiQPE8viP1ZERh-Th1UZVErY?authuser=0&hl=es-419&g_ep=EgoyMDI2MDkxNC4wIJJjKgBIAVAD&rclk=1"
"Auto Repuestos “ICAR” Repuestos Autos Chinos, Accesorios Vehículos","","","4.7","29","","ninguno","","true","Tienda de repuestos para automóviles","Panamericana Nte. Oe7-149 y, 170155 Quito","Iñaquito, Quito","https://www.google.com/maps/place/Auto+Repuestos+%E2%80%9CICAR%E2%80%9D+Repuestos+Autos+Chinos,+Accesorios+Veh%C3%ADculos/data=!4m7!3m6!1s0x91d58f8544a49ec5:0x34bcab54d71f83c4!8m2!3d-0.1049337!4d-78.4287374!16s%2Fg%2F11p5rg534y!19sChIJxZ6kRIWP1ZERxIMf11SrvDQ?authuser=0&hl=es-419&g_ep=EgoyMDI2MDkxNC4wIJJjKgBIAVAD&rclk=1"
"Guaranda Figueroa El Inca","(02) 334-1708","repuestosautomotricesjc@gmail.com","4.4","195","http://www.repuestosautomotrices.com/","sitio_propio","2026","false","Proveedor de repuestos de carrocería de automóviles","Av. El Inca y De Las Madreselvas E12-55 y, 170502 Quito","Iñaquito, Quito","https://www.google.com/maps/place/Guaranda+Figueroa+El+Inca/data=!4m7!3m6!1s0x91d59007b3235fc7:0xa5068e1f4f7fa6cb!8m2!3d-0.1541403!4d-78.4724138!16s%2Fg%2F11dxldctbf!19sChIJx18jsweQ1ZERy6Z_Tx-OBqU?authuser=0&hl=es-419&g_ep=EgoyMDI2MDkxNC4wIJJjKgBIAVAD&rclk=1"
"AUTOPARTES CHINA","098 542 2878","","3.5","10","","ninguno","","true","Tienda de repuestos para automóviles","Av. 6 de Diciembre N46-221, 170502 Quito","Iñaquito, Quito","https://www.google.com/maps/place/AUTOPARTES+CHINA/data=!4m7!3m6!1s0x91d59bb3e12f89fb:0x8b24a79eabada110!8m2!3d-0.1534456!4d-78.4770037!16s%2Fg%2F11q3qxmt6r!19sChIJ-4kv4bOb1ZEREKGtq56nJIs?authuser=0&hl=es-419&g_ep=EgoyMDI2MDkxNC4wIJJjKgBIAVAD&rclk=1"
"MIAUTO S.A.S","096 761 1441","v&#101;&#110;&#116;&#97;s&#64;&#109;&#105;&#97;u&#116;o&#114;ep&#117;e&#115;t&#111;s&#46;co&#109;","5","8","http://www.miautorepuestos.com/","sitio_propio","","false","Tienda de repuestos para automóviles","Humberto Marín y Av. Galo Plaza Lasso OE2-54 Y, 170512 Quito","Iñaquito, Quito","https://www.google.com/maps/place/MIAUTO+S.A.S/data=!4m7!3m6!1s0x91d5851272bd6773:0xa718a46081da4423!8m2!3d-0.1397892!4d-78.4845257!16s%2Fg%2F11q3_mbl04!19sChIJc2e9chKF1ZERI0TagWCkGKc?authuser=0&hl=es-419&g_ep=EgoyMDI2MDkxNC4wIJJjKgBIAVAD&rclk=1"
"KR AUTOMATIC PARTS","096 306 0043","","5","12","https://www.facebook.com/AutomaticPartsKr/?rdid=nlFGCxEzp53doiNq","solo_red_social","","true","Taller de reparación de automóviles","Av. 10 de Agosto 45 - 115, 170150 Quito","Iñaquito, Quito","https://www.google.com/maps/place/KR+AUTOMATIC+PARTS/data=!4m7!3m6!1s0x91d59b00569a41a9:0x3b8fdf006958057f!8m2!3d-0.1636194!4d-78.486222!16s%2Fg%2F11yyczdy60!19sChIJqUGaVgCb1ZERfwVYaQDfjzs?authuser=0&hl=es-419&g_ep=EgoyMDI2MDkxNC4wIJJjKgBIAVAD&rclk=1"
"Estrada Full Injection","099 532 5020","","4.7","142","https://www.instagram.com/estradafullinjectionec/","solo_red_social","","true","Tienda de repuestos para automóviles","Av. 6 de Diciembre 46-169, 170524 Quito","Iñaquito, Quito","https://www.google.com/maps/place/Estrada+Full+Injection/data=!4m7!3m6!1s0x91d59aa85b4edc25:0x2f50b5d716311411!8m2!3d-0.1541802!4d-78.4773054!16s%2Fg%2F11f77bgn34!19sChIJJdxOW6ia1ZERERQxFte1UC8?authuser=0&hl=es-419&g_ep=EgoyMDI2MDkxNC4wIJJjKgBIAVAD&rclk=1"
"Filtromundo","(02) 244-7857","","4.8","37","","ninguno","","true","Tienda de repuestos para coches de carreras","Av. El Inca 1813, 170138 Quito","Iñaquito, Quito","https://www.google.com/maps/place/Filtromundo/data=!4m7!3m6!1s0x91d59aa612cf10a1:0xe842e117d8a5cc8e!8m2!3d-0.1567161!4d-78.4799271!16s%2Fg%2F11hcnv9fbb!19sChIJoRDPEqaa1ZERjsyl2BfhQug?authuser=0&hl=es-419&g_ep=EgoyMDI2MDkxNC4wIJJjKgBIAVAD&rclk=1"
"BRASIL MOTORS S.A.","096 904 1256","info@website.com","4.9","791","https://brasilmotorsec.com/","sitio_propio","2025","false","Proveedor de repuestos de carrocería de automóviles","Pollo Campero - La Kennedy, QUITO , CARAPUNGO. Av. GEOVANNY CALLES Y CALLE NEPTALY GOODOY ( Referencia, Quito","Bellavista, Quito","https://www.google.com/maps/place/BRASIL+MOTORS+S.A./data=!4m7!3m6!1s0x91d58f12bf072b7b:0x3546b10e3ae9fdbb!8m2!3d-0.1019549!4d-78.4513706!16s%2Fg%2F11dzsqm38f!19sChIJeysHvxKP1ZERu_3pOg6xRjU?authuser=0&hl=es-419&g_ep=EgoyMDI2MDkxNC4wIJJjKgBIAVAD&rclk=1"
"Autorepuestos AG","099 930 3825","","4.3","24","","ninguno","","true","Tienda de repuestos para automóviles","Av. Luis G. Tufiño Oe2-318, 170144 Quito","Bellavista, Quito","https://www.google.com/maps/place/Autorepuestos+AG/data=!4m7!3m6!1s0x91d58542ace80723:0x4532f2c3cf0440d8!8m2!3d-0.12853!4d-78.4865269!16s%2Fg%2F11f0wj6bqd!19sChIJIwforEKF1ZER2EAEz8PyMkU?authuser=0&hl=es-419&g_ep=EgoyMDI2MDkxNC4wIJJjKgBIAVAD&rclk=1"
"AUTOSERVICIOS VELASTEGUI, Mecanica Automotriz, Alineacion y Balanceo, ABC Frenos, Vulcanizadora","098 538 0470","","4.7","12","https://autoserviciosvelastegui.amawebs.com/","sitio_propio","2026","false","Taller de automóviles","170201, 170133 Quito","Bellavista, Quito","https://www.google.com/maps/place/AUTOSERVICIOS+VELASTEGUI,+Mecanica+Automotriz,+Alineacion+y+Balanceo,+ABC+Frenos,+Vulcanizadora/data=!4m7!3m6!1s0x91d58f901810055b:0x61120c343ac62023!8m2!3d-0.1158076!4d-78.4449229!16s%2Fg%2F11vspfd5qz!19sChIJWwUQGJCP1ZERIyDGOjQMEmE?authuser=0&hl=es-419&g_ep=EgoyMDI2MDkxNC4wIJJjKgBIAVAD&rclk=1"
"V&S Servicios Automotrices","098 753 3549","","4.8","32","","ninguno","","true","Taller de reparación de automóviles","California Alta Entre Liquenes, y y Las Algas, 170149 Quito","Bellavista, Quito","https://www.google.com/maps/place/V%26S+Servicios+Automotrices/data=!4m7!3m6!1s0x91d58fb472618435:0xbd3f024659e55bf9!8m2!3d-0.1469833!4d-78.4673825!16s%2Fg%2F11h8500hr_!19sChIJNYRhcrSP1ZER-VvlWUYCP70?authuser=0&hl=es-419&g_ep=EgoyMDI2MDkxNC4wIJJjKgBIAVAD&rclk=1"
"Solbric","099 754 5693","","4.7","75","https://solbric-ec.com/","sitio_propio","","false","Tienda de accesorios para automóviles","LUIS BEETHOVEN 47-56 y, Rafael Ramos, 170502 Quito","Bellavista, Quito","https://www.google.com/maps/place/Solbric/data=!4m7!3m6!1s0x91d59ba07781d8f9:0x671588544870d74d!8m2!3d-0.1510969!4d-78.4797229!16s%2Fg%2F11hf3l471j!19sChIJ-diBd6Cb1ZERTddwSFSIFWc?authuser=0&hl=es-419&g_ep=EgoyMDI2MDkxNC4wIJJjKgBIAVAD&rclk=1"
"CRISTAL AUTOS - Parabrisas, Ventanas, Ventoleras, importadora de llantas WINDA","098 397 8127","ventas@cristalautos.com; cristalautosllantas@gmail.com; ventas.cristalautos@gmail.com","4.3","150","https://cristalautos.com/","sitio_propio","2022","false","Proveedor de repuestos de carrocería de automóviles","Entre el Inca, Av. 6 de Diciembre, y y Samuel Fritz, 170502 Quito","Bellavista, Quito","https://www.google.com/maps/place/CRISTAL+AUTOS+-+Parabrisas,+Ventanas,+Ventoleras,+importadora+de+llantas+WINDA/data=!4m7!3m6!1s0x91d59bac737ef4e1:0x9244657c14ec337b!8m2!3d-0.1526045!4d-78.4763977!16s%2Fg%2F11q4c1wx6s!19sChIJ4fR-c6yb1ZERezPsFHxlRJI?authuser=0&hl=es-419&g_ep=EgoyMDI2MDkxNC4wIJJjKgBIAVAD&rclk=1"
"Autorepuestos S. Rodriguez V.","099 833 7843","","4","10","","ninguno","","true","Tienda de repuestos para automóviles","Av. Galo Plaza Lasso y De Los Algarrobos N52-04 y, 170502 Quito","Quito Tenis, Quito","https://www.google.com/maps/place/Autorepuestos+S.+Rodriguez+V./data=!4m7!3m6!1s0x91d58553c7ab2cef:0x34a4bf376747cfc7!8m2!3d-0.142912!4d-78.4828023!16s%2Fg%2F11bx1h8rxh!19sChIJ7yyrx1OF1ZERx89HZze_pDQ?authuser=0&hl=es-419&g_ep=EgoyMDI2MDkxNC4wIJJjKgBIAVAD&rclk=1"
"Protemax","099 222 4395","","4.4","36","","ninguno","","true","Tienda de repuestos para automóviles","Sector, Av. Río Amazonas, 170512 Quito","Quito Tenis, Quito","https://www.google.com/maps/place/Protemax/data=!4m7!3m6!1s0x91d59a7e0fabd175:0x212ca9532c646710!8m2!3d-0.1502907!4d-78.4893202!16s%2Fg%2F11c20bb305!19sChIJddGrD36a1ZEREGdkLFOpLCE?authuser=0&hl=es-419&g_ep=EgoyMDI2MDkxNC4wIJJjKgBIAVAD&rclk=1"
"LLANTAS QUITO TECNI LIDER Talleres - Taller Automotriz","095 866 5645","","4.8","46","","ninguno","","true","Tienda de neumáticos","E Iturralde y Av. de la Prensa OE-367, 170144 Quito","Quito Tenis, Quito","https://www.google.com/maps/place/LLANTAS+QUITO+TECNI+LIDER+Talleres+-+Taller+Automotriz/data=!4m7!3m6!1s0x91d585bab40b87fd:0xfb112a5c416dba3!8m2!3d-0.1421487!4d-78.4917801!16s%2Fg%2F11tjx8rlq0!19sChIJ_YcLtLqF1ZERo9sWxKUSsQ8?authuser=0&hl=es-419&g_ep=EgoyMDI2MDkxNC4wIJJjKgBIAVAD&rclk=1"
"Especialistas Ford V8","098 762 5547","","4.7","69","https://www.especialistasfordv8.com/","sitio_propio","","true","Taller mecánico","Av. Eloy Alfaro E12, 170502 Quito","Quito Tenis, Quito","https://www.google.com/maps/place/Especialistas+Ford+V8/data=!4m7!3m6!1s0x91d58fe106d7c3a3:0xc5812e86d8b713f2!8m2!3d-0.1455737!4d-78.4694968!16s%2Fg%2F11f5mgt3hg!19sChIJo8PXBuGP1ZER8hO32IYugcU?authuser=0&hl=es-419&g_ep=EgoyMDI2MDkxNC4wIJJjKgBIAVAD&rclk=1"
"AC PARTES QUITO- AIRE ACONDICIONADO AUTOMOTRIZ","097 989 3469","","3.4","14","https://lnk.bio/Acpartesquito","sitio_propio","","false","Servicio de reparación de aire acondicionado","Av. 10 de Agosto y Av. El Inca 44-51 Y, 170521 Quito","Quito Tenis, Quito","https://www.google.com/maps/place/AC+PARTES+QUITO-+AIRE+ACONDICIONADO+AUTOMOTRIZ/data=!4m7!3m6!1s0x91d59b66d8ad271f:0x6beb4730842f999e!8m2!3d-0.1606248!4d-78.4858179!16s%2Fg%2F11thgn9gwr!19sChIJHyet2Gab1ZERnpkvhDBH62s?authuser=0&hl=es-419&g_ep=EgoyMDI2MDkxNC4wIJJjKgBIAVAD&rclk=1"
"La Magia En El Golpe","098 529 5406","","4.9","94","","ninguno","","true","Taller de chapa y pintura","Av. Amazonas, y y Río Topo, Quito","Quito Tenis, Quito","https://www.google.com/maps/place/La+Magia+En+El+Golpe/data=!4m7!3m6!1s0x91d58581777a41c1:0x25eb44a9efbe090a!8m2!3d-0.1511002!4d-78.4890476!16s%2Fg%2F11nypwpgg7!19sChIJwUF6d4GF1ZERCgm-76lE6yU?authuser=0&hl=es-419&g_ep=EgoyMDI2MDkxNC4wIJJjKgBIAVAD&rclk=1"
"Equiauto - Mantenimiento y Equipamiento Automotriz","098 530 5311","","5","6","","ninguno","","true","Cuarto de herramientas","Av. de las Palmeras N46-308, 170503 Quito","Quito Tenis, Quito","https://www.google.com/maps/place/Equiauto+-+Mantenimiento+y+Equipamiento+Automotriz/data=!4m7!3m6!1s0x91d5914ebfa26207:0x60d7807136e8b8cf!8m2!3d-0.1569868!4d-78.4713837!16s%2Fg%2F11j8ktdnfy!19sChIJB2Kiv06R1ZERz7joNnGA12A?authuser=0&hl=es-419&g_ep=EgoyMDI2MDkxNC4wIJJjKgBIAVAD&rclk=1"
"Centro Automotriz Peugeot","(02) 259-4156","","4.6","13","","ninguno","","true","Taller de reparación de automóviles","Calle y José H. Figueroa Oe5-281, 170301 Quito","Cotocollao, Quito","https://www.google.com/maps/place/Centro+Automotriz+Peugeot/data=!4m7!3m6!1s0x91d5850d546c9d3d:0x6e2ef8711232a7d6!8m2!3d-0.118752!4d-78.4981831!16s%2Fg%2F11gr6wdn2t!19sChIJPZ1sVA2F1ZER1qcyEnH4Lm4?authuser=0&hl=es-419&g_ep=EgoyMDI2MDkxNC4wIJJjKgBIAVAD&rclk=1"
"BRASILMOTORS PRENSA","098 460 3393","","4.6","170","http://www.brasilmotors.com.ec/","sitio_propio","","true","Proveedor de repuestos de carrocería de automóviles","Quito","Cotocollao, Quito","https://www.google.com/maps/place/BRASILMOTORS+PRENSA/data=!4m7!3m6!1s0x91d5856dc0be779d:0x1d759b36de64739!8m2!3d-0.1202861!4d-78.4935933!16s%2Fg%2F11fxy2npj3!19sChIJnXe-wG2F1ZEROUfmbbNZ1wE?authuser=0&hl=es-419&g_ep=EgoyMDI2MDkxNC4wIJJjKgBIAVAD&rclk=1"
"SERVICIO AUTOMOTRIZ JIMENEZ - LADA & MULTIMARCA","099 980 7606","","4.6","54","","ninguno","","true","Taller mecánico","Francisco de Rumihurco y San Francisco de Rumiurcu, 170301 Quito","Cotocollao, Quito","https://www.google.com/maps/place/SERVICIO+AUTOMOTRIZ+JIMENEZ+-+LADA+%26+MULTIMARCA/data=!4m7!3m6!1s0x91d585176d0e4541:0x79926434f69baa85!8m2!3d-0.1074412!4d-78.4976035!16s%2Fg%2F11ng5_w6dw!19sChIJQUUObReF1ZERhaqb9jRkknk?authuser=0&hl=es-419&g_ep=EgoyMDI2MDkxNC4wIJJjKgBIAVAD&rclk=1"
"Centro Automotriz VOLSKWAGEN","(02) 259-6615","","4.3","11","","ninguno","","true","Taller mecánico","VFJV+445, Bernardo de Legarda, 170103 Quito","Cotocollao, Quito","https://www.google.com/maps/place/Centro+Automotriz+VOLSKWAGEN/data=!4m7!3m6!1s0x91d5851030849483:0xc219423e0955f4ad!8m2!3d-0.1197327!4d-78.5071456!16s%2Fg%2F11d_71xpjd!19sChIJg5SEMBCF1ZERrfRVCT5CGcI?authuser=0&hl=es-419&g_ep=EgoyMDI2MDkxNC4wIJJjKgBIAVAD&rclk=1"
"Mansuera Carapungo","(02) 242-8488","","4.1","140","https://www.mansuera.com/","sitio_propio","","false","Tienda de repuestos para automóviles","Panamericana Norte KM 11, OE 11-174 y, Alfonso Moncayo, 170203 Quito","Cotocollao, Quito","https://www.google.com/maps/place/Mansuera+Carapungo/data=!4m7!3m6!1s0x91d58ffc41829d4f:0x537a5ab7ee6cadc9!8m2!3d-0.10814!4d-78.452112!16s%2Fg%2F11j2fnvykg!19sChIJT52CQfyP1ZERya1s7rdaelM?authuser=0&hl=es-419&g_ep=EgoyMDI2MDkxNC4wIJJjKgBIAVAD&rclk=1"
"REINDAUTO CÍA. LTDA.","(02) 253-0004","info@reindauto.com.ec","4.5","33","http://www.reindauto.com/","sitio_propio","","false","Ferretería","VGH4+QGW, Sabanilla, y y Av. de la Prensa, 170301 Quito","Cotocollao, Quito","https://www.google.com/maps/place/REINDAUTO+C%C3%8DA.+LTDA./data=!4m7!3m6!1s0x91d5856dc75f42db:0x58bfb9af3b0a6a19!8m2!3d-0.1205045!4d-78.4936633!16s%2Fg%2F11ff55vc71!19sChIJ20Jfx22F1ZERGWoKO6-5v1g?authuser=0&hl=es-419&g_ep=EgoyMDI2MDkxNC4wIJJjKgBIAVAD&rclk=1"
"Autorepuestos Del Japón Panamericana Norte - Entrada Carapungo","098 871 1577","","4.5","165","","ninguno","","true","Tienda de repuestos para automóviles","170133 Quito","Carcelén, Quito","https://www.google.com/maps/place/Autorepuestos+Del+Jap%C3%B3n+Panamericana+Norte+-+Entrada+Carapungo/data=!4m7!3m6!1s0x91d58f0ac0c7ae2b:0xb82b5e0377abc8cc!8m2!3d-0.1084252!4d-78.4509511!16s%2Fg%2F11c0w67lv7!19sChIJK67HwAqP1ZERzMirdwNeK7g?authuser=0&hl=es-419&g_ep=EgoyMDI2MDkxNC4wIJJjKgBIAVAD&rclk=1"
"Tecnicentro ""Carcelén"" vulcanizadora alineación y balanceo","099 340 2754","","4.5","33","","ninguno","","true","Taller de automóviles","Isidro Ayora N84-155, 170302 Quito","Carcelén, Quito","https://www.google.com/maps/place/Tecnicentro+%22Carcel%C3%A9n%22+vulcanizadora+alineaci%C3%B3n+y+balanceo/data=!4m7!3m6!1s0x91d58f5a5ba82769:0xd0eada9822157ca6!8m2!3d-0.0838542!4d-78.467243!16s%2Fg%2F11fcp85jjm!19sChIJaSeoW1qP1ZERpnwVIpja6tA?authuser=0&hl=es-419&g_ep=EgoyMDI2MDkxNC4wIJJjKgBIAVAD&rclk=1"
"Spa Auto Carcelen","","","4.6","89","","ninguno","","true","Planchista","WG8H+89M, 170120 Quito","Carcelén, Quito","https://www.google.com/maps/place/Spa+Auto+Carcelen/data=!4m7!3m6!1s0x91d58fed9ba33771:0x33ee24cb9945b15c!8m2!3d-0.0841744!4d-78.4715693!16s%2Fg%2F11g2zkrg8g!19sChIJcTejm-2P1ZERXLFFmcsk7jM?authuser=0&hl=es-419&g_ep=EgoyMDI2MDkxNC4wIJJjKgBIAVAD&rclk=1"
"Checo Wagen Venta de Repuestos Automotrices Para Volkswagen y Skoda","095 891 6468","","4.9","7","","ninguno","","true","Proveedor de repuestos de carrocería de automóviles","Av Diego Vásquez de Cepeda N71-592, 170144 Quito","Carcelén, Quito","https://www.google.com/maps/place/Checo+Wagen+Venta+de+Repuestos+Automotrices+Para+Volkswagen+y+Skoda/data=!4m7!3m6!1s0x91d58555e8b87d13:0x33686662806a771c!8m2!3d-0.1049501!4d-78.4831965!16s%2Fg%2F11fr60_w8r!19sChIJE3246FWF1ZERHHdqgGJmaDM?authuser=0&hl=es-419&g_ep=EgoyMDI2MDkxNC4wIJJjKgBIAVAD&rclk=1"
"Clinicars Ford Quito","099 577 0911","","4.3","24","https://www.facebook.com/ClinicarsFordQuito","solo_red_social","","true","Taller mecánico","Real Audiencia, y y Nazacota Puento, Quito","Carcelén, Quito","https://www.google.com/maps/place/Clinicars+Ford+Quito/data=!4m7!3m6!1s0x91d58571dd7fc1df:0x25bae438f117bc65!8m2!3d-0.1200933!4d-78.4834472!16s%2Fg%2F11s3csvmpk!19sChIJ38F_3XGF1ZERZbwX8TjkuiU?authuser=0&hl=es-419&g_ep=EgoyMDI2MDkxNC4wIJJjKgBIAVAD&rclk=1"
"Electricidad Automotriz y electrónica","095 860 2779","","4.2","19","","ninguno","","true","Taller de reparación de automóviles","Autopista y Panamericana Nte. Oe7-17, 170208 Quito","Carcelén, Quito","https://www.google.com/maps/place/Electricidad+Automotriz+y+electr%C3%B3nica/data=!4m7!3m6!1s0x91d58efddb8e8021:0x2b02e7ffe1bb7a5d!8m2!3d-0.1048347!4d-78.4279089!16s%2Fg%2F11fg5y0l40!19sChIJIYCO2_2O1ZERXXq74f_nAis?authuser=0&hl=es-419&g_ep=EgoyMDI2MDkxNC4wIJJjKgBIAVAD&rclk=1"
"IMPORTDIESEL GT","098 449 6649","","4.7","15","","ninguno","","true","Taller de reparación de motores diésel","Panamericana Norte Oe 9-159 y Pasaje, B, Quito","Carcelén, Quito","https://www.google.com/maps/place/IMPORTDIESEL+GT/data=!4m7!3m6!1s0x91d58fee4f73db21:0xd18a7717ad95900!8m2!3d-0.1071582!4d-78.4429263!16s%2Fg%2F11f8hwds8v!19sChIJIdtzT-6P1ZERAFnZenGnGA0?authuser=0&hl=es-419&g_ep=EgoyMDI2MDkxNC4wIJJjKgBIAVAD&rclk=1"
"PINTAUTO Matriz Calderón","096 399 1930","info@pintauto.com.ec","4","92","https://pintauto.com.ec/","sitio_propio","2025","false","Taller de chapa y pintura","Maria, Duchicela y calle N6, 170202 Quito","Carcelén, Quito","https://www.google.com/maps/place/PINTAUTO+Matriz+Calder%C3%B3n/data=!4m7!3m6!1s0x91d58f2c36629bc9:0x50c3bf1d23f492f5!8m2!3d-0.095022!4d-78.4348872!16s%2Fg%2F11g0jdhrr0!19sChIJyZtiNiyP1ZER9ZL0Ix2_w1A?authuser=0&hl=es-419&g_ep=EgoyMDI2MDkxNC4wIJJjKgBIAVAD&rclk=1"
"BLUE HOUSE TALLER FORD","","info@bluehouse-ec.com","4.6","61","https://bluehouse-ec.com/","sitio_propio","2023","false","Taller de reparación de automóviles","De Los Eucaliptos y De Los Cipreses E4-20, 170307 Quito","Carcelén, Quito","https://www.google.com/maps/place/BLUE+HOUSE+TALLER+FORD/data=!4m7!3m6!1s0x91d58f8781d892dd:0xe07a4bdf9f21a2cd!8m2!3d-0.116688!4d-78.474958!16s%2Fg%2F11g6x5xqg7!19sChIJ3ZLYgYeP1ZERzaIhn99LeuA?authuser=0&hl=es-419&g_ep=EgoyMDI2MDkxNC4wIJJjKgBIAVAD&rclk=1"
"Mecanica automotriz Autocare","098 771 4114","","4.6","24","https://www.facebook.com/AutocareTalleres","solo_red_social","","true","Taller mecánico","Av Manuel cordova galarza, y y N91, 170308 Quito","Carcelén, Quito","https://www.google.com/maps/place/Mecanica+automotriz+Autocare/data=!4m7!3m6!1s0x91d585fe6e9964b7:0x8ce0470789c64a9a!8m2!3d-0.0747084!4d-78.479874!16s%2Fg%2F11gwsdc13n!19sChIJt2SZbv6F1ZERmkrGiQdH4Iw?authuser=0&hl=es-419&g_ep=EgoyMDI2MDkxNC4wIJJjKgBIAVAD&rclk=1"
"CARTMOS SUCURSAL","096 788 9259","","5","19","","ninguno","","true","Taller de reparación de automóviles","y Once Urban, Av Jorge Pérez Concha, 170310 Quito","Carcelén, Quito","https://www.google.com/maps/place/CARTMOS+SUCURSAL/data=!4m7!3m6!1s0x91d585b8486f8d91:0x437b9cedb1861e62!8m2!3d-0.1095402!4d-78.4862991!16s%2Fg%2F11npcr9b71!19sChIJkY1vSLiF1ZERYh6Gse2ce0M?authuser=0&hl=es-419&g_ep=EgoyMDI2MDkxNC4wIJJjKgBIAVAD&rclk=1"
"AZ MOTORS - Centro de Colisiones","098 414 0946","","4.6","34","","ninguno","","true","Taller de automóviles","Ramon Chiriboga 67-75, 170144 Quito","Carcelén, Quito","https://www.google.com/maps/place/AZ+MOTORS+-+Centro+de+Colisiones/data=!4m7!3m6!1s0x91d5857bb7abef13:0x263f273b42cd5cfa!8m2!3d-0.1107457!4d-78.490906!16s%2Fg%2F11f542y0sk!19sChIJE--rt3uF1ZER-lzNQjsnPyY?authuser=0&hl=es-419&g_ep=EgoyMDI2MDkxNC4wIJJjKgBIAVAD&rclk=1"
"Centro Automotriz Hyundai","(02) 601-4477","","4.5","27","","ninguno","","true","Taller mecánico","Pedro Guerrero, 170133 Quito","Carcelén, Quito","https://www.google.com/maps/place/Centro+Automotriz+Hyundai/data=!4m7!3m6!1s0x91d58ff3748881c1:0xcb4dd37c9ef20166!8m2!3d-0.129256!4d-78.4623524!16s%2Fg%2F11gmyxx4w2!19sChIJwYGIdPOP1ZERZgHynnzTTcs?authuser=0&hl=es-419&g_ep=EgoyMDI2MDkxNC4wIJJjKgBIAVAD&rclk=1"
"GC Motors","(02) 235-8091","gcruz@gcmotors.com.ec","4.8","52","http://www.gcmotors.com.ec/","sitio_propio","2024","false","Tienda de repuestos para automóviles","Marietta de Veintemilla S/N, 170308 Quito","Carcelén, Quito","https://www.google.com/maps/place/GC+Motors/data=!4m7!3m6!1s0x91d5889515289551:0xb1f3c62df31099dd!8m2!3d-0.0534734!4d-78.4542269!16s%2Fg%2F11gyqd8k_7!19sChIJUZUoFZWI1ZER3ZkQ8y3G87E?authuser=0&hl=es-419&g_ep=EgoyMDI2MDkxNC4wIJJjKgBIAVAD&rclk=1"
"EL AUTOMOVIL JAPONES CIA. LTDA. (MATRIZ)","098 464 1734","","4.1","130","","ninguno","","true","Tienda de repuestos para automóviles","AV. MARISCAL SUCRE, Y y Angamarca, 170145 Quito","Solanda, Quito","https://www.google.com/maps/place/EL+AUTOMOVIL+JAPONES+CIA.+LTDA.+%28MATRIZ%29/data=!4m7!3m6!1s0x91d598de9dcf42d1:0xa1cf46e96ee5fe17!8m2!3d-0.2613841!4d-78.547303!16s%2Fg%2F11dfj6mc_8!19sChIJ0ULPnd6Y1ZERF_7lbulGz6E?authuser=0&hl=es-419&g_ep=EgoyMDI2MDkxNC4wIJJjKgBIAVAD&rclk=1"
"REPUESTOS AUTOMOTRICES ALFONSO GALLARDO","(02) 265-8991","","4.5","25","","ninguno","","true","Tienda de repuestos para automóviles","Colegio Amazonas, Calle, Lauro Guerrero Oe2-109, 170111 Quito","Solanda, Quito","https://www.google.com/maps/place/REPUESTOS+AUTOMOTRICES+ALFONSO+GALLARDO/data=!4m7!3m6!1s0x91d5990edf7a2fbd:0xc1688a42143e8d3e!8m2!3d-0.2452372!4d-78.5275526!16s%2Fg%2F11gmwcb8np!19sChIJvS963w6Z1ZERPo0-FEKKaME?authuser=0&hl=es-419&g_ep=EgoyMDI2MDkxNC4wIJJjKgBIAVAD&rclk=1"
"Diesel Sur S.A","(02) 263-5205","","4.8","13","","ninguno","","true","Tienda de repuestos para automóviles","Angamarca Oe8-138, Quito","Solanda, Quito","https://www.google.com/maps/place/Diesel+Sur+S.A/data=!4m7!3m6!1s0x91d598de8c24ae7d:0x96d30680838783a5!8m2!3d-0.2604908!4d-78.5466778!16s%2Fg%2F11gw3575ny!19sChIJfa4kjN6Y1ZERpYOHg4AG05Y?authuser=0&hl=es-419&g_ep=EgoyMDI2MDkxNC4wIJJjKgBIAVAD&rclk=1"
"JK AutoRepuestos","(02) 296-3900","","4.9","21","","ninguno","","true","Tienda de repuestos para automóviles","Av. Mariscal Sucre y Av. Ajaví &, 170131 Quito","Solanda, Quito","https://www.google.com/maps/place/JK+AutoRepuestos/data=!4m7!3m6!1s0x91d5992d3ec2957f:0x18aa5187137af66!8m2!3d-0.2567119!4d-78.5431166!16s%2Fg%2F11f901_cn7!19sChIJf5XCPi2Z1ZERZq83cRiligE?authuser=0&hl=es-419&g_ep=EgoyMDI2MDkxNC4wIJJjKgBIAVAD&rclk=1"
"REPUESTOS BRASIL MATRIZ","096 974 2000","","4.5","24","","ninguno","","true","Tienda de repuestos para coches de carreras","Cusubamba Oe4-170, 170131 Quito","Solanda, Quito","https://www.google.com/maps/place/REPUESTOS+BRASIL+MATRIZ/data=!4m7!3m6!1s0x91d598c05aecaceb:0xde1a92242f7e2742!8m2!3d-0.2735499!4d-78.5456161!16s%2Fg%2F11fdxfp5_5!19sChIJ66zsWsCY1ZERQid-LySSGt4?authuser=0&hl=es-419&g_ep=EgoyMDI2MDkxNC4wIJJjKgBIAVAD&rclk=1"
"Mansuera Villaflora","(02) 264-4273","","4","186","http://www.mansuera.com/","sitio_propio","","false","Tienda de repuestos para automóviles","Avenue Alonso de Angulo y Maximiliano Rodriguez 1254 y, 170121 Quito","Solanda, Quito","https://www.google.com/maps/place/Mansuera+Villaflora/data=!4m7!3m6!1s0x91d59905fc0abe99:0xa50917380d4740db!8m2!3d-0.2479715!4d-78.5266853!16s%2Fg%2F11g4d60cry!19sChIJmb4K_AWZ1ZER20BHDTgXCaU?authuser=0&hl=es-419&g_ep=EgoyMDI2MDkxNC4wIJJjKgBIAVAD&rclk=1"
"INDIMA S.A.","099 499 9426","servicioalcliente@indima.com.ec","5","36","http://www.indima.com.ec/","sitio_propio","2026","false","Fábrica","Av. Juan de Selis y Av. Jose Andrade 76 y, 170303 Quito","Solanda, Quito","https://www.google.com/maps/place/INDIMA+S.A./data=!4m7!3m6!1s0x91d58f6266bc5ceb:0x2aca4ebfb00a28c8!8m2!3d-0.09807!4d-78.473807!16s%2Fg%2F11c2q_xp2p!19sChIJ61y8ZmKP1ZERyCgKsL9Oyio?authuser=0&hl=es-419&g_ep=EgoyMDI2MDkxNC4wIJJjKgBIAVAD&rclk=1"
"RodaRepuestos Matriz","099 919 7500","","4.1","24","https://www.facebook.com/RODAREPUESTOS","solo_red_social","","true","Tienda de repuestos para automóviles","Av Diego Vásquez de Cepeda N63-118, 170303 Quito","Quitumbe, Quito","https://www.google.com/maps/place/RodaRepuestos+Matriz/data=!4m7!3m6!1s0x91d58571e53e58fb:0x55548ee987c1e4f0!8m2!3d-0.1184831!4d-78.4915059!16s%2Fg%2F11gv_yrsj6!19sChIJ-1g-5XGF1ZER8OTBh-mOVFU?authuser=0&hl=es-419&g_ep=EgoyMDI2MDkxNC4wIJJjKgBIAVAD&rclk=1"
"Ambacar Quicentro Sur","098 441 6991","nombre@email.com","3.8","241","https://www.ambacar.com/","sitio_propio","","false","Concesionario de automóviles","Subsuelo 2, Av. Morán Valverde 1000 y Quitumbe Ñan Centro Comercial Quicentro Sur, 170702 Quito","Quitumbe, Quito","https://www.google.com/maps/place/Ambacar+Quicentro+Sur/data=!4m7!3m6!1s0x91d598bd53384703:0x571af2e7f7fe76bd!8m2!3d-0.2857437!4d-78.5434057!16s%2Fg%2F11cs376562!19sChIJA0c4U72Y1ZERvXb-9-fyGlc?authuser=0&hl=es-419&g_ep=EgoyMDI2MDkxNC4wIJJjKgBIAVAD&rclk=1"
"AUTOREPUESTOS PICHINCHA","(02) 261-7287","","4.1","49","http://autorepuestospichincha.com/","sitio_propio","","true","Tienda de repuestos para automóviles","Av. Mariscal Sucre 553, 170111 Quito","Quitumbe, Quito","https://www.google.com/maps/place/AUTOREPUESTOS+PICHINCHA/data=!4m7!3m6!1s0x91d59911c7ee7f25:0x4764d016cd2d9726!8m2!3d-0.2448138!4d-78.5334505!16s%2Fg%2F11ddx906nd!19sChIJJX_uxxGZ1ZERJpctzRbQZEc?authuser=0&hl=es-419&g_ep=EgoyMDI2MDkxNC4wIJJjKgBIAVAD&rclk=1"
"ECOREPUESTOS","096 218 3444","","4.7","29","http://www.ecorepuestos.ec/","sitio_propio","2023","false","Tienda de repuestos para automóviles","Avenue Alonso de Angulo Oe2-815, 170111 Quito","Quitumbe, Quito","https://www.google.com/maps/place/ECOREPUESTOS/data=!4m7!3m6!1s0x91d59905a7eae6e1:0xdcf4b86cd6506c94!8m2!3d-0.2492287!4d-78.5290912!16s%2Fg%2F11g4dl_dcy!19sChIJ4ebqpwWZ1ZERlGxQ1my49Nw?authuser=0&hl=es-419&g_ep=EgoyMDI2MDkxNC4wIJJjKgBIAVAD&rclk=1"
"Electronic Motor - Mecanica Automotriz en Quito","099 843 3223","","4.9","7","","ninguno","","true","Taller de reparación de automóviles","Quitumbe, Av. Morán Valverde OE3-410 Rumuchaca, 170150 Quito","Quitumbe, Quito","https://www.google.com/maps/place/Electronic+Motor+-+Mecanica+Automotriz+en+Quito/data=!4m7!3m6!1s0x91d599170e2ee687:0x671eb6f9ba9319!8m2!3d-0.2814494!4d-78.5469111!16s%2Fg%2F11hdw1kwbs!19sChIJh-YuDheZ1ZERGZO6-bYeZwA?authuser=0&hl=es-419&g_ep=EgoyMDI2MDkxNC4wIJJjKgBIAVAD&rclk=1"
"TECNICENTRO AUTOMOTRIZ GAVILANES","096 903 1190","","5","30","","ninguno","","true","Taller de reparación de automóviles","Av. Quitumbe Ñan, y y S33D, 170146 Quito","Quitumbe, Quito","https://www.google.com/maps/place/TECNICENTRO+AUTOMOTRIZ+GAVILANES/data=!4m7!3m6!1s0x91d599894e2062b7:0xc26368aba56d4489!8m2!3d-0.2904498!4d-78.5453003!16s%2Fg%2F11q9tpv3k4!19sChIJt2IgTomZ1ZERiURtpatoY8I?authuser=0&hl=es-419&g_ep=EgoyMDI2MDkxNC4wIJJjKgBIAVAD&rclk=1"
"G & G REPUESTOS ELÉCTRICOS AUTOMOTRIZ","098 400 9968","","4.6","8","","ninguno","","true","Tienda de accesorios para camiones","","Quitumbe, Quito","https://www.google.com/maps/place/G+%26+G+REPUESTOS+EL%C3%89CTRICOS+AUTOMOTRIZ/data=!4m7!3m6!1s0x91d5a5b5c61334e5:0x5c99f35cc3b1db88!8m2!3d-1.3603287!4d-83.8954733!16s%2Fg%2F11j48r1j9t!19sChIJ5TQTxrWl1ZERiNuxw1zzmVw?authuser=0&hl=es-419&g_ep=EgoyMDI2MDkxNC4wIJJjKgBIAVAD&rclk=1"