"nombre","telefono","correo","estrellas","opiniones","pagina_web","clasificacion_sitio","anio_sitio","es_lead","categoria","direccion","zona","maps_url"
"Motos LandMotors Quito","099 993 0080","","4.3","234","https://landmotors.ec/","sitio_propio","","false","Concesionario de motos","Av. Mariscal Sucre y Bernardo de Legarda, 170528 Quito","La Mariscal, Quito","https://www.google.com/maps/place/Motos+LandMotors+Quito/data=!4m7!3m6!1s0x8e2a08f1a385808d:0xaafa839d8839c02e!8m2!3d-0.12186!4d-78.5049838!16s%2Fg%2F11f0l23yrf!19sChIJjYCFo_EIKo4RLsA5iJ2D-qo?authuser=0&hl=es-419&g_ep=EgoyMDI2MDkyMC4wIJJjKgBIAVAD&rclk=1"
"Moto Place","(02) 256-9853","","4.8","166","https://www.motoplace.ec/","sitio_propio","2026","false","Concesionario de motos","Centro Comercial Espiral, Jorge Washington y, Av. Río Amazonas y PB local 65, 170526 Quito","La Mariscal, Quito","https://www.google.com/maps/place/Moto+Place/data=!4m7!3m6!1s0x91d59b20aeb0117f:0xdae5281c7a58003e!8m2!3d-0.2064505!4d-78.4959296!16s%2Fg%2F11kktz99n3!19sChIJfxGwriCb1ZERPgBYehwo5do?authuser=0&hl=es-419&g_ep=EgoyMDI2MDkyMC4wIJJjKgBIAVAD&rclk=1"
"OR MOTOS Ecuador","099 822 6625","","3.9","12","http://corporacionormotos.com/","sitio_propio","","false","Concesionario de motos","Carapungo Av. Galo plaza, e y Isidro Ayora, Quito","La Mariscal, Quito","https://www.google.com/maps/place/OR+MOTOS+Ecuador/data=!4m7!3m6!1s0x91d59b43a049a617:0x213f3667b74363f!8m2!3d-0.0922406!4d-78.4518676!16s%2Fg%2F11vbjdht7n!19sChIJF6ZJoEOb1ZERPzZ0e2bzEwI?authuser=0&hl=es-419&g_ep=EgoyMDI2MDkyMC4wIJJjKgBIAVAD&rclk=1"
"GALARDI MOTORS","(02) 222-7788","","4.1","221","http://www.galardimotors.com/","sitio_propio","","false","Concesionario de motos","N24- y, Avenida 6 de Diciembre & Alfredo Baquerizo Moreno, Quito","La Mariscal, Quito","https://www.google.com/maps/place/GALARDI+MOTORS/data=!4m7!3m6!1s0x91d59a12f35f3271:0x72a16bba6c620390!8m2!3d-0.2035523!4d-78.4880375!16s%2Fg%2F11bxd91cyv!19sChIJcTJf8xKa1ZERkANibLproXI?authuser=0&hl=es-419&g_ep=EgoyMDI2MDkyMC4wIJJjKgBIAVAD&rclk=1"
"MOTO LIDER","099 788 2171","","5","576","https://www.facebook.com/profile.php?id=100082916555350&mibextid=LQQJ4d","solo_red_social","","true","Concesionario de motos","Av. de la Prensa y Juan Paz y Miño 49-177 y, 170512 Quito","La Mariscal, Quito","https://www.google.com/maps/place/MOTO+LIDER/data=!4m7!3m6!1s0x91d59bb5f6fa5ef5:0xdc3ec33210516c7a!8m2!3d-0.1480715!4d-78.4909566!16s%2Fg%2F11ts9k94vj!19sChIJ9V769rWb1ZERemxREDLDPtw?authuser=0&hl=es-419&g_ep=EgoyMDI2MDkyMC4wIJJjKgBIAVAD&rclk=1"
"Samadi Motos Quito Sur","098 920 6000","","4.9","154","","ninguno","","true","Concesionario de motos","Av. Mariscal Sucre y Toacazo &, 170148 Quito","La Mariscal, Quito","https://www.google.com/maps/place/Samadi+Motos+Quito+Sur/data=!4m7!3m6!1s0x91d5990040b9de33:0xedd534f34da71e69!8m2!3d-0.2606413!4d-78.5458716!16s%2Fg%2F11y3xtnf_j!19sChIJM965QACZ1ZERaR6nTfM01e0?authuser=0&hl=es-419&g_ep=EgoyMDI2MDkyMC4wIJJjKgBIAVAD&rclk=1"
"Samadi Motos Quito","098 920 6000","ejemplo@ejemplo.com","3.7","402","https://www.samadimotos.com/","sitio_propio","","false","Concesionario de motos","Av. de la Prensa 46-51 y, 170104 Quito","La Mariscal, Quito","https://www.google.com/maps/place/Samadi+Motos+Quito/data=!4m7!3m6!1s0x91d59ab0799cf8af:0x6e07d55126e147c0!8m2!3d-0.1555055!4d-78.4888359!16s%2Fg%2F11c20qgcdl!19sChIJr_icebCa1ZERwEfhJlHVB24?authuser=0&hl=es-419&g_ep=EgoyMDI2MDkyMC4wIJJjKgBIAVAD&rclk=1"
"Motos a crédito","099 500 3839","","4.3","97","","ninguno","","true","Concesionario de motos","Av. de los Shyris, 170135 Quito","La Mariscal, Quito","https://www.google.com/maps/place/Motos+a+cr%C3%A9dito/data=!4m7!3m6!1s0x91d59a8359370d05:0x81d3515a67bca96e!8m2!3d-0.1717435!4d-78.4798432!16s%2Fg%2F11clt7xk8c!19sChIJBQ03WYOa1ZERbqm8Z1pR04E?authuser=0&hl=es-419&g_ep=EgoyMDI2MDkyMC4wIJJjKgBIAVAD&rclk=1"
"Custom Garage","098 038 5880","","5","7","","ninguno","","true","Tienda de motocicletas","N73B, 170133 Quito","La Mariscal, Quito","https://www.google.com/maps/place/Custom+Garage/data=!4m7!3m6!1s0x91d58fd8e6e0e4ef:0x63b5c3c1a6a296a2!8m2!3d-0.1033307!4d-78.4582283!16s%2Fg%2F11n73vv0q3!19sChIJ7-Tg5tiP1ZERopaipsHDtWM?authuser=0&hl=es-419&g_ep=EgoyMDI2MDkyMC4wIJJjKgBIAVAD&rclk=1"
"Moto Eléctrica Motoflash","098 251 8189","","3.2","18","https://wa.me/593982518189","solo_red_social","","true","Concesionario de motos","Av. Capitán Geovanni Calles, 170202 Quito","La Mariscal, Quito","https://www.google.com/maps/place/Moto+El%C3%A9ctrica+Motoflash/data=!4m7!3m6!1s0x91d59b2a07dd321f:0x34921e28610a4214!8m2!3d-0.0929096!4d-78.4345663!16s%2Fg%2F11j6_xdhh5!19sChIJHzLdByqb1ZERFEIKYSgekjQ?authuser=0&hl=es-419&g_ep=EgoyMDI2MDkyMC4wIJJjKgBIAVAD&rclk=1"
"MasterMoto Calderón","099 500 3839","","4.1","29","https://www.mastermoto.com.ec/","sitio_propio","","true","Concesionario de motos","170206 Quito","La Mariscal, Quito","https://www.google.com/maps/place/MasterMoto+Calder%C3%B3n/data=!4m7!3m6!1s0x91d58fdfd374314b:0x3ff7c54808e9ad27!8m2!3d-0.0913976!4d-78.4324288!16s%2Fg%2F11g18w7m67!19sChIJSzF009-P1ZERJ63pCEjF9z8?authuser=0&hl=es-419&g_ep=EgoyMDI2MDkyMC4wIJJjKgBIAVAD&rclk=1"
"GALARDI MOTORS EL INCA","099 991 9967","jaco@galardielinca.com; ventas@galardielinca.com","5","219","http://www.galardielinca.com/","sitio_propio","","false","Concesionario de motos","Av. El Inca y Av. 6 de Diciembre N46-31 y, 170138 Quito","La Mariscal, Quito","https://www.google.com/maps/place/GALARDI+MOTORS+EL+INCA/data=!4m7!3m6!1s0x91d59b5cb7efd0bb:0x86aef687c66b4984!8m2!3d-0.1542261!4d-78.475889!16s%2Fg%2F11ppwjt87y!19sChIJu9Dvt1yb1ZERhElrxof2roY?authuser=0&hl=es-419&g_ep=EgoyMDI2MDkyMC4wIJJjKgBIAVAD&rclk=1"
"IMPORTACIONES R&C","099 784 6209","","4","11","https://www.facebook.com/gOrillamOtO93?mibextid=ZbWKwL","solo_red_social","","true","Concesionario de motos","170111 Quito","La Mariscal, Quito","https://www.google.com/maps/place/IMPORTACIONES+R%26C/data=!4m7!3m6!1s0x91d5991a8354c027:0x3b175aefb5c67127!8m2!3d-0.1173874!4d-78.4803304!16s%2Fg%2F11d_bc3r_5!19sChIJJ8BUgxqZ1ZERJ3HGte9aFzs?authuser=0&hl=es-419&g_ep=EgoyMDI2MDkyMC4wIJJjKgBIAVAD&rclk=1"
"Digos importadora","096 882 7528","","4.6","9","","ninguno","","true","Concesionario de motos eléctricas","Capitán Giovanni Calles y Quitus &, 170202 Quito","La Mariscal, Quito","https://www.google.com/maps/place/Digos+importadora/data=!4m7!3m6!1s0x91d58f251aebe015:0x5cde1a83d9c93f08!8m2!3d-0.0928436!4d-78.4344675!16s%2Fg%2F11sly25mgr!19sChIJFeDrGiWP1ZERCD_J2YMa3lw?authuser=0&hl=es-419&g_ep=EgoyMDI2MDkyMC4wIJJjKgBIAVAD&rclk=1"
"ENDUROMOTO","099 255 5544","","4.4","9","","ninguno","","true","Tienda de motocicletas","LOCALIDAD : QUITO, De los Floripondios, 170514 Quito","La Mariscal, Quito","https://www.google.com/maps/place/ENDUROMOTO/data=!4m7!3m6!1s0x91d58ff37ff78835:0x9ba19fa20627a952!8m2!3d-0.1304631!4d-78.4694338!16s%2Fg%2F11gmy4blzb!19sChIJNYj3f_OP1ZERUqknBqKfoZs?authuser=0&hl=es-419&g_ep=EgoyMDI2MDkyMC4wIJJjKgBIAVAD&rclk=1"
"Motogarage Store Granados","098 441 7249","motogaragestore@gmail.com\&quot;&gt;motogaragestore@gmail.com&lt;/a&gt;&lt;/p&gt;&quot;],&quot;desktop&quot;:[0,{&quot;top&quot;:[0,246],&quot;left&quot;:[0,0],&quot;width&quot;:[0,236],&quot;height&quot;:[0,24]}],&quot;settings&quot;:[0,{&quot;styles&quot;:[0,{&quot;text&quot;:[0,&quot;left&quot;],&quot;align&quot;:[0,&quot;flex-start&quot;],&quot;justify&quot;:[0,&quot;center&quot;],&quot;m-element-margin&quot;:[0,&quot;0; motogaragestore@gmail.com","4.4","39","https://motogaragestore.online/","sitio_propio","2025","false","Concesionario de motos","Av De las Guindas E15-128| MONTESERRIN, 170503 Quito","La Mariscal, Quito","https://www.google.com/maps/place/Motogarage+Store+Granados/data=!4m7!3m6!1s0x91d59163decc1721:0xa910ecd4d3d35496!8m2!3d-0.1581315!4d-78.463012!16s%2Fg%2F11rpcplcv3!19sChIJIRfM3mOR1ZERllTT09TsEKk?authuser=0&hl=es-419&g_ep=EgoyMDI2MDkyMC4wIJJjKgBIAVAD&rclk=1"
"Yamaha Condado","(02) 380-2222","","4","50","","ninguno","","true","Concesionario de motos","Centro Comercial El Condado, Piso: 1, Av. de la Prensa, 170301 Quito","La Mariscal, Quito","https://www.google.com/maps/place/Yamaha+Condado/data=!4m7!3m6!1s0x91d5859a4c82c2af:0x99a51359acb4e6e6!8m2!3d-0.1028314!4d-78.4904587!16s%2Fg%2F11gty_f0hg!19sChIJr8KCTJqF1ZER5ua0rFkTpZk?authuser=0&hl=es-419&g_ep=EgoyMDI2MDkyMC4wIJJjKgBIAVAD&rclk=1"
"Compra y Venta de Motos Antonio","098 404 5527","","4","21","https://www.facebook.com/Compra-y-Venta-de-motos-Quito-Ecuador-166778293968986/","solo_red_social","","true","Concesionario de motos","Av. Galo Plaza Lasso 9287, 170138 Quito","La Mariscal, Quito","https://www.google.com/maps/place/Compra+y+Venta+de+Motos+Antonio/data=!4m7!3m6!1s0x91d59b5b6b25fc8d:0x97a01d49f4839cf2!8m2!3d-0.1405123!4d-78.4830345!16s%2Fg%2F11j1210g8c!19sChIJjfwla1ub1ZER8pyD9EkdoJc?authuser=0&hl=es-419&g_ep=EgoyMDI2MDkyMC4wIJJjKgBIAVAD&rclk=1"
"Moto Republic El Inca","098 346 9400","","4.3","100","https://motorepublic.store/","sitio_propio","","true","Concesionario de motos","De las Toronjas y Av. El Inca E12-54 y, 170503 Quito","La Mariscal, Quito","https://www.google.com/maps/place/Moto+Republic+El+Inca/data=!4m7!3m6!1s0x91d5915226acf3c1:0xec534c39d1128973!8m2!3d-0.1549697!4d-78.4729244!16s%2Fg%2F11pzrrpv7p!19sChIJwfOsJlKR1ZERc4kS0TlMU-w?authuser=0&hl=es-419&g_ep=EgoyMDI2MDkyMC4wIJJjKgBIAVAD&rclk=1"
"Pronto Moto","099 873 5515","","4.4","13","https://www.instagram.com/prontomotoecuador?r=nametag","solo_red_social","","true","Tienda de motocicletas","Av. de la Prensa y Norte 139, 170301 Quito","La Mariscal, Quito","https://www.google.com/maps/place/Pronto+Moto/data=!4m7!3m6!1s0x91d5856bb3e02b67:0x8827d31ff8174a7!8m2!3d-0.1255738!4d-78.4940964!16s%2Fg%2F11gr6kcdjz!19sChIJZyvgs2uF1ZERp3SB_zF9ggg?authuser=0&hl=es-419&g_ep=EgoyMDI2MDkyMC4wIJJjKgBIAVAD&rclk=1"
"ALEMOTOS QUITO","096 719 0122","","4.8","6","","ninguno","","true","Concesionario de motos","Av. de la Prensa 60-44 y, 170104 Quito","La Mariscal, Quito","https://www.google.com/maps/place/ALEMOTOS+QUITO/data=!4m7!3m6!1s0x91d59b0453ae06f1:0x850bc75410f4ac09!8m2!3d-0.1244033!4d-78.4937039!16s%2Fg%2F11n846fmd5!19sChIJ8QauUwSb1ZERCaz0EFTHC4U?authuser=0&hl=es-419&g_ep=EgoyMDI2MDkyMC4wIJJjKgBIAVAD&rclk=1"
"Motos SUZUKI Quito","099 493 2656","","4.2","23","https://suzukimotos.ec/","sitio_propio","","false","Concesionario de motos","Av. de la Prensa y Ángel Ludeña 50-23, 170103 Quito","La Mariscal, Quito","https://www.google.com/maps/place/Motos+SUZUKI+Quito/data=!4m7!3m6!1s0x91d585004c3a8c25:0x33ebdacf1ef428ba!8m2!3d-0.1257295!4d-78.4940989!16s%2Fg%2F11lf2_0v5g!19sChIJJYw6TACF1ZERuij0Hs_a6zM?authuser=0&hl=es-419&g_ep=EgoyMDI2MDkyMC4wIJJjKgBIAVAD&rclk=1"
"Moto - accesorios Vega","098 428 6896","","4.3","78","","ninguno","","true","Tienda de motocicletas","Av. de la Prensa N58-305, 170301 Quito","La Mariscal, Quito","https://www.google.com/maps/place/Moto+-+accesorios+Vega/data=!4m7!3m6!1s0x91d5859f7ab4ecc1:0xb300e37028de0468!8m2!3d-0.1281815!4d-78.4941572!16s%2Fg%2F11fswpjg87!19sChIJwey0ep-F1ZERaATeKHDjALM?authuser=0&hl=es-419&g_ep=EgoyMDI2MDkyMC4wIJJjKgBIAVAD&rclk=1"
"Samadi Motos Colón","","","4.4","19","","ninguno","","true","Concesionario de motos","170521, Quito","La Mariscal, Quito","https://www.google.com/maps/place/Samadi+Motos+Col%C3%B3n/data=!4m7!3m6!1s0x91d59b7669e5fa2b:0x186556c162913d42!8m2!3d-0.1991941!4d-78.4938611!16s%2Fg%2F11n9c2vzpt!19sChIJK_rlaXab1ZERQj2RYsFWZRg?authuser=0&hl=es-419&g_ep=EgoyMDI2MDkyMC4wIJJjKgBIAVAD&rclk=1"
"Luna Power Sports","098 879 8506","info@lunapowersports.com","5","115","https://www.lunapowersports.com/","sitio_propio","","false","Tienda de motocicletas","De Los Motilones 40-610, LT 17, 170516 Quito","La Mariscal, Quito","https://www.google.com/maps/place/Luna+Power+Sports/data=!4m7!3m6!1s0x91d591a8dd5914b1:0x291905addebbce80!8m2!3d-0.1664894!4d-78.4666999!16s%2Fg%2F11ptmc4rcr!19sChIJsRRZ3aiR1ZERgM673q0FGSk?authuser=0&hl=es-419&g_ep=EgoyMDI2MDkyMC4wIJJjKgBIAVAD&rclk=1"
"Samadi Calderón","099 588 9737","","5","8","https://www.facebook.com/profile.php?id=61584021351612","solo_red_social","","true","Concesionario de motos","WH59+WXR, Capitán Giovanni Calles, 170206 Quito","La Mariscal, Quito","https://www.google.com/maps/place/Samadi+Calder%C3%B3n/data=!4m7!3m6!1s0x91d58f002bce0af9:0xcb5763fa7ad754dc!8m2!3d-0.0901302!4d-78.4301234!16s%2Fg%2F11zggq5jy8!19sChIJ-QrOKwCP1ZER3FTXevpjV8s?authuser=0&hl=es-419&g_ep=EgoyMDI2MDkyMC4wIJJjKgBIAVAD&rclk=1"
"Moto Accesorios","098 620 8200","","4.6","251","https://www.motoaccesorios-ec.com/","sitio_propio","","false","Tienda de motocicletas","Louvre 212, 170120 Quito","La Mariscal, Quito","https://www.google.com/maps/place/Moto+Accesorios/data=!4m7!3m6!1s0x91d59aa00fb78eb9:0x33ceadc75689de50!8m2!3d-0.1642279!4d-78.4759203!16s%2Fg%2F11fcqp2_vc!19sChIJuY63D6Ca1ZERUN6JVsetzjM?authuser=0&hl=es-419&g_ep=EgoyMDI2MDkyMC4wIJJjKgBIAVAD&rclk=1"
"7World power sports","(02) 224-0477","webmaster@7worldps.com","4.4","170","http://www.7worldps.com/","sitio_propio","2026","false","Tienda de motocicletas","C. Isla Tortuga, 170501 Quito","La Mariscal, Quito","https://www.google.com/maps/place/7World+power+sports/data=!4m7!3m6!1s0x91d58556022d1c05:0x99a1bf7ad90e8001!8m2!3d-0.1654013!4d-78.484322!16s%2Fg%2F1ptzyj_nr!19sChIJBRwtAlaF1ZERAYAO2Xq_oZk?authuser=0&hl=es-419&g_ep=EgoyMDI2MDkyMC4wIJJjKgBIAVAD&rclk=1"
"TF Motos & Accesorios S.A.S.","098 351 9616","","4.6","21","http://www.tfmotos.com/","sitio_propio","","true","Concesionario de motos","0.104115, -78.425110 Satélite, 170202","La Mariscal, Quito","https://www.google.com/maps/place/TF+Motos+%26+Accesorios+S.A.S./data=!4m7!3m6!1s0x91d58f94b1cfb863:0xf7a93b86edd0031f!8m2!3d-0.1041241!4d-78.4251011!16s%2Fg%2F11jp9r290r!19sChIJY7jPsZSP1ZERHwPQ7YY7qfc?authuser=0&hl=es-419&g_ep=EgoyMDI2MDkyMC4wIJJjKgBIAVAD&rclk=1"
"AZ Solutions Ec-MTG Motos Eléctricas","098 416 0438","","4.6","81","https://motoselectricas.uio.ec/","sitio_propio","2024","false","Concesionario de motos eléctricas","Av. de la Prensa 57-187, 170104 Quito","La Mariscal, Quito","https://www.google.com/maps/place/AZ+Solutions+Ec-MTG+Motos+El%C3%A9ctricas/data=!4m7!3m6!1s0x91d58580acaabedf:0xaed1e897c1674abf!8m2!3d-0.1315699!4d-78.4942883!16s%2Fg%2F11llfq78zl!19sChIJ376qrICF1ZERv0pnwZfo0a4?authuser=0&hl=es-419&g_ep=EgoyMDI2MDkyMC4wIJJjKgBIAVAD&rclk=1"
"Motollantas One Click","099 272 6458","","5","8","","ninguno","","true","Tienda de motocicletas","De los Pinos y Panamericana Nte. 4145 y, 170202 Quito","La Mariscal, Quito","https://www.google.com/maps/place/Motollantas+One+Click/data=!4m7!3m6!1s0x91d5856fbff86cad:0xc1848db07784d083!8m2!3d-0.1031566!4d-78.4335555!16s%2Fg%2F11q95pv9ww!19sChIJrWz4v2-F1ZERg9CEd7CNhME?authuser=0&hl=es-419&g_ep=EgoyMDI2MDkyMC4wIJJjKgBIAVAD&rclk=1"
"Haojue Ecuador","099 941 3578","info@localhost","4.4","19","https://haojue.ec/","sitio_propio","2024","false","Tienda de motocicletas","Av. De la Prensa, y y Av. Edmundo Carvajal, 170502 Quito","La Mariscal, Quito","https://www.google.com/maps/place/Haojue+Ecuador/data=!4m7!3m6!1s0x91d58fefc6ce5b7b:0x98647b0ae6241f1f!8m2!3d-0.1602219!4d-78.4874739!16s%2Fg%2F11tfyv0cj5!19sChIJe1vOxu-P1ZERHx8k5gp7ZJg?authuser=0&hl=es-419&g_ep=EgoyMDI2MDkyMC4wIJJjKgBIAVAD&rclk=1"
"Zurdo Ventas ACCESORIOS DE PROTECCIÓN PARA MOTOCICLETA","097 916 4097","","4.4","9","https://www.tiktok.com/@zurdoventasquito?_t=8ixYT3vrvgj&_r=1","solo_red_social","","true","Tienda de motocicletas","CAPITAN GUILLERMO CORNEJO, Rigoberto Heredia y Atucucho N61- 99 Y, 170109","La Mariscal, Quito","https://www.google.com/maps/place/Zurdo+Ventas+ACCESORIOS+DE+PROTECCI%C3%93N+PARA+MOTOCICLETA/data=!4m7!3m6!1s0x91d58f1eb8b71aa3:0xd50c124254c8cefc!8m2!3d-0.1228698!4d-78.4962679!16s%2Fg%2F11p5gnk9xl!19sChIJoxq3uB6P1ZER_M7IVEISDNU?authuser=0&hl=es-419&g_ep=EgoyMDI2MDkyMC4wIJJjKgBIAVAD&rclk=1"
"Electromoto Press","098 283 1166","","4.7","9","","ninguno","","true","Tienda de motocicletas","Av. de la Prensa 69-72, 170144 Quito","La Mariscal, Quito","https://www.google.com/maps/place/Electromoto+Press/data=!4m7!3m6!1s0x91d585a6f58a4347:0x7b9159b747a9ae97!8m2!3d-0.11054!4d-78.4936742!16s%2Fg%2F11vqx2v0tc!19sChIJR0OK9aaF1ZERl66pR7dZkXs?authuser=0&hl=es-419&g_ep=EgoyMDI2MDkyMC4wIJJjKgBIAVAD&rclk=1"
"Motor 1 Store - Calderón","098 488 3741","","4.5","17","","ninguno","","true","Tienda de motocicletas","Capitán Giovanni Calles 2345, 170206 Quito","La Mariscal, Quito","https://www.google.com/maps/place/Motor+1+Store+-+Calder%C3%B3n/data=!4m7!3m6!1s0x91d58f66667dbdb7:0x33cef181cb0a9ff7!8m2!3d-0.0914425!4d-78.4325262!16s%2Fg%2F11nn20kcqx!19sChIJt719ZmaP1ZER958Ky4HxzjM?authuser=0&hl=es-419&g_ep=EgoyMDI2MDkyMC4wIJJjKgBIAVAD&rclk=1"
"El Patio de las Motos","098 913 7967","","4.4","141","https://www.facebook.com/ElPatioEc?mibextid=ZbWKwL","solo_red_social","","true","Taller de reparación de motos","Iñaquito y Alfonso Pereira, N38-137 y, 170514 Quito","La Mariscal, Quito","https://www.google.com/maps/place/El+Patio+de+las+Motos/data=!4m7!3m6!1s0x91d59a90839b1507:0x9c35fdbf265b676c!8m2!3d-0.171326!4d-78.4868076!16s%2Fg%2F11cnc7ykjr!19sChIJBxWbg5Ca1ZERbGdbJr_9NZw?authuser=0&hl=es-419&g_ep=EgoyMDI2MDkyMC4wIJJjKgBIAVAD&rclk=1"
"Stacey Motos","099 832 7242","","4.3","139","http://www.staceymotos.shop/","sitio_propio","","false","Concesionario de motos","Av. París y Av. Tomás de Berlanga &, 170513 Quito","La Mariscal, Quito","https://www.google.com/maps/place/Stacey+Motos/data=!4m7!3m6!1s0x91d59a858d4bf241:0xd50925d1350e0f3c!8m2!3d-0.1655593!4d-78.47806!16s%2Fg%2F11h0y6490n!19sChIJQfJLjYWa1ZERPA8ONdElCdU?authuser=0&hl=es-419&g_ep=EgoyMDI2MDkyMC4wIJJjKgBIAVAD&rclk=1"
"artefacta motors","099 837 1472","","3.9","19","https://www.artefacta.com/c/automotriz","sitio_propio","2024","false","Concesionario de motos","Av. de la Prensa N60-105 y, 170301 Quito","La Mariscal, Quito","https://www.google.com/maps/place/artefacta+motors/data=!4m7!3m6!1s0x91d5856b8e80d43b:0x4cbad0a7ee8efddd!8m2!3d-0.1239937!4d-78.494065!16s%2Fg%2F11gwmbjy04!19sChIJO9SAjmuF1ZER3f2O7qfQukw?authuser=0&hl=es-419&g_ep=EgoyMDI2MDkyMC4wIJJjKgBIAVAD&rclk=1"
"Stx Motors ⚡ Motos Eléctricas","098 281 0700","stxmotors@gmail.com\&quot;&gt;info@email.com&lt;/a&gt;&lt;/span&gt;&lt;/p&gt;&quot;],&quot;desktop&quot;:[0,{&quot;top&quot;:[0,200],&quot;left&quot;:[0,0],&quot;width&quot;:[0,503],&quot;height&quot;:[0,249]}],&quot;settings&quot;:[0,{&quot;styles&quot;:[0,{&quot;text&quot;:[0,&quot;center&quot;],&quot;align&quot;:[0,&quot;flex-start&quot;],&quot;justify&quot;:[0,&quot;flex-start&quot;],&quot;m-element-margin&quot;:[0,&quot;0; stxmotors@gmail.com; info@email.com","4.6","10","https://stxmotors.net/","sitio_propio","2025","false","Concesionario de motos eléctricas","Rigoberto Heredia y Machala, 180153 Quito","La Mariscal, Quito","https://www.google.com/maps/place/Stx+Motors+%E2%9A%A1+Motos+El%C3%A9ctricas/data=!4m7!3m6!1s0x91d59b0d0f064295:0x388d72a864ac2531!8m2!3d-0.1224709!4d-78.4989855!16s%2Fg%2F11vxh98q4k!19sChIJlUIGDw2b1ZERMSWsZKhyjTg?authuser=0&hl=es-419&g_ep=EgoyMDI2MDkyMC4wIJJjKgBIAVAD&rclk=1"
"Moto Nation","099 991 7744","","4","13","http://www.motonationecuador.com/","sitio_propio","","true","Concesionario de motos","Av. La Prensa N47-131 y, Jorge Páez Esq, 170510 Quito","La Mariscal, Quito","https://www.google.com/maps/place/Moto+Nation/data=!4m7!3m6!1s0x91d59b82be8d2989:0xeec0803b328df864!8m2!3d-0.1536638!4d-78.4894803!16s%2Fg%2F11txgwhdrr!19sChIJiSmNvoKb1ZERZPiNMjuAwO4?authuser=0&hl=es-419&g_ep=EgoyMDI2MDkyMC4wIJJjKgBIAVAD&rclk=1"
"Kawasaki Quito","098 057 7859","","4.3","94","http://www.kawasaki-la.com/","sitio_propio","","false","Concesionario de motos","Av. de los Shyris, y y Av. Isla Floreana, 170523 Quito","La Mariscal, Quito","https://www.google.com/maps/place/Kawasaki+Quito/data=!4m7!3m6!1s0x91d59bd15722b2dd:0xca835cd5d4fa6741!8m2!3d-0.168352!4d-78.4797166!16s%2Fg%2F11f6g35xsp!19sChIJ3bIiV9Gb1ZERQWf61NVcg8o?authuser=0&hl=es-419&g_ep=EgoyMDI2MDkyMC4wIJJjKgBIAVAD&rclk=1"
"Samadi","099 618 2724","ejemplo@ejemplo.com","4","99","https://www.samadimotos.com/","sitio_propio","","false","Concesionario de motos","Av. América y San Francisco &, 170102 Quito","La Mariscal, Quito","https://www.google.com/maps/place/Samadi/data=!4m7!3m6!1s0x91d59b004d30ab5b:0x91da0e1296ddc43d!8m2!3d-0.1697927!4d-78.4892033!16s%2Fg%2F11vpsrr7qy!19sChIJW6swTQCb1ZERPcTdlhIO2pE?authuser=0&hl=es-419&g_ep=EgoyMDI2MDkyMC4wIJJjKgBIAVAD&rclk=1"
"4RIDERS GRANADOS","095 888 0486","","4.4","48","","ninguno","","true","Tienda de motocicletas","De los Naranjos 44-250, 170124 Quito","La Mariscal, Quito","https://www.google.com/maps/place/4RIDERS+GRANADOS/data=!4m7!3m6!1s0x91d59191d8c3b555:0x78122269bce6088c!8m2!3d-0.1628936!4d-78.465273!16s%2Fg%2F11s2j19n54!19sChIJVbXD2JGR1ZERjAjmvGkiEng?authuser=0&hl=es-419&g_ep=EgoyMDI2MDkyMC4wIJJjKgBIAVAD&rclk=1"
"Motor 1","096 352 4810","","4","269","http://www.motor-1.com/","sitio_propio","","false","Tienda de motocicletas","RGQ7+7H4, Av. 10 de Agosto, 170521 Quito","La Mariscal, Quito","https://www.google.com/maps/place/Motor+1/data=!4m7!3m6!1s0x91d59aa330d03abb:0xb546b8ad4eefbf53!8m2!3d-0.1618583!4d-78.4860411!16s%2Fg%2F11gfp870l_!19sChIJuzrQMKOa1ZERU7_vTq24RrU?authuser=0&hl=es-419&g_ep=EgoyMDI2MDkyMC4wIJJjKgBIAVAD&rclk=1"
"ELECTRIMOVE","096 972 4521","","4.5","33","http://evamotos.com/","sitio_propio","","true","Concesionario de motos eléctricas","Río arajuno, y y Pje. Amazonas, 170104 Quito","La Mariscal, Quito","https://www.google.com/maps/place/ELECTRIMOVE/data=!4m7!3m6!1s0x91d59b7a4ef16c93:0xd8fd8c99bbd8461e!8m2!3d-0.1443989!4d-78.4910007!16s%2Fg%2F11sxgr0b4d!19sChIJk2zxTnqb1ZERHkbYu5mM_dg?authuser=0&hl=es-419&g_ep=EgoyMDI2MDkyMC4wIJJjKgBIAVAD&rclk=1"
"PRO RACING","(02) 240-7318","","4.5","123","http://www.proracinginc.com/","sitio_propio","","false","Concesionario de motos","De Las Retamas E1-170, 170138 Quito","La Mariscal, Quito","https://www.google.com/maps/place/PRO+RACING/data=!4m7!3m6!1s0x91d59aaf75e437b9:0xfcbbd882b3ff2026!8m2!3d-0.1548253!4d-78.4831311!16s%2Fg%2F11cnzl46rp!19sChIJuTfkda-a1ZERJiD_s4LYu_w?authuser=0&hl=es-419&g_ep=EgoyMDI2MDkyMC4wIJJjKgBIAVAD&rclk=1"
"Mastermoto Ag. 10 De Agosto","095 899 7237","","4.3","91","http://www.mastermoto.com.ec/","sitio_propio","","false","Tienda de motocicletas","Av. 10 de Agosto, 170138 Quito","La Mariscal, Quito","https://www.google.com/maps/place/Mastermoto+Ag.+10+De+Agosto/data=!4m7!3m6!1s0x91d59aa3301fc36b:0xe637b2f759f9a130!8m2!3d-0.1618422!4d-78.4860682!16s%2Fg%2F11hctvt6my!19sChIJa8MfMKOa1ZERMKH5WfeyN-Y?authuser=0&hl=es-419&g_ep=EgoyMDI2MDkyMC4wIJJjKgBIAVAD&rclk=1"
"Imporelectric ISESA bikers","099 800 2629","","4.8","8","","ninguno","","true","Tienda de motocicletas","de las madreselvas, y y Av. Eloy Alfaro, Quito","La Mariscal, Quito","https://www.google.com/maps/place/Imporelectric+ISESA+bikers/data=!4m7!3m6!1s0x91d59bbd451198a7:0xc3363db30be50d56!8m2!3d-0.1467338!4d-78.4684438!16s%2Fg%2F11pwxn5q5m!19sChIJp5gRRb2b1ZERVg3lC7M9NsM?authuser=0&hl=es-419&g_ep=EgoyMDI2MDkyMC4wIJJjKgBIAVAD&rclk=1"
"Motos a credito","099 500 3839","","4.1","7","https://photos.app.goo.gl/qoPwP76cWxqLvE6t7","sitio_propio","2024","false","Concesionario de motos","Av 10 de agosto, y y Papallacta esquina, 170521 Quito","La Mariscal, Quito","https://www.google.com/maps/place/Motos+a+credito/data=!4m7!3m6!1s0x91d59bc6624dd7a7:0x57b7b89569540efd!8m2!3d-0.1617699!4d-78.4860705!16s%2Fg%2F11fk1skzfy!19sChIJp9dNYsab1ZER_Q5UaZW4t1c?authuser=0&hl=es-419&g_ep=EgoyMDI2MDkyMC4wIJJjKgBIAVAD&rclk=1"
"ELECTROECUADOR.SAS","","","4.9","17","","ninguno","","true","Tienda de electrodomésticos","Av. Galo Plaza Lasso &, 170502 Quito","La Mariscal, Quito","https://www.google.com/maps/place/ELECTROECUADOR.SAS/data=!4m7!3m6!1s0x91d5857d4bdce817:0x6cb9011e0efb12a9!8m2!3d-0.1457582!4d-78.4834127!16s%2Fg%2F11ldsxmbt4!19sChIJF-jcS32F1ZERqRL7Dh4BuWw?authuser=0&hl=es-419&g_ep=EgoyMDI2MDkyMC4wIJJjKgBIAVAD&rclk=1"
"ProBiker Moto Shop","099 997 0001","motoshop@probiker.ec","4.4","19","http://www.probiker.ec/","sitio_propio","2026","false","Tienda de motocicletas","Centro Comercial CCNU Local S8, 170515 Quito","La Mariscal, Quito","https://www.google.com/maps/place/ProBiker+Moto+Shop/data=!4m7!3m6!1s0x91d59b7521bcf3fd:0xd09c984e8759032d!8m2!3d-0.1756072!4d-78.484273!16s%2Fg%2F11nz3sqnjp!19sChIJ_fO8IXWb1ZERLQNZh06YnNA?authuser=0&hl=es-419&g_ep=EgoyMDI2MDkyMC4wIJJjKgBIAVAD&rclk=1"
"EVA MOTOS","096 972 4521","","4.9","19","https://evamotos.com/","sitio_propio","","true","Concesionario de motos eléctricas","Pje. Amazonas y Rio Arajuno, 170512 Quito","La Mariscal, Quito","https://www.google.com/maps/place/EVA+MOTOS/data=!4m7!3m6!1s0x91d5852a00485b21:0x7dfd75b695a8c216!8m2!3d-0.1444163!4d-78.4910297!16s%2Fg%2F11xcjdt0fd!19sChIJIVtIACqF1ZERFsKolbZ1_X0?authuser=0&hl=es-419&g_ep=EgoyMDI2MDkyMC4wIJJjKgBIAVAD&rclk=1"
"KTM GRANADOS","098 348 9720","","3.5","69","","ninguno","","true","Tienda de motocicletas","GONZALO BACA, Y y De los Naranjos, 170503 Quito","La Mariscal, Quito","https://www.google.com/maps/place/KTM+GRANADOS/data=!4m7!3m6!1s0x91d591b3f050f685:0x688b8a6b9ff3b2bf!8m2!3d-0.162863!4d-78.465422!16s%2Fg%2F11qb67r00w!19sChIJhfZQ8LOR1ZERv7Lzn2uKi2g?authuser=0&hl=es-419&g_ep=EgoyMDI2MDkyMC4wIJJjKgBIAVAD&rclk=1"
"EUROMOTO - Motos y Accesorios","099 319 9372","info@euromotoec.com","4","97","http://www.euromotoec.com/","sitio_propio","2026","false","Tienda de motocicletas","Av. Portugal y Av. Eloy Alfaro 442 y, 170102 Quito","La Mariscal, Quito","https://www.google.com/maps/place/EUROMOTO+-+Motos+y+Accesorios/data=!4m7!3m6!1s0x91d59a71b2eedbf9:0x44934d0986a24988!8m2!3d-0.1815716!4d-78.4759088!16s%2Fg%2F113gjp31_!19sChIJ-dvusnGa1ZERiEmihglNk0Q?authuser=0&hl=es-419&g_ep=EgoyMDI2MDkyMC4wIJJjKgBIAVAD&rclk=1"
"Central Motos Calderon","","","3.2","13","https://www.facebook.com/centralmotosecuador","solo_red_social","","true","Taller mecánico","Panamericana Nte. &, Quito","La Mariscal, Quito","https://www.google.com/maps/place/Central+Motos+Calderon/data=!4m7!3m6!1s0x91d58efc20b694e5:0x2c587f9189d2c162!8m2!3d-0.1051559!4d-78.4257786!16s%2Fg%2F11s5z9yzt_!19sChIJ5ZS2IPyO1ZERYsHSiZF_WCw?authuser=0&hl=es-419&g_ep=EgoyMDI2MDkyMC4wIJJjKgBIAVAD&rclk=1"
"Motos Eléctricas Quito - Orellana Motors","099 798 8677","support@now.site","4.6","11","https://orellanamotors.now.site/","sitio_propio","","false","Concesionario de motos eléctricas","Av. 10 de agosto-05 y, Selva Alegre esq, 170520 Quito","La Mariscal, Quito","https://www.google.com/maps/place/Motos+El%C3%A9ctricas+Quito+-+Orellana+Motors/data=!4m7!3m6!1s0x91d59bbda5b410e3:0x48dff5056a1081b3!8m2!3d-0.1942572!4d-78.4946328!16s%2Fg%2F11rd4855t6!19sChIJ4xC0pb2b1ZERs4EQagX130g?authuser=0&hl=es-419&g_ep=EgoyMDI2MDkyMC4wIJJjKgBIAVAD&rclk=1"
"SHINERAY QUITO","098 295 0077","","4","57","","ninguno","","true","Tienda de repuestos para motos","Av. de la Prensa N47-54, 170104 Quito","La Mariscal, Quito","https://www.google.com/maps/place/SHINERAY+QUITO/data=!4m7!3m6!1s0x91d59b6000510139:0xf5eb2bf937ad6be6!8m2!3d-0.1539652!4d-78.4889363!16s%2Fg%2F11ng0vt1b6!19sChIJOQFRAGCb1ZER5mutN_kr6_U?authuser=0&hl=es-419&g_ep=EgoyMDI2MDkyMC4wIJJjKgBIAVAD&rclk=1"
"Artefacta Hogar","099 268 2086","","4","438","https://www.artefacta.com/","sitio_propio","2024","false","Tienda de artículos para el hogar","Av. de la Prensa 59-103 Y, 170301 Quito","La Mariscal, Quito","https://www.google.com/maps/place/Artefacta+Hogar/data=!4m7!3m6!1s0x91d5856a4c1b41a9:0x13bfa50abce7c16d!8m2!3d-0.1260094!4d-78.4940842!16s%2Fg%2F11cs2c9_4b!19sChIJqUEbTGqF1ZERbcHnvAqlvxM?authuser=0&hl=es-419&g_ep=EgoyMDI2MDkyMC4wIJJjKgBIAVAD&rclk=1"
"MOTO Y CICLE","099 320 8440","","4.4","44","","ninguno","","true","Comercio","Avenida Francisco de Orellana, y y Av. Río Amazonas, 170517 Quito","La Mariscal, Quito","https://www.google.com/maps/place/MOTO+Y+CICLE/data=!4m7!3m6!1s0x91d59b84016e3905:0x661e483008ec9b39!8m2!3d-0.1980396!4d-78.4900048!16s%2Fg%2F11gnq3dq37!19sChIJBTluAYSb1ZEROZvsCDBIHmY?authuser=0&hl=es-419&g_ep=EgoyMDI2MDkyMC4wIJJjKgBIAVAD&rclk=1"
"Old Brain","099 872 7069","oldbrainmarketing@gmail.com","4.5","71","http://oldbrainecuador.com/","sitio_propio","","false","Tienda de motocicletas","C.C, 170404 Quito","La Mariscal, Quito","https://www.google.com/maps/place/Old+Brain/data=!4m7!3m6!1s0x91d59b7b4c086227:0x48d76434d810e87d!8m2!3d-0.1616271!4d-78.4968444!16s%2Fg%2F11fsry5q50!19sChIJJ2IITHub1ZERfegQ2DRk10g?authuser=0&hl=es-419&g_ep=EgoyMDI2MDkyMC4wIJJjKgBIAVAD&rclk=1"
"Eccomoto","096 958 7653","eccomotoecu@gmail.com","4.8","8","https://www.eccomoto.com.ec/","sitio_propio","","false","Concesionario de motos","9 de Octubre, y y 18 de Septiembre, 170143 Quito","La Mariscal, Quito","https://www.google.com/maps/place/Eccomoto/data=!4m7!3m6!1s0x91d59bfe986b93c9:0x5509da9a9958d4b7!8m2!3d-0.2064057!4d-78.4972405!16s%2Fg%2F11vjhhq434!19sChIJyZNrmP6b1ZERt9RYmZraCVU?authuser=0&hl=es-419&g_ep=EgoyMDI2MDkyMC4wIJJjKgBIAVAD&rclk=1"
"Tienda BAJAJ Prensa Quito","099 195 5241","info@inmot.com.ec","3.6","20","https://bajajecuador.com/","sitio_propio","2026","false","Concesionario de motos Indian","Av de la Prensa, y y Av. Luis G. Tufiño N5950, 170104 Quito","La Mariscal, Quito","https://www.google.com/maps/place/Tienda+BAJAJ+Prensa+Quito/data=!4m7!3m6!1s0x91d59b0024a00375:0xc21dfd302bc6946!8m2!3d-0.1262667!4d-78.4936828!16s%2Fg%2F11vswk0qf4!19sChIJdQOgJACb1ZERRmm8AtPfIQw?authuser=0&hl=es-419&g_ep=EgoyMDI2MDkyMC4wIJJjKgBIAVAD&rclk=1"
"AutoGarage","","","4","23","","ninguno","","true","Concesionario de motos","Av. Shyris, y y Av. 6 de Diciembre, 170138 Quito","La Mariscal, Quito","https://www.google.com/maps/place/AutoGarage/data=!4m7!3m6!1s0x91d59b5beaeb9561:0xb9e33570be67611f!8m2!3d-0.1607036!4d-78.4780034!16s%2Fg%2F11ghlw7tph!19sChIJYZXr6lub1ZERH2FnvnA147k?authuser=0&hl=es-419&g_ep=EgoyMDI2MDkyMC4wIJJjKgBIAVAD&rclk=1"
"Moto Llantas Plus","","","4.6","17","","ninguno","","true","Tienda de motocicletas","Avenida La Presa, y y Av. Edmundo Carvajal N43-2033, 170510 Quito","La Mariscal, Quito","https://www.google.com/maps/place/Moto+Llantas+Plus/data=!4m7!3m6!1s0x91d59941f8811fa1:0x8e6f0fad5ea8a8f5!8m2!3d-0.1610018!4d-78.4877309!16s%2Fg%2F11frfqw0r4!19sChIJoR-B-EGZ1ZER9aioXq0Pb44?authuser=0&hl=es-419&g_ep=EgoyMDI2MDkyMC4wIJJjKgBIAVAD&rclk=1"
"MARCIAL","99347215","","3.8","22","","ninguno","","true","Centro comercial","Capitán Giovanni Calles, 170133 Quito","La Mariscal, Quito","https://www.google.com/maps/place/MARCIAL/data=!4m7!3m6!1s0x91d59b004459ea77:0x9aef9a8396d7a0ec!8m2!3d-0.1027255!4d-78.4506008!16s%2Fg%2F11w29fqlc3!19sChIJd-pZRACb1ZER7KDXloOa75o?authuser=0&hl=es-419&g_ep=EgoyMDI2MDkyMC4wIJJjKgBIAVAD&rclk=1"
"Thunder Go! Prensa","095 863 7298","ventas.digitales@thundermotos.com","4","52","https://www.thundermotos.com/","sitio_propio","2025","false","Tienda de motocicletas","Av. de la Prensa N58-431, 170301 Quito","La Mariscal, Quito","https://www.google.com/maps/place/Thunder+Go!+Prensa/data=!4m7!3m6!1s0x91d5856a693b3f67:0xbfdfeeb8d40bf264!8m2!3d-0.1272428!4d-78.494147!16s%2Fg%2F11ffl_c0gs!19sChIJZz87aWqF1ZERZPIL1Lju378?authuser=0&hl=es-419&g_ep=EgoyMDI2MDkyMC4wIJJjKgBIAVAD&rclk=1"
"Jaher La Prensa (motos y electrodomésticos)","099 908 3167","","3.9","7","https://www.facebook.com/profile.php?id=100083200015544&mibextid=ZbWKwL","solo_red_social","","true","Tienda de motocicletas","Av. de la Prensa y Av del Maestro N60-118 y, 170512 Quito","La Mariscal, Quito","https://www.google.com/maps/place/Jaher+La+Prensa+%28motos+y+electrodom%C3%A9sticos%29/data=!4m7!3m6!1s0x91d599a4ef6ab6a3:0x8f5aa26f6f49696f!8m2!3d-0.123794!4d-78.493663!16s%2Fg%2F11ssdb92m1!19sChIJo7Zq76SZ1ZERb2lJb2-iWo8?authuser=0&hl=es-419&g_ep=EgoyMDI2MDkyMC4wIJJjKgBIAVAD&rclk=1"
"MOTO SERVICE - MEJOR SHOWROOM DEL SUR DE QUITO","097 877 3787","","5","15","","ninguno","","true","Concesionario de motos","170604 JOAQUÍN GUTIÉRREZ, Y y Joaquín Orozco, 170604 Quito","Centro Histórico, Quito","https://www.google.com/maps/place/MOTO+SERVICE+-+MEJOR+SHOWROOM+DEL+SUR+DE+QUITO/data=!4m7!3m6!1s0x91d599b1dc430afd:0x980ca2f33b0a929b!8m2!3d-0.2641945!4d-78.5230545!16s%2Fg%2F11z0mv4pqx!19sChIJ_QpD3LGZ1ZERm5IKO_OiDJg?authuser=0&hl=es-419&g_ep=EgoyMDI2MDkyMC4wIJJjKgBIAVAD&rclk=1"
"Repuestos y Accesorios Paramotos","099 270 7219","","4.4","39","","ninguno","","true","Concesionario de motos","Av. Pichincha N4C-165 y Vicente León, La Marín, 170206 Quito","Centro Histórico, Quito","https://www.google.com/maps/place/Repuestos+y+Accesorios+Paramotos/data=!4m7!3m6!1s0x91d59989e0ca7b37:0xfb4649d1ad8bcf2f!8m2!3d-0.2244183!4d-78.5066868!16s%2Fg%2F11gy8dby58!19sChIJN3vK4ImZ1ZERL8-LrdFJRvs?authuser=0&hl=es-419&g_ep=EgoyMDI2MDkyMC4wIJJjKgBIAVAD&rclk=1"
"Oyamoto","099 549 0918","","4.7","64","","ninguno","","true","Concesionario de motos","Avenida 6 de diciembre, y y De los Tulipanes, 170503 Quito","Centro Histórico, Quito","https://www.google.com/maps/place/Oyamoto/data=!4m7!3m6!1s0x91d59b2d2344d1ad:0xf9de1c6c9803d79b!8m2!3d-0.1604858!4d-78.47648!16s%2Fg%2F11csr1zww4!19sChIJrdFEIy2b1ZERm9cDmGwc3vk?authuser=0&hl=es-419&g_ep=EgoyMDI2MDkyMC4wIJJjKgBIAVAD&rclk=1"
"Districascos","098 040 5227","districascosec@gmail.com","4.5","224","https://districascosec.catalog.to/","sitio_propio","","false","Tienda de motocicletas","Antonio de Ulloa N31, 170136 Quito","Centro Histórico, Quito","https://www.google.com/maps/place/Districascos/data=!4m7!3m6!1s0x91d59bc3af7f0de7:0xd7f1efa7902eeeaf!8m2!3d-0.1884282!4d-78.4946959!16s%2Fg%2F11h_4jwrb4!19sChIJ5w1_r8Ob1ZERr-4ukKfv8dc?authuser=0&hl=es-419&g_ep=EgoyMDI2MDkyMC4wIJJjKgBIAVAD&rclk=1"
"Royal Enfield Quito","095 869 7061","","4.6","209","http://www.royalenfieldec.com/","sitio_propio","","false","Tienda de motocicletas","Av. de la República, y y Alemania, Quito","Centro Histórico, Quito","https://www.google.com/maps/place/Royal+Enfield+Quito/data=!4m7!3m6!1s0x91d59a7ba861479d:0xbc7ed28e01ecc8dd!8m2!3d-0.1864483!4d-78.4883747!16s%2Fg%2F11hdb09pwc!19sChIJnUdhqHua1ZER3cjsAY7Sfrw?authuser=0&hl=es-419&g_ep=EgoyMDI2MDkyMC4wIJJjKgBIAVAD&rclk=1"
"Zenda Motos Electricas","099 958 8987","","4.1","25","http://www.zpmotos.ec/","sitio_propio","","true","Concesionario de motos","Autec, 170310 Quito","Centro Histórico, Quito","https://www.google.com/maps/place/Zenda+Motos+Electricas/data=!4m7!3m6!1s0x91d58595c3ddc575:0x4eb50a60eba787af!8m2!3d-0.1087529!4d-78.4787271!16s%2Fg%2F11jp0f8b90!19sChIJdcXdw5WF1ZERr4en62AKtU4?authuser=0&hl=es-419&g_ep=EgoyMDI2MDkyMC4wIJJjKgBIAVAD&rclk=1"
"Casa Exito","096 316 3191","","4.1","312","http://www.casaexito.com/","sitio_propio","","false","Concesionario de motos","170103 Quito","Centro Histórico, Quito","https://www.google.com/maps/place/Casa+Exito/data=!4m7!3m6!1s0x91d5856c467808a9:0x4a1b606eb97c243!8m2!3d-0.1223597!4d-78.4940504!16s%2Fg%2F11df06glym!19sChIJqQh4RmyF1ZERQ8KX6wa2oQQ?authuser=0&hl=es-419&g_ep=EgoyMDI2MDkyMC4wIJJjKgBIAVAD&rclk=1"
"Indumot S.A.","099 111 4898","info@honda.com.ec","4","81","http://motos.honda.com.ec/","sitio_propio","2021","true","Concesionario de motos","Av. de los Shyris 41-187, 170102 Quito","Centro Histórico, Quito","https://www.google.com/maps/place/Indumot+S.A./data=!4m7!3m6!1s0x91d59b4852b5b4d9:0xcf301512a3a4e88c!8m2!3d-0.1671503!4d-78.4795177!16s%2Fg%2F11qmmjrgwv!19sChIJ2bS1Ukib1ZERjOikoxIVMM8?authuser=0&hl=es-419&g_ep=EgoyMDI2MDkyMC4wIJJjKgBIAVAD&rclk=1"
"IMPOFRONTERAS MOTOS","096 063 7085","impofronteras@gmail.com","5","1323","https://www.impofronterasmotos.com/","sitio_propio","2026","false","Tienda de motocicletas","CC UNICORNIO II, El Norte 432, LOCAL 442, 170102 Quito","Centro Histórico, Quito","https://www.google.com/maps/place/IMPOFRONTERAS+MOTOS/data=!4m7!3m6!1s0x91d59bcf83d6648f:0xedf2fbd35d5e04dc!8m2!3d-0.1769149!4d-78.486104!16s%2Fg%2F11ldbbr5sk!19sChIJj2TWg8-b1ZER3AReXdP78u0?authuser=0&hl=es-419&g_ep=EgoyMDI2MDkyMC4wIJJjKgBIAVAD&rclk=1"
"Yamaha Orellana","(02) 323-8859","","4.4","90","","ninguno","","true","Tienda de motocicletas","RG27+8HP, Yánez Pinzón, 170517 Quito","Centro Histórico, Quito","https://www.google.com/maps/place/Yamaha+Orellana/data=!4m7!3m6!1s0x91d59bb10b587cc9:0x6a1a1c8a268f3871!8m2!3d-0.1991613!4d-78.4860505!16s%2Fg%2F11qmc9n6fz!19sChIJyXxYC7Gb1ZERcTiPJoocGmo?authuser=0&hl=es-419&g_ep=EgoyMDI2MDkyMC4wIJJjKgBIAVAD&rclk=1"
"CFMOTO QUITO","095 891 7960","jefeventas@motosdis.com.ec","4.4","17","http://www.cfmotoec.com/","sitio_propio","2025","false","Tienda de motocicletas","Av. Francisco de Orellana, 170522 Quito","Centro Histórico, Quito","https://www.google.com/maps/place/CFMOTO+QUITO/data=!4m7!3m6!1s0x91d59a725ccf4035:0xf453b439077146c!8m2!3d-0.199204!4d-78.4835482!16s%2Fg%2F11wx060dfs!19sChIJNUDPXHKa1ZERbBR3kEM7RQ8?authuser=0&hl=es-419&g_ep=EgoyMDI2MDkyMC4wIJJjKgBIAVAD&rclk=1"
"ACCBIKER QNOR","099 531 8131","","4.8","20","http://www.accbiker.com/","sitio_propio","2023","false","Tienda de motocicletas","Inglaterra y Acuña 29-10 y, 170519 Quito","Centro Histórico, Quito","https://www.google.com/maps/place/ACCBIKER+QNOR/data=!4m7!3m6!1s0x91d59b46d68bc517:0xb61573cff3898f52!8m2!3d-0.1934295!4d-78.4925154!16s%2Fg%2F11kc8szr52!19sChIJF8WL1kab1ZERUo-J889zFbY?authuser=0&hl=es-419&g_ep=EgoyMDI2MDkyMC4wIJJjKgBIAVAD&rclk=1"
"Green for Speed","097 906 0718","infogreenforspeed@gmail.com","4.6","40","http://www.greenforspeed.com/","sitio_propio","","false","Concesionario de escúteres","Av. 10 de Agosto y Bartolome de las Casas 63 y, 170102 Quito","Centro Histórico, Quito","https://www.google.com/maps/place/Green+for+Speed/data=!4m7!3m6!1s0x91d59b40e64bf245:0xdcb864816ca26ca0!8m2!3d-0.1937578!4d-78.4943935!16s%2Fg%2F11n093nzrl!19sChIJRfJL5kCb1ZERoGyibIFkuNw?authuser=0&hl=es-419&g_ep=EgoyMDI2MDkyMC4wIJJjKgBIAVAD&rclk=1"
"Thunder Go! 6 de Diciembre OUTLET","098 128 2426","","3.6","39","https://thundermotos.com/","sitio_propio","","true","Concesionario de motos","Av. 6 de Diciembre N25-50 y, 170522 Quito","Centro Histórico, Quito","https://www.google.com/maps/place/Thunder+Go!+6+de+Diciembre+OUTLET/data=!4m7!3m6!1s0x91d59b3287f4763b:0x50b0b32628579db8!8m2!3d-0.2017937!4d-78.485791!16s%2Fg%2F11mgq42pll!19sChIJO3b0hzKb1ZERuJ1XKCazsFA?authuser=0&hl=es-419&g_ep=EgoyMDI2MDkyMC4wIJJjKgBIAVAD&rclk=1"
"Proimport Motos CCI","099 860 0056","","4.1","8","https://www.proimport.com.ec/","sitio_propio","","true","Concesionario de motos","Av. Río Amazonas 36-152, 170102 Quito","Centro Histórico, Quito","https://www.google.com/maps/place/Proimport+Motos+CCI/data=!4m7!3m6!1s0x91d59b56c5adc399:0xd8e5c8260f10a4e8!8m2!3d-0.1777965!4d-78.4854174!16s%2Fg%2F11sx1m666f!19sChIJmcOtxVab1ZER6KQQDybI5dg?authuser=0&hl=es-419&g_ep=EgoyMDI2MDkyMC4wIJJjKgBIAVAD&rclk=1"
"RacingParts","(02) 240-8690","","4.3","58","","ninguno","","true","Taller de reparación de motos","Av. Galo Plaza Lasso N45-198, Quito 170138, 170133 Quito","Centro Histórico, Quito","https://www.google.com/maps/place/RacingParts/data=!4m7!3m6!1s0x91d58f72cd0d0a53:0x859ff83a48b3bdbb!8m2!3d-0.1566869!4d-78.4846729!16s%2Fg%2F11c2y5rlyf!19sChIJUwoNzXKP1ZERu72zSDr4n4U?authuser=0&hl=es-419&g_ep=EgoyMDI2MDkyMC4wIJJjKgBIAVAD&rclk=1"
"Busimott Cia Ltda","","","4.7","552","","ninguno","","true","","","Centro Histórico, Quito","https://www.google.com/maps/place/Busimott+Cia+Ltda/data=!4m7!3m6!1s0x91d58f227952b653:0x1d170fc3991ae956!8m2!3d-0.1259544!4d-78.4718113!16s%2Fg%2F11j5fj222t!19sChIJU7ZSeSKP1ZERVukamcMPFx0?authuser=0&hl=es-419&g_ep=EgoyMDI2MDkyMC4wIJJjKgBIAVAD&rclk=1"
"Harley-Davidson Ecuador","098 177 6068","","4.1","82","","ninguno","","true","Concesionario de motos","Av. Gaspar de Villarroel &, 170102 Quito","Centro Histórico, Quito","https://www.google.com/maps/place/Harley-Davidson+Ecuador/data=!4m7!3m6!1s0x91d59a74afabcc05:0x8c360943c3f5c330!8m2!3d-0.1701383!4d-78.4793614!16s%2Fg%2F11byvsljvj!19sChIJBcyrr3Sa1ZERMMP1w0MJNow?authuser=0&hl=es-419&g_ep=EgoyMDI2MDkyMC4wIJJjKgBIAVAD&rclk=1"
"Old Brain","098 094 7555","oldbrainmarketing@gmail.com","4.3","58","http://oldbrainecuador.com/","sitio_propio","","false","Tienda de motocicletas","Av. Pedro Vicente Maldonado s11-122, 170111 Quito","Centro Histórico, Quito","https://www.google.com/maps/place/Old+Brain/data=!4m7!3m6!1s0x91d599999d5f8deb:0xade3067c93ee1813!8m2!3d-0.2529345!4d-78.5236437!16s%2Fg%2F11hbkcn6vc!19sChIJ641fnZmZ1ZERExjuk3wG460?authuser=0&hl=es-419&g_ep=EgoyMDI2MDkyMC4wIJJjKgBIAVAD&rclk=1"
"Casa Honda","099 709 5859","","4.6","17","","ninguno","","true","Tienda de piezas de automóvil","Calle teniente, Subteniente Fernando Dávalos oe6-99, 170148 Quito","Centro Histórico, Quito","https://www.google.com/maps/place/Casa+Honda/data=!4m7!3m6!1s0x91d5854abdfdaddd:0x95e7d74a23a44c0a!8m2!3d-0.1453742!4d-78.4968692!16s%2Fg%2F11gvt6g_vt!19sChIJ3a39vUqF1ZERCkykI0rX55U?authuser=0&hl=es-419&g_ep=EgoyMDI2MDkyMC4wIJJjKgBIAVAD&rclk=1"
"Ruta de Gracia","098 015 6049","","5","54","https://rutadegraciaa.netlify.app/","sitio_propio","2025","false","Tienda de repuestos para motos","Oe6-169 Alpahuasi, y y Pedro Collazos, 170121 Quito","Centro Histórico, Quito","https://www.google.com/maps/place/Ruta+de+Gracia/data=!4m7!3m6!1s0x91d5998f91099821:0x621739d54013f204!8m2!3d-0.2457135!4d-78.5099128!16s%2Fg%2F11msq0wlpy!19sChIJIZgJkY-Z1ZERBPITQNU5F2I?authuser=0&hl=es-419&g_ep=EgoyMDI2MDkyMC4wIJJjKgBIAVAD&rclk=1"
"LS2 ECUADOR","(02) 255-1726","","4.2","21","","ninguno","","true","Tienda de motocicletas","Av. 10 de Agosto N21-150, 170129 Quito","Centro Histórico, Quito","https://www.google.com/maps/place/LS2+ECUADOR/data=!4m7!3m6!1s0x91d59a3fd4656101:0xf0ef5e4dd5db0d9b!8m2!3d-0.203698!4d-78.498229!16s%2Fg%2F11b6c61t8w!19sChIJAWFl1D-a1ZERmw3b1U1e7_A?authuser=0&hl=es-419&g_ep=EgoyMDI2MDkyMC4wIJJjKgBIAVAD&rclk=1"
"Fórmula Racing 24","099 138 6566","","4.6","9","","ninguno","","true","Tienda de motocicletas","170135, Quito","La Floresta, Quito","https://www.google.com/maps/place/F%C3%B3rmula+Racing+24/data=!4m7!3m6!1s0x91d59b94ae00042f:0xff052297c7f56c36!8m2!3d-0.1799614!4d-78.4894971!16s%2Fg%2F11yl3hx63n!19sChIJLwQArpSb1ZERNmz1x5ciBf8?authuser=0&hl=es-419&g_ep=EgoyMDI2MDkyMC4wIJJjKgBIAVAD&rclk=1"
"Samadi Motos Shyris","098 920 6000","ejemplo@ejemplo.com","4.3","6","https://www.samadimotos.com/","sitio_propio","","false","Concesionario de motos","RGM8+JP9, 170501, 170505 Quito","La Floresta, Quito","https://www.google.com/maps/place/Samadi+Motos+Shyris/data=!4m7!3m6!1s0x91d59bdddcff3f5d:0x9511781746582b98!8m2!3d-0.1676351!4d-78.4792252!16s%2Fg%2F11zbpspccl!19sChIJXT__3N2b1ZERmCtYRhd4EZU?authuser=0&hl=es-419&g_ep=EgoyMDI2MDkyMC4wIJJjKgBIAVAD&rclk=1"
"Thunder Motos Naciones Unidas","096 786 5964","ventas.digitales@thundermotos.com","4.4","45","https://www.thundermotos.com/","sitio_propio","2025","false","Concesionario de motos","Av. 10 de Agosto, y y Barón de Carondelet, 170150 Quito","La Floresta, Quito","https://www.google.com/maps/place/Thunder+Motos+Naciones+Unidas/data=!4m7!3m6!1s0x91d59a8fd926d169:0xd4d9f3e1cf08286f!8m2!3d-0.1740503!4d-78.4882831!16s%2Fg%2F11b7jd0myt!19sChIJadEm2Y-a1ZERbygIz-Hz2dQ?authuser=0&hl=es-419&g_ep=EgoyMDI2MDkyMC4wIJJjKgBIAVAD&rclk=1"
"Mastermoto Shyris","098 438 6985","","3.6","38","","ninguno","","true","Concesionario de motos","RGHC+824, Av. de los Shyris, 170135 Quito","La Floresta, Quito","https://www.google.com/maps/place/Mastermoto+Shyris/data=!4m7!3m6!1s0x91d59b0c4cdafb21:0x78eaadcafaf8eb83!8m2!3d-0.1717438!4d-78.4799237!16s%2Fg%2F11g18zsjhn!19sChIJIfvaTAyb1ZERg-v4-sqt6ng?authuser=0&hl=es-419&g_ep=EgoyMDI2MDkyMC4wIJJjKgBIAVAD&rclk=1"
"GAROW EC - Motos eléctricas","098 172 6357","","4.9","44","https://www.motosgarow.com/","sitio_propio","","false","Concesionario de motos eléctricas","Av. de los Shyris y 170506 N39-113, 170506 Quito","La Floresta, Quito","https://www.google.com/maps/place/GAROW+EC+-+Motos+el%C3%A9ctricas/data=!4m7!3m6!1s0x91d59b4ecd6d98bb:0x8ec55c2152b79f46!8m2!3d-0.1718635!4d-78.480283!16s%2Fg%2F11vqpbkyy5!19sChIJu5htzU6b1ZERRp-3UiFcxY4?authuser=0&hl=es-419&g_ep=EgoyMDI2MDkyMC4wIJJjKgBIAVAD&rclk=1"
"ALE XRiders | Indumentaria y Accesorios para Motociclistas","","","5","71","https://wa.me/c/593984949158","solo_red_social","","true","Tienda de motocicletas","Sector, Av. de la república, y y Rumipamba, 110111 Quito","La Floresta, Quito","https://www.google.com/maps/place/ALE+XRiders+%7C+Indumentaria+y+Accesorios+para+Motociclistas/data=!4m7!3m6!1s0x91d59b23f4a12a7f:0xe9e1f37ec476364f!8m2!3d-0.184898!4d-78.4887389!16s%2Fg%2F11m6qmn6qd!19sChIJfyqh9COb1ZERTzZ2xH7z4ek?authuser=0&hl=es-419&g_ep=EgoyMDI2MDkyMC4wIJJjKgBIAVAD&rclk=1"
"OLD SKULL Motorcycle","098 777 9978","","4.8","30","https://linktr.ee/oldskullmotorcycle","solo_red_social","","true","Tienda de motocicletas","Abelardo Moncayo Oe4-49, 170509 Quito","La Floresta, Quito","https://www.google.com/maps/place/OLD+SKULL+Motorcycle/data=!4m7!3m6!1s0x91d59b756f31ac23:0x5c5599d8894c04ce!8m2!3d-0.1808628!4d-78.4952884!16s%2Fg%2F11q3_ycqk6!19sChIJI6wxb3Wb1ZERzgRMidiZVVw?authuser=0&hl=es-419&g_ep=EgoyMDI2MDkyMC4wIJJjKgBIAVAD&rclk=1"
"Bajaj","098 884 2030","info@inmot.com.ec","4.5","24","https://bajajecuador.com/","sitio_propio","2026","false","Concesionario de motos Indian","Av. Río Amazonas 355, 170513 Quito","La Floresta, Quito","https://www.google.com/maps/place/Bajaj/data=!4m7!3m6!1s0x91d59bc5adb3f611:0x220c2916a683b6ab!8m2!3d-0.1644973!4d-78.4833762!16s%2Fg%2F11swxxg0x0!19sChIJEfazrcWb1ZERq7aDphYpDCI?authuser=0&hl=es-419&g_ep=EgoyMDI2MDkyMC4wIJJjKgBIAVAD&rclk=1"
"Segway Ninebot by ScooStore","099 630 8794","scooters@scoostore.com","4.7","13","https://scoostore.com/segway-ninebot-ecuador/","sitio_propio","","false","Concesionario de scooters elèctricos","Rusia y Av. Eloy Alfaro N3-21 Y, 170135 Quito","La Floresta, Quito","https://www.google.com/maps/place/Segway+Ninebot+by+ScooStore/data=!4m7!3m6!1s0x91d59b7c50178c6f:0x478b11841abfa465!8m2!3d-0.1877915!4d-78.4814693!16s%2Fg%2F11nq0ts8xp!19sChIJb4wXUHyb1ZERZaS_GoQRi0c?authuser=0&hl=es-419&g_ep=EgoyMDI2MDkyMC4wIJJjKgBIAVAD&rclk=1"
"Giroebike","098 939 6801","","4","8","","ninguno","","true","Tienda de motocicletas","Av. de los Shyris y Av. Gaspar de Villarroel N40-69 y, 170510 Quito","La Floresta, Quito","https://www.google.com/maps/place/Giroebike/data=!4m7!3m6!1s0x91d59b127f272783:0x4e4aa173b66e68b9!8m2!3d-0.169484!4d-78.479912!16s%2Fg%2F11lszjv2pf!19sChIJgycnfxKb1ZERuWhutnOhSk4?authuser=0&hl=es-419&g_ep=EgoyMDI2MDkyMC4wIJJjKgBIAVAD&rclk=1"
"Metrocar S.A. - González Suárez","096 944 8350","","4.2","203","http://www.metrocarchevrolet.com/?utm_source=google&utm_medium=banner&utm_id=business","sitio_propio","","false","Concesionario de automóviles","Av. Francisco de Orellana 360, 170517 Quito","González Suárez, Quito","https://www.google.com/maps/place/Metrocar+S.A.+-+Gonz%C3%A1lez+Su%C3%A1rez/data=!4m7!3m6!1s0x91d59a73528a67ef:0xf58197a080b97b8f!8m2!3d-0.2007604!4d-78.4815213!16s%2Fg%2F1txc82zm!19sChIJ72eKUnOa1ZERj3u5gKCXgfU?authuser=0&hl=es-419&g_ep=EgoyMDI2MDkyMC4wIJJjKgBIAVAD&rclk=1"
"Chery Urbancar Carapungo","(02) 347-7912","protecciondedatos@corpmaresa.com.ec","3.9","210","https://www.chery.com.ec/","sitio_propio","2026","false","Concesionario de automóviles","FRENTE AL SANTA MARÍA DEL INTERCAMBIADOR DE, Av. Simón Bolívar, 170133 Quito","González Suárez, Quito","https://www.google.com/maps/place/Chery+Urbancar+Carapungo/data=!4m7!3m6!1s0x91d58f76071142ff:0xa9ed5ea3b3c83cb5!8m2!3d-0.1110522!4d-78.4582147!16s%2Fg%2F11gbfrdxnc!19sChIJ_0IRB3aP1ZERtTzIs6Ne7ak?authuser=0&hl=es-419&g_ep=EgoyMDI2MDkyMC4wIJJjKgBIAVAD&rclk=1"
"Fatosla C.A","","","4.6","102","http://www.fatosla.com/","sitio_propio","","false","Comercio","Av. Diego Vásquez, y y Antonio Castillo OE1-27","González Suárez, Quito","https://www.google.com/maps/place/Fatosla+C.A/data=!4m7!3m6!1s0x91d4610765e89cf9:0x81c262027dca96a2!8m2!3d-0.094402!4d-78.4711089!16s%2Fg%2F11bwyw8v_x!19sChIJ-ZzoZQdh1JERopbKfQJiwoE?authuser=0&hl=es-419&g_ep=EgoyMDI2MDkyMC4wIJJjKgBIAVAD&rclk=1"
"COGMOTORS SA","","","4.3","18","","ninguno","","true","Concesionario de autocaravanas","VGRR+PX8, Simon Bolivar Y, Panamericana Nte., 170133 Quito","González Suárez, Quito","https://www.google.com/maps/place/COGMOTORS+SA/data=!4m7!3m6!1s0x91d58f49b5e8bfcd:0x93a8c5b09aa36e88!8m2!3d-0.1082139!4d-78.4575589!16s%2Fg%2F11fpdclt_g!19sChIJzb_otUmP1ZERiG6jmrDFqJM?authuser=0&hl=es-419&g_ep=EgoyMDI2MDkyMC4wIJJjKgBIAVAD&rclk=1"
"Hybrid Service","099 875 7928","cleon@hybrid-service.com","4.9","99","https://hybrid-service.com/","sitio_propio","2024","false","Taller de reparación de automóviles","Chediak, 170144 Quito","González Suárez, Quito","https://www.google.com/maps/place/Hybrid+Service/data=!4m7!3m6!1s0x91d58fd81b1f4471:0x2323449a46be2493!8m2!3d-0.1073254!4d-78.4716733!16s%2Fg%2F11h23m3p63!19sChIJcUQfG9iP1ZERkyS-RppEIyM?authuser=0&hl=es-419&g_ep=EgoyMDI2MDkyMC4wIJJjKgBIAVAD&rclk=1"
"Grupo Mavesa Quito Norte","1800 628 372","","4.3","173","","ninguno","","true","Concesionario de camiones","Galo Plaza Lasso, y y Sebastián Moreno, Quito","González Suárez, Quito","https://www.google.com/maps/place/Grupo+Mavesa+Quito+Norte/data=!4m7!3m6!1s0x91d585b60abd3ec1:0xd47d26c2f06e222!8m2!3d-0.1063284!4d-78.4766524!16s%2Fg%2F11jrqhgr56!19sChIJwT69CraF1ZERIuIGL2zSRw0?authuser=0&hl=es-419&g_ep=EgoyMDI2MDkyMC4wIJJjKgBIAVAD&rclk=1"
"Urbancar","098 763 2976","info@urban-car.com; infoseminuevos@urban-car.com; mitaller@urban-car.com","4.1","128","https://urbancarautos.com/","sitio_propio","2024","false","Taller de automóviles","Av. Simón Bolívar, 170133 Quito","González Suárez, Quito","https://www.google.com/maps/place/Urbancar/data=!4m7!3m6!1s0x91d58f0ab54e2b5d:0x704eb8e93b1a4ec0!8m2!3d-0.1105274!4d-78.458459!16s%2Fg%2F11c6lx85n_!19sChIJXStOtQqP1ZERwE4aO-m4TnA?authuser=0&hl=es-419&g_ep=EgoyMDI2MDkyMC4wIJJjKgBIAVAD&rclk=1"
"Auto En Regla","(02) 604-3079","","4.1","9","","ninguno","","true","Concesionario de automóviles","WG4H+JJQ, Av Diego Vásquez de Cepeda, 170120 Quito","González Suárez, Quito","https://www.google.com/maps/place/Auto+En+Regla/data=!4m7!3m6!1s0x91d58f60e9c478f7:0x9ab7a93f64d78a7!8m2!3d-0.0934087!4d-78.4708825!16s%2Fg%2F11gvrrxvnm!19sChIJ93jE6WCP1ZERp3hN9pN6qwk?authuser=0&hl=es-419&g_ep=EgoyMDI2MDkyMC4wIJJjKgBIAVAD&rclk=1"
"Grupo Mavesa Carapungo","1800 628 372","","4.2","6","https://grupomavesa.com.ec/","sitio_propio","","false","Concesionario de camiones","Panamericana Nte. y Y Simon Bolivar, 170133 Quito","González Suárez, Quito","https://www.google.com/maps/place/Grupo+Mavesa+Carapungo/data=!4m7!3m6!1s0x91d58f05fcb419a7:0xf83d555146fc1ceb!8m2!3d-0.1090037!4d-78.4596039!16s%2Fg%2F11rk57cdw6!19sChIJpxm0_AWP1ZER6xz8RlFVPfg?authuser=0&hl=es-419&g_ep=EgoyMDI2MDkyMC4wIJJjKgBIAVAD&rclk=1"
"Sempe Montacargas","(02) 348-3331","info@bold-themes.com","4.9","21","https://www.sempemontacargas.com/","sitio_propio","2023","false","Distribuidores de carretillas elevadoras","Urb la Eloisa N69, J y Pje. E11 N69-146 y, Quito","González Suárez, Quito","https://www.google.com/maps/place/Sempe+Montacargas/data=!4m7!3m6!1s0x91d585812494b3c3:0xdeba239a5e1cd29e!8m2!3d-0.1100429!4d-78.4622471!16s%2Fg%2F11dyl_8ck0!19sChIJw7OUJIGF1ZERntIcXpojut4?authuser=0&hl=es-419&g_ep=EgoyMDI2MDkyMC4wIJJjKgBIAVAD&rclk=1"
"Enderezada Pintura Automotriz AutoSpace","099 761 7572","","4.9","107","","ninguno","","true","Taller de reparación de automóviles","Av. Isidro Ayora y Avenida Clemente Yerovi Indaburu &, 170302 Quito","González Suárez, Quito","https://www.google.com/maps/place/Enderezada+Pintura+Automotriz+AutoSpace/data=!4m7!3m6!1s0x91d58f676223a691:0xd9b58c2224bb48b2!8m2!3d-0.0918634!4d-78.4677397!16s%2Fg%2F11dylq_hx2!19sChIJkaYjYmeP1ZERski7JCKMtdk?authuser=0&hl=es-419&g_ep=EgoyMDI2MDkyMC4wIJJjKgBIAVAD&rclk=1"
"Inducom Quito","093 947 3708","ventasweb2@inducom-ec.com","3.3","12","http://www.inducom-ec.com/","sitio_propio","2026","false","Empresa de suministros industriales","Av. Galo Plaza Lasso, y y Antonio Basantes, 170521 Quito","González Suárez, Quito","https://www.google.com/maps/place/Inducom+Quito/data=!4m7!3m6!1s0x91d59a90ba74ee19:0x6cddec8e0310687e!8m2!3d-0.1020116!4d-78.4733725!16s%2Fg%2F11cmryq0st!19sChIJGe50upCa1ZERfmgQA47s3Ww?authuser=0&hl=es-419&g_ep=EgoyMDI2MDkyMC4wIJJjKgBIAVAD&rclk=1"
"Kia - Asiauto Portal Shopping","1700 542 542","","3.1","15","https://www.kia.com/ec/shopping-tools/find-a-dealer.html","sitio_propio","2021","true","Concesionario Kia","Centro Comercial Portal Shopping, 170133 Quito","González Suárez, Quito","https://www.google.com/maps/place/Kia+-+Asiauto+Portal+Shopping/data=!4m7!3m6!1s0x91d58f3607e8a1e3:0xb278bcf617385cac!8m2!3d-0.1083223!4d-78.4580771!16s%2Fg%2F11r4m1nyq9!19sChIJ46HoBzaP1ZERrFw4F_a8eLI?authuser=0&hl=es-419&g_ep=EgoyMDI2MDkyMC4wIJJjKgBIAVAD&rclk=1"
"Taller Quito Motors Matriz","099 147 1384","sudamerica@izmocars.com","4.4","80","http://www.quitomotors.com.ec/","sitio_propio","","false","Oficinas de empresa","Javier Ascazubi, 170515 Quito","González Suárez, Quito","https://www.google.com/maps/place/Taller+Quito+Motors+Matriz/data=!4m7!3m6!1s0x91d59ba1000a4f21:0x59392e239545fb91!8m2!3d-0.1962202!4d-78.4948178!16s%2Fg%2F11gmw5l9nk!19sChIJIU8KAKGb1ZERkftFlSMuOVk?authuser=0&hl=es-419&g_ep=EgoyMDI2MDkyMC4wIJJjKgBIAVAD&rclk=1"
"Ecomove Electric Bikes","(02) 254-6683","info@ecomove.com.ec","4.7","314","http://www.ecomove.com.ec/","sitio_propio","2026","false","Concesionario de motos","Edificio Ecomove, Av. de los Shyris 32-91, entre Eloy Alfaro, y y Diego de Almagro, 170518 Quito","González Suárez, Quito","https://www.google.com/maps/place/Ecomove+Electric+Bikes/data=!4m7!3m6!1s0x91d59b09727cc3a5:0xa37dad2872b0cc3c!8m2!3d-0.1897723!4d-78.482389!16s%2Fg%2F11fhtzmw60!19sChIJpcN8cgmb1ZERPMywciitfaM?authuser=0&hl=es-419&g_ep=EgoyMDI2MDkyMC4wIJJjKgBIAVAD&rclk=1"
"Honda Almagro","","info@honda.com.ec","4","386","https://motos.honda.com.ec/","sitio_propio","2021","true","Concesionario Honda","y Belo Horizonte, Diego de Almagro, 170518 Quito","González Suárez, Quito","https://www.google.com/maps/place/Honda+Almagro/data=!4m7!3m6!1s0x91d59a72218e9e59:0xa7a0543d522806b5!8m2!3d-0.197185!4d-78.4849604!16s%2Fg%2F11cs5jhqf1!19sChIJWZ6OIXKa1ZERtQYoUj1UoKc?authuser=0&hl=es-419&g_ep=EgoyMDI2MDkyMC4wIJJjKgBIAVAD&rclk=1"
"Central Motos Tumbaco","099 306 4327","","3.5","27","","ninguno","","true","Taller de reparación de motos","Diagonal a las Alitas Daddy de Tumbaco, Gonzalo Pizarro y Gonzalo Meneses N2-230 y, 170184 Quito","González Suárez, Quito","https://www.google.com/maps/place/Central+Motos+Tumbaco/data=!4m7!3m6!1s0x91d5911484398f93:0x736814e6222b0ac7!8m2!3d-0.2099336!4d-78.4018642!16s%2Fg%2F11fhvw69vf!19sChIJk485hBSR1ZERxworIuYUaHM?authuser=0&hl=es-419&g_ep=EgoyMDI2MDkyMC4wIJJjKgBIAVAD&rclk=1"
"Geely Ecuador","(02) 606-0301","infogeely@impoventura.com; usuario@dominio.com","4.2","10","https://www.geely.com.ec/","sitio_propio","2026","false","Fábrica de automóviles","Bello Horizonte 354, 170517 Quito","González Suárez, Quito","https://www.google.com/maps/place/Geely+Ecuador/data=!4m7!3m6!1s0x91d59bae1a193b8d:0x753d1de78264c231!8m2!3d-0.1971245!4d-78.4837066!16s%2Fg%2F11j0shwhfn!19sChIJjTsZGq6b1ZERMcJkgucdPXU?authuser=0&hl=es-419&g_ep=EgoyMDI2MDkyMC4wIJJjKgBIAVAD&rclk=1"
"VIZUETE PERFORMANCE","099 791 7928","jcvizuete@vizueteperformancetech.com","4.7","29","https://youtube.com/channel/UC_g9GDgjZdHHBffzA0SWqpw","sitio_propio","","false","Tienda de motocicletas","González Suárez y Bruning E7-126 y, 170801 Quito","González Suárez, Quito","https://www.google.com/maps/place/VIZUETE+PERFORMANCE/data=!4m7!3m6!1s0x91d5bdf1c53797f9:0xcb579edc84c73d47!8m2!3d-0.2963468!4d-78.4722975!16s%2Fg%2F11p5t91kgf!19sChIJ-Zc3xfG91ZERRz3HhNyeV8s?authuser=0&hl=es-419&g_ep=EgoyMDI2MDkyMC4wIJJjKgBIAVAD&rclk=1"
"Importadora Tomebamba S.A.","(02) 222-4888","info@tomebamba.com.ec","4.3","23","http://www.tomebamba.com.ec/","sitio_propio","2026","false","Oficinas de empresa","Whymper y Orellana Whymper N 27-101 y, Av. Francisco de Orellana, 170517 Quito","González Suárez, Quito","https://www.google.com/maps/place/Importadora+Tomebamba+S.A./data=!4m7!3m6!1s0x91d59a737035b0b1:0x3bb75cf41f2f485a!8m2!3d-0.199753!4d-78.4819594!16s%2Fg%2F11dyym6zwr!19sChIJsbA1cHOa1ZERWkgvH_Rctzs?authuser=0&hl=es-419&g_ep=EgoyMDI2MDkyMC4wIJJjKgBIAVAD&rclk=1"
"Patiotuerca Ecuador","098 414 7408","ayuda@patiotuerca.com","4.1","273","http://www.patiotuerca.com/","sitio_propio","2026","false","Concesionario de automóviles","Av. La Coruña E12-148, 170143 Quito","González Suárez, Quito","https://www.google.com/maps/place/Patiotuerca+Ecuador/data=!4m7!3m6!1s0x91d59a9f8dd32cf1:0x4f80f36c4d90d0bc!8m2!3d-0.2061545!4d-78.4822546!16s%2Fg%2F11bx8rfnq1!19sChIJ8SzTjZ-a1ZERvNCQTWzzgE8?authuser=0&hl=es-419&g_ep=EgoyMDI2MDkyMC4wIJJjKgBIAVAD&rclk=1"
"ZEEKR House, Quito, Pichincha","(02) 605-5979","","4.8","109","https://www.zeekrlife.com/es-ec/","sitio_propio","2025","false","Concesionario de automóviles","Av. de los Shyris y Av. 6 de Diciembre N32-58 y, 170102 Quito","González Suárez, Quito","https://www.google.com/maps/place/ZEEKR+House,+Quito,+Pichincha/data=!4m7!3m6!1s0x91d59bd4e63add3b:0x7a36d6996076ee6a!8m2!3d-0.1896303!4d-78.4819381!16s%2Fg%2F11gl0k2ld7!19sChIJO9065tSb1ZERau52YJnWNno?authuser=0&hl=es-419&g_ep=EgoyMDI2MDkyMC4wIJJjKgBIAVAD&rclk=1"
"Motogarage Store Tumbaco","099 401 9090","motogaragestore@gmail.com\&quot;&gt;motogaragestore@gmail.com&lt;/a&gt;&lt;/p&gt;&quot;],&quot;desktop&quot;:[0,{&quot;top&quot;:[0,246],&quot;left&quot;:[0,0],&quot;width&quot;:[0,236],&quot;height&quot;:[0,24]}],&quot;settings&quot;:[0,{&quot;styles&quot;:[0,{&quot;text&quot;:[0,&quot;left&quot;],&quot;align&quot;:[0,&quot;flex-start&quot;],&quot;justify&quot;:[0,&quot;center&quot;],&quot;m-element-margin&quot;:[0,&quot;0; motogaragestore@gmail.com","4.6","95","https://motogaragestore.online/","sitio_propio","2025","false","Concesionario de motos","e, 170184 Quito","Cumbayá, Quito","https://www.google.com/maps/place/Motogarage+Store+Tumbaco/data=!4m7!3m6!1s0x91d59134222674df:0x67e0ffc8b0cb4cae!8m2!3d-0.2103312!4d-78.4135143!16s%2Fg%2F11hlw4687n!19sChIJ33QmIjSR1ZERrkzLsMj_4Gc?authuser=0&hl=es-419&g_ep=EgoyMDI2MDkyMC4wIJJjKgBIAVAD&rclk=1"
"Suzuki Store - Cumbayá","1800 789 854","info@suzukiecuador.com","4.6","88","https://suzukiecuador.com/","sitio_propio","","false","Concesionario de automóviles","Av. Oswaldo Guayazamín, Escalón Lumbisí y y, 170901 Quito","Cumbayá, Quito","https://www.google.com/maps/place/Suzuki+Store+-+Cumbay%C3%A1/data=!4m7!3m6!1s0x91d59123e4a453f5:0x2049201f8e43ce9d!8m2!3d-0.2055247!4d-78.4294053!16s%2Fg%2F11rfrhn8bk!19sChIJ9VOk5COR1ZERnc5Djh8gSSA?authuser=0&hl=es-419&g_ep=EgoyMDI2MDkyMC4wIJJjKgBIAVAD&rclk=1"
"Sherco Camp","099 758 7236","info@shercoecuador.com","4.4","12","http://www.shercoecuador.com/","sitio_propio","2020","true","Tienda de motocicletas","Juan León Mera y De Los Conquistadores 676 y, 170911 Quito","Cumbayá, Quito","https://www.google.com/maps/place/Sherco+Camp/data=!4m7!3m6!1s0x91d597d5078fdd91:0x4ad45eb5894576eb!8m2!3d-0.1972477!4d-78.4490473!16s%2Fg%2F11h6cxg3zg!19sChIJkd2PB9WX1ZER63ZFibVe1Eo?authuser=0&hl=es-419&g_ep=EgoyMDI2MDkyMC4wIJJjKgBIAVAD&rclk=1"
"Supermotos TUMBACO","(02) 237-8096","","4.2","20","","ninguno","","true","Concesionario de motos","QHMW+GR3, Avenida Interoceánica, S/N, 170902 Quito","Cumbayá, Quito","https://www.google.com/maps/place/Supermotos+TUMBACO/data=!4m7!3m6!1s0x91d5914bc117c923:0x34a9d14ebbcc8589!8m2!3d-0.2162317!4d-78.4029613!16s%2Fg%2F11gw35dqkt!19sChIJI8kXwUuR1ZERiYXMu07RqTQ?authuser=0&hl=es-419&g_ep=EgoyMDI2MDkyMC4wIJJjKgBIAVAD&rclk=1"
"MZ Bikes","099 992 5092","","4.9","20","","ninguno","","true","Tienda de motocicletas","Av. 2 de Agosto y Juan Coello S6-76, 170903 Quito","Cumbayá, Quito","https://www.google.com/maps/place/MZ+Bikes/data=!4m7!3m6!1s0x91d5900d5268ed79:0x29c65dd0bdadb76!8m2!3d-0.2173246!4d-78.4177525!16s%2Fg%2F11cl_g_ysw!19sChIJee1oUg2Q1ZERdtvaC91lnAI?authuser=0&hl=es-419&g_ep=EgoyMDI2MDkyMC4wIJJjKgBIAVAD&rclk=1"
"Samadi Motos Tumbaco","098 920 6000","","4.6","25","","ninguno","","true","Concesionario de motos","170902, Quito","Cumbayá, Quito","https://www.google.com/maps/place/Samadi+Motos+Tumbaco/data=!4m7!3m6!1s0x91d5918e28d4e601:0xf1c29befbd54c392!8m2!3d-0.2136671!4d-78.4091249!16s%2Fg%2F11md3bf30n!19sChIJAebUKI6R1ZERksNUve-bwvE?authuser=0&hl=es-419&g_ep=EgoyMDI2MDkyMC4wIJJjKgBIAVAD&rclk=1"
"MOTOTEC","099 077 9837","","4.7","37","","ninguno","","true","Taller de reparación de motos","Tumbaco tumbaco","Tumbaco, Quito","https://www.google.com/maps/place/MOTOTEC/data=!4m7!3m6!1s0x91d591488448e377:0x520fcb0b99e949e1!8m2!3d-0.214405!4d-78.3905885!16s%2Fg%2F11hc_87g73!19sChIJd-NIhEiR1ZER4UnpmQvLD1I?authuser=0&hl=es-419&g_ep=EgoyMDI2MDkyMC4wIJJjKgBIAVAD&rclk=1"
"J&J Motos Tumbaco","099 982 6062","","4.7","21","https://sites.google.com/view/jjmotorepuestos/inicio","sitio_propio","","false","Tienda de repuestos para motos","170902, Quito","Tumbaco, Quito","https://www.google.com/maps/place/J%26J+Motos+Tumbaco/data=!4m7!3m6!1s0x91d59136e2ace085:0xc44cf851b9315d49!8m2!3d-0.213178!4d-78.4102628!16s%2Fg%2F11gtg8t10r!19sChIJheCs4jaR1ZERSV0xuVH4TMQ?authuser=0&hl=es-419&g_ep=EgoyMDI2MDkyMC4wIJJjKgBIAVAD&rclk=1"
"GITREK","099 988 8000","","4.3","17","http://www.gitrek.com/","sitio_propio","","true","Tienda de motocicletas","C. Boyaca E5-103, 170184 Quito","Tumbaco, Quito","https://www.google.com/maps/place/GITREK/data=!4m7!3m6!1s0x91d5914139ecf245:0xe01df525f6ffdef4!8m2!3d-0.2105622!4d-78.3938649!16s%2Fg%2F11fmzcghgk!19sChIJRfLsOUGR1ZER9N7_9iX1HeA?authuser=0&hl=es-419&g_ep=EgoyMDI2MDkyMC4wIJJjKgBIAVAD&rclk=1"
"Ducati Ecuador","099 284 7444","","4.9","15","","ninguno","","true","Tienda de motocicletas","Vía lateral Ruta Viva, entre Av. Universitaria, y y Jose Vinueza, 170184 Quito","Tumbaco, Quito","https://www.google.com/maps/place/Ducati+Ecuador/data=!4m7!3m6!1s0x91d5936d1fbb17a1:0x89abfa1f94c809b9!8m2!3d-0.2166255!4d-78.3837833!16s%2Fg%2F11pljd1k49!19sChIJoRe7H22T1ZERuQnIlB_6q4k?authuser=0&hl=es-419&g_ep=EgoyMDI2MDkyMC4wIJJjKgBIAVAD&rclk=1"
"IF37 - Ruta Viva","099 284 7444","marketing1@motopowerpro.com","4.2","113","https://motopowerpro.com/","sitio_propio","","false","Tienda de motocicletas","Ruta Viva y Jose Vinueza 144, N4, 170902 Quito","Tumbaco, Quito","https://www.google.com/maps/place/IF37+-+Ruta+Viva/data=!4m7!3m6!1s0x91d5930fe20a3991:0xb5b2c05c65b8c9f9!8m2!3d-0.2167649!4d-78.3837697!16s%2Fg%2F11rsry8j3s!19sChIJkTkK4g-T1ZER-cm4ZVzAsrU?authuser=0&hl=es-419&g_ep=EgoyMDI2MDkyMC4wIJJjKgBIAVAD&rclk=1"
"KAPITAL MOTO","","","5","11","","ninguno","","true","Tienda de motocicletas","Pasteur y Paris, 170102 Quito","La Carolina, Quito","https://www.google.com/maps/place/KAPITAL+MOTO/data=!4m7!3m6!1s0x91d59b004989eaf7:0xc9bb563a19df865b!8m2!3d-0.1659043!4d-78.4778467!16s%2Fg%2F11xm9w6lcd!19sChIJ9-qJSQCb1ZERW4bfGTpWu8k?authuser=0&hl=es-419&g_ep=EgoyMDI2MDkyMC4wIJJjKgBIAVAD&rclk=1"
"Autos Quito Mancheno","","","4.3","43","","ninguno","","true","Concesionario de automóviles","Joaquín Mancheno y Av. Galo Plaza Lasso, 170144 Quito","La Carolina, Quito","https://www.google.com/maps/place/Autos+Quito+Mancheno/data=!4m7!3m6!1s0x91d58f7d2108389b:0xd4753eea81b438d6!8m2!3d-0.1016438!4d-78.4725822!16s%2Fg%2F11wnjygls6!19sChIJmzgIIX2P1ZER1ji0geo-ddQ?authuser=0&hl=es-419&g_ep=EgoyMDI2MDkyMC4wIJJjKgBIAVAD&rclk=1"
"GIRO PERFORMANCE Quito Servicio Tecnico de Movilidad Electrica","097 933 7579","","4.7","109","","ninguno","","true","Ingeniero","Juan de Ascaray, y y Jorge Drom Local E4-12, 170515 Quito","La Carolina, Quito","https://www.google.com/maps/place/GIRO+PERFORMANCE+Quito+Servicio+Tecnico+de+Movilidad+Electrica/data=!4m7!3m6!1s0x91d59a62691c51d7:0x7cbe90ca60473a3!8m2!3d-0.1656722!4d-78.4849199!16s%2Fg%2F11cspgwn7m!19sChIJ11EcaWKa1ZERo3MEpgzpywc?authuser=0&hl=es-419&g_ep=EgoyMDI2MDkyMC4wIJJjKgBIAVAD&rclk=1"
"Casa Comercial Alex - Electrodomésticos Indurama, Celulares a Credito,Laptops Mac , Hogar, Juguetes, Motos Tundra en Quito","099 386 7667","ventas@casacomercialalex.com","4.7","15","http://www.casacomercialalex.com/","sitio_propio","2022","false","Tienda de electrodomésticos","Parque de Cotocollao, Vicente Lopez Oe5-243 y, Santa Teresa Esq, 170301 Quito","La Carolina, Quito","https://www.google.com/maps/place/Casa+Comercial+Alex+-+Electrodom%C3%A9sticos+Indurama,+Celulares+a+Credito,Laptops+Mac+,+Hogar,+Juguetes,+Motos+Tundra+en+Quito/data=!4m7!3m6!1s0x91d5850cb30df743:0x843f07cd91492668!8m2!3d-0.1151515!4d-78.4981088!16s%2Fg%2F11b7jxkbq2!19sChIJQ_cNswyF1ZERaCZJkc0HP4Q?authuser=0&hl=es-419&g_ep=EgoyMDI2MDkyMC4wIJJjKgBIAVAD&rclk=1"
"Yamaha","096 264 7977","","3.8","70","https://www.facebook.com/YamahaEcuador/","solo_red_social","","true","Concesionario de motos","Av. 6 de Diciembre, 170138 Quito","La Carolina, Quito","https://www.google.com/maps/place/Yamaha/data=!4m7!3m6!1s0x91d59b7b68388469:0x95c4e802965b7a46!8m2!3d-0.162227!4d-78.4756857!16s%2Fg%2F11k04hcj1w!19sChIJaYQ4aHub1ZERRnpblgLoxJU?authuser=0&hl=es-419&g_ep=EgoyMDI2MDkyMC4wIJJjKgBIAVAD&rclk=1"
"Volkswagen - Quito - La Carolina","1800 898 989","f@faisalman.com","3.5","79","https://www.volkswagen.com.ec/es.html","sitio_propio","2026","false","Concesionario de automóviles","Av. Eloy Alfaro 1907, 170135 Quito","La Carolina, Quito","https://www.google.com/maps/place/Volkswagen+-+Quito+-+La+Carolina/data=!4m7!3m6!1s0x91d59bfc05162f23:0x10423f5576e882d3!8m2!3d-0.1879608!4d-78.4816573!16s%2Fg%2F11h5799vwj!19sChIJIy8WBfyb1ZER04LodlU_QhA?authuser=0&hl=es-419&g_ep=EgoyMDI2MDkyMC4wIJJjKgBIAVAD&rclk=1"
"Mercedes-Benz - Inchcape Quito NNUU","099 793 6668","","4.7","503","https://www.mercedes-benz.com.ec/?utm_campaign=gmb&utm_medium=organic&utm_source=local","sitio_propio","","false","Concesionario Mercedes Benz","Av. Naciones Unidas N 36-170 y, 170505 Quito","La Carolina, Quito","https://www.google.com/maps/place/Mercedes-Benz+-+Inchcape+Quito+NNUU/data=!4m7!3m6!1s0x91d585974ef188b9:0x17955e710701318a!8m2!3d-0.1763066!4d-78.4876743!16s%2Fg%2F11h4tmw4rh!19sChIJuYjxTpeF1ZERijEBB3FelRc?authuser=0&hl=es-419&g_ep=EgoyMDI2MDkyMC4wIJJjKgBIAVAD&rclk=1"
"Bmotors","098 813 7727","","4.8","34","https://www.bmotors.com.ec/","sitio_propio","2026","false","Tienda de vehículos de segunda mano y de ocasión","Av. 10 de Agosto y Corea N36-32 y, 170507 Quito","La Carolina, Quito","https://www.google.com/maps/place/Bmotors/data=!4m7!3m6!1s0x91d59a8f3b22c339:0x2197de0fd5608397!8m2!3d-0.1776476!4d-78.488563!16s%2Fg%2F11g8xl6kl1!19sChIJOcMiO4-a1ZERl4Ng1Q_elyE?authuser=0&hl=es-419&g_ep=EgoyMDI2MDkyMC4wIJJjKgBIAVAD&rclk=1"
"Full Cascos","","","5","26","","ninguno","","true","Tienda de motocicletas","Av Río Coca, e y Isla San Cristóbal, 170501 Quito","Iñaquito, Quito","https://www.google.com/maps/place/Full+Cascos/data=!4m7!3m6!1s0x91d59b94673acc11:0x8d6fdd5424ddeb80!8m2!3d-0.1624232!4d-78.4813885!16s%2Fg%2F11zf6gy0w5!19sChIJEcw6Z5Sb1ZERgOvdJFTdb40?authuser=0&hl=es-419&g_ep=EgoyMDI2MDkyMC4wIJJjKgBIAVAD&rclk=1"
"EL MONTADERO","099 532 1518","","5","32","","ninguno","","true","Concesionario de motos","De lo motilones, y y Vicente Fierro, 170516 Quito","Iñaquito, Quito","https://www.google.com/maps/place/EL+MONTADERO/data=!4m7!3m6!1s0x91d591002c0e02d1:0x13604938acd17b2f!8m2!3d-0.1669964!4d-78.4677357!16s%2Fg%2F11y2s_bwjj!19sChIJ0QIOLACR1ZERL3vRrDhJYBM?authuser=0&hl=es-419&g_ep=EgoyMDI2MDkyMC4wIJJjKgBIAVAD&rclk=1"
"SWOBODA MOTORSPORTS","099 824 6368","","4.9","13","","ninguno","","true","Concesionario de motos","De los Motilones E14D y, Shuara, 170516 Quito","Iñaquito, Quito","https://www.google.com/maps/place/SWOBODA+MOTORSPORTS/data=!4m7!3m6!1s0x91d5919cab79a065:0x2fb0d3b87dfbc94e!8m2!3d-0.1646387!4d-78.4644249!16s%2Fg%2F11p4n6xbn3!19sChIJZaB5q5yR1ZERTsn7fbjTsC8?authuser=0&hl=es-419&g_ep=EgoyMDI2MDkyMC4wIJJjKgBIAVAD&rclk=1"
"ACCBIKER OUTLET","099 531 8131","","4.6","7","https://www.accbiker.com/","sitio_propio","2023","false","Tienda de motocicletas","Av. 10 de Agosto y Av. El Inca N44-86 Y, 170501 Quito","Iñaquito, Quito","https://www.google.com/maps/place/ACCBIKER+OUTLET/data=!4m7!3m6!1s0x91d59b3d77472875:0x8255d7e64c68c256!8m2!3d-0.1606554!4d-78.4853664!16s%2Fg%2F11xmsy9zt2!19sChIJdShHdz2b1ZERVsJoTObXVYI?authuser=0&hl=es-419&g_ep=EgoyMDI2MDkyMC4wIJJjKgBIAVAD&rclk=1"
"AC MOTORBIKE","096 339 5621","","5","9","https://www.facebook.com/ACMOTORBIKEEC","solo_red_social","","true","Tienda de repuestos para motos","Legarda, Av. Occidental, 170103 Quito","Iñaquito, Quito","https://www.google.com/maps/place/AC+MOTORBIKE/data=!4m7!3m6!1s0x91d5854bffd71e0b:0xcf2da5254b5e9921!8m2!3d-0.120078!4d-78.5061679!16s%2Fg%2F11mvnyftt7!19sChIJCx7X_0uF1ZERIZleSyWlLc8?authuser=0&hl=es-419&g_ep=EgoyMDI2MDkyMC4wIJJjKgBIAVAD&rclk=1"
"SUZUKI Store - Granados","1800 789 854","info@suzukiecuador.com","4.2","89","https://suzukiecuador.com/","sitio_propio","","false","Concesionario de automóviles","Gonzalo Baca, y y Av. de los Granados, Quito","Iñaquito, Quito","https://www.google.com/maps/place/SUZUKI+Store+-+Granados/data=!4m7!3m6!1s0x91d591b4281e4dc5:0x4c5547b1a432a32e!8m2!3d-0.1631951!4d-78.4648061!16s%2Fg%2F11sssskmz4!19sChIJxU0eKLSR1ZERLqMypLFHVUw?authuser=0&hl=es-419&g_ep=EgoyMDI2MDkyMC4wIJJjKgBIAVAD&rclk=1"
"Quito Motors Granados","099 976 3673","","4","224","","ninguno","","true","Concesionario Ford","AV, Av. de los Granados y Shuara, 170124 Quito","Iñaquito, Quito","https://www.google.com/maps/place/Quito+Motors+Granados/data=!4m7!3m6!1s0x91d59072cccf7e6b:0x1dea3b1e1546f7b0!8m2!3d-0.164904!4d-78.4656647!16s%2Fg%2F11gfmmccps!19sChIJa37PzHKQ1ZERsPdGFR476h0?authuser=0&hl=es-419&g_ep=EgoyMDI2MDkyMC4wIJJjKgBIAVAD&rclk=1"
"Tu Scooter Electrico La Prensa (Motos y Scooters Eléctricos)","098 777 3030","","4","16","https://tuscooterelectrico.com/","sitio_propio","","true","Concesionario de escúteres","sentido Sur-Norte, El Labrador Av. de la Prensa N47-54 e Indaza (esquina Frente a parada de bus, 170512 Quito","Iñaquito, Quito","https://www.google.com/maps/place/Tu+Scooter+Electrico+La+Prensa+%28Motos+y+Scooters+El%C3%A9ctricos%29/data=!4m7!3m6!1s0x91d59b9e42f705e1:0x2071b3b98daa0988!8m2!3d-0.154089!4d-78.4888957!16s%2Fg%2F11lmfq51dl!19sChIJ4QX3Qp6b1ZERiAmqjbmzcSA?authuser=0&hl=es-419&g_ep=EgoyMDI2MDkyMC4wIJJjKgBIAVAD&rclk=1"
"Recordmotor S.A.","(02) 241-4509","","4","288","https://autos.honda.com.ec/","sitio_propio","2026","false","Concesionario de automóviles","Av. El Inca y Av. Río Amazonas &, 170138 Quito","Iñaquito, Quito","https://www.google.com/maps/place/Recordmotor+S.A./data=!4m7!3m6!1s0x91d59aa48fa19b39:0xf6f4dd8ad3175139!8m2!3d-0.1597921!4d-78.4842172!16s%2Fg%2F1hc4fpvmb!19sChIJOZuhj6Sa1ZEROVEX04rd9PY?authuser=0&hl=es-419&g_ep=EgoyMDI2MDkyMC4wIJJjKgBIAVAD&rclk=1"
"SUZUKI Store - Labrador","1800 789 854","info@suzukiecuador.com","4.3","228","https://suzukiecuador.com/","sitio_propio","","false","Concesionario Suzuki","Av. El Inca y y, 170502 Quito","Quito Tenis, Quito","https://www.google.com/maps/place/SUZUKI+Store+-+Labrador/data=!4m7!3m6!1s0x91d59bf614431ca9:0x6d35de7efedf4246!8m2!3d-0.1585033!4d-78.4835968!16s%2Fg%2F11nn37wm8f!19sChIJqRxDFPab1ZERRkLf_n7eNW0?authuser=0&hl=es-419&g_ep=EgoyMDI2MDkyMC4wIJJjKgBIAVAD&rclk=1"
"FORD MOTORTREK","098 458 8707","","4.7","122","https://motortrekford.ec/","sitio_propio","","false","Taller de automóviles","De los, Abedules y Av. Juan Molineros N59-53 y, Quito","Quito Tenis, Quito","https://www.google.com/maps/place/FORD+MOTORTREK/data=!4m7!3m6!1s0x91d5855fefc4fae9:0xa95ba8a889a96561!8m2!3d-0.1286341!4d-78.4749549!16s%2Fg%2F11bwfmqqc3!19sChIJ6frE71-F1ZERYWWpiaioW6k?authuser=0&hl=es-419&g_ep=EgoyMDI2MDkyMC4wIJJjKgBIAVAD&rclk=1"
"Servicio Técnico Suzuki","(02) 259-7735","","3.4","26","","ninguno","","true","Oficinas de empresa","VGF4+P9C, Av. de la Prensa, 170103 Quito","Quito Tenis, Quito","https://www.google.com/maps/place/Servicio+T%C3%A9cnico+Suzuki/data=!4m7!3m6!1s0x91d585d024bf5f77:0x610779a53bdfa04e!8m2!3d-0.1256962!4d-78.4941066!16s%2Fg%2F11gr41dzmm!19sChIJd1-_JNCF1ZERTqDfO6V5B2E?authuser=0&hl=es-419&g_ep=EgoyMDI2MDkyMC4wIJJjKgBIAVAD&rclk=1"
"Erover Carapungo","099 817 0546","","4.2","19","http://motos.com.ec/","sitio_propio","","true","Tienda de motocicletas","Av. Padre Luis Vaccari 15-229, 170203 Quito","Carcelén, Quito","https://www.google.com/maps/place/Erover+Carapungo/data=!4m7!3m6!1s0x91d58fa6d6c03191:0x4e66d101d166ed88!8m2!3d-0.0940449!4d-78.45308!16s%2Fg%2F11j7kqrqr2!19sChIJkTHA1qaP1ZERiO1m0QHRZk4?authuser=0&hl=es-419&g_ep=EgoyMDI2MDkyMC4wIJJjKgBIAVAD&rclk=1"
"Thunder Motos Carapungo","095 948 6913","ventas.digitales@thundermotos.com","4.4","7","https://www.thundermotos.com/","sitio_propio","2025","false","Tienda de motocicletas","Geovany Calles, y y Valdivia, 170203 Quito","Carcelén, Quito","https://www.google.com/maps/place/Thunder+Motos+Carapungo/data=!4m7!3m6!1s0x91d58fdc90ac52c5:0x3bd7bdec93770b88!8m2!3d-0.1044469!4d-78.4532892!16s%2Fg%2F11fp80jfx8!19sChIJxVKskNyP1ZERiAt3k-y91zs?authuser=0&hl=es-419&g_ep=EgoyMDI2MDkyMC4wIJJjKgBIAVAD&rclk=1"
"Q-Motors Patio De Autos","099 873 3049","","3.8","92","","ninguno","","true","Concesionario de automóviles","Galo Pl. Lasso, 170203 Quito","Carcelén, Quito","https://www.google.com/maps/place/Q-Motors+Patio+De+Autos/data=!4m7!3m6!1s0x91d58f6d0ec22f1d:0xc1f08581aa848cfa!8m2!3d-0.0990522!4d-78.4549005!16s%2Fg%2F11bz0w2jw4!19sChIJHS_CDm2P1ZER-oyEqoGF8ME?authuser=0&hl=es-419&g_ep=EgoyMDI2MDkyMC4wIJJjKgBIAVAD&rclk=1"
"Grupo Roldan / JAC Motors / JETOUR / YTO / SANY / Comercial Roldan Carapungo","098 285 7679","comercialroldan2018@gmail.com","4.8","17","http://www.carlosroldan.com.ec/","sitio_propio","","false","Concesionario de automóviles","Av. Simón Bolívar, 170306 Quito","Carcelén, Quito","https://www.google.com/maps/place/Grupo+Roldan+%2F+JAC+Motors+%2F+JETOUR+%2F+YTO+%2F+SANY+%2F+Comercial+Roldan+Carapungo/data=!4m7!3m6!1s0x91d58f5a30375965:0x244038ab92b548f!8m2!3d-0.111668!4d-78.4581624!16s%2Fg%2F11ks3dq_97!19sChIJZVk3MFqP1ZERj1QruYoDRAI?authuser=0&hl=es-419&g_ep=EgoyMDI2MDkyMC4wIJJjKgBIAVAD&rclk=1"
"ESCUT Solanda Motos","098 797 6863","inscripciones@escut.ec; informacion@escut.ec","5","223","https://www.escut.ec/","sitio_propio","","false","Autoescuela","Penipe y La Maná, 170606 Quito","Solanda, Quito","https://www.google.com/maps/place/ESCUT+Solanda+Motos/data=!4m7!3m6!1s0x91d599d16e99a5f5:0x57167a6f97bd561f!8m2!3d-0.2701555!4d-78.5465175!16s%2Fg%2F11yzpf20s7!19sChIJ9aWZbtGZ1ZERH1a9l296Flc?authuser=0&hl=es-419&g_ep=EgoyMDI2MDkyMC4wIJJjKgBIAVAD&rclk=1"
"Tienda Biker Quito","099 944 2216","","4.7","25","https://tiendabikerquito.kyte.site/","sitio_propio","","false","Servicio de llantas","Alfredo Escudero 170606, 170606 Quito","Solanda, Quito","https://www.google.com/maps/place/Tienda+Biker+Quito/data=!4m7!3m6!1s0x91d59906998ca973:0xab724471087a22ec!8m2!3d-0.2629047!4d-78.5482015!16s%2Fg%2F11h3mf4rnl!19sChIJc6mMmQaZ1ZER7CJ6CHFEcqs?authuser=0&hl=es-419&g_ep=EgoyMDI2MDkyMC4wIJJjKgBIAVAD&rclk=1"
"dmc.motos.uio","098 462 0701","","4.5","24","","ninguno","","true","Taller de metalurgia","OE3J S25-59, 170131 Quito","Solanda, Quito","https://www.google.com/maps/place/dmc.motos.uio/data=!4m7!3m6!1s0x91d598ea8ff7887f:0xb626c86260b8cc33!8m2!3d-0.273411!4d-78.542673!16s%2Fg%2F11vt4ydpg2!19sChIJf4j3j-qY1ZERM8y4YGLIJrY?authuser=0&hl=es-419&g_ep=EgoyMDI2MDkyMC4wIJJjKgBIAVAD&rclk=1"
"Motoland UIO","099 635 2087","","4.5","13","","ninguno","","true","Concesionario de motos","Alonso de angulo y jose y Mansor, 170601 Quito","Solanda, Quito","https://www.google.com/maps/place/Motoland+UIO/data=!4m7!3m6!1s0x91d59970747a0e19:0xb08b07f641efedb2!8m2!3d-0.2502465!4d-78.532466!16s%2Fg%2F11q585tb6_!19sChIJGQ56dHCZ1ZERsu3vQfYHi7A?authuser=0&hl=es-419&g_ep=EgoyMDI2MDkyMC4wIJJjKgBIAVAD&rclk=1"
"DOCUHOGAR","098 803 6388","","4.1","27","https://www.tiktok.com/@kallpamotos?_r=1&_t=ZS-99ooiVeuIj7","solo_red_social","","true","Concesionario de motos","Av. Maldonado y Carrión, Centro Comercial El Recreo, Etapa 1, local 07, H, 170111 Quito","Solanda, Quito","https://www.google.com/maps/place/DOCUHOGAR/data=!4m7!3m6!1s0x91d59900ebabfa27:0x8fe6b3390ec6b15e!8m2!3d-0.2534242!4d-78.5222665!16s%2Fg%2F11cjj561w1!19sChIJJ_qr6wCZ1ZERXrHGDjmz5o8?authuser=0&hl=es-419&g_ep=EgoyMDI2MDkyMC4wIJJjKgBIAVAD&rclk=1"
"ACCBIKER QSUR","099 531 8131","","4.8","16","http://www.accbiker.com/","sitio_propio","2023","false","Tienda de motocicletas","Avenida Pedro Vicente Maldonado, y y Francisco Gomez, 170601 Quito","Solanda, Quito","https://www.google.com/maps/place/ACCBIKER+QSUR/data=!4m7!3m6!1s0x91d599ee8d6429f1:0x998ebcf82b118ca7!8m2!3d-0.2469126!4d-78.5198154!16s%2Fg%2F11rsdqlqc4!19sChIJ8Slkje6Z1ZERp4wRK_i8jpk?authuser=0&hl=es-419&g_ep=EgoyMDI2MDkyMC4wIJJjKgBIAVAD&rclk=1"
"Yamaha Atahualpa","098 462 0342","","4.4","51","https://m.facebook.com/YamahaEcuador/?locale2=es_LA","solo_red_social","","true","Tienda de motocicletas","QF2F+M9J, Avenue Alonso de Angulo, 170111 Quito","Solanda, Quito","https://www.google.com/maps/place/Yamaha+Atahualpa/data=!4m7!3m6!1s0x91d5992402afa10b:0x5acd4e72189362c4!8m2!3d-0.2482896!4d-78.5266036!16s%2Fg%2F11fmg4xxdq!19sChIJC6GvAiSZ1ZERxGKTGHJOzVo?authuser=0&hl=es-419&g_ep=EgoyMDI2MDkyMC4wIJJjKgBIAVAD&rclk=1"
"Moto Plaza","099 878 3815","","4.5","37","","ninguno","","true","Tienda de motocicletas","Av. Rumichaca y Cóndor Ñan, Lote A15, 170702 Quito","Solanda, Quito","https://www.google.com/maps/place/Moto+Plaza/data=!4m7!3m6!1s0x91d5a37a8df01e9b:0xfa68cb2610643796!8m2!3d-0.2962467!4d-78.5521965!16s%2Fg%2F11rj67l90z!19sChIJmx7wjXqj1ZERljdkECbLaPo?authuser=0&hl=es-419&g_ep=EgoyMDI2MDkyMC4wIJJjKgBIAVAD&rclk=1"
"Erover Motos Sur","099 284 9331","","3.8","32","http://motos.com.ec/","sitio_propio","","true","Tienda de motocicletas","ALONSO DE ANGULO OE2_544 Y, Lauro Guerrero, 170602 Quito","Solanda, Quito","https://www.google.com/maps/place/Erover+Motos+Sur/data=!4m7!3m6!1s0x91d59925cd4684e9:0x47da9a193af32c1!8m2!3d-0.2481249!4d-78.5269955!16s%2Fg%2F11j4f3180y!19sChIJ6YRGzSWZ1ZERwTKvk6GpfQQ?authuser=0&hl=es-419&g_ep=EgoyMDI2MDkyMC4wIJJjKgBIAVAD&rclk=1"
"MOTO ALEX","","","4.8","16","","ninguno","","true","Tienda de repuestos para motos","Sangolquí, Avenida General enrique邮政编码: 171103","Solanda, Quito","https://www.google.com/maps/place/MOTO+ALEX/data=!4m7!3m6!1s0x91d5bd84762ce56f:0xbff1a636cd37ba71!8m2!3d-0.3180812!4d-78.4503252!16s%2Fg%2F11jz3zj0bx!19sChIJb-UsdoS91ZERcbo3zTam8b8?authuser=0&hl=es-419&g_ep=EgoyMDI2MDkyMC4wIJJjKgBIAVAD&rclk=1"
"Old Brain","099 022 3312","oldbrainmarketing@gmail.com","4.9","12","http://oldbrainecuador.com/","sitio_propio","","false","Tienda de motocicletas","Av. Mariscal Sucre, y y San Miguel, Quito","Solanda, Quito","https://www.google.com/maps/place/Old+Brain/data=!4m7!3m6!1s0x91d599073210ac25:0x67cd23f8ed0e1a3c!8m2!3d-0.2445254!4d-78.5333676!16s%2Fg%2F11j8rd9rj4!19sChIJJawQMgeZ1ZERPBoO7fgjzWc?authuser=0&hl=es-419&g_ep=EgoyMDI2MDkyMC4wIJJjKgBIAVAD&rclk=1"
"Tu Scooter Electrico Villaflora (Motos y Scooters Eléctricos)","099 908 8842","","4.5","97","http://www.tuscooterelectrico.com/","sitio_propio","","true","Concesionario de escúteres","Frente a Iglesia de los Santos de los Últimos Días, Gonzalo Díaz de Pineda y Francisco Gomez Oe 1-59 y, 170602 Quito","Solanda, Quito","https://www.google.com/maps/place/Tu+Scooter+Electrico+Villaflora+%28Motos+y+Scooters+El%C3%A9ctricos%29/data=!4m7!3m6!1s0x91d5991746ea7d1d:0xfa607d70fb44f9da!8m2!3d-0.2437808!4d-78.5203258!16s%2Fg%2F11mn0ff_lw!19sChIJHX3qRheZ1ZER2vlE-3B9YPo?authuser=0&hl=es-419&g_ep=EgoyMDI2MDkyMC4wIJJjKgBIAVAD&rclk=1"
"Tienda Bajaj Villaflora Quito","099 272 2622","info@inmot.com.ec","4.2","34","https://bajajecuador.com/","sitio_propio","2026","false","Concesionario de motos Indian","Quito Pedro de Alfaro, y y Av Rodrigo de Chávez 170111, Quito","Solanda, Quito","https://www.google.com/maps/place/Tienda+Bajaj+Villaflora+Quito/data=!4m7!3m6!1s0x91d599ee076e10e9:0xb40df6c4bd83f0dc!8m2!3d-0.2415604!4d-78.5214309!16s%2Fg%2F11s69b6ymy!19sChIJ6RBuB-6Z1ZER3PCDvcT2DbQ?authuser=0&hl=es-419&g_ep=EgoyMDI2MDkyMC4wIJJjKgBIAVAD&rclk=1"
"MOTO REPUBLIC ATAHUALPA","096 915 7211","","3.8","10","","ninguno","","true","Concesionario de motos","Av. Alonso de Angulo y Av. Cosme Osorio S11-72 y, 170111 Quito","Solanda, Quito","https://www.google.com/maps/place/MOTO+REPUBLIC+ATAHUALPA/data=!4m7!3m6!1s0x91d599e603c61075:0x7ecd5899a06d6741!8m2!3d-0.2497935!4d-78.5321033!16s%2Fg%2F11vb8f0jq5!19sChIJdRDGA-aZ1ZERQWdtoJlYzX4?authuser=0&hl=es-419&g_ep=EgoyMDI2MDkyMC4wIJJjKgBIAVAD&rclk=1"
"Thunder Motos Recreo","099 201 2149","","4.2","38","https://thundermotos.com/","sitio_propio","","true","Concesionario de motos","Av. Pedro Vicente Maldonado Local 4, 170111 Quito","Solanda, Quito","https://www.google.com/maps/place/Thunder+Motos+Recreo/data=!4m7!3m6!1s0x91d5990787ff9fe3:0xcf0d596465522065!8m2!3d-0.2491077!4d-78.5205135!16s%2Fg%2F11f2_m53ck!19sChIJ45__hweZ1ZERZSBSZWRZDc8?authuser=0&hl=es-419&g_ep=EgoyMDI2MDkyMC4wIJJjKgBIAVAD&rclk=1"
"MOTO REPUBLIC Recreo","096 915 7211","","4.4","14","","ninguno","","true","Tienda de motocicletas","Av. Alonso de Angulo y Av. Cosme Osorio S11-72 Y, 170111 Quito","Solanda, Quito","https://www.google.com/maps/place/MOTO+REPUBLIC+Recreo/data=!4m7!3m6!1s0x91d599b1dc91ef8d:0xbf6536af810cf897!8m2!3d-0.2497935!4d-78.5321033!16s%2Fg%2F11rxnn0f69!19sChIJje-R3LGZ1ZERl_gMga82Zb8?authuser=0&hl=es-419&g_ep=EgoyMDI2MDkyMC4wIJJjKgBIAVAD&rclk=1"
"Master Moto","(02) 360-0114","","3.1","19","https://www.mastermoto.com.ec/","sitio_propio","","true","Concesionario de motos","Av. Mariscal Sucre y La Bilox Oe6-194, 170148 Quito","Solanda, Quito","https://www.google.com/maps/place/Master+Moto/data=!4m7!3m6!1s0x91d598dfe5f594bb:0x2a0d62bb1af801f4!8m2!3d-0.2575925!4d-78.5440718!16s%2Fg%2F11gr5z3b8h!19sChIJu5T15d-Y1ZER9AH4GrtiDSo?authuser=0&hl=es-419&g_ep=EgoyMDI2MDkyMC4wIJJjKgBIAVAD&rclk=1"
"Moto y Ciclista - Biloxi","096 296 9642","almacenbiloxi@gmail.com","4.6","128","https://www.motoyciclista.com/","sitio_propio","","false","Tienda de repuestos para motos","Av. Mariscal Sucre y Chicaña S16-160 y, 170607 Quito","Solanda, Quito","https://www.google.com/maps/place/Moto+y+Ciclista+-+Biloxi/data=!4m7!3m6!1s0x91d598dfc113863d:0xd5da0b8d47800956!8m2!3d-0.2580126!4d-78.5444756!16s%2Fg%2F11bbrlt87t!19sChIJPYYTwd-Y1ZERVgmAR40L2tU?authuser=0&hl=es-419&g_ep=EgoyMDI2MDkyMC4wIJJjKgBIAVAD&rclk=1"
"SUZUKI Store - Sur","1800 789 854","info@suzukiecuador.com","4.6","79","https://suzukiecuador.com/","sitio_propio","","false","Concesionario Suzuki","Av. Pedro Vicente Maldonado y y Esq, 170605 Quito","Solanda, Quito","https://www.google.com/maps/place/SUZUKI+Store+-+Sur/data=!4m7!3m6!1s0x91d599bfd247d9e9:0xb8d652e36276114e!8m2!3d-0.2730609!4d-78.528765!16s%2Fg%2F11q25v0gx6!19sChIJ6dlH0r-Z1ZERThF2YuNS1rg?authuser=0&hl=es-419&g_ep=EgoyMDI2MDkyMC4wIJJjKgBIAVAD&rclk=1"
"IMPORTADORA MOTOS B&M","098 758 7039","","3.4","54","","ninguno","","true","Tienda de repuestos para motos","Av maldonaldo, y y La Cocha, Quito","Solanda, Quito","https://www.google.com/maps/place/IMPORTADORA+MOTOS+B%26M/data=!4m7!3m6!1s0x91d5a3809a2b643d:0x8e43f1c82a00290!8m2!3d-0.3094825!4d-78.5453983!16s%2Fg%2F11jj5cxd0q!19sChIJPWQrmoCj1ZERkAKgghw_5Ag?authuser=0&hl=es-419&g_ep=EgoyMDI2MDkyMC4wIJJjKgBIAVAD&rclk=1"
".","","","3.5","10","","ninguno","","true","Concesionario de motos","170111 Quito","Solanda, Quito","https://www.google.com/maps/place/data=!4m7!3m6!1s0x91d59992e62ec733:0x321ea9c7e53ec91b!8m2!3d-0.249685!4d-78.5305637!16s%2Fg%2F11g1nf2yl8!19sChIJM8cu5pKZ1ZERG8k-5cepHjI?authuser=0&hl=es-419&g_ep=EgoyMDI2MDkyMC4wIJJjKgBIAVAD&rclk=1"
"La Gran Vía Motors (Rodrigo de Chavez)","(02) 401-8300","","4","13","","ninguno","","true","Tienda de motocicletas","Av Rodrigo de Chávez y Av. Mariscal Sucre Oe506 y, 170602 Quito","Solanda, Quito","https://www.google.com/maps/place/La+Gran+V%C3%ADa+Motors+%28Rodrigo+de+Chavez%29/data=!4m7!3m6!1s0x91d599ce431db501:0xd2f3769b0078f6e2!8m2!3d-0.2362168!4d-78.5265097!16s%2Fg%2F11gmzylcvt!19sChIJAbUdQ86Z1ZER4vZ4AJt289I?authuser=0&hl=es-419&g_ep=EgoyMDI2MDkyMC4wIJJjKgBIAVAD&rclk=1"
"ECUASUEÑA QUITO SUR","","vendas@novalider.com","3.9","121","http://novalider.com/","sitio_propio","","false","Concesionario de automóviles","PFRG+JQ9, Quito","Solanda, Quito","https://www.google.com/maps/place/ECUASUE%C3%91A+QUITO+SUR/data=!4m7!3m6!1s0x91d5994993c916bb:0xe0d3ceef7ec0c85e!8m2!3d-0.258499!4d-78.5228021!16s%2Fg%2F11skyqlvw8!19sChIJuxbJk0mZ1ZERXsjAfu_O0-A?authuser=0&hl=es-419&g_ep=EgoyMDI2MDkyMC4wIJJjKgBIAVAD&rclk=1"
"SHINERAY SUR","098 637 0699","","3.8","12","","ninguno","","true","Tienda de repuestos para motos","y y Av. Mariscal Sucre S9-458, 170131 Quito","Solanda, Quito","https://www.google.com/maps/place/SHINERAY+SUR/data=!4m7!3m6!1s0x91d599f163d958bb:0xc567faf86ad6d6d7!8m2!3d-0.2387427!4d-78.530221!16s%2Fg%2F11tt6jn2_p!19sChIJu1jZY_GZ1ZER19bWavj6Z8U?authuser=0&hl=es-419&g_ep=EgoyMDI2MDkyMC4wIJJjKgBIAVAD&rclk=1"
"MG MOTOR'S","099 993 7523","","3.6","8","","ninguno","","true","Taller de reparación de automóviles","PFG5+4X6, y, Av. Tnte. Hugo Ortiz, Quito","Solanda, Quito","https://www.google.com/maps/place/MG+MOTOR%27S/data=!4m7!3m6!1s0x91d5995024650a5f:0x1251f69ba8d3d2d9!8m2!3d-0.2747206!4d-78.5401183!16s%2Fg%2F11h_7khb0n!19sChIJXwplJFCZ1ZER2dLTqJv2URI?authuser=0&hl=es-419&g_ep=EgoyMDI2MDkyMC4wIJJjKgBIAVAD&rclk=1"
"Thunder Go! Biloxi","098 149 8875","","3.9","18","","ninguno","","true","Concesionario de motos","PFR4+H66, Av. Mariscal Sucre y, Chicaña, Quito","Solanda, Quito","https://www.google.com/maps/place/Thunder+Go!+Biloxi/data=!4m7!3m6!1s0x91d599c99e8cc9d5:0x99876f4fe7cc396b!8m2!3d-0.258598!4d-78.5444803!16s%2Fg%2F11grbvty8f!19sChIJ1cmMnsmZ1ZERaznM509vh5k?authuser=0&hl=es-419&g_ep=EgoyMDI2MDkyMC4wIJJjKgBIAVAD&rclk=1"
"Hyundai TrustMotor - Quito Sur","099 910 1144","","4","84","","ninguno","","true","Concesionario Hyundai","Quito","Solanda, Quito","https://www.google.com/maps/place/Hyundai+TrustMotor+-+Quito+Sur/data=!4m7!3m6!1s0x91d598920152402d:0xee7550635b8deaf7!8m2!3d-0.2795101!4d-78.532327!16s%2Fg%2F11dynzy3yd!19sChIJLUBSAZKY1ZER9-qNW2NQde4?authuser=0&hl=es-419&g_ep=EgoyMDI2MDkyMC4wIJJjKgBIAVAD&rclk=1"
"AUTOLINE QUITO SUR","099 074 1472","esteban.cordova@autoline.com.ec; william.gallo@autoline.com.ec; nilo.moreno@autoline.com.ec; ventas@autoline.com.ec; esteban.cordova@autoline.com","4.3","145","https://www.autoline.com.ec/","sitio_propio","","false","Concesionario de automóviles","Av. Maldonado, y y Quimag, Quito","Solanda, Quito","https://www.google.com/maps/place/AUTOLINE+QUITO+SUR/data=!4m7!3m6!1s0x91d59891916fca39:0x108f8bc8ab809eb3!8m2!3d-0.2805458!4d-78.5338401!16s%2Fg%2F11ff2cb61n!19sChIJOcpvkZGY1ZERs56Aq8iLjxA?authuser=0&hl=es-419&g_ep=EgoyMDI2MDkyMC4wIJJjKgBIAVAD&rclk=1"
"ZX Auto de Mavesa Quito Sur","1800 628 372","","3.9","42","https://zxauto.com.ec/","sitio_propio","","false","Concesionario de vehículos todoterreno","AV. PEDRO VICENTE MALDONADO Y CUSUBAMBA, 171102 Quito","Solanda, Quito","https://www.google.com/maps/place/ZX+Auto+de+Mavesa+Quito+Sur/data=!4m7!3m6!1s0x91d5bd42a2f0fcef:0x5df660d3c9376243!8m2!3d-0.2815426!4d-78.534489!16s%2Fg%2F11f1244bfl!19sChIJ7_zwokK91ZERQ2I3ydNg9l0?authuser=0&hl=es-419&g_ep=EgoyMDI2MDkyMC4wIJJjKgBIAVAD&rclk=1"
"CHANGAN - Quito Sur","(02) 394-9200","info@changanecuador.com","4.4","33","http://www.changanecuador.com/","sitio_propio","2026","false","Concesionario de automóviles","Frente a Diario El Comercio, Av. Pedro Vicente Maldonado, y y Pueblo Viejo, Quito","Solanda, Quito","https://www.google.com/maps/place/CHANGAN+-+Quito+Sur/data=!4m7!3m6!1s0x91d599a0deb5f363:0x2f085ec50f4d6785!8m2!3d-0.2727851!4d-78.5288637!16s%2Fg%2F11t0nn7bkc!19sChIJY_O13qCZ1ZERhWdND8VeCC8?authuser=0&hl=es-419&g_ep=EgoyMDI2MDkyMC4wIJJjKgBIAVAD&rclk=1"
"Grupo Mavesa Quito Sur","1800 628 372","","4.4","282","https://www.grupomavesa.com.ec/","sitio_propio","","false","Concesionario de camiones","Av. Pedro V. Maldonado S24-154 y, Cusubamba, 170606 Quito","Solanda, Quito","https://www.google.com/maps/place/Grupo+Mavesa+Quito+Sur/data=!4m7!3m6!1s0x91d59891a601085b:0xefb62678f72c1305!8m2!3d-0.2813737!4d-78.5343584!16s%2Fg%2F11c5x7hbcq!19sChIJWwgBppGY1ZERBRMs93gmtu8?authuser=0&hl=es-419&g_ep=EgoyMDI2MDkyMC4wIJJjKgBIAVAD&rclk=1"
"Automekano - Agencia Quito Sur","(02) 392-2588","cotizador@automekano.com","4.3","21","https://www.automekano.com/","sitio_propio","2026","false","Concesionario de automóviles","Av. Mariscal Sucre y Diego Céspedes, 170607 Quito","Solanda, Quito","https://www.google.com/maps/place/Automekano+-+Agencia+Quito+Sur/data=!4m7!3m6!1s0x91d5992644a6b1d1:0xb4fdcdba258565a8!8m2!3d-0.2740173!4d-78.5526502!16s%2Fg%2F11t_qxdxvr!19sChIJ0bGmRCaZ1ZERqGWFJbrN_bQ?authuser=0&hl=es-419&g_ep=EgoyMDI2MDkyMC4wIJJjKgBIAVAD&rclk=1"
"Autocor Quicentro Sur","098 300 5861","datospersonales@autocor.com.ec","4.8","33","https://www.autocor.com.ec/","sitio_propio","2026","false","Concesionario de automóviles","Av. Morán Valverde, 170405 Quito","Solanda, Quito","https://www.google.com/maps/place/Autocor+Quicentro+Sur/data=!4m7!3m6!1s0x7876819d1e7464d:0x14d7ade289557c76!8m2!3d-0.2863402!4d-78.5412733!16s%2Fg%2F11w8rk88p8!19sChIJTUbn0RlohwcRdnxVieKt1xQ?authuser=0&hl=es-419&g_ep=EgoyMDI2MDkyMC4wIJJjKgBIAVAD&rclk=1"
"Artefacta","098 700 4454","","4.3","21","https://www.artefacta.com/","sitio_propio","2024","false","Tienda de electrodomésticos","Av. Mariscal Sucre y Francisco Chiriboga S31-140 y, 170708 Quito","Solanda, Quito","https://www.google.com/maps/place/Artefacta/data=!4m7!3m6!1s0x91d598ba7aab28b1:0x5c6841a4489b838b!8m2!3d-0.2815347!4d-78.5540229!16s%2Fg%2F11gzrlwd8h!19sChIJsSirerqY1ZERi4ObSKRBaFw?authuser=0&hl=es-419&g_ep=EgoyMDI2MDkyMC4wIJJjKgBIAVAD&rclk=1"
"Grupo Mavesa - San Bartolo","1800 628 372","","4.3","223","https://www.grupomavesa.com.ec/","sitio_propio","","false","Concesionario de automóviles","Av. Pedro Vicente Maldonado y Saraguro, 170605 Quito","Solanda, Quito","https://www.google.com/maps/place/Grupo+Mavesa+-+San+Bartolo/data=!4m7!3m6!1s0x91d598f3d9d25ff1:0xf4c278ca691e23c2!8m2!3d-0.2709066!4d-78.5282058!16s%2Fg%2F11fzf1737k!19sChIJ8V_S2fOY1ZERwiMeacp4wvQ?authuser=0&hl=es-419&g_ep=EgoyMDI2MDkyMC4wIJJjKgBIAVAD&rclk=1"
"Ambacar Quicentro Sur","098 441 6991","nombre@email.com","3.8","241","https://www.ambacar.com/","sitio_propio","","false","Concesionario de automóviles","Subsuelo 2, Av. Morán Valverde 1000 y Quitumbe Ñan Centro Comercial Quicentro Sur, 170702 Quito","Solanda, Quito","https://www.google.com/maps/place/Ambacar+Quicentro+Sur/data=!4m7!3m6!1s0x91d598bd53384703:0x571af2e7f7fe76bd!8m2!3d-0.2857437!4d-78.5434057!16s%2Fg%2F11cs376562!19sChIJA0c4U72Y1ZERvXb-9-fyGlc?authuser=0&hl=es-419&g_ep=EgoyMDI2MDkyMC4wIJJjKgBIAVAD&rclk=1"
"PIRELLI - MOTOS","099 021 0581","","3.1","9","","ninguno","","true","Concesionario de motos","PC9W+9H6, Av. Mariscal Sucre, 170702 Quito","Solanda, Quito","https://www.google.com/maps/place/PIRELLI+-+MOTOS/data=!4m7!3m6!1s0x91d598ba684f1bf9:0xcc6e67548b45f99!8m2!3d-0.2815888!4d-78.5536155!16s%2Fg%2F11fgksntl0!19sChIJ-RtPaLqY1ZERmV-0SHXmxgw?authuser=0&hl=es-419&g_ep=EgoyMDI2MDkyMC4wIJJjKgBIAVAD&rclk=1"
"Automotores Continental Recreo","1800 141 414","","4.3","1156","http://www.automotorescontinental.com/?utm_source=google&utm_medium=banner&utm_id=business","sitio_propio","","false","Concesionario Chevrolet","JUNTO AL C.C. EL RECREO, Av. Pedro Vicente Maldonado y Teodoro Gomez de La Torre S/N Y, 170111 Quito","Solanda, Quito","https://www.google.com/maps/place/Automotores+Continental+Recreo/data=!4m7!3m6!1s0x91d59900f9dfc309:0x84ae34c4833cc1e8!8m2!3d-0.2542116!4d-78.5225792!16s%2Fg%2F1pzvb3zjj!19sChIJCcPf-QCZ1ZER6ME8g8Q0roQ?authuser=0&hl=es-419&g_ep=EgoyMDI2MDkyMC4wIJJjKgBIAVAD&rclk=1"
"Dina","(02) 267-1781","","4","25","","ninguno","","true","Concesionario Volkswagen","Av. Pedro Vicente Maldonado S20-120 y, 170606 Quito","Solanda, Quito","https://www.google.com/maps/place/Dina/data=!4m7!3m6!1s0x91d5988d3f6222b1:0x8e43dfef1f3df16!8m2!3d-0.2762986!4d-78.5306565!16s%2Fg%2F11c2k8vhwm!19sChIJsSJiP42Y1ZERFt_z8f495Ag?authuser=0&hl=es-419&g_ep=EgoyMDI2MDkyMC4wIJJjKgBIAVAD&rclk=1"
"CORP. NOVALIDER","098 484 8084","","4.9","14","https://novalider.com.ec/","sitio_propio","","true","Concesionario de automóviles","Av. Pedro Vicente Maldonado, 170121 Quito","Solanda, Quito","https://www.google.com/maps/place/CORP.+NOVALIDER/data=!4m7!3m6!1s0x91d59b908f7d9d87:0xdd08448fc0cb0f2c!8m2!3d-0.2583364!4d-78.5227557!16s%2Fg%2F11sv_2cvmx!19sChIJh519j5Cb1ZERLA_LwI9ECN0?authuser=0&hl=es-419&g_ep=EgoyMDI2MDkyMC4wIJJjKgBIAVAD&rclk=1"
"Toyota Casabaca - Sur","099 990 0307","","4.3","432","http://www.casabaca.com/","sitio_propio","2026","false","Concesionario Toyota","y, El Tablon, 170139 Quito","Solanda, Quito","https://www.google.com/maps/place/Toyota+Casabaca+-+Sur/data=!4m7!3m6!1s0x91d598f3b6467c43:0x98192c9b1c8235fe!8m2!3d-0.2719861!4d-78.528511!16s%2Fg%2F11bzt1srg6!19sChIJQ3xGtvOY1ZER_jWCHJssGZg?authuser=0&hl=es-419&g_ep=EgoyMDI2MDkyMC4wIJJjKgBIAVAD&rclk=1"
"CENTRO DE COLISIONES AUDESUR S.A","(02) 302-7298","","3.4","45","https://www.audesur.ec/audesurwp/","sitio_propio","","false","Taller de reparación de automóviles","PCMW+GXH, 170142 Quito","Solanda, Quito","https://www.google.com/maps/place/CENTRO+DE+COLISIONES+AUDESUR+S.A/data=!4m7!3m6!1s0x91d599ac65a5bb3b:0xcdbdb2fe1ec57a41!8m2!3d-0.2657769!4d-78.5527172!16s%2Fg%2F11pf8tnvzx!19sChIJO7ulZayZ1ZERQXrFHv6yvc0?authuser=0&hl=es-419&g_ep=EgoyMDI2MDkyMC4wIJJjKgBIAVAD&rclk=1"
"Urgentito | Sur Autos Usados","098 465 2924","","4.1","251","https://urgentitosur.com/","sitio_propio","","false","Tienda de vehículos de segunda mano y de ocasión","Av. Mariscal Sucre y Chilla, 170158 Quito","Solanda, Quito","https://www.google.com/maps/place/Urgentito+%7C+Sur+Autos+Usados/data=!4m7!3m6!1s0x91d5990b190219b3:0xb0d657cccd8b8095!8m2!3d-0.2697521!4d-78.5518374!16s%2Fg%2F11pc6h8s1b!19sChIJsxkCGQuZ1ZERlYCLzcxX1rA?authuser=0&hl=es-419&g_ep=EgoyMDI2MDkyMC4wIJJjKgBIAVAD&rclk=1"
"Autocomercio JR","(02) 261-2896","","4.6","13","","ninguno","","true","Concesionario de automóviles","Avenue Alonso de Angulo y Ciudadela Atahualpa Oe2-771, 170601 Quito","Solanda, Quito","https://www.google.com/maps/place/Autocomercio+JR/data=!4m7!3m6!1s0x91d59905a4255f2b:0x3cab319cbe6e54a!8m2!3d-0.249115!4d-78.5287754!16s%2Fg%2F11g4cz75z6!19sChIJK18lpAWZ1ZERSuXmyxmzygM?authuser=0&hl=es-419&g_ep=EgoyMDI2MDkyMC4wIJJjKgBIAVAD&rclk=1"
"Kia - Surmotor Quicentro Sur","1700 542 542","","4","118","https://www.kia.com/ec/shopping-tools/find-a-dealer.html","sitio_propio","2021","true","Concesionario Kia","Frente al, Quicentro Sur, Av. Morán Valverde, y y Av. Tnte. Hugo Ortiz, 170606 Quito","Solanda, Quito","https://www.google.com/maps/place/Kia+-+Surmotor+Quicentro+Sur/data=!4m7!3m6!1s0x91d599317e764c97:0xc8d47e2b56be5c52!8m2!3d-0.2835459!4d-78.5427783!16s%2Fg%2F11fv788jjm!19sChIJl0x2fjGZ1ZERUly-Vit-1Mg?authuser=0&hl=es-419&g_ep=EgoyMDI2MDkyMC4wIJJjKgBIAVAD&rclk=1"
"MotoFast Quitumbe","098 776 4577","","4","129","https://www.facebook.com/profile.php?id=61579655252101","solo_red_social","","true","Taller de reparación de motos","Av. Guayanay Ñan y Av. Quitumbe Ñan OE3-49 y, 170146 Quito","Quitumbe, Quito","https://www.google.com/maps/place/MotoFast+Quitumbe/data=!4m7!3m6!1s0x91d5a3c9f5f5946b:0x884382cf6ad32ddf!8m2!3d-0.3029556!4d-78.5517771!16s%2Fg%2F11k99pp5ff!19sChIJa5T19cmj1ZER3y3Tas-CQ4g?authuser=0&hl=es-419&g_ep=EgoyMDI2MDkyMC4wIJJjKgBIAVAD&rclk=1"
"Mister Auto Grupo Maliza Quito","096 988 9677","","4","27","","ninguno","","true","Concesionario de automóviles","Av. Llira Ñan y Av. Cóndor Ñan &, 170146 Quito","Quitumbe, Quito","https://www.google.com/maps/place/Mister+Auto+Grupo+Maliza+Quito/data=!4m7!3m6!1s0x91d5a385612516bb:0xa3e95374732a3ecf!8m2!3d-0.2981285!4d-78.5469666!16s%2Fg%2F11fpd9mc00!19sChIJuxYlYYWj1ZERzz4qc3RT6aM?authuser=0&hl=es-419&g_ep=EgoyMDI2MDkyMC4wIJJjKgBIAVAD&rclk=1"
"VAHC MOTOCICLISMO","096 233 3889","","5","6","","ninguno","","true","Tienda de motocicletas","Av. Jorge Salvador Lara S39 LT3394 y, Oe6D, 170707 Quito","Quitumbe, Quito","https://www.google.com/maps/place/VAHC+MOTOCICLISMO/data=!4m7!3m6!1s0x91d5a3a87bfb1bb9:0xc8c5f5dd18f7810c!8m2!3d-0.298053!4d-78.5613789!16s%2Fg%2F11vdj_fgfx!19sChIJuRv7e6ij1ZERDIH3GN31xcg?authuser=0&hl=es-419&g_ep=EgoyMDI2MDkyMC4wIJJjKgBIAVAD&rclk=1"
"ColAutos","","","4.8","32","","ninguno","","true","Concesionario de automóviles","MFR4+F3, 170146 Quito","Quitumbe, Quito","https://www.google.com/maps/place/ColAutos/data=!4m7!3m6!1s0x91d5997585e65a79:0xddeb87748e81faeb!8m2!3d-0.3083496!4d-78.5444912!16s%2Fg%2F11g4h94d60!19sChIJeVrmhXWZ1ZER6_qBjnSH690?authuser=0&hl=es-419&g_ep=EgoyMDI2MDkyMC4wIJJjKgBIAVAD&rclk=1"
"CORAUTOCAM","098 420 5604","","4","6","","ninguno","","true","Taller de reparación de automóviles","Ulpiano Becerra N3-120 Lote 7 y, Panamericana Nte., Quito","Quitumbe, Quito","https://www.google.com/maps/place/CORAUTOCAM/data=!4m7!3m6!1s0x91d58f5df538ea85:0x508ea3182cc06ab1!8m2!3d-0.1023345!4d-78.430704!16s%2Fg%2F11j7fzl0b6!19sChIJheo49V2P1ZERsWrALBijjlA?authuser=0&hl=es-419&g_ep=EgoyMDI2MDkyMC4wIJJjKgBIAVAD&rclk=1"
"Teojama Comercial - Sucursal Mayor Quito","(02) 382-0850","","4.3","238","https://www.teojama.com/","sitio_propio","","false","Concesionario de camiones","a la Parada Santo Tomás Ecovía, Av. Maldonado, y y S55A, Quito","Quitumbe, Quito","https://www.google.com/maps/place/Teojama+Comercial+-+Sucursal+Mayor+Quito/data=!4m7!3m6!1s0x91d5a3cc5d8b4a95:0x91c245dd666be5eb!8m2!3d-0.333282!4d-78.5507589!16s%2Fg%2F11c1f5r_jr!19sChIJlUqLXcyj1ZER6-VrZt1FwpE?authuser=0&hl=es-419&g_ep=EgoyMDI2MDkyMC4wIJJjKgBIAVAD&rclk=1"
"Cotam Automotores","099 257 9667","","4.8","61","http://www.cotam.ec/","sitio_propio","2026","false","Concesionario de automóviles","Avenida Oe2 y Av. Llira Ñan S34-107, 170131 Quito","Quitumbe, Quito","https://www.google.com/maps/place/Cotam+Automotores/data=!4m7!3m6!1s0x91d599c1012193df:0x49aa36bd2b54be28!8m2!3d-0.2932479!4d-78.5444655!16s%2Fg%2F11s7svdm8y!19sChIJ35MhAcGZ1ZERKL5UK702qkk?authuser=0&hl=es-419&g_ep=EgoyMDI2MDkyMC4wIJJjKgBIAVAD&rclk=1"
"Importadora Trailer Parts / Importadora Trailer Repuestos","(02) 269-3343","","4.7","26","","ninguno","","true","Tienda de suministros para remolques","Av. Pedro Vicente Maldonado, 170126 Quito","Quitumbe, Quito","https://www.google.com/maps/place/Importadora+Trailer+Parts+%2F+Importadora+Trailer+Repuestos/data=!4m7!3m6!1s0x91d5a230b9090847:0x22eae0e1575b89d7!8m2!3d-0.3222239!4d-78.5500046!16s%2Fg%2F1tm13p4b!19sChIJRwgJuTCi1ZER14lbV-Hg6iI?authuser=0&hl=es-419&g_ep=EgoyMDI2MDkyMC4wIJJjKgBIAVAD&rclk=1"
"Hong Importaciones - Repuestos a Diesel","(02) 269-4773","","4.4","21","","ninguno","","true","Tienda de repuestos para automóviles","S42-05 y Calle B, Av. Pedro Vicente Maldonado, 170146 Quito","Quitumbe, Quito","https://www.google.com/maps/place/Hong+Importaciones+-+Repuestos+a+Diesel/data=!4m7!3m6!1s0x91d5a2134c9edfe7:0xe073463f3bfacb98!8m2!3d-0.3065944!4d-78.54347!16s%2Fg%2F11f37wjy6f!19sChIJ59-eTBOi1ZERmMv6Oz9Gc-A?authuser=0&hl=es-419&g_ep=EgoyMDI2MDkyMC4wIJJjKgBIAVAD&rclk=1"
"Mazda Mariscal Sucre","099 105 0600","","4.3","84","https://www.maresacenter.com/","sitio_propio","","false","Concesionario de automóviles","Av. Mariscal Sucre NS24-172 y, Tabiazo, Quito","Quitumbe, Quito","https://www.google.com/maps/place/Mazda+Mariscal+Sucre/data=!4m7!3m6!1s0x91d59995b3e88797:0xf241e396e5361230!8m2!3d-0.2653843!4d-78.5509931!16s%2Fg%2F11h7fy7wz7!19sChIJl4fos5WZ1ZERMBI25ZbjQfI?authuser=0&hl=es-419&g_ep=EgoyMDI2MDkyMC4wIJJjKgBIAVAD&rclk=1"
"AUTO OFERTAS DEL SUR","(02) 262-8230","","3.8","53","","ninguno","","true","Tienda de vehículos de segunda mano y de ocasión","Av. Mariscal Sucre S/N, 170705 Quito","Quitumbe, Quito","https://www.google.com/maps/place/AUTO+OFERTAS+DEL+SUR/data=!4m7!3m6!1s0x91d5a3dd64eeb305:0xffc51d1b3d0c64ab!8m2!3d-0.3276967!4d-78.5557715!16s%2Fg%2F11hzz4r97z!19sChIJBbPuZN2j1ZERq2QMPRsdxf8?authuser=0&hl=es-419&g_ep=EgoyMDI2MDkyMC4wIJJjKgBIAVAD&rclk=1"
"Kia - Asiauto San Bartolo","1700 542 542","","4.2","720","https://www.kia.com/ec/shopping-tools/find-a-dealer.html","sitio_propio","2021","true","Concesionario Kia","A El Comercio, Av. Maldonado, Y y Saraguro 11672, 170605 Quito","Quitumbe, Quito","https://www.google.com/maps/place/Kia+-+Asiauto+San+Bartolo/data=!4m7!3m6!1s0x91d598f1662f39e5:0x70f9e63eeff66f7!8m2!3d-0.2704576!4d-78.5283181!16s%2Fg%2F11dftc6j2s!19sChIJ5TkvZvGY1ZER92b_7mOeDwc?authuser=0&hl=es-419&g_ep=EgoyMDI2MDkyMC4wIJJjKgBIAVAD&rclk=1"
"MARIÑO AUTOS","099 858 0653","","4","27","https://marinoautos.wixsite.com/my-site-2","sitio_propio","","false","Concesionario de automóviles","Av RUMICHACA y Palmales 224 y, 170409 Quito","Quitumbe, Quito","https://www.google.com/maps/place/MARI%C3%91O+AUTOS/data=!4m7!3m6!1s0x91d599172628936b:0x3e5e11f0fb7d389d!8m2!3d-0.275241!4d-78.5450686!16s%2Fg%2F11nfnxd944!19sChIJa5MoJheZ1ZERnTh9-_ARXj4?authuser=0&hl=es-419&g_ep=EgoyMDI2MDkyMC4wIJJjKgBIAVAD&rclk=1"
"Auto Servicio Nissan Reanult","098 447 5296","","4.8","35","","ninguno","","true","Taller de reparación de automóviles","Calle, Joaquín Ruales S31-164, 170708 Quito","Quitumbe, Quito","https://www.google.com/maps/place/Auto+Servicio+Nissan+Reanult/data=!4m7!3m6!1s0x91d598b72b886a43:0x8ac71f24083bd76!8m2!3d-0.2796255!4d-78.5572192!16s%2Fg%2F11gwmkgp5x!19sChIJQ2qIK7eY1ZERdr2DQPJxrAg?authuser=0&hl=es-419&g_ep=EgoyMDI2MDkyMC4wIJJjKgBIAVAD&rclk=1"
"Automotores Continental - Morán Valverde","099 141 4142","","4.1","20","http://www.automotorescontinental.com/?utm_source=google&utm_medium=banner&utm_id=business","sitio_propio","","false","Concesionario Chevrolet","Av. Morán Valverde, 170146 Quito","Quitumbe, Quito","https://www.google.com/maps/place/Automotores+Continental+-+Mor%C3%A1n+Valverde/data=!4m7!3m6!1s0x91d599d0bed623e1:0x2af26bf9d18f453e!8m2!3d-0.2868839!4d-78.5409677!16s%2Fg%2F11rmq92_w6!19sChIJ4SPWvtCZ1ZERPkWP0flr8io?authuser=0&hl=es-419&g_ep=EgoyMDI2MDkyMC4wIJJjKgBIAVAD&rclk=1"
"Mecánica Automotriz Sur de Quito: LEON MOTORS (Ingeniería Automotríz)","099 562 9786","","5","55","","ninguno","","true","Taller de reparación de automóviles","Chantilin &, 170148 Quito","Quitumbe, Quito","https://www.google.com/maps/place/Mec%C3%A1nica+Automotriz+Sur+de+Quito:+LEON+MOTORS+%28Ingenier%C3%ADa+Automotr%C3%ADz%29/data=!4m7!3m6!1s0x91d598e14004584f:0x86277d3f7b9ab4e8!8m2!3d-0.2634206!4d-78.5453586!16s%2Fg%2F11hck2g_nw!19sChIJT1gEQOGY1ZER6LSaez99J4Y?authuser=0&hl=es-419&g_ep=EgoyMDI2MDkyMC4wIJJjKgBIAVAD&rclk=1"
"Talleres Diesel y Gasolina","(02) 273-9369","","4.4","124","https://talleresdieselygasolina.netlify.app/","sitio_propio","","false","Taller mecánico","Amauta, y y Tamia, 170130 Quito","Quitumbe, Quito","https://www.google.com/maps/place/Talleres+Diesel+y+Gasolina/data=!4m7!3m6!1s0x91d5a20b6f451e09:0x5c02682e9eedeb28!8m2!3d-0.2975362!4d-78.5452511!16s%2Fg%2F11c809h32j!19sChIJCR5Fbwui1ZERKOvtni5oAlw?authuser=0&hl=es-419&g_ep=EgoyMDI2MDkyMC4wIJJjKgBIAVAD&rclk=1"
"Hyundai Lanzoty","(02) 394-7740","","4.1","20","https://www.hyundai.com.ec/","sitio_propio","","true","Concesionario Hyundai","Av. Morán Valverde, y y Av. Tnte. Hugo Ortiz, 170702 Quito","Quitumbe, Quito","https://www.google.com/maps/place/Hyundai+Lanzoty/data=!4m7!3m6!1s0x91d59999553c1f3f:0x80b00df4451a2085!8m2!3d-0.2838591!4d-78.5427855!16s%2Fg%2F11l1yl8nf_!19sChIJPx88VZmZ1ZERhSAaRfQNsIA?authuser=0&hl=es-419&g_ep=EgoyMDI2MDkyMC4wIJJjKgBIAVAD&rclk=1"