"nombre","telefono","correo","estrellas","opiniones","pagina_web","clasificacion_sitio","anio_sitio","es_lead","categoria","direccion","zona","maps_url"
"Kuba Peluquería Barbería","096 396 7280","","5","18","","ninguno","","true","Centro de estética","Sector, Edificio Blaze apto 408, Av. Mariscal Sucre, Quito","La Mariscal, Quito","https://www.google.com/maps/place/Kuba+Peluquer%C3%ADa+Barber%C3%ADa/data=!4m7!3m6!1s0x91d585f21cabd2bb:0xafb4e4a581299426!8m2!3d-0.1019424!4d-78.487093!16s%2Fg%2F11x2ddqth1!19sChIJu9KrHPKF1ZERJpQpgaXktK8?authuser=0&hl=es-419&g_ep=EgoyMDI2MDkxNS4wIJJjKgBIAVAD&rclk=1"
"Peluquería D' Marlen","(02) 222-1613","","4.6","32","","ninguno","","true","Peluquería","Edf. Reina Isabel, Mariscal Foch, La Mariscal N10-08, 170143 Quito, Pichincha","La Mariscal, Quito","https://www.google.com/maps/place/Peluquer%C3%ADa+D%27+Marlen/data=!4m7!3m6!1s0x91d59a122856cc93:0x7baa5a0cc36b2cab!8m2!3d-0.2060452!4d-78.4888368!16s%2Fg%2F11g1lrv02x!19sChIJk8xWKBKa1ZERqyxrwwxaqns?authuser=0&hl=es-419&g_ep=EgoyMDI2MDkxNS4wIJJjKgBIAVAD&rclk=1"
"Peluquería Studio de belleza M&H","","","5","168","https://mhstudiodebelleza.my.canva.site/","sitio_propio","","false","Peluquería","Calle Jhon f Kennedy, y y Av. Mariscal Sucre, 170144 Quito","La Mariscal, Quito","https://www.google.com/maps/place/Peluquer%C3%ADa+Studio+de+belleza+M%26H/data=!4m7!3m6!1s0x91d5854aa1b7949b:0xd351e0d66fccff57!8m2!3d-0.1038901!4d-78.4897994!16s%2Fg%2F11kq2mvz22!19sChIJm5S3oUqF1ZERV__Mb9bgUdM?authuser=0&hl=es-419&g_ep=EgoyMDI2MDkxNS4wIJJjKgBIAVAD&rclk=1"
"Jose santa peluqueria","099 270 6023","","4.9","92","https://www.facebook.com/josesantapeluqueria/","solo_red_social","","true","Centro de estética","redondel de los caracoles, Diego de vasquez y mariscal sucre, 170134 Quito","La Mariscal, Quito","https://www.google.com/maps/place/Jose+santa+peluqueria/data=!4m7!3m6!1s0x91d585b1d32a81bd:0x47422e21174f876a!8m2!3d-0.0940961!4d-78.4817883!16s%2Fg%2F11s321f1y6!19sChIJvYEq07GF1ZERaodPFyEuQkc?authuser=0&hl=es-419&g_ep=EgoyMDI2MDkxNS4wIJJjKgBIAVAD&rclk=1"
"Paólo Enríquez Peluquerías","(02) 254-1455","","4.9","73","http://www.paoloenriquezpeluquerias.com/#CONTACTO","sitio_propio","","true","Centro de estética","La Mariscal, Calle Javier Azcasuvi, E2-25, 170102 Quito","La Mariscal, Quito","https://www.google.com/maps/place/Pa%C3%B3lo+Enr%C3%ADquez+Peluquer%C3%ADas/data=!4m7!3m6!1s0x91d59a6964b8b02d:0x43e5af2300cf1fa1!8m2!3d-0.1966273!4d-78.494309!16s%2Fg%2F11gr4b903t!19sChIJLbC4ZGma1ZERoR_PACOv5UM?authuser=0&hl=es-419&g_ep=EgoyMDI2MDkxNS4wIJJjKgBIAVAD&rclk=1"
"Varguillas Alta Peluqueria Unisex & Spa","(02) 523-9618","","4.6","30","","ninguno","","true","Peluquería","José Tamayo N24-489, 170523 Quito","La Mariscal, Quito","https://www.google.com/maps/place/Varguillas+Alta+Peluqueria+Unisex+%26+Spa/data=!4m7!3m6!1s0x91d59b0377701bf1:0x649e53c4de9700d1!8m2!3d-0.2040234!4d-78.4858953!16s%2Fg%2F11j1_gt9xn!19sChIJ8RtwdwOb1ZER0QCX3sRTnmQ?authuser=0&hl=es-419&g_ep=EgoyMDI2MDkxNS4wIJJjKgBIAVAD&rclk=1"
"Fit & Beauty","099 574 1334","","4.3","37","","ninguno","","true","Centro de estética","Calle Toledo, Hermana Juana 159, 170204 Quito","La Mariscal, Quito","https://www.google.com/maps/place/Fit+%26+Beauty/data=!4m7!3m6!1s0x91d58feb2c59704d:0xbdcc97ef2dbe5002!8m2!3d-0.0891621!4d-78.4427867!16s%2Fg%2F11gtggky5q!19sChIJTXBZLOuP1ZERAlC-Le-XzL0?authuser=0&hl=es-419&g_ep=EgoyMDI2MDkxNS4wIJJjKgBIAVAD&rclk=1"
"ELIZABET ROMERO Salón de belleza A TU ESTILO","098 791 7351","","4.6","35","https://www.facebook.com/share/14VPWGEhMT9/","solo_red_social","","true","Peluquería","De las Camelias y De las Amapolas N16 y, 170205 Quito","La Mariscal, Quito","https://www.google.com/maps/place/ELIZABET+ROMERO+Sal%C3%B3n+de+belleza+A+TU+ESTILO/data=!4m7!3m6!1s0x91d59a6f289cd6d7:0x5769823f27293ad8!8m2!3d-0.0785841!4d-78.4425672!16s%2Fg%2F11c562jnfd!19sChIJ19acKG-a1ZER2DopJz-CaVc?authuser=0&hl=es-419&g_ep=EgoyMDI2MDkxNS4wIJJjKgBIAVAD&rclk=1"
"Enyelash","098 459 3993","","4.9","89","https://wa.me/message/FU7Y334DVU74N1","solo_red_social","","true","Peluquería","Carapungo, calle principal, Av. Padre Luis Vaccari y Cutucu, 170203 Quito","La Mariscal, Quito","https://www.google.com/maps/place/Enyelash/data=!4m7!3m6!1s0x91d58f01352a8dad:0x8be1328f468a3dbc!8m2!3d-0.0945092!4d-78.4531942!16s%2Fg%2F11tsg3q0np!19sChIJrY0qNQGP1ZERvD2KRo8y4Ys?authuser=0&hl=es-419&g_ep=EgoyMDI2MDkxNS4wIJJjKgBIAVAD&rclk=1"
"Uio Color Peluquería","099 854 7462","","4.2","90","","ninguno","","true","Peluquería","Carlos mantilla, y y C. Toledo, 170155 Quito","La Mariscal, Quito","https://www.google.com/maps/place/Uio+Color+Peluquer%C3%ADa/data=!4m7!3m6!1s0x91d58f35271ac49d:0x1471be0b411f472a!8m2!3d-0.0895376!4d-78.4403484!16s%2Fg%2F11ff517b5c!19sChIJncQaJzWP1ZERKkcfQQu-cRQ?authuser=0&hl=es-419&g_ep=EgoyMDI2MDkxNS4wIJJjKgBIAVAD&rclk=1"
"PELUQUERIA CLASSYC SUCURSAL","099 336 3935","","4.7","41","","ninguno","","true","Peluquería","Av. Carlos Mantilla Oe4-191 y, 170204 Quito","La Mariscal, Quito","https://www.google.com/maps/place/PELUQUERIA+CLASSYC+SUCURSAL/data=!4m7!3m6!1s0x91d58ff996330b99:0x9e5e2f75e1bb615b!8m2!3d-0.0894855!4d-78.4401667!16s%2Fg%2F11c5_wjhrh!19sChIJmQszlvmP1ZERW2G74XUvXp4?authuser=0&hl=es-419&g_ep=EgoyMDI2MDkxNS4wIJJjKgBIAVAD&rclk=1"
"Peluquería y Spa Mónica Alvarado","099 528 9176","","4.8","17","","ninguno","","true","Peluquería","WG5X+MXJ, José M. Velasco Ibarra, 170203 Quito","La Mariscal, Quito","https://www.google.com/maps/place/Peluquer%C3%ADa+y+Spa+M%C3%B3nica+Alvarado/data=!4m7!3m6!1s0x91d58f5e96f2c2c3:0xae18bd5c2d02c0ef!8m2!3d-0.0907854!4d-78.4501147!16s%2Fg%2F11p4zr6j2c!19sChIJw8Lyll6P1ZER78ACLVy9GK4?authuser=0&hl=es-419&g_ep=EgoyMDI2MDkxNS4wIJJjKgBIAVAD&rclk=1"
"Renovarte, peluqueria unisex","","","5","6","","ninguno","","true","Peluquería","Carlos Mantilla y Y 133, 170206 Quito","La Mariscal, Quito","https://www.google.com/maps/place/Renovarte,+peluqueria+unisex/data=!4m7!3m6!1s0x91d58936829a73d5:0xd4afd215359cc547!8m2!3d-0.0693165!4d-78.4335165!16s%2Fg%2F11h88511lb!19sChIJ1XOagjaJ1ZERR8WcNRXSr9Q?authuser=0&hl=es-419&g_ep=EgoyMDI2MDkxNS4wIJJjKgBIAVAD&rclk=1"
"Peluqueria D&V","098 424 6397","","4.5","6","","ninguno","","true","Centro de estética","La Mariscal Jorge Washington E 3-66, Quito","La Mariscal, Quito","https://www.google.com/maps/place/Peluqueria+D%26V/data=!4m7!3m6!1s0x91d59a15e537dbe3:0x27d7bbb520062b56!8m2!3d-0.2038507!4d-78.4965238!16s%2Fg%2F11fb058pjh!19sChIJ49s35RWa1ZERVisGILW71yc?authuser=0&hl=es-419&g_ep=EgoyMDI2MDkxNS4wIJJjKgBIAVAD&rclk=1"
"Martina Peluqueria ""Matriz""","099 810 3952","","4.6","175","https://www.facebook.com/spamartina/","solo_red_social","","true","Centro de estética","Me D Bond, A lado de D Bond, Av. Francisco de Orellana, 170517 Quito","La Mariscal, Quito","https://www.google.com/maps/place/Martina+Peluqueria+%22Matriz%22/data=!4m7!3m6!1s0x91d59a7286f5115f:0xd963491e7c1d9d60!8m2!3d-0.199241!4d-78.4832115!16s%2Fg%2F11f102_btt!19sChIJXxH1hnKa1ZERYJ0dfB5JY9k?authuser=0&hl=es-419&g_ep=EgoyMDI2MDkxNS4wIJJjKgBIAVAD&rclk=1"
"Karissma","098 687 6430","","3.9","521","https://www.instagram.com/karissmapeluquerias/?hl=es","solo_red_social","","true","Peluquería","Av. Tomás de Berlanga E527, 170513 Quito","La Mariscal, Quito","https://www.google.com/maps/place/Karissma/data=!4m7!3m6!1s0x91d59aa265a3d68d:0xef13f72e41f79f64!8m2!3d-0.1658357!4d-78.4839838!16s%2Fg%2F11c1nbg2wv!19sChIJjdajZaKa1ZERZJ_3QS73E-8?authuser=0&hl=es-419&g_ep=EgoyMDI2MDkxNS4wIJJjKgBIAVAD&rclk=1"
"Maison La Pelu","","","5","13","","ninguno","","true","Peluquería","Av. República de El Salvador 34-127, 170135 Quito","La Mariscal, Quito","https://www.google.com/maps/place/Maison+La+Pelu/data=!4m7!3m6!1s0x91d59b38ce118183:0x340f9be90d804e01!8m2!3d-0.1853241!4d-78.4816256!16s%2Fg%2F11njrm9lb6!19sChIJg4ERzjib1ZERAU6ADembDzQ?authuser=0&hl=es-419&g_ep=EgoyMDI2MDkxNS4wIJJjKgBIAVAD&rclk=1"
"Peluquería Angélica","098 782 7183","","3.7","7","","ninguno","","true","Barbería","WH54+Q32, Sevilla, 170204 Quito","La Mariscal, Quito","https://www.google.com/maps/place/Peluquer%C3%ADa+Ang%C3%A9lica/data=!4m7!3m6!1s0x91d58f3d912d2b2f:0x83102877bf05d0ba!8m2!3d-0.0906177!4d-78.4448544!16s%2Fg%2F11gzrhgc3m!19sChIJLystkT2P1ZERutAFv3coEIM?authuser=0&hl=es-419&g_ep=EgoyMDI2MDkxNS4wIJJjKgBIAVAD&rclk=1"
"Ximena Bastidas Peluquería","(02) 282-1566","","4.6","29","","ninguno","","true","Peluquería","Capitán Giovanni Calles, 170206 Quito","La Mariscal, Quito","https://www.google.com/maps/place/Ximena+Bastidas+Peluquer%C3%ADa/data=!4m7!3m6!1s0x91d58edf08d3966f:0x39173f34f174f927!8m2!3d-0.0889036!4d-78.4277389!16s%2Fg%2F11df7pgtz0!19sChIJb5bTCN-O1ZERJ_l08TQ_Fzk?authuser=0&hl=es-419&g_ep=EgoyMDI2MDkxNS4wIJJjKgBIAVAD&rclk=1"
"DARWIN'S BARBER SHOP","096 375 5271","","4.6","161","https://www.tiktok.com/%7Bnombredeusuario%7D","solo_red_social","","true","Barbería","Ortega loc 6, Cp:170201, C. A y Carlos Mantilla, 170201 Quito","La Mariscal, Quito","https://www.google.com/maps/place/DARWIN%27S+BARBER+SHOP/data=!4m7!3m6!1s0x91d58f38f2f375d5:0x9f6c3ec8e94a8d48!8m2!3d-0.0877824!4d-78.4388666!16s%2Fg%2F11k7k2067j!19sChIJ1XXz8jiP1ZERSI1K6cg-bJ8?authuser=0&hl=es-419&g_ep=EgoyMDI2MDkxNS4wIJJjKgBIAVAD&rclk=1"
"Peluqueria Rossy","099 926 8420","","4.6","25","","ninguno","","true","Peluquería","Los Nogales y Manuela Saenz WH94+JRC Y, 170204 Quito","La Mariscal, Quito","https://www.google.com/maps/place/Peluqueria+Rossy/data=!4m7!3m6!1s0x91d58f7b93b9fa29:0x1580f6cdc6a09474!8m2!3d-0.077086!4d-78.4444263!16s%2Fg%2F11n28t0qng!19sChIJKfq5k3uP1ZERdJSgxs32gBU?authuser=0&hl=es-419&g_ep=EgoyMDI2MDkxNS4wIJJjKgBIAVAD&rclk=1"
"Karissma Peluquería(Luis Tufiño)","(02) 240-6464","","3.5","232","","ninguno","","true","Peluquería","VGC7+93G, 170138 Quito","La Mariscal, Quito","https://www.google.com/maps/place/Karissma+Peluquer%C3%ADa%28Luis+Tufi%C3%B1o%29/data=!4m7!3m6!1s0x91d58542c86c75b1:0x74dcc670bbbd1c13!8m2!3d-0.1290676!4d-78.4873022!16s%2Fg%2F11c37jstnk!19sChIJsXVsyEKF1ZERExy9u3DG3HQ?authuser=0&hl=es-419&g_ep=EgoyMDI2MDkxNS4wIJJjKgBIAVAD&rclk=1"
"Giros Coiffur Peluquería","(02) 244-2289","","4.5","176","","ninguno","","true","Peluquería","Local #2, Av. Tomás de Berlanga y Isla Pinzón N43-12 e, 170135 Quito","La Mariscal, Quito","https://www.google.com/maps/place/Giros+Coiffur+Peluquer%C3%ADa/data=!4m7!3m6!1s0x91d59a80ac3a804d:0xd8b8a39c18c303d8!8m2!3d-0.1653689!4d-78.4766439!16s%2Fg%2F11cmbmnjys!19sChIJTYA6rICa1ZER2APDGJyjuNg?authuser=0&hl=es-419&g_ep=EgoyMDI2MDkxNS4wIJJjKgBIAVAD&rclk=1"
"LA PELU","(02) 224-1426","","4.6","356","","ninguno","","true","Peluquería","Calle comercio E 9- 143 el vengador esquina El batán esquina, 170505 Quito","La Mariscal, Quito","https://www.google.com/maps/place/LA+PELU/data=!4m7!3m6!1s0x91d59a830decfaff:0xb42ac20c91584e55!8m2!3d-0.1755373!4d-78.480162!16s%2Fg%2F11fy4tyj4d!19sChIJ__rsDYOa1ZERVU5YkQzCKrQ?authuser=0&hl=es-419&g_ep=EgoyMDI2MDkxNS4wIJJjKgBIAVAD&rclk=1"
"Barber Machos Plus","096 252 9892","","4.5","37","http://barbermachosplus.com/","sitio_propio","","true","Barbería","Giovanny Calles Lascano, y y Av. Cacha N3-19, 170203 Quito","La Mariscal, Quito","https://www.google.com/maps/place/Barber+Machos+Plus/data=!4m7!3m6!1s0x91d58f28a4e9cfe5:0x180692ed5ce4a0db!8m2!3d-0.0894073!4d-78.4281883!16s%2Fg%2F11sv_r6s4t!19sChIJ5c_ppCiP1ZER26DkXO2SBhg?authuser=0&hl=es-419&g_ep=EgoyMDI2MDkxNS4wIJJjKgBIAVAD&rclk=1"
"PELUQUERIA MARIA MAGDALENA","098 404 9636","","4.6","36","","ninguno","","true","Peluquería","Av La Florida OE4-84, 170104 Quito","La Mariscal, Quito","https://www.google.com/maps/place/PELUQUERIA+MARIA+MAGDALENA/data=!4m7!3m6!1s0x91d5854bc7699eed:0x89bc785459cb70b!8m2!3d-0.1429651!4d-78.4942574!16s%2Fg%2F1hc2_r65f!19sChIJ7Z5px0uF1ZERC7ecRYXHmwg?authuser=0&hl=es-419&g_ep=EgoyMDI2MDkxNS4wIJJjKgBIAVAD&rclk=1"
"Banu spa Quito","097 863 3084","","4.5","222","https://www.instagram.com/ohmycut_ecuador/","solo_red_social","","true","Peluquería","Al lado de concesionario Maserati, Edificio Shyris 186, Av. de los Shyris, 170513 Quito","La Mariscal, Quito","https://www.google.com/maps/place/Banu+spa+Quito/data=!4m7!3m6!1s0x91d59a724bb74c59:0x4f686ad8be2562f5!8m2!3d-0.1895264!4d-78.4820557!16s%2Fg%2F11g22z6395!19sChIJWUy3S3Ka1ZER9WIlvthqaE8?authuser=0&hl=es-419&g_ep=EgoyMDI2MDkxNS4wIJJjKgBIAVAD&rclk=1"
"Jorge Russinsky By Monica","096 137 0184","","4.7","156","https://www.instagram.com/jorgerussinsky_ec?igsh=dnp1MW5zMzk3dmow&utm_source=qr","solo_red_social","","true","Centro de estética","Alpallana E7-123, Quito, 170517 P","La Mariscal, Quito","https://www.google.com/maps/place/Jorge+Russinsky+By+Monica/data=!4m7!3m6!1s0x91d59a7bf5189d15:0x8e755edc668d9463!8m2!3d-0.19326!4d-78.4842393!16s%2Fg%2F11ckkz6slq!19sChIJFZ0Y9Xua1ZERY5SNZtxedY4?authuser=0&hl=es-419&g_ep=EgoyMDI2MDkxNS4wIJJjKgBIAVAD&rclk=1"
"DEÍDI peluquería","099 891 0011","","4.4","164","https://www.google.com/url?sa=t&source=web&rct=j&url=https://m.facebook.com/deidipeluqueria/?locale2=es_LA&ved=2ahUKEwjaz-ePwrvnAhUp11kKHQruAVwQjjgwAnoECAMQAQ&usg=AOvVaw3rZxI5o8bjVZrHIPNqv44c","sitio_propio","","false","Peluquería","Av. Tomás de Berlanga E527, 170513 Quito","La Mariscal, Quito","https://www.google.com/maps/place/DE%C3%8DDI+peluquer%C3%ADa/data=!4m7!3m6!1s0x91d59a9f78154431:0x9578de06eeffeaa7!8m2!3d-0.1654695!4d-78.4782626!16s%2Fg%2F11cpj5p1ts!19sChIJMUQVeJ-a1ZERp-r_7gbeeJU?authuser=0&hl=es-419&g_ep=EgoyMDI2MDkxNS4wIJJjKgBIAVAD&rclk=1"
"Marlon Hermida peluqueria","098 871 7404","","4.8","119","","ninguno","","true","Peluquería","Inglaterra N32-198GUAYANAS PB AL 1, 170519 Quito","La Mariscal, Quito","https://www.google.com/maps/place/Marlon+Hermida+peluqueria/data=!4m7!3m6!1s0x91d59b74264db9cd:0x967617687d90b015!8m2!3d-0.1871981!4d-78.4901784!16s%2Fg%2F11h3g9dgy4!19sChIJzblNJnSb1ZERFbCQfWgXdpY?authuser=0&hl=es-419&g_ep=EgoyMDI2MDkxNS4wIJJjKgBIAVAD&rclk=1"
"The Salon Quito","096 095 5559","388fe63e6063cc241ca2a1b0f52622a3@o61919.ingest.us","4.8","136","https://es.fresha.com/a/the-salon-quito-jose-bosmediano-1051-yn9x6ihq","sitio_propio","2026","false","Centro de estética","Jose Bosmediano 11-50 Y, 170135 Quito","La Mariscal, Quito","https://www.google.com/maps/place/The+Salon+Quito/data=!4m7!3m6!1s0x91d59a7ed68fe6d9:0xe2eaf32ddeb3d5fb!8m2!3d-0.1873634!4d-78.4782017!16s%2Fg%2F11fgm3ys16!19sChIJ2eaP1n6a1ZER-9Wz3i3z6uI?authuser=0&hl=es-419&g_ep=EgoyMDI2MDkxNS4wIJJjKgBIAVAD&rclk=1"
"Magoz peluqueria","","","4.5","63","","ninguno","","true","Peluquería","Isla Seymour 47-171, 170102 Quito","La Mariscal, Quito","https://www.google.com/maps/place/Magoz+peluqueria/data=!4m7!3m6!1s0x91d59be5cdc3a39b:0x6abacfc10a08005c!8m2!3d-0.1671952!4d-78.4801862!16s%2Fg%2F11l3b0sd2q!19sChIJm6PDzeWb1ZERXAAICsHPumo?authuser=0&hl=es-419&g_ep=EgoyMDI2MDkxNS4wIJJjKgBIAVAD&rclk=1"
"Edgar Goyeneche Peluquería","099 563 8605","","4.9","85","https://www.instagram.com/peluqueriaedgargoyeneche?igsh=MXYxMnFoY3p6eDI3Mg%3D%3D&utm_source=qr","solo_red_social","","true","Peluquería","y Paris, Av. Tomás de Berlanga Esquina, 170513 Quito","La Mariscal, Quito","https://www.google.com/maps/place/Edgar+Goyeneche+Peluquer%C3%ADa/data=!4m7!3m6!1s0x91d59a9f7876a39b:0x4032e26b5f80b174!8m2!3d-0.1654191!4d-78.4779775!16s%2Fg%2F11ggb78sys!19sChIJm6N2eJ-a1ZERdLGAX2viMkA?authuser=0&hl=es-419&g_ep=EgoyMDI2MDkxNS4wIJJjKgBIAVAD&rclk=1"
"Mary'e","(02) 330-0828","","4.8","18","","ninguno","","true","Peluquería","Av La Florida oe5-30, 170104 Quito","La Mariscal, Quito","https://www.google.com/maps/place/Mary%27e/data=!4m7!3m6!1s0x91d5854a4abe2a2f:0x2b2072d0ae458615!8m2!3d-0.1425123!4d-78.4946968!16s%2Fg%2F11gvs5_3cf!19sChIJLyq-SkqF1ZERFYZFrtByICs?authuser=0&hl=es-419&g_ep=EgoyMDI2MDkxNS4wIJJjKgBIAVAD&rclk=1"
"Dayanis's Peluquería","098 541 2154","support@now.site; dayanispeluqueria.ec@gmail.com","4.2","14","https://spadayanis.now.site/home","sitio_propio","","false","Peluquería","AV. Cacha, y y Jorge Morillo, Quito","La Mariscal, Quito","https://www.google.com/maps/place/Dayanis%27s+Peluquer%C3%ADa/data=!4m7!3m6!1s0x91d58fb45906b291:0xdd446e39cf019054!8m2!3d-0.0914191!4d-78.4255444!16s%2Fg%2F11ny_zjh7q!19sChIJkbIGWbSP1ZERVJABzzluRN0?authuser=0&hl=es-419&g_ep=EgoyMDI2MDkxNS4wIJJjKgBIAVAD&rclk=1"
"Kings and Queens Fashion","096 903 0007","","4.6","26","","ninguno","","true","Peluquería","WH8J+PP2, Calle y Leonidas Puebla, 170201 Quito","La Mariscal, Quito","https://www.google.com/maps/place/Kings+and+Queens+Fashion/data=!4m7!3m6!1s0x91d58ec54b6cf163:0x1506ba5dd138f83!8m2!3d-0.0832474!4d-78.4182476!16s%2Fg%2F11ffpsg4_y!19sChIJY_FsS8WO1ZERg48T3aVrUAE?authuser=0&hl=es-419&g_ep=EgoyMDI2MDkxNS4wIJJjKgBIAVAD&rclk=1"
"PELUQUERIA EN QUITO THE BEAUTY COLOR SALON","098 849 4305","","4.7","307","https://www.thebeautycolor.com/","sitio_propio","2022","false","Peluquería","Av. República de El Salvador y Irlanda E10-143, 170102 Quito","La Mariscal, Quito","https://www.google.com/maps/place/PELUQUERIA+EN+QUITO+THE+BEAUTY+COLOR+SALON/data=!4m7!3m6!1s0x91d59a9a3cab9c77:0x265e56813601cec0!8m2!3d-0.1838015!4d-78.4805525!16s%2Fg%2F11f9zz92tv!19sChIJd5yrPJqa1ZERwM4BNoFWXiY?authuser=0&hl=es-419&g_ep=EgoyMDI2MDkxNS4wIJJjKgBIAVAD&rclk=1"
"SHINE Peluquería & Studio Salón de Belleza","099 827 4791","","4.9","114","","ninguno","","true","Peluquería","Centro Comercial Unicornio, Av. Amazonas &, Av. Naciones Unidas Local #222, Quito","La Mariscal, Quito","https://www.google.com/maps/place/SHINE+Peluquer%C3%ADa+%26+Studio+Sal%C3%B3n+de+Belleza/data=!4m7!3m6!1s0x91d59b83336c1aad:0x82ad09a6510297ca!8m2!3d-0.1769687!4d-78.4859337!16s%2Fg%2F11gzlszrh4!19sChIJrRpsM4Ob1ZERypcCUaYJrYI?authuser=0&hl=es-419&g_ep=EgoyMDI2MDkxNS4wIJJjKgBIAVAD&rclk=1"
"K-PITAL BARBER SHOP","","","4.7","13","https://kpitalbarbershopstyl.wordpress.com/","sitio_propio","","false","Peluquería","De los Geranios, 170204 Quito","La Mariscal, Quito","https://www.google.com/maps/place/K-PITAL+BARBER+SHOP/data=!4m7!3m6!1s0x91d58f7e395c4381:0x5fd769eede5d5e24!8m2!3d-0.0848604!4d-78.4383065!16s%2Fg%2F11hdsxmd51!19sChIJgUNcOX6P1ZERJF5d3u5p118?authuser=0&hl=es-419&g_ep=EgoyMDI2MDkxNS4wIJJjKgBIAVAD&rclk=1"
"Peluqueria Unisex Lucy","098 468 2945","","4.3","7","","ninguno","","true","Peluquería","WH94+2PC, De los Ceibos, 170205 Quito","La Mariscal, Quito","https://www.google.com/maps/place/Peluqueria+Unisex+Lucy/data=!4m7!3m6!1s0x91d58f71d2ff3a7d:0x4a560731d51c0b15!8m2!3d-0.0824368!4d-78.4432194!16s%2Fg%2F11nfmsqhkg!19sChIJfTr_0nGP1ZERFQsc1TEHVko?authuser=0&hl=es-419&g_ep=EgoyMDI2MDkxNS4wIJJjKgBIAVAD&rclk=1"
"Rory","(02) 254-8898","","4.4","824","","ninguno","","true","Centro de estética","Mariana de Jesús N32-24, 170518 Quito","La Mariscal, Quito","https://www.google.com/maps/place/Rory/data=!4m7!3m6!1s0x91d59a641d13687d:0xf9fef4dccc8ce1cc!8m2!3d-0.1876446!4d-78.4925568!16s%2Fg%2F11f70zm9k8!19sChIJfWgTHWSa1ZERzOGMzNz0_vk?authuser=0&hl=es-419&g_ep=EgoyMDI2MDkxNS4wIJJjKgBIAVAD&rclk=1"
"Ohlalá Beauty Studio República del Salvador / BALAYAGE, TRATAMIENTOS, ALISADOS, MANICURE, PEDICURE, DEPILACIÓN, MAQUILLAJE","096 177 4444","","4.5","231","https://www.instagram.com/ohlalabeautystudiouio/","solo_red_social","","true","Peluquería","Moscú y Av. República de El Salvador 34-60 y, 170505 Quito","La Mariscal, Quito","https://www.google.com/maps/place/Ohlal%C3%A1+Beauty+Studio+Rep%C3%BAblica+del+Salvador+%2F+BALAYAGE,+TRATAMIENTOS,+ALISADOS,+MANICURE,+PEDICURE,+DEPILACI%C3%93N,+MAQUILLAJE/data=!4m7!3m6!1s0x91d59b6f38062773:0xea56c819a3ff8dca!8m2!3d-0.1849589!4d-78.4802568!16s%2Fg%2F11gxwhpg1y!19sChIJcycGOG-b1ZERyo3_oxnIVuo?authuser=0&hl=es-419&g_ep=EgoyMDI2MDkxNS4wIJJjKgBIAVAD&rclk=1"
"En BOGA peluqueria","","","4.8","30","","ninguno","","true","Barbería","María Godoy 288, 170201 Quito","La Mariscal, Quito","https://www.google.com/maps/place/En+BOGA+peluqueria/data=!4m7!3m6!1s0x91d58ffa7900c4e7:0x654aa2f907f43fc2!8m2!3d-0.0901956!4d-78.4214133!16s%2Fg%2F11fhr1sk3c!19sChIJ58QAefqP1ZERwj_0B_miSmU?authuser=0&hl=es-419&g_ep=EgoyMDI2MDkxNS4wIJJjKgBIAVAD&rclk=1"
"Le VINTAGE Estilistas","098 043 6016","","4.2","19","","ninguno","","true","Peluquería","Vicente Ramón Roca, 170143 Quito","La Mariscal, Quito","https://www.google.com/maps/place/Le+VINTAGE+Estilistas/data=!4m7!3m6!1s0x91d59a1449617f8f:0x62a6b7d3cb9a2cf!8m2!3d-0.2048461!4d-78.4945888!16s%2Fg%2F11c613m5lq!19sChIJj39hSRSa1ZERz6K5PH1rKgY?authuser=0&hl=es-419&g_ep=EgoyMDI2MDkxNS4wIJJjKgBIAVAD&rclk=1"
"UrbanosClub Peluquería","099 310 4923","reservas@urbanosclub.com","4.9","108","https://www.urbanosclub.com/","sitio_propio","","false","Peluquería","La Tierra, 170505 Quito","La Mariscal, Quito","https://www.google.com/maps/place/UrbanosClub+Peluquer%C3%ADa/data=!4m7!3m6!1s0x91d59b324dd66d5d:0xd5716edf1d66ef3f!8m2!3d-0.173769!4d-78.4791334!16s%2Fg%2F11h3njy0kl!19sChIJXW3WTTKb1ZERP-9mHd9ucdU?authuser=0&hl=es-419&g_ep=EgoyMDI2MDkxNS4wIJJjKgBIAVAD&rclk=1"
"El Salón Peluquería","099 609 1617","","5","34","","ninguno","","true","Peluquería","Fidel Castro y Fidel Martinez E8-355 y, 170201 Quito","La Mariscal, Quito","https://www.google.com/maps/place/El+Sal%C3%B3n+Peluquer%C3%ADa/data=!4m7!3m6!1s0x91d5898f60bb4481:0xbf20e85781e8387b!8m2!3d-0.066954!4d-78.4147202!16s%2Fg%2F11hdvt5nxg!19sChIJgUS7YI-J1ZERezjogVfoIL8?authuser=0&hl=es-419&g_ep=EgoyMDI2MDkxNS4wIJJjKgBIAVAD&rclk=1"
"Secretos Peluquería-Plaza Vancouver","098 776 1128","","4","6","","ninguno","","true","Peluquería","Av. Cacha, y y Vancouver, 170201 Quito","La Mariscal, Quito","https://www.google.com/maps/place/Secretos+Peluquer%C3%ADa-Plaza+Vancouver/data=!4m7!3m6!1s0x91d58f1fb161bc3d:0x3aeef28258ef30ea!8m2!3d-0.0880033!4d-78.4297274!16s%2Fg%2F11t6myfxz4!19sChIJPbxhsR-P1ZER6jDvWILy7jo?authuser=0&hl=es-419&g_ep=EgoyMDI2MDkxNS4wIJJjKgBIAVAD&rclk=1"
"Mercy beautiful princess peluquería","098 602 3911","","4.7","13","https://www.facebook.com/mercy.moreira.5036","solo_red_social","","true","Peluquería","Jerónimo Carrión 641, 170143 Quito","La Mariscal, Quito","https://www.google.com/maps/place/Mercy+beautiful+princess+peluquer%C3%ADa/data=!4m7!3m6!1s0x91d59b862bbd0f05:0x552e49b217ebee86!8m2!3d-0.2040182!4d-78.494478!16s%2Fg%2F11m7m03tbx!19sChIJBQ-9K4ab1ZERhu7rF7JJLlU?authuser=0&hl=es-419&g_ep=EgoyMDI2MDkxNS4wIJJjKgBIAVAD&rclk=1"
"Camilo Mideros Peluquería","099 578 6644","","4.9","465","https://wa.me/593995786644","solo_red_social","","true","Peluquería","Av. Mariana de Jesús E7-21, 170518 Quito","La Mariscal, Quito","https://www.google.com/maps/place/Camilo+Mideros+Peluquer%C3%ADa/data=!4m7!3m6!1s0x91d59a7021459e67:0xadb986a5080dfb3!8m2!3d-0.193538!4d-78.4861679!16s%2Fg%2F1hhk2btq9!19sChIJZ55FIXCa1ZERs9-AUGqY2wo?authuser=0&hl=es-419&g_ep=EgoyMDI2MDkxNS4wIJJjKgBIAVAD&rclk=1"
"MAS MUA PELUQUERÍA","098 301 2292","","4.5","35","https://www.instagram.com/proincarsa/","solo_red_social","","true","Centro de estética","Vengador, y y El Zurriago N37_68, 170505 Quito","La Mariscal, Quito","https://www.google.com/maps/place/MAS+MUA+PELUQUER%C3%8DA/data=!4m7!3m6!1s0x91d59bd76dba0c45:0xfc97eb6f5e26d9d6!8m2!3d-0.1751405!4d-78.4795825!16s%2Fg%2F11shsyh6r4!19sChIJRQy6bdeb1ZER1tkmXm_rl_w?authuser=0&hl=es-419&g_ep=EgoyMDI2MDkxNS4wIJJjKgBIAVAD&rclk=1"
"Karissma Av. de los Shyris (QUICENTRO)","","","3.3","539","https://www.instagram.com/karissmapeluquerias?igsh=MTl1bGQ1ZHA3Y3AwMA==","solo_red_social","","true","Peluquería","RGF9+HJM Avenida de los Shyris, y y El Zurriago, Quito","La Mariscal, Quito","https://www.google.com/maps/place/Karissma+Av.+de+los+Shyris+%28QUICENTRO%29/data=!4m7!3m6!1s0x91d59a848253c757:0x7e608c8fc5321ddc!8m2!3d-0.1748293!4d-78.4804634!16s%2Fg%2F11gjs0nf8j!19sChIJV8dTgoSa1ZER3B0yxY-MYH4?authuser=0&hl=es-419&g_ep=EgoyMDI2MDkxNS4wIJJjKgBIAVAD&rclk=1"
"Orion Pet School","099 366 1100","","4.8","20","","ninguno","","true","Guardería canina","Asturias y y N16, 170330 Quito","La Mariscal, Quito","https://www.google.com/maps/place/Orion+Pet+School/data=!4m7!3m6!1s0x91d585838b78e87b:0x92feff810ffe7756!8m2!3d-0.0889742!4d-78.4471864!16s%2Fg%2F11sy1qb9vx!19sChIJe-h4i4OF1ZERVnf-D4H__pI?authuser=0&hl=es-419&g_ep=EgoyMDI2MDkxNS4wIJJjKgBIAVAD&rclk=1"
"Hair Office/ Color Studio -Peluquería","","","4.9","11","","ninguno","","true","","","La Mariscal, Quito","https://www.google.com/maps/place/Hair+Office%2F+Color+Studio+-Peluquer%C3%ADa/data=!4m7!3m6!1s0x91d59b1846d92143:0x9d8a7100b4072708!8m2!3d-0.2061262!4d-78.4961709!16s%2Fg%2F11fknn8yj9!19sChIJQyHZRhib1ZERCCcHtABxip0?authuser=0&hl=es-419&g_ep=EgoyMDI2MDkxNS4wIJJjKgBIAVAD&rclk=1"
"Umbrella Pet-lovers","099 863 3799","","4.9","16","","ninguno","","true","Veterinario","Carapungo, Jaime roldos aguilera, y y Francisco Robles, 170204 Quito","La Mariscal, Quito","https://www.google.com/maps/place/Umbrella+Pet-lovers/data=!4m7!3m6!1s0x91d58fcf66c25d39:0xaf370fe737c28163!8m2!3d-0.0891994!4d-78.44982!16s%2Fg%2F11qj9nl9vv!19sChIJOV3CZs-P1ZERY4HCN-cPN68?authuser=0&hl=es-419&g_ep=EgoyMDI2MDkxNS4wIJJjKgBIAVAD&rclk=1"
"Peluqueria Unisex","(02) 203-5059","","4.8","8","","ninguno","","true","Peluquería","WH8J+RPH, Capitán Giovanni Calles, 170201 Quito","La Mariscal, Quito","https://www.google.com/maps/place/Peluqueria+Unisex/data=!4m7!3m6!1s0x91d58ec532d241c5:0x6ac94dc29e4d17d0!8m2!3d-0.0829337!4d-78.4181442!16s%2Fg%2F11c525m8rn!19sChIJxUHSMsWO1ZER0BdNnsJNyWo?authuser=0&hl=es-419&g_ep=EgoyMDI2MDkxNS4wIJJjKgBIAVAD&rclk=1"
"Depilec - Matriz El Condado","(02) 249-3188","depilec@gmail.com","4.7","33","http://www.depilec.com.ec/","sitio_propio","","false","Depilación con cera","Condado Plaza, Av. Mariscal Sucre N70-384 y, 170301 Quito","La Mariscal, Quito","https://www.google.com/maps/place/Depilec+-+Matriz+El+Condado/data=!4m7!3m6!1s0x91d585a74bf1fc39:0xbddd66cbb1374396!8m2!3d-0.1086717!4d-78.5036297!16s%2Fg%2F11cmhkddjn!19sChIJOfzxS6eF1ZERlkM3sctm3b0?authuser=0&hl=es-419&g_ep=EgoyMDI2MDkxNS4wIJJjKgBIAVAD&rclk=1"
"Ivelle Riocentro","098 195 3194","","4.9","138","","ninguno","","true","Peluquería","Av. 6 de Diciembre, y y Av. Tomás de Berlanga, 170501 Quito","Centro Histórico, Quito","https://www.google.com/maps/place/Ivelle+Riocentro/data=!4m7!3m6!1s0x91d59b5ac08715a3:0x8aff905f35220f03!8m2!3d-0.1658693!4d-78.4758179!16s%2Fg%2F11zjmqmkr4!19sChIJoxWHwFqb1ZERAw8iNV-Q_4o?authuser=0&hl=es-419&g_ep=EgoyMDI2MDkxNS4wIJJjKgBIAVAD&rclk=1"
"Peluquería internacional","097 918 8956","","4.7","12","","ninguno","","true","Peluquería","comercial la Merced, Quito centro histórico calle cuenca entre Olmedo, y y Mejía local #4, Quitó","Centro Histórico, Quito","https://www.google.com/maps/place/Peluquer%C3%ADa+internacional/data=!4m7!3m6!1s0x91d59be5d3f30761:0x8c2deae3e2960cd9!8m2!3d-0.2174134!4d-78.512772!16s%2Fg%2F11zgf85jd0!19sChIJYQfz0-Wb1ZER2QyW4uPqLYw?authuser=0&hl=es-419&g_ep=EgoyMDI2MDkxNS4wIJJjKgBIAVAD&rclk=1"
"Ivelle Jardin","099 847 2641","","4.9","403","","ninguno","","true","Peluquería","Mall El Jardin, Av. Río Amazonas, 170804 Quito","Centro Histórico, Quito","https://www.google.com/maps/place/Ivelle+Jardin/data=!4m7!3m6!1s0x91d59bb136ffc95b:0x2b69cc9aa22e50c8!8m2!3d-0.1896214!4d-78.4873612!16s%2Fg%2F11zkg5c4rd!19sChIJW8n_NrGb1ZERyFAuoprMaSs?authuser=0&hl=es-419&g_ep=EgoyMDI2MDkxNS4wIJJjKgBIAVAD&rclk=1"
"Peluquería Soazo","099 375 0989","","4.7","161","http://www.peluqueriasoazo.com/","sitio_propio","","false","Centro de estética","Av. Portugal y Catalina Aldaz E11-37 y, 170504 Quito","Centro Histórico, Quito","https://www.google.com/maps/place/Peluquer%C3%ADa+Soazo/data=!4m7!3m6!1s0x91d59b39ac476f81:0x75297efed0481eda!8m2!3d-0.181886!4d-78.477297!16s%2Fg%2F11f5v6s489!19sChIJgW9HrDmb1ZER2h5I0P5-KXU?authuser=0&hl=es-419&g_ep=EgoyMDI2MDkxNS4wIJJjKgBIAVAD&rclk=1"
"Peluqueria Quito","098 459 2573","","4.3","15","","ninguno","","true","Barbería","QFHP+GRW, 170401 Quito","Centro Histórico, Quito","https://www.google.com/maps/place/Peluqueria+Quito/data=!4m7!3m6!1s0x91d5998712c856af:0x655062554bf64779!8m2!3d-0.2211473!4d-78.5129374!16s%2Fg%2F11c5b4bswr!19sChIJr1bIEoeZ1ZEReUf2S1ViUGU?authuser=0&hl=es-419&g_ep=EgoyMDI2MDkxNS4wIJJjKgBIAVAD&rclk=1"
"Red Lulu Hair Design","098 203 4397","david@redluluquito.com","4.7","155","http://www.redluluquito.com/","sitio_propio","","false","Peluquería","Av. de los Shyris y Av. Eloy Alfaro N 32-218 y, 170135 Quito","Centro Histórico, Quito","https://www.google.com/maps/place/Red+Lulu+Hair+Design/data=!4m7!3m6!1s0x91d59a875c9db001:0x8b8bb2a9c5cea66e!8m2!3d-0.1885204!4d-78.4827067!16s%2Fg%2F11g81dgx72!19sChIJAbCdXIea1ZERbqbOxamyi4s?authuser=0&hl=es-419&g_ep=EgoyMDI2MDkxNS4wIJJjKgBIAVAD&rclk=1"
"Amandy Professional Salon - Peluquería & Spa de uñas","098 448 5745","","4.3","51","https://linktr.ee/amandy_professional","solo_red_social","","true","Centro de estética","Centro Comercial Galerías, Sucre Oe 4-48 entre Venezuela y, García Moreno y Sucre, 170401 Quito","Centro Histórico, Quito","https://www.google.com/maps/place/Amandy+Professional+Salon+-+Peluquer%C3%ADa+%26+Spa+de+u%C3%B1as/data=!4m7!3m6!1s0x91d59b6a1486c841:0xe456e37d309f4f68!8m2!3d-0.2214538!4d-78.5133593!16s%2Fg%2F11gjm6tpvv!19sChIJQciGFGqb1ZERaE-fMH3jVuQ?authuser=0&hl=es-419&g_ep=EgoyMDI2MDkxNS4wIJJjKgBIAVAD&rclk=1"
"Barber House Quito","1800 227 237","","4.7","230","https://bit.ly/ReservasBarberHouse?y_source=1_OTI0NDE4OTUtNzE1LWxvY2F0aW9uLndlYnNpdGU%3D","sitio_propio","","false","Barbería","Edificio Grafito, Gonnessiat N31-91 y, 170517 Quito","Centro Histórico, Quito","https://www.google.com/maps/place/Barber+House+Quito/data=!4m7!3m6!1s0x91d59b1b5ff4759f:0x5a819db3c6921171!8m2!3d-0.1967723!4d-78.4790273!16s%2Fg%2F11gmgwx539!19sChIJn3X0Xxub1ZERcRGSxrOdgVo?authuser=0&hl=es-419&g_ep=EgoyMDI2MDkxNS4wIJJjKgBIAVAD&rclk=1"
"Mila Estética - Perfumería","(02) 228-7755","","4.2","212","","ninguno","","true","Centro de estética","Mejía Oe1-50, 170206 Quito","Centro Histórico, Quito","https://www.google.com/maps/place/Mila+Est%C3%A9tica+-+Perfumer%C3%ADa/data=!4m7!3m6!1s0x91d59988063735e5:0xab7ed56acba4bb01!8m2!3d-0.2204867!4d-78.5090718!16s%2Fg%2F11gk51c5fx!19sChIJ5TU3BoiZ1ZERAbuky2rVfqs?authuser=0&hl=es-419&g_ep=EgoyMDI2MDkxNS4wIJJjKgBIAVAD&rclk=1"
"Jermania Peluquería","(02) 243-4816","","4.8","21","https://jermaniapeluqueria.com/","sitio_propio","","false","Peluquería","Marcos Jofre, 170104 Quito","Centro Histórico, Quito","https://www.google.com/maps/place/Jermania+Peluquer%C3%ADa/data=!4m7!3m6!1s0x91d59ab9dc5fe8b5:0xfdf517c3ff2a56ff!8m2!3d-0.156094!4d-78.49388!16s%2Fg%2F11bw671y1x!19sChIJtehf3Lma1ZER_1Yq_8MX9f0?authuser=0&hl=es-419&g_ep=EgoyMDI2MDkxNS4wIJJjKgBIAVAD&rclk=1"
"GLOOS PELUQUERÍA","097 987 0249","","4.6","21","","ninguno","","true","Barbería","Bolivar, e y Imbabura, OE8-23, 170105","Centro Histórico, Quito","https://www.google.com/maps/place/GLOOS+PELUQUER%C3%8DA/data=!4m7!3m6!1s0x91d59a2a763cc2a5:0x1618f7c443212d5!8m2!3d-0.2193323!4d-78.5171622!16s%2Fg%2F11cjk9kz_f!19sChIJpcI8diqa1ZER1RIyRHyPYQE?authuser=0&hl=es-419&g_ep=EgoyMDI2MDkxNS4wIJJjKgBIAVAD&rclk=1"
"Peluqueria","","","3.9","171","https://bit.ly/CitasBlick","sitio_propio","","false","Peluquería","","Centro Histórico, Quito","https://www.google.com/maps/place/Peluqueria/data=!4m7!3m6!1s0x91d59b5b06eccfc5:0x5af9212992ba08e!8m2!3d-1.3603287!4d-83.8954733!16s%2Fg%2F11qqlvysz5!19sChIJxc_sBlub1ZERjqArmRKSrwU?authuser=0&hl=es-419&g_ep=EgoyMDI2MDkxNS4wIJJjKgBIAVAD&rclk=1"
"Rizosmania","098 780 4700","","4.5","128","","ninguno","","true","Peluquería","Edificio Valdivia Calle Luis Cordero E5-51 entre Juan León Mera y, Reina Victoria y Luis Cordero, Quito","Centro Histórico, Quito","https://www.google.com/maps/place/Rizosmania/data=!4m7!3m6!1s0x91d59b0e0aab46eb:0x6b5690b7ce0a42f8!8m2!3d-0.201459!4d-78.4899351!16s%2Fg%2F11ft1jd0nw!19sChIJ60arCg6b1ZER-EIKzreQVms?authuser=0&hl=es-419&g_ep=EgoyMDI2MDkxNS4wIJJjKgBIAVAD&rclk=1"
"Kapriccio Beauty Salon","095 915 6008","","4.8","29","https://www.instagram.com/kapriccio_ec?igsh=azU1c2Rnejd5M3d5&utm_source=qr","solo_red_social","","true","Centro de estética","Av. de los Shyris &, 170102 Quito","Centro Histórico, Quito","https://www.google.com/maps/place/Kapriccio+Beauty+Salon/data=!4m7!3m6!1s0x91d59b5f084da647:0x7defbc99ade5eed!8m2!3d-0.1717905!4d-78.4803102!16s%2Fg%2F11tp7_c_rb!19sChIJR6ZNCF-b1ZER7V7emsn73gc?authuser=0&hl=es-419&g_ep=EgoyMDI2MDkxNS4wIJJjKgBIAVAD&rclk=1"
"Peluquería La Guayaquileña","(02) 228-8056","","4.9","7","","ninguno","","true","Barbería","José Joaquín Olmedo Oe7-71, 170142 Quito","Centro Histórico, Quito","https://www.google.com/maps/place/Peluquer%C3%ADa+La+Guayaquile%C3%B1a/data=!4m7!3m6!1s0x91d59a294170974d:0x3e6fed8babcfca05!8m2!3d-0.2151876!4d-78.5148053!16s%2Fg%2F11gn259j8j!19sChIJTZdwQSma1ZERBcrPq4vtbz4?authuser=0&hl=es-419&g_ep=EgoyMDI2MDkxNS4wIJJjKgBIAVAD&rclk=1"
"Barber House Cumbaya","096 279 2796","info@barberhouse.ec","4.7","428","https://www.barberhouse.ec/","sitio_propio","","false","Barbería","Centro Comercial La Tejedora, Av. Oswaldo Guayasamín y Siena E5-25 y, 170901 Quito","Centro Histórico, Quito","https://www.google.com/maps/place/Barber+House+Cumbaya/data=!4m7!3m6!1s0x91d59120ce06ca91:0x687e64cb5186d06b!8m2!3d-0.2055567!4d-78.4277859!16s%2Fg%2F11g6xcxq22!19sChIJkcoGziCR1ZERa9CGUctkfmg?authuser=0&hl=es-419&g_ep=EgoyMDI2MDkxNS4wIJJjKgBIAVAD&rclk=1"
"Pelucas y Extensiones ""Luis Tul""-","099 775 9775","","4.9","34","http://www.pelucasyextensionesluistul.com/","sitio_propio","","false","Tienda de pelucas","García Moreno 7-71 y, 170401 Quito","Centro Histórico, Quito","https://www.google.com/maps/place/Pelucas+y+Extensiones+%22Luis+Tul%22-/data=!4m7!3m6!1s0x91d59aa1e216b3b3:0x40fb8bf38c937c7e!8m2!3d-0.217767!4d-78.5107657!16s%2Fg%2F11f7669hc3!19sChIJs7MW4qGa1ZERfnyTjPOL-0A?authuser=0&hl=es-419&g_ep=EgoyMDI2MDkxNS4wIJJjKgBIAVAD&rclk=1"
"Peluquería Hollywood","098 942 4191","","4.9","23","","ninguno","","true","Peluquería","C. Sucre 103, 170401 Quito","Centro Histórico, Quito","https://www.google.com/maps/place/Peluquer%C3%ADa+Hollywood/data=!4m7!3m6!1s0x91d599ef7503bde3:0x2b542b25a0c5d8db!8m2!3d-0.2230056!4d-78.5115836!16s%2Fg%2F11nnzm5k6y!19sChIJ470Dde-Z1ZER29jFoCUrVCs?authuser=0&hl=es-419&g_ep=EgoyMDI2MDkxNS4wIJJjKgBIAVAD&rclk=1"
"M&M Peluqueria","098 776 4009","","4.9","157","","ninguno","","true","Peluquería","Jumandi Oe2_271 y, Jacinto Flores, 170111 Quito","Centro Histórico, Quito","https://www.google.com/maps/place/M%26M+Peluqueria/data=!4m7!3m6!1s0x91d599f502e1e6a3:0x5bb3860e291df5fb!8m2!3d-0.2511145!4d-78.5259496!16s%2Fg%2F11c1s11p8y!19sChIJo-bhAvWZ1ZER-_UdKQ6Gs1s?authuser=0&hl=es-419&g_ep=EgoyMDI2MDkxNS4wIJJjKgBIAVAD&rclk=1"
"Peluqueria Rhosnyk","098 205 4507","","4","6","https://www.facebook.com/Rhosnyk-Peluqueria-2472534366097466/","solo_red_social","","true","Barbería","Oriente 507, 170130 Quito","Centro Histórico, Quito","https://www.google.com/maps/place/Peluqueria+Rhosnyk/data=!4m7!3m6!1s0x91d59b3c4963f859:0xf0c68f4c8d30cf40!8m2!3d-0.2179253!4d-78.5074723!16s%2Fg%2F11g0mt3fq1!19sChIJWfhjSTyb1ZERQM8wjUyPxvA?authuser=0&hl=es-419&g_ep=EgoyMDI2MDkxNS4wIJJjKgBIAVAD&rclk=1"
"Gaby Cosméticos Importadora","(02) 251-0803","","4.4","345","http://gabycosmeticos.com.ec/","sitio_propio","","false","Tienda de cosméticos","Calle Chile Oe6-193 entre Imbabura y Cuenca, 170150 Quito","Centro Histórico, Quito","https://www.google.com/maps/place/Gaby+Cosm%C3%A9ticos+Importadora/data=!4m7!3m6!1s0x91d59b6b49df2211:0xa03a0dfb74c8f140!8m2!3d-0.2181429!4d-78.514282!16s%2Fg%2F11gnrmx8tg!19sChIJESLfSWub1ZERQPHIdPsNOqA?authuser=0&hl=es-419&g_ep=EgoyMDI2MDkxNS4wIJJjKgBIAVAD&rclk=1"
"The Bron Barber Shop","099 228 3639","","4.5","11","","ninguno","","true","Peluquería","Calle Imbabura y Blvr. 24 de Mayo s2-61, 170130 Quito","Centro Histórico, Quito","https://www.google.com/maps/place/The+Bron+Barber+Shop/data=!4m7!3m6!1s0x91d599804d65dcd9:0x7860ed7595e619b7!8m2!3d-0.2221808!4d-78.5185578!16s%2Fg%2F11fd7fpbsd!19sChIJ2dxlTYCZ1ZERtxnmlXXtYHg?authuser=0&hl=es-419&g_ep=EgoyMDI2MDkxNS4wIJJjKgBIAVAD&rclk=1"
"LuciCamHair-Studio/Mcbo","","","5","17","","ninguno","","true","Peluquería","","Centro Histórico, Quito","https://www.google.com/maps/place/LuciCamHair-Studio%2FMcbo/data=!4m7!3m6!1s0x91d59ba5543158df:0xcc9cd83531e571e5!8m2!3d-1.3603287!4d-83.8954733!16s%2Fg%2F11tgd8251j!19sChIJ31gxVKWb1ZER5XHlMTXYnMw?authuser=0&hl=es-419&g_ep=EgoyMDI2MDkxNS4wIJJjKgBIAVAD&rclk=1"
"Salon De Belleza Local 95","098 764 4541","","3.7","13","","ninguno","","true","Barbería","Centro Comercial Ipiales Mires, Local 95, Calles, Gral Mires, Quito","Centro Histórico, Quito","https://www.google.com/maps/place/Salon+De+Belleza+Local+95/data=!4m7!3m6!1s0x91d59a2951198b71:0xe53074439149a116!8m2!3d-0.2157754!4d-78.5145043!16s%2Fg%2F11gnr2y3f6!19sChIJcYsZUSma1ZERFqFJkUN0MOU?authuser=0&hl=es-419&g_ep=EgoyMDI2MDkxNS4wIJJjKgBIAVAD&rclk=1"
"INSTITUTO PRINCESA DE GALES CENTRO","099 297 2483","","4.4","14","","ninguno","","true","Academia de estética","Sucre, C. Guayaquil y Pasaje Tobar 214 y, P 3, Quito","Centro Histórico, Quito","https://www.google.com/maps/place/INSTITUTO+PRINCESA+DE+GALES+CENTRO/data=!4m7!3m6!1s0x91d59968464855e5:0x44fe3e6c47b639d4!8m2!3d-0.2222449!4d-78.5121106!16s%2Fg%2F11h0b9d0jc!19sChIJ5VVIRmiZ1ZER1Dm2R2w-_kQ?authuser=0&hl=es-419&g_ep=EgoyMDI2MDkxNS4wIJJjKgBIAVAD&rclk=1"
"Peluquería Jimmyaranguren","099 583 1673","","4.7","27","","ninguno","","true","Peluquería","","Centro Histórico, Quito","https://www.google.com/maps/place/Peluquer%C3%ADa+Jimmyaranguren/data=!4m7!3m6!1s0x91d590e6088a622b:0x8d4aef0cbaca812!8m2!3d-1.3603287!4d-83.8954733!16s%2Fg%2F11c60jrq0w!19sChIJK2KKCOaQ1ZEREqisy_Cu1Ag?authuser=0&hl=es-419&g_ep=EgoyMDI2MDkxNS4wIJJjKgBIAVAD&rclk=1"
"Calle La Ronda","","","4.5","4604","","ninguno","","true","Atracción turística","QFGP+87W, Venezuela, 170130 Quito","Centro Histórico, Quito","https://www.google.com/maps/place/Calle+La+Ronda/data=!4m7!3m6!1s0x91d59986b293cdd3:0xb58f7fc349615dd9!8m2!3d-0.2241292!4d-78.5142918!16s%2Fg%2F11cm0p3csv!19sChIJ082TsoaZ1ZER2V1hScN_j7U?authuser=0&hl=es-419&g_ep=EgoyMDI2MDkxNS4wIJJjKgBIAVAD&rclk=1"
"Ciudad Agro . Agroveterinaria y Peluquería Canina .","(02) 295-1964","","4.8","21","http://www.fb.com/ciudadagro","sitio_propio","","false","Tienda de productos para mascotas","Rocafuerte Oe4-86 y García Moreno Entre el Arco de la Reina y el Centro de Salud N1, 170107 Quito","Centro Histórico, Quito","https://www.google.com/maps/place/Ciudad+Agro+.+Agroveterinaria+y+Peluquer%C3%ADa+Canina+./data=!4m7!3m6!1s0x91d5994073a3bcc9:0xfacffd6c795c723!8m2!3d-0.2227129!4d-78.5147125!16s%2Fg%2F11hsshn8t9!19sChIJybyjc0CZ1ZERI8eVx9b_rA8?authuser=0&hl=es-419&g_ep=EgoyMDI2MDkxNS4wIJJjKgBIAVAD&rclk=1"
"Centro Comercial Gran Pasaje","","","3.9","517","","ninguno","","true","Centro comercial","QFJR+HF8, 170131 Quito","Centro Histórico, Quito","https://www.google.com/maps/place/Centro+Comercial+Gran+Pasaje/data=!4m7!3m6!1s0x91d59a27de9a9e51:0x47472c851902c503!8m2!3d-0.2185848!4d-78.5087978!16s%2Fg%2F11c0qwpf4x!19sChIJUZ6a3iea1ZERA8UCGYUsR0c?authuser=0&hl=es-419&g_ep=EgoyMDI2MDkxNS4wIJJjKgBIAVAD&rclk=1"
"Barber House Puembo","099 590 6011","info@barberhouse.ec","4.5","33","https://www.barberhouse.ec/","sitio_propio","","false","Barbería","Julio Tobar Donoso, 170179 Quito","Centro Histórico, Quito","https://www.google.com/maps/place/Barber+House+Puembo/data=!4m7!3m6!1s0x91d59338d3409acd:0xf5b8e488f9c2bca9!8m2!3d-0.1927491!4d-78.3635951!16s%2Fg%2F11xlj73hd6!19sChIJzZpA0ziT1ZERqbzC-YjkuPU?authuser=0&hl=es-419&g_ep=EgoyMDI2MDkxNS4wIJJjKgBIAVAD&rclk=1"
"Consultorio Veterinario ""PROSESAN""","099 730 0333","","4.6","99","http://www.comercialelagricultor.com/","sitio_propio","2015","true","Clínica ambulatoria","Simon Bolivar Oe5-87 y, 170401 Quito","Centro Histórico, Quito","https://www.google.com/maps/place/Consultorio+Veterinario+%22PROSESAN%22/data=!4m7!3m6!1s0x91d5990b82e55f81:0xd99a8de7257025f3!8m2!3d-0.2214249!4d-78.5149845!16s%2Fg%2F11fhqm9mgb!19sChIJgV_lgguZ1ZER8yVwJeeNmtk?authuser=0&hl=es-419&g_ep=EgoyMDI2MDkxNS4wIJJjKgBIAVAD&rclk=1"
"DLQ Distribuidora - Cosméticos & Belleza","(07) 284-3322","info@dlqbelleza.com.ec","4.3","52","https://dlqbelleza.com.ec/","sitio_propio","","false","Tienda de productos de belleza","Benigno Malo 1061, 010150 Cuenca","Centro Histórico, Quito","https://www.google.com/maps/place/DLQ+Distribuidora+-+Cosm%C3%A9ticos+%26+Belleza/data=!4m7!3m6!1s0x91cd181a75c71391:0x4845db6d5f9145c4!8m2!3d-2.895247!4d-79.0045667!16s%2Fg%2F11b6ds0d23!19sChIJkRPHdRoYzZERxEWRX23bRUg?authuser=0&hl=es-419&g_ep=EgoyMDI2MDkxNS4wIJJjKgBIAVAD&rclk=1"
"OnlyPets","098 797 7182","","4.8","17","","ninguno","","true","Peluquería","","Centro Histórico, Quito","https://www.google.com/maps/place/OnlyPets/data=!4m7!3m6!1s0x231285034b76ac8d:0x521ab506a2c3c842!8m2!3d-0.1865944!4d-78.4305382!16s%2Fg%2F11mznz3y1p!19sChIJjax2SwOFEiMRQsjDoga1GlI?authuser=0&hl=es-419&g_ep=EgoyMDI2MDkxNS4wIJJjKgBIAVAD&rclk=1"
"Evolución Internacional","(02) 666-0645","","4.6","8","","ninguno","","true","Academia de estética","Alonso de Mendoza S9-41, 170111 Quito","Centro Histórico, Quito","https://www.google.com/maps/place/Evoluci%C3%B3n+Internacional/data=!4m7!3m6!1s0x91d599a7693b7785:0x6a75c8053206bbf8!8m2!3d-0.244348!4d-78.5197068!16s%2Fg%2F11fb0jn3x6!19sChIJhXc7aaeZ1ZER-LsGMgXIdWo?authuser=0&hl=es-419&g_ep=EgoyMDI2MDkxNS4wIJJjKgBIAVAD&rclk=1"
"Jose Vargas Studio De Belleza","099 677 8926","","4.5","119","","ninguno","","true","Centro de estética","Dátiles 301, 090511 Guayaquil","Centro Histórico, Quito","https://www.google.com/maps/place/Jose+Vargas+Studio+De+Belleza/data=!4m7!3m6!1s0x902d6d88ea0dda7f:0x871492877c4439f9!8m2!3d-2.1702549!4d-79.9066017!16s%2Fg%2F11fhz6dpsf!19sChIJf9oN6ohtLZAR-TlEfIeSFIc?authuser=0&hl=es-419&g_ep=EgoyMDI2MDkxNS4wIJJjKgBIAVAD&rclk=1"
"Kings Barber Shop - Corte de Cabello y Barba en Quito","098 327 3948","","4.7","487","http://www.kingsbs.com/","sitio_propio","","false","Barbería","Checoslovaquia E9-75, 1701Ecuador, 170135 Quito","Centro Histórico, Quito","https://www.google.com/maps/place/Kings+Barber+Shop+-+Corte+de+Cabello+y+Barba+en+Quito/data=!4m7!3m6!1s0x91d59a7e7b642049:0x6656a7e241a4cc69!8m2!3d-0.185898!4d-78.481056!16s%2Fg%2F11c5qm62zy!19sChIJSSBke36a1ZERacykQeKnVmY?authuser=0&hl=es-419&g_ep=EgoyMDI2MDkxNS4wIJJjKgBIAVAD&rclk=1"
"ETAFASHION Quicentro Shopping","(02) 342-2222","","4.4","309","http://www.etafashion.com/","sitio_propio","2023","false","Tienda de ropa","Av. Naciones Unidas y Av. 6 de Diciembre &, 170135 Quito","Centro Histórico, Quito","https://www.google.com/maps/place/ETAFASHION+Quicentro+Shopping/data=!4m7!3m6!1s0x91d59a83afc3f8af:0xef06107385533af8!8m2!3d-0.1764179!4d-78.4779853!16s%2Fg%2F1hf9wqd50!19sChIJr_jDr4Oa1ZER-DpThXMQBu8?authuser=0&hl=es-419&g_ep=EgoyMDI2MDkxNS4wIJJjKgBIAVAD&rclk=1"
"Nina Shunku","(02) 257-1864","","4.6","134","","ninguno","","true","Centro comunitario","170130 Quito","Centro Histórico, Quito","https://www.google.com/maps/place/Nina+Shunku/data=!4m7!3m6!1s0x91d5998149ce73d9:0x7c7b20866c0bee43!8m2!3d-0.2234608!4d-78.5154777!16s%2Fg%2F11b7f3z93f!19sChIJ2XPOSYGZ1ZERQ-4LbIYge3w?authuser=0&hl=es-419&g_ep=EgoyMDI2MDkxNS4wIJJjKgBIAVAD&rclk=1"
"El Palacio Del Cosmetico","","","4.2","9","","ninguno","","true","Tienda de artículos para el hogar","PGJP+73R, Cornelia Polit, 170801 Quito","Centro Histórico, Quito","https://www.google.com/maps/place/El+Palacio+Del+Cosmetico/data=!4m7!3m6!1s0x91d5970ac35faf1d:0x9e4df508338fcafd!8m2!3d-0.2692686!4d-78.4648487!16s%2Fg%2F11fdx7j949!19sChIJHa9fwwqX1ZER_cqPMwj1TZ4?authuser=0&hl=es-419&g_ep=EgoyMDI2MDkxNS4wIJJjKgBIAVAD&rclk=1"
"Casa De Las Artes 999 La Ronda","(02) 295-7939","%20sistemamuseosquito@fmcquito.gob.ec; sistemamuseosquito@fmcquito.gob.ec; esotomayor581@puce.edu.ec; 20sistemamuseosquito@fmcquito.gob.ec","4.7","26","http://www.museosquito.gob.ec/","sitio_propio","2025","false","Museo de artesanía","Juan de Dios Morales 999, 170130 Quito","Centro Histórico, Quito","https://www.google.com/maps/place/Casa+De+Las+Artes+999+La+Ronda/data=!4m7!3m6!1s0x91d59986ae791859:0xeb04e3fd2a357aa3!8m2!3d-0.2240489!4d-78.5146461!16s%2Fg%2F11gr3cbfth!19sChIJWRh5roaZ1ZERo3o1Kv3jBOs?authuser=0&hl=es-419&g_ep=EgoyMDI2MDkxNS4wIJJjKgBIAVAD&rclk=1"
"pasaje amador","","","4.2","25","","ninguno","","true","Oficina de correos","Pasaje Amador, García Moreno, 170130 Quito","Centro Histórico, Quito","https://www.google.com/maps/place/pasaje+amador/data=!4m7!3m6!1s0x91d599901ede6bf9:0xea1d55b52464b482!8m2!3d-0.2212504!4d-78.5128687!16s%2Fg%2F11rs9lm7mg!19sChIJ-WveHpCZ1ZERgrRkJLVVHeo?authuser=0&hl=es-419&g_ep=EgoyMDI2MDkxNS4wIJJjKgBIAVAD&rclk=1"
"Charliesao.","","","4.6","13","","ninguno","","true","Barbería","","Centro Histórico, Quito","https://www.google.com/maps/place/Charliesao./data=!4m7!3m6!1s0x91d5999b74940e13:0x344b6e8f5b908c4d!8m2!3d-1.3603287!4d-83.8954733!16s%2Fg%2F11gnpbn7gm!19sChIJEw6UdJuZ1ZERTYyQW49uSzQ?authuser=0&hl=es-419&g_ep=EgoyMDI2MDkxNS4wIJJjKgBIAVAD&rclk=1"
"DIEM STYLE SPA PELUQUERÍA","099 871 1669","","4.4","13","https://www.facebook.com/pg/DI-EM-STYLE-1207636226026564/photos/?ref=page_internal","solo_red_social","","true","Peluquería","Ave 12 de Octubre, 170109 Quito","La Floresta, Quito","https://www.google.com/maps/place/DIEM+STYLE+SPA+PELUQUER%C3%8DA/data=!4m7!3m6!1s0x91d59a0da3541ecb:0x4b613451fc28324a!8m2!3d-0.2048735!4d-78.484712!16s%2Fg%2F11g9vvw1cn!19sChIJyx5Uow2a1ZERSjIo_FE0YUs?authuser=0&hl=es-419&g_ep=EgoyMDI2MDkxNS4wIJJjKgBIAVAD&rclk=1"
"Paz Y Miño Barber Shop","098 346 2120","","4.9","218","https://www.instagram.com/pazyminobarberia/","solo_red_social","","true","Barbería","C. Lérida 13-15 Y, 170109 Quito","La Floresta, Quito","https://www.google.com/maps/place/Paz+Y+Mi%C3%B1o+Barber+Shop/data=!4m7!3m6!1s0x91d59b553f6d3943:0xc918e36b81edd44e!8m2!3d-0.2106305!4d-78.4857551!16s%2Fg%2F11gjm6vmcw!19sChIJQzltP1Wb1ZERTtTtgWvjGMk?authuser=0&hl=es-419&g_ep=EgoyMDI2MDkxNS4wIJJjKgBIAVAD&rclk=1"
"Barber Class (La Floresta)","098 733 7083","","3.7","40","","ninguno","","true","Barbería","Ladrón de Guevara, y y C. Lérida, 170143 Quito","La Floresta, Quito","https://www.google.com/maps/place/Barber+Class+%28La+Floresta%29/data=!4m7!3m6!1s0x91d59b58c4669e8d:0x476178a8323dcceb!8m2!3d-0.2122958!4d-78.4845323!16s%2Fg%2F11gm8j6qlm!19sChIJjZ5mxFib1ZER68w9Mqh4YUc?authuser=0&hl=es-419&g_ep=EgoyMDI2MDkxNS4wIJJjKgBIAVAD&rclk=1"
"MEN´S LA FLORESTA","097 929 0710","","4.3","6","https://web.bewe.co/business-mens-quito-norte/services","sitio_propio","","false","Barbería","AV. LA CORUÑA / N24-258, Mallorca ESQUINA, Quito","La Floresta, Quito","https://www.google.com/maps/place/MEN%C2%B4S+LA+FLORESTA/data=!4m7!3m6!1s0x91d59b0e329e9d75:0x6591d9c65f2f7671!8m2!3d-0.2086824!4d-78.4821117!16s%2Fg%2F11z3y48pb9!19sChIJdZ2eMg6b1ZERcXYvX8bZkWU?authuser=0&hl=es-419&g_ep=EgoyMDI2MDkxNS4wIJJjKgBIAVAD&rclk=1"
"LUNE studio & spa","096 369 5387","","3.9","15","https://www.instagram.com/lune_studio_spa/","solo_red_social","","true","Centro de estética","Lugo y Av. Ladrón de Guevara E13-123 y, 170109 Quito","La Floresta, Quito","https://www.google.com/maps/place/LUNE+studio+%26+spa/data=!4m7!3m6!1s0x91d59bc8151e0e71:0x23bd09eedfb05d33!8m2!3d-0.2114921!4d-78.4867112!16s%2Fg%2F11sv_r45ds!19sChIJcQ4eFcib1ZERM12w3-4JvSM?authuser=0&hl=es-419&g_ep=EgoyMDI2MDkxNS4wIJJjKgBIAVAD&rclk=1"
"Jorge Russinsky by Magi "" Peluqueria y cosmetología","099 895 5018","","4.4","72","","ninguno","","true","Peluquería","Madrid y Toledo E12-162 y, 170135 Quito","La Floresta, Quito","https://www.google.com/maps/place/Jorge+Russinsky+by+Magi+%22+Peluqueria+y+cosmetolog%C3%ADa/data=!4m7!3m6!1s0x91d59b4228d909eb:0xcc9879729616919!8m2!3d-0.2084223!4d-78.4859506!16s%2Fg%2F11f6y7d36x!19sChIJ6wnZKEKb1ZERGWlhKZeHyQw?authuser=0&hl=es-419&g_ep=EgoyMDI2MDkxNS4wIJJjKgBIAVAD&rclk=1"
"Prettynailssalon quito","099 254 8789","","4.7","41","","ninguno","","true","Peluquería","Juan leon mera, y y La Pinta, 170805 Quito","La Floresta, Quito","https://www.google.com/maps/place/Prettynailssalon+quito/data=!4m7!3m6!1s0x91d59be05b11e929:0xda9a86a7b8ec6ea6!8m2!3d-0.1991664!4d-78.4894666!16s%2Fg%2F11w9p72r0j!19sChIJKekRW-Cb1ZERpm7suKeGmto?authuser=0&hl=es-419&g_ep=EgoyMDI2MDkxNS4wIJJjKgBIAVAD&rclk=1"
"BioStetic La Floresta","098 476 2636","","5","12","https://www.facebook.com/share/17wyEijgSB/","solo_red_social","","true","Centro de estética","QGM7+W63, 170136, Quito","La Floresta, Quito","https://www.google.com/maps/place/BioStetic+La+Floresta/data=!4m7!3m6!1s0x91d59b0017ff2751:0xcf916a4a38978e20!8m2!3d-0.2152373!4d-78.4869489!16s%2Fg%2F11ywbxwv_9!19sChIJUSf_FwCb1ZERII6XOEpqkc8?authuser=0&hl=es-419&g_ep=EgoyMDI2MDkxNS4wIJJjKgBIAVAD&rclk=1"
"Woom Peluquería y Spa","292-0816","","4.5","83","","ninguno","","true","Barbería","Yánez Pinzón y La Niña &, 170522 Quito","La Floresta, Quito","https://www.google.com/maps/place/Woom+Peluquer%C3%ADa+y+Spa/data=!4m7!3m6!1s0x91d59a7e469202e7:0xe4cef74dd6fb528!8m2!3d-0.1994923!4d-78.4861937!16s%2Fg%2F11f0k_1y73!19sChIJ5wKSRn6a1ZERKLVv3XTvTA4?authuser=0&hl=es-419&g_ep=EgoyMDI2MDkxNS4wIJJjKgBIAVAD&rclk=1"
"VIP Barber Club Ecuador","099 047 7959","","4.5","74","https://www.thevipbarberclub.com/","sitio_propio","","false","Barbería","Hotel Quito, Avs. González Suárez y Orellana Planta Baja, 170408 Quito","La Floresta, Quito","https://www.google.com/maps/place/VIP+Barber+Club+Ecuador/data=!4m7!3m6!1s0x91d59a0b4fa96d1f:0xacd87c53f744c079!8m2!3d-0.2018509!4d-78.4801184!16s%2Fg%2F11gmcfny8f!19sChIJH22pTwua1ZERecBE91N82Kw?authuser=0&hl=es-419&g_ep=EgoyMDI2MDkxNS4wIJJjKgBIAVAD&rclk=1"
"CAVA Lifestyle","099 275 1246","","4.9","168","https://studiocava.com/","sitio_propio","2026","false","Peluquería","Manuel Barreto N32-254, 170102 Quito","La Floresta, Quito","https://www.google.com/maps/place/CAVA+Lifestyle/data=!4m7!3m6!1s0x91d5916ad5eb1ac9:0x87a9df651b962ff8!8m2!3d-0.1929884!4d-78.47843!16s%2Fg%2F11fs_8tb3j!19sChIJyRrr1WqR1ZER-C-WG2XfqYc?authuser=0&hl=es-419&g_ep=EgoyMDI2MDkxNS4wIJJjKgBIAVAD&rclk=1"
"Kaizen","(02) 512-3689","","4.7","15","","ninguno","","true","Centro de estética","Alemania E3-57, 170515 Quito","La Floresta, Quito","https://www.google.com/maps/place/Kaizen/data=!4m7!3m6!1s0x91d59a639e73f1db:0x973ef9dad08e3b25!8m2!3d-0.1868942!4d-78.4895295!16s%2Fg%2F11g18q1w1r!19sChIJ2_FznmOa1ZERJTuO0Nr5Ppc?authuser=0&hl=es-419&g_ep=EgoyMDI2MDkxNS4wIJJjKgBIAVAD&rclk=1"
"Kings Barber Shop - Corte de Cabello y Barba en Quito","098 327 3948","","4.7","487","http://www.kingsbs.com/","sitio_propio","","false","Barbería","Checoslovaquia E9-75, 1701Ecuador, 170135 Quito","La Floresta, Quito","https://www.google.com/maps/place/Kings+Barber+Shop+-+Corte+de+Cabello+y+Barba+en+Quito/data=!4m7!3m6!1s0x91d59a7e7b642049:0x6656a7e241a4cc69!8m2!3d-0.1858985!4d-78.4810555!16s%2Fg%2F11c5qm62zy!19sChIJSSBke36a1ZERacykQeKnVmY?authuser=0&hl=es-419&g_ep=EgoyMDI2MDkxNS4wIJJjKgBIAVAD&rclk=1"
"ESTUDIO NINFA EXPERTO CAPILAR","099 838 4813","","4.5","38","http://www.ninfacentrodeimagen.ec/","sitio_propio","","true","Peluquería","Grecia 77, 170504 Quito","La Floresta, Quito","https://www.google.com/maps/place/ESTUDIO+NINFA+EXPERTO+CAPILAR/data=!4m7!3m6!1s0x91d59a636846495b:0x50c69c81de52b142!8m2!3d-0.1870422!4d-78.4882245!16s%2Fg%2F11g6qmfw4_!19sChIJW0lGaGOa1ZERQrFS3oGcxlA?authuser=0&hl=es-419&g_ep=EgoyMDI2MDkxNS4wIJJjKgBIAVAD&rclk=1"
"Top Beauty Salon Centro de Alisados","099 562 3581","","4.1","44","https://linktr.ee/thetopbeautysalon","solo_red_social","","true","Peluquería","Edificio Presidente, Av. de la República y Diego de Almagro E7-143 y, 170518 Quito","La Floresta, Quito","https://www.google.com/maps/place/Top+Beauty+Salon+Centro+de+Alisados/data=!4m7!3m6!1s0x91d59a7ea30e9601:0xd81763fdf14157ac!8m2!3d-0.1940114!4d-78.4847969!16s%2Fg%2F11c1rg0c94!19sChIJAZYOo36a1ZERrFdB8f1jF9g?authuser=0&hl=es-419&g_ep=EgoyMDI2MDkxNS4wIJJjKgBIAVAD&rclk=1"
"VANITÉ LOUNGE","099 111 2859","388fe63e6063cc241ca2a1b0f52622a3@o61919.ingest.us","4.3","49","https://www.fresha.com/es/a/vanite-lounge-quito-checoslovaquia-n7bhkyk2","sitio_propio","2026","false","Peluquería","Edificio Maranello, Checoslovaquía, y y Suiza, 170135 Quito","La Floresta, Quito","https://www.google.com/maps/place/VANIT%C3%89+LOUNGE/data=!4m7!3m6!1s0x91d59bb46d044d5f:0x5089f459f04fe86b!8m2!3d-0.1863427!4d-78.481343!16s%2Fg%2F11g0ssfp4b!19sChIJX00EbbSb1ZERa-hP8Fn0iVA?authuser=0&hl=es-419&g_ep=EgoyMDI2MDkxNS4wIJJjKgBIAVAD&rclk=1"
"The Cave • Mall El Jardín","098 307 6828","","4.8","1065","http://thecave.ec/","sitio_propio","2022","false","Barbería","Mall El Jardín, 170518 Quito","La Floresta, Quito","https://www.google.com/maps/place/The+Cave+%E2%80%A2+Mall+El+Jard%C3%ADn/data=!4m7!3m6!1s0x91d59bc1024c85c3:0x80b096f3ab85a0e1!8m2!3d-0.1900467!4d-78.4873404!16s%2Fg%2F11p56mxhlz!19sChIJw4VMAsGb1ZER4aCFq_OWsIA?authuser=0&hl=es-419&g_ep=EgoyMDI2MDkxNS4wIJJjKgBIAVAD&rclk=1"
"Ohlalá Beauty Studio González Suárez / BALAYAGE, COLOR, TRATAMIENTOS, ALISADOS, MANICURE, PEDICURE, DEPILACIÓN Y MAQUILLAJE","096 177 4444","","4.8","106","","ninguno","","true","Peluquería","Edificio Acrópolis, Av. Gonzalez Suarez 32-69 y, 170184 Quito","La Floresta, Quito","https://www.google.com/maps/place/Ohlal%C3%A1+Beauty+Studio+Gonz%C3%A1lez+Su%C3%A1rez+%2F+BALAYAGE,+COLOR,+TRATAMIENTOS,+ALISADOS,+MANICURE,+PEDICURE,+DEPILACI%C3%93N+Y+MAQUILLAJE/data=!4m7!3m6!1s0x91d59bf3a84e033f:0x794262db52c17d00!8m2!3d-0.195195!4d-78.4782633!16s%2Fg%2F11jzsgg62c!19sChIJPwNOqPOb1ZERAH3BUttiQnk?authuser=0&hl=es-419&g_ep=EgoyMDI2MDkxNS4wIJJjKgBIAVAD&rclk=1"
"Barber House Quito - Republica del Salvador","098 115 7622","info@barberhouse.ec","4.9","237","https://www.barberhouse.ec/","sitio_propio","","false","Barbería","Av. República de El Salvador y Moscú, 170505 Quito","La Floresta, Quito","https://www.google.com/maps/place/Barber+House+Quito+-+Republica+del+Salvador/data=!4m7!3m6!1s0x91d59b6d43447f89:0xfefa920c836d2a95!8m2!3d-0.1846798!4d-78.4806303!16s%2Fg%2F11lp742xb7!19sChIJiX9EQ22b1ZERlSptgwyS-v4?authuser=0&hl=es-419&g_ep=EgoyMDI2MDkxNS4wIJJjKgBIAVAD&rclk=1"
"Meextin Peluquería","(02) 252-3834","","4.6","148","","ninguno","","true","Barbería","E6 221, Av. Eloy Alfaro &, Quito","La Floresta, Quito","https://www.google.com/maps/place/Meextin+Peluquer%C3%ADa/data=!4m7!3m6!1s0x91d59a654f4be2a3:0xa8343fd34c44c7f2!8m2!3d-0.1909945!4d-78.4873134!16s%2Fg%2F11dxm8tkv3!19sChIJo-JLT2Wa1ZER8sdETNM_NKg?authuser=0&hl=es-419&g_ep=EgoyMDI2MDkxNS4wIJJjKgBIAVAD&rclk=1"
"The Garden Hair Salon","096 320 6922","","4.7","55","https://www.instagram.com/thegardenhairsalon?igsh=MWpkbGhsZGl5NTRjag==","solo_red_social","","true","Peluquería","Edificio, Torres Santa Fe, Av. 6 de Diciembre N31 50, 170517 Quito","La Floresta, Quito","https://www.google.com/maps/place/The+Garden+Hair+Salon/data=!4m7!3m6!1s0x91d59a7116376c3b:0x7a0c7aa2aadd9dee!8m2!3d-0.1954426!4d-78.4823732!16s%2Fg%2F11f9j8cvpn!19sChIJO2w3FnGa1ZER7p3dqqJ6DHo?authuser=0&hl=es-419&g_ep=EgoyMDI2MDkxNS4wIJJjKgBIAVAD&rclk=1"
"Pablo Giraldo Studio Peluquería y Maquillaje.","099 251 9992","","4.9","40","","ninguno","","true","Peluquería","Edificio Samedán local 2, Checoslovaquia y Av. 6 de Diciembre E10-174, 170505 Quito","La Floresta, Quito","https://www.google.com/maps/place/Pablo+Giraldo+Studio+Peluquer%C3%ADa+y+Maquillaje./data=!4m7!3m6!1s0x91d59a7ef6a9d49f:0x3b858a082d41b791!8m2!3d-0.1858434!4d-78.4787778!16s%2Fg%2F11cs9yzj7d!19sChIJn9Sp9n6a1ZERkbdBLQiKhTs?authuser=0&hl=es-419&g_ep=EgoyMDI2MDkxNS4wIJJjKgBIAVAD&rclk=1"
"Glam Room Beauty Salon Quito","098 462 2694","","5","9","https://www.instagram.com/glam_room_salon/","solo_red_social","","true","Peluquería","Mariana de Jesús E7-233 y La Pradera, edificio Arezzo Plaza, local 101, Quito","La Floresta, Quito","https://www.google.com/maps/place/Glam+Room+Beauty+Salon+Quito/data=!4m7!3m6!1s0x91d59baea442ba63:0xb8fc511c38c972f0!8m2!3d-0.1952005!4d-78.4854702!16s%2Fg%2F11qg4ztx0g!19sChIJY7pCpK6b1ZER8HLJOBxR_Lg?authuser=0&hl=es-419&g_ep=EgoyMDI2MDkxNS4wIJJjKgBIAVAD&rclk=1"
"Verónica Peluquería Unisex","099 330 6803","","4.8","22","https://www.instagram.com/peluqueriaveronicaunisex?igsh=b2g4cXEyOWZ3bW9k","solo_red_social","","true","Peluquería","Edificio Plaza Tizziano, Calle Carlos Tobar, La Carolina E6-124, 170102 Quito, Pichincha","La Floresta, Quito","https://www.google.com/maps/place/Ver%C3%B3nica+Peluquer%C3%ADa+Unisex/data=!4m7!3m6!1s0x91d59a7a8d21256f:0x2939f4b0631a77ce!8m2!3d-0.1912924!4d-78.4842651!16s%2Fg%2F11gjhf36gm!19sChIJbyUhjXqa1ZERzncaY7D0OSk?authuser=0&hl=es-419&g_ep=EgoyMDI2MDkxNS4wIJJjKgBIAVAD&rclk=1"
"Eliberto Peluquería","222-3243","","4.7","36","","ninguno","","true","Barbería","RG69+785, Bélgica, 170135 Quito","La Floresta, Quito","https://www.google.com/maps/place/Eliberto+Peluquer%C3%ADa/data=!4m7!3m6!1s0x91d59a7bdb40f313:0xc7a7aab0d52ee377!8m2!3d-0.189359!4d-78.4816274!16s%2Fg%2F11dfqyxgvz!19sChIJE_NA23ua1ZERd-Mu1bCqp8c?authuser=0&hl=es-419&g_ep=EgoyMDI2MDkxNS4wIJJjKgBIAVAD&rclk=1"
"StrawBeauty Coruña | MANICURE PEDICURE, BALAYAGE, ALISADOS, PESTAÑAS, MAQUILLAJE","(02) 381-8113","","4.5","178","https://beacons.ai/strawbeautystudio?fbclid=PAAabe5GkjZ6FBqK7BQXL1Z95gF4NUlkW-gCMy7C2YkMODrgQ4vJpsf4Kw7BA","sitio_propio","","false","Peluquería","Av. La Coruña y Whymper N31-02 y, 170517 Quito","La Floresta, Quito","https://www.google.com/maps/place/StrawBeauty+Coru%C3%B1a+%7C+MANICURE+PEDICURE,+BALAYAGE,+ALISADOS,+PESTA%C3%91AS,+MAQUILLAJE/data=!4m7!3m6!1s0x91d59a714e3fd093:0x790813c907654040!8m2!3d-0.1963989!4d-78.4815139!16s%2Fg%2F11c5rv7wm_!19sChIJk9A_TnGa1ZERQEBlB8kTCHk?authuser=0&hl=es-419&g_ep=EgoyMDI2MDkxNS4wIJJjKgBIAVAD&rclk=1"
"Susi Queen Beauty Studio","099 789 2707","","4.8","121","https://www.instagram.com/susi_queen_beauty_studio?igsh=dGZvM2sxaHN0OGR2","solo_red_social","","true","Centro de estética","La Colon y, La Rábida, Quito","La Floresta, Quito","https://www.google.com/maps/place/Susi+Queen+Beauty+Studio/data=!4m7!3m6!1s0x91d59bdf543fbc3d:0x2be1487aab3835c5!8m2!3d-0.2002773!4d-78.4893597!16s%2Fg%2F11h3qrs7dj!19sChIJPbw_VN-b1ZERxTU4q3pI4Ss?authuser=0&hl=es-419&g_ep=EgoyMDI2MDkxNS4wIJJjKgBIAVAD&rclk=1"
"Michael Peluquería & Spa","099 908 4205","","4.9","8","https://m.facebook.com/?_rdr#!/Peluqueria.Michael/?ref=bookmarks","solo_red_social","","true","Peluquería","Versalles N25-65, 170102 Quito","La Floresta, Quito","https://www.google.com/maps/place/Michael+Peluquer%C3%ADa+%26+Spa/data=!4m7!3m6!1s0x91d59b4fcfd86d25:0xb0d4cf369696402f!8m2!3d-0.1963927!4d-78.4977262!16s%2Fg%2F11pwyd_ns6!19sChIJJW3Yz0-b1ZERL0CWljbP1LA?authuser=0&hl=es-419&g_ep=EgoyMDI2MDkxNS4wIJJjKgBIAVAD&rclk=1"
"Lauri's Peluqueria & Imagen","099 908 2286","","4.7","32","","ninguno","","true","Barbería","RG43+MX3, 170129 Quito","La Floresta, Quito","https://www.google.com/maps/place/Lauri%27s+Peluqueria+%26+Imagen/data=!4m7!3m6!1s0x91d59a688a78552f:0xfe9343de7cc96d4!8m2!3d-0.1933688!4d-78.4950728!16s%2Fg%2F11d_dw3b9f!19sChIJL1V4imia1ZER1JbM5z006Q8?authuser=0&hl=es-419&g_ep=EgoyMDI2MDkxNS4wIJJjKgBIAVAD&rclk=1"
"Peluquería Carell Unisex by Micropigmentación - Pestañas","099 670 8371","","4.6","11","https://www.facebook.com/share/1CYussrhVY/","solo_red_social","","true","Peluquería","Quito y Inglaterra E3-42, 170515 Quito","La Floresta, Quito","https://www.google.com/maps/place/Peluquer%C3%ADa+Carell+Unisex+by+Micropigmentaci%C3%B3n+-+Pesta%C3%B1as/data=!4m7!3m6!1s0x91d59a6368960bcb:0x9bf5dd90a04ba7f9!8m2!3d-0.1864007!4d-78.4895286!16s%2Fg%2F11fzf8vjf_!19sChIJywuWaGOa1ZER-adLoJDd9Zs?authuser=0&hl=es-419&g_ep=EgoyMDI2MDkxNS4wIJJjKgBIAVAD&rclk=1"
"Queens Beauty Salon","099 370 8041","","4.9","7","","ninguno","","true","Peluquería","Kings Barber Shop - Corte de Cabello y Barba en Quito, Checoslovaquia y Quito E9-75, 1701Ecuador, 170135 Quito","La Floresta, Quito","https://www.google.com/maps/place/Queens+Beauty+Salon/data=!4m7!3m6!1s0x91d59b69323ebf63:0x354d9579806e2df6!8m2!3d-0.1858532!4d-78.481004!16s%2Fg%2F11hzwrwsl_!19sChIJY78-Mmmb1ZER9i1ugHmVTTU?authuser=0&hl=es-419&g_ep=EgoyMDI2MDkxNS4wIJJjKgBIAVAD&rclk=1"
"Peluquería Anderson","","","4.5","42","","ninguno","","true","Peluquería","QFQW+QH5, 170103 Quito","La Floresta, Quito","https://www.google.com/maps/place/Peluquer%C3%ADa+Anderson/data=!4m7!3m6!1s0x91d59a3caa8b05ad:0x263cabc4a3ebbcbd!8m2!3d-0.2106015!4d-78.50352!16s%2Fg%2F11csq8sm_2!19sChIJrQWLqjya1ZERvbzro8SrPCY?authuser=0&hl=es-419&g_ep=EgoyMDI2MDkxNS4wIJJjKgBIAVAD&rclk=1"
"Barberia & Peluquería Iván Rivero Studio","098 495 2431","","5","98","","ninguno","","true","Barbería","Edificio Ikari, Alemania 408, 170515 Quito","La Floresta, Quito","https://www.google.com/maps/place/Barberia+%26+Peluquer%C3%ADa+Iv%C3%A1n+Rivero+Studio/data=!4m7!3m6!1s0x91d59b0017d202e1:0x764c40324fd6d2ff!8m2!3d-0.1927274!4d-78.4919674!16s%2Fg%2F11xnrsmds0!19sChIJ4QLSFwCb1ZER_9LWTzJATHY?authuser=0&hl=es-419&g_ep=EgoyMDI2MDkxNS4wIJJjKgBIAVAD&rclk=1"
"EnBoga Peluquería Y Estética","","","4.4","36","","ninguno","","true","Peluquería","170129 Quito","La Floresta, Quito","https://www.google.com/maps/place/EnBoga+Peluquer%C3%ADa+Y+Est%C3%A9tica/data=!4m7!3m6!1s0x91d59a44383d5121:0x620905949c93ab85!8m2!3d-0.1959375!4d-78.5056875!16s%2Fg%2F11cly7b02r!19sChIJIVE9OESa1ZERhauTnJQFCWI?authuser=0&hl=es-419&g_ep=EgoyMDI2MDkxNS4wIJJjKgBIAVAD&rclk=1"
"Beauty Salon","096 807 1020","","4.3","18","","ninguno","","true","Peluquería","Av. Mariana de Jesús, 170519 Quito","La Floresta, Quito","https://www.google.com/maps/place/Beauty+Salon/data=!4m7!3m6!1s0x91d59b35e80e32e5:0xa19009c01c2a2e58!8m2!3d-0.1893227!4d-78.4896812!16s%2Fg%2F11h1lsw9_0!19sChIJ5TIO6DWb1ZERWC4qHMAJkKE?authuser=0&hl=es-419&g_ep=EgoyMDI2MDkxNS4wIJJjKgBIAVAD&rclk=1"
"Peluqueria Roosee","(02) 255-7855","","4.4","10","","ninguno","","true","Centro de estética","Torres Whimper, Planta baja, Diego de Almagro N32-15, Quito","La Floresta, Quito","https://www.google.com/maps/place/Peluqueria+Roosee/data=!4m7!3m6!1s0x91d59a708db75ff1:0xcc245dfa9131ece!8m2!3d-0.193411!4d-78.4831119!16s%2Fg%2F11g4j6qc0q!19sChIJ8V-3jXCa1ZERzh4Tqd9Fwgw?authuser=0&hl=es-419&g_ep=EgoyMDI2MDkxNS4wIJJjKgBIAVAD&rclk=1"
"Estilo Dominicano","096 901 2855","","4.6","160","https://www.facebook.com/Estilodominicanoecuador/","solo_red_social","","true","Barbería","y wilson, Juan León Mera, 170524 Quito","La Floresta, Quito","https://www.google.com/maps/place/Estilo+Dominicano/data=!4m7!3m6!1s0x91d59a14a04170d3:0xeba770dda4eff5af!8m2!3d-0.2022227!4d-78.49232!16s%2Fg%2F11clzv5h9t!19sChIJ03BBoBSa1ZERr_XvpN1wp-s?authuser=0&hl=es-419&g_ep=EgoyMDI2MDkxNS4wIJJjKgBIAVAD&rclk=1"
"Edalbertbarber","096 386 2015","","4.9","324","","ninguno","","true","Barbería","Alemania E3-57, 170515 Quito","La Floresta, Quito","https://www.google.com/maps/place/Edalbertbarber/data=!4m7!3m6!1s0x91d59be73d675c27:0x6a8c4bfd71e4baea!8m2!3d-0.1869066!4d-78.4895896!16s%2Fg%2F11mhdrl1wr!19sChIJJ1xnPeeb1ZER6rrkcf1LjGo?authuser=0&hl=es-419&g_ep=EgoyMDI2MDkxNS4wIJJjKgBIAVAD&rclk=1"
"Peluquería Dayana Hair Artist","099 987 5996","","4.9","105","https://instagram.com/dayanahairartist?utm_medium=copy_link","solo_red_social","","true","Centro de estética","Av. 6 de Diciembre &, 170135 Quito","La Floresta, Quito","https://www.google.com/maps/place/Peluquer%C3%ADa+Dayana+Hair+Artist/data=!4m7!3m6!1s0x91d59b6bef8322ef:0xc83d19e961f10b9!8m2!3d-0.1845488!4d-78.4788231!16s%2Fg%2F11rxqqpkrc!19sChIJ7yKD72ub1ZERuRAflp7Rgww?authuser=0&hl=es-419&g_ep=EgoyMDI2MDkxNS4wIJJjKgBIAVAD&rclk=1"
"Instituto de Belleza ""Frances""","099 507 3315","","4.4","55","","ninguno","","true","Centro de estética","Av. América 56, 170129 Quito","La Floresta, Quito","https://www.google.com/maps/place/Instituto+de+Belleza+%22Frances%22/data=!4m7!3m6!1s0x91d59a42a9cc5d6b:0x3b2a469d8f5814b2!8m2!3d-0.1880594!4d-78.4957845!16s%2Fg%2F11ckvvyykf!19sChIJa13MqUKa1ZERshRYj51GKjs?authuser=0&hl=es-419&g_ep=EgoyMDI2MDkxNS4wIJJjKgBIAVAD&rclk=1"
"Centro técnico de alisados Natali Correa","(02) 244-3000","","4.7","58","","ninguno","","true","Peluquería","RG7C+MH3, Checoslovaquia 10192, 170135 Quito","La Floresta, Quito","https://www.google.com/maps/place/Centro+t%C3%A9cnico+de+alisados+Natali+Correa/data=!4m7!3m6!1s0x91d590dc3f3a53e5:0xa469aa8076b02b0e!8m2!3d-0.1855862!4d-78.4786024!16s%2Fg%2F11hbv92ztl!19sChIJ5VM6P9yQ1ZERDiuwdoCqaaQ?authuser=0&hl=es-419&g_ep=EgoyMDI2MDkxNS4wIJJjKgBIAVAD&rclk=1"
"Peluquería Pelos de punta","099 905 4285","","4.8","18","https://www.facebook.com/pelosdepunta.katherine","solo_red_social","","true","Peluquería","García Moreno y Matovelle 11-358 y, 170402 Quito","La Floresta, Quito","https://www.google.com/maps/place/Peluquer%C3%ADa+Pelos+de+punta/data=!4m7!3m6!1s0x91d59b4e2cd44b03:0x31b62af41b3343b6!8m2!3d-0.21274!4d-78.5073782!16s%2Fg%2F11trr6lpc6!19sChIJA0vULE6b1ZERtkMzG_QqtjE?authuser=0&hl=es-419&g_ep=EgoyMDI2MDkxNS4wIJJjKgBIAVAD&rclk=1"
"GLAM STUDIO by Platinum Estetica","098 443 1862","","4.4","20","","ninguno","","true","Centro de estética","Vizcaya, y y Av. La Coruña, 170525 Quito","La Floresta, Quito","https://www.google.com/maps/place/GLAM+STUDIO+by+Platinum+Estetica/data=!4m7!3m6!1s0x91d59b5e8003546b:0xa05ccc8e9423d275!8m2!3d-0.2093389!4d-78.4818807!16s%2Fg%2F11qrwpsh1n!19sChIJa1QDgF6b1ZERddIjlI7MXKA?authuser=0&hl=es-419&g_ep=EgoyMDI2MDkxNS4wIJJjKgBIAVAD&rclk=1"
"Reflejos Peluquería","(02) 254-4316","","5","15","","ninguno","","true","Peluquería","Fray Bartolomé de las Casas oe3-147, 170129 Quito","La Floresta, Quito","https://www.google.com/maps/place/Reflejos+Peluquer%C3%ADa/data=!4m7!3m6!1s0x91d59b3750dd2ca7:0xb5e90b6a7fc141e2!8m2!3d-0.1920886!4d-78.4975088!16s%2Fg%2F11spp8ngd4!19sChIJpyzdUDeb1ZER4kHBf2oL6bU?authuser=0&hl=es-419&g_ep=EgoyMDI2MDkxNS4wIJJjKgBIAVAD&rclk=1"
"Monse Peluquería","098 796 6342","","4.9","29","","ninguno","","true","Peluquería","Av. La Coruña 2711, 170517 Quito","La Floresta, Quito","https://www.google.com/maps/place/Monse+Peluquer%C3%ADa/data=!4m7!3m6!1s0x91d59be574a0b1b1:0xf9c411b4e94fdcbd!8m2!3d-0.1988199!4d-78.4825727!16s%2Fg%2F11fw29j3nr!19sChIJsbGgdOWb1ZERvdxP6bQRxPk?authuser=0&hl=es-419&g_ep=EgoyMDI2MDkxNS4wIJJjKgBIAVAD&rclk=1"
"Florence Studio Spa & Peluquería","099 968 9711","","4.4","7","https://www.facebook.com/florencestudiospapeluqueria?mibextid=LQQJ4d","solo_red_social","","true","Centro de estética","RG65+CFF, Av. Mariana de Jesús, 170102 Quito","La Floresta, Quito","https://www.google.com/maps/place/Florence+Studio+Spa+%26+Peluquer%C3%ADa/data=!4m7!3m6!1s0x91d59bc7646a7e35:0xe5bd6de394d93c08!8m2!3d-0.1889342!4d-78.4913421!16s%2Fg%2F11y46b35qk!19sChIJNX5qZMeb1ZERCDzZlONtveU?authuser=0&hl=es-419&g_ep=EgoyMDI2MDkxNS4wIJJjKgBIAVAD&rclk=1"
"Gustavo Peluquería","099 972 2953","","4.5","30","","ninguno","","true","Peluquería","Av. Gonzalez Suarez y San Ignacio N28-48 y, 170517 Quito","La Floresta, Quito","https://www.google.com/maps/place/Gustavo+Peluquer%C3%ADa/data=!4m7!3m6!1s0x91d59a74600543f1:0x7dae97c1c5640f94!8m2!3d-0.1993758!4d-78.4792088!16s%2Fg%2F11csr3st93!19sChIJ8UMFYHSa1ZERlA9kxcGXrn0?authuser=0&hl=es-419&g_ep=EgoyMDI2MDkxNS4wIJJjKgBIAVAD&rclk=1"
"Peluquerías Herrera Hermanos","099 507 7938","sandrohh1@gmail.com","4.9","7","http://www.peluqueriasherrerahermanos.com/","sitio_propio","","false","Barbería","Multicentro Shopping Center, Multicentro local 206 SEGUNDO PISO Av 6 de Diciembre, y y La Niña, 170501 Quito","La Floresta, Quito","https://www.google.com/maps/place/Peluquer%C3%ADas+Herrera+Hermanos/data=!4m7!3m6!1s0x91d59a728b506efb:0xf319428e417e71e0!8m2!3d-0.1993583!4d-78.4854681!16s%2Fg%2F11gk8_j0p6!19sChIJ-25Qi3Ka1ZER4HF-QY5CGfM?authuser=0&hl=es-419&g_ep=EgoyMDI2MDkxNS4wIJJjKgBIAVAD&rclk=1"
"Madam Beauty Studio Quito","096 987 1308","","4.2","13","https://instagram.com/madam_uio?igshid=MzRlODBiNWFlZA==","solo_red_social","","true","Tienda de belleza y salud","Av. República de El Salvador N34-79, 170505 Quito","La Floresta, Quito","https://www.google.com/maps/place/Madam+Beauty+Studio+Quito/data=!4m7!3m6!1s0x91d59b08d8f9615f:0xf3b04ad1cc3c4d17!8m2!3d-0.1856536!4d-78.4821019!16s%2Fg%2F11v76d0bp9!19sChIJX2H52Aib1ZERF008zNFKsPM?authuser=0&hl=es-419&g_ep=EgoyMDI2MDkxNS4wIJJjKgBIAVAD&rclk=1"
"Jesabell spa & academy","099 780 4413","","4.8","67","","ninguno","","true","Spa","Av. Paúl Rivet y Whymper, 170517 Quito","La Floresta, Quito","https://www.google.com/maps/place/Jesabell+spa+%26+academy/data=!4m7!3m6!1s0x91d59bc8800d7327:0x348eb3b0b9dde3ed!8m2!3d-0.1957146!4d-78.4815322!16s%2Fg%2F11fzvy0zdh!19sChIJJ3MNgMib1ZER7ePdubCzjjQ?authuser=0&hl=es-419&g_ep=EgoyMDI2MDkxNS4wIJJjKgBIAVAD&rclk=1"
"Eddy Peluquería","099 410 7952","","4.9","17","","ninguno","","true","Peluquería","Gral. Vicente Aguirre 1-10, 170129 Quito","La Floresta, Quito","https://www.google.com/maps/place/Eddy+Peluquer%C3%ADa/data=!4m7!3m6!1s0x91d59b393d26b0d9:0xf3145545c88cac8f!8m2!3d-0.1960312!4d-78.4956347!16s%2Fg%2F11rh8zkprf!19sChIJ2bAmPTmb1ZERj6yMyEVVFPM?authuser=0&hl=es-419&g_ep=EgoyMDI2MDkxNS4wIJJjKgBIAVAD&rclk=1"
"Carolina Herrera Studio PESTAÑAS CEJAS UÑAS","099 617 7680","","4.8","494","https://www.instagram.com/reel/CW119Swl0hU/?utm_medium=copy_link","solo_red_social","","true","Centro de estética","Av. Gonzalez Suarez, y y Muros, 170517 Quito","La Floresta, Quito","https://www.google.com/maps/place/Carolina+Herrera+Studio+PESTA%C3%91AS+CEJAS+U%C3%91AS/data=!4m7!3m6!1s0x91d59b31b26bc387:0x3b2b8457c026081d!8m2!3d-0.2020352!4d-78.4809517!16s%2Fg%2F11r34yh2hd!19sChIJh8NrsjGb1ZERHQgmwFeEKzs?authuser=0&hl=es-419&g_ep=EgoyMDI2MDkxNS4wIJJjKgBIAVAD&rclk=1"
"Roja in Color","099 821 8163","","5","47","http://www.instagram.com/rojaincolorstudio","solo_red_social","","true","Peluquería","Italia y Av. Mariana de Jesús, 170147 Quito","La Floresta, Quito","https://www.google.com/maps/place/Roja+in+Color/data=!4m7!3m6!1s0x91d59b5ac00274d1:0xb25dfcb7e67fef36!8m2!3d-0.1880278!4d-78.4892292!16s%2Fg%2F11fww_3mc0!19sChIJ0XQCwFqb1ZERNu9_5rf8XbI?authuser=0&hl=es-419&g_ep=EgoyMDI2MDkxNS4wIJJjKgBIAVAD&rclk=1"
"Serenity spa y peluquería","099 871 9761","","5","16","https://wa.me/c/593998719761","solo_red_social","","true","Centro de estética","Luis Godin E13-117, 170136 Quito","La Floresta, Quito","https://www.google.com/maps/place/Serenity+spa+y+peluquer%C3%ADa/data=!4m7!3m6!1s0x91d59a1c5671b1e9:0x207aaf48f25b20cc!8m2!3d-0.2172889!4d-78.4893945!16s%2Fg%2F11fy_czrq_!19sChIJ6bFxVhya1ZERzCBb8kiveiA?authuser=0&hl=es-419&g_ep=EgoyMDI2MDkxNS4wIJJjKgBIAVAD&rclk=1"
"Cristhian Játiva VIP","099 266 8044","","4.6","55","","ninguno","","true","Peluquería","RG8C+JG3, Av. 6 de Diciembre E10-15, 170135 Quito","La Floresta, Quito","https://www.google.com/maps/place/Cristhian+J%C3%A1tiva+VIP/data=!4m7!3m6!1s0x91d59a7e27d96ced:0x16295958c0fb36c7!8m2!3d-0.1833923!4d-78.4786781!16s%2Fg%2F11by_l91qq!19sChIJ7WzZJ36a1ZERxzb7wFhZKRY?authuser=0&hl=es-419&g_ep=EgoyMDI2MDkxNS4wIJJjKgBIAVAD&rclk=1"
"STYLISH-NAIL'S PELUQUERÍA","098 568 1034","","5","19","https://instagram.com/stylish5nails?igshid=YmMyMTA2M2Y=","solo_red_social","","true","Centro de estética","Jorje juan, y y Gral. Murgeon, Quito","La Floresta, Quito","https://www.google.com/maps/place/STYLISH-NAIL%27S+PELUQUER%C3%8DA/data=!4m7!3m6!1s0x91d59b466f951489:0x48188c89f06c9652!8m2!3d-0.1902284!4d-78.4941993!16s%2Fg%2F11rsdz4148!19sChIJiRSVb0ab1ZERUpZs8ImMGEg?authuser=0&hl=es-419&g_ep=EgoyMDI2MDkxNS4wIJJjKgBIAVAD&rclk=1"
"Peluquería Fusión","099 587 5407","","5","7","","ninguno","","true","Peluquería","RG22+4HM, Fray Antonio de Marchena, 170129 Quito","La Floresta, Quito","https://www.google.com/maps/place/Peluquer%C3%ADa+Fusi%C3%B3n/data=!4m7!3m6!1s0x91d59b273a2fa38f:0x75a454f8c5c12209!8m2!3d-0.1996651!4d-78.498578!16s%2Fg%2F11h6q4w18g!19sChIJj6MvOieb1ZERCSLBxfhUpHU?authuser=0&hl=es-419&g_ep=EgoyMDI2MDkxNS4wIJJjKgBIAVAD&rclk=1"
"Iconic Lounge Beauty Bar","098 713 3861","","4.3","10","","ninguno","","true","Salón de manicura y pedicura","Av Amazonas, y y Av. de la República, Quito","La Floresta, Quito","https://www.google.com/maps/place/Iconic+Lounge+Beauty+Bar/data=!4m7!3m6!1s0x91d59b51a3b4c755:0x8f833a15f38eed3d!8m2!3d-0.1877693!4d-78.487887!16s%2Fg%2F11sd6w13g4!19sChIJVce0o1Gb1ZERPe2O8xU6g48?authuser=0&hl=es-419&g_ep=EgoyMDI2MDkxNS4wIJJjKgBIAVAD&rclk=1"
"Milly Spa & Peluquería","099 990 3372","","5","6","","ninguno","","true","Centro de estética","Av Amazonas, y y Jorge Washington, 170143 Quito","La Floresta, Quito","https://www.google.com/maps/place/Milly+Spa+%26+Peluquer%C3%ADa/data=!4m7!3m6!1s0x91d59b000bfa6d77:0xe89c79d29033a5d!8m2!3d-0.205719!4d-78.4960505!16s%2Fg%2F11xf_pm91d!19sChIJd236CwCb1ZERXToDKZ3HiQ4?authuser=0&hl=es-419&g_ep=EgoyMDI2MDkxNS4wIJJjKgBIAVAD&rclk=1"
"Palú","(02) 510-7090","","4","260","","ninguno","","true","Centro de estética","Av. Río Amazonas y El Jardín 2484, 170143 Quito","La Floresta, Quito","https://www.google.com/maps/place/Pal%C3%BA/data=!4m7!3m6!1s0x91d59a65221f71d9:0xda98eb4e8078ef73!8m2!3d-0.1906041!4d-78.4879973!16s%2Fg%2F11gjt9qs_8!19sChIJ2XEfImWa1ZERc-94gE7rmNo?authuser=0&hl=es-419&g_ep=EgoyMDI2MDkxNS4wIJJjKgBIAVAD&rclk=1"
"Cabelo Vermelho Peluquería","(02) 382-5196","","3.8","10","https://www.facebook.com/peluqueria.cabelo.vermelho/","solo_red_social","","true","Peluquería","N30- y, Av. Eloy Alfaro y Alemania &, Quito","La Floresta, Quito","https://www.google.com/maps/place/Cabelo+Vermelho+Peluquer%C3%ADa/data=!4m7!3m6!1s0x91d59a6f378183ff:0xffc16567d169f5dd!8m2!3d-0.1931947!4d-78.4916942!16s%2Fg%2F11cs3z8zh5!19sChIJ_4OBN2-a1ZER3fVp0Wdlwf8?authuser=0&hl=es-419&g_ep=EgoyMDI2MDkxNS4wIJJjKgBIAVAD&rclk=1"
"Sumak Estudio - Peluquería","096 271 4442","","4.4","17","","ninguno","","true","Peluquería","Av. 6 de Diciembre y Av. Cristóbal Colón N25-38 y, 170524 Quito","La Floresta, Quito","https://www.google.com/maps/place/Sumak+Estudio+-+Peluquer%C3%ADa/data=!4m7!3m6!1s0x91d59bf5785c6b5d:0x31229897757c97be!8m2!3d-0.2018807!4d-78.4860646!16s%2Fg%2F11rsn06q9s!19sChIJXWtcePWb1ZERvpd8dZeYIjE?authuser=0&hl=es-419&g_ep=EgoyMDI2MDkxNS4wIJJjKgBIAVAD&rclk=1"
"Skarleth Peluqueria","099 272 7595","","5","16","","ninguno","","true","Peluquería","Rio de Janeiro y Manuel Larrea OE2-83 Y, 170402 Quito","La Floresta, Quito","https://www.google.com/maps/place/Skarleth+Peluqueria/data=!4m7!3m6!1s0x91d59b7c421b93cf:0x2ea549c51a14460b!8m2!3d-0.2094285!4d-78.5021269!16s%2Fg%2F11h3ycjfp0!19sChIJz5MbQnyb1ZERC0YUGsVJpS4?authuser=0&hl=es-419&g_ep=EgoyMDI2MDkxNS4wIJJjKgBIAVAD&rclk=1"
"PETHIJOS Spa, Peluquería canina y felina","098 487 5085","","4.2","62","https://pethijos-f7pdmqgi.manus.space/","sitio_propio","","false","Peluquero de mascotas","Checoslovaquia y Suiza 610 y, 170505 Quito","La Floresta, Quito","https://www.google.com/maps/place/PETHIJOS+Spa,+Peluquer%C3%ADa+canina+y+felina/data=!4m7!3m6!1s0x91d59a7fc537131d:0x566834fac1caccca!8m2!3d-0.1875879!4d-78.4823119!16s%2Fg%2F11pxx614jq!19sChIJHRM3xX-a1ZERyszKwfo0aFY?authuser=0&hl=es-419&g_ep=EgoyMDI2MDkxNS4wIJJjKgBIAVAD&rclk=1"
"Nexus Peluquería","(02) 600-9237","","4.8","6","https://nexxuspeluqueria.com/","sitio_propio","","false","Centro de estética","Edificio Florencia 1, Av. Gonzalez Suarez N32-42, Quito","La Floresta, Quito","https://www.google.com/maps/place/Nexus+Peluquer%C3%ADa/data=!4m7!3m6!1s0x91d59a745edd2715:0xbf9113d7c1cf77d9!8m2!3d-0.1990733!4d-78.4793432!16s%2Fg%2F11fd6gyl6f!19sChIJFSfdXnSa1ZER2XfPwdcTkb8?authuser=0&hl=es-419&g_ep=EgoyMDI2MDkxNS4wIJJjKgBIAVAD&rclk=1"
"Katty Look Peluquería","096 398 9383","","4.3","8","","ninguno","","true","Centro de estética","Av. República E5 -22 e, Inglaterra Esq, 170508 Quito","La Floresta, Quito","https://www.google.com/maps/place/Katty+Look+Peluquer%C3%ADa/data=!4m7!3m6!1s0x91d59a60555df187:0x871bc04dd699db4d!8m2!3d-0.185832!4d-78.488486!16s%2Fg%2F11ffl_rp3g!19sChIJh_FdVWCa1ZERTduZ1k3AG4c?authuser=0&hl=es-419&g_ep=EgoyMDI2MDkxNS4wIJJjKgBIAVAD&rclk=1"
"Casa de la Belleza","(02) 252-0341","","5","8","","ninguno","","true","Proveedor de productos de belleza","Pje. Potosi E6-268, 170515 Quito","La Floresta, Quito","https://www.google.com/maps/place/Casa+de+la+Belleza/data=!4m7!3m6!1s0x91d59a652e1cab35:0x4ed97351bcbb8bfd!8m2!3d-0.1906764!4d-78.486998!16s%2Fg%2F11hynjh9xh!19sChIJNascLmWa1ZER_Yu7vFFz2U4?authuser=0&hl=es-419&g_ep=EgoyMDI2MDkxNS4wIJJjKgBIAVAD&rclk=1"
"ROUSS PELUQUERIA","098 852 4826","","4.3","9","https://linktr.ee/rousspeluqueria","solo_red_social","","true","Centro de estética","Farmacias Económicas, Calle geovanny calles y Quitus junto a Farmacias Económicas Calle geovanny Calles y Quitus junto a, 170202 Quito","González Suárez, Quito","https://www.google.com/maps/place/ROUSS+PELUQUERIA/data=!4m7!3m6!1s0x91d58fbc8e169605:0x21324bd5995cc87b!8m2!3d-0.092448!4d-78.4337633!16s%2Fg%2F11j1chwdt8!19sChIJBZYWjryP1ZERe8hcmdVLMiE?authuser=0&hl=es-419&g_ep=EgoyMDI2MDkxNS4wIJJjKgBIAVAD&rclk=1"
"Marko Gonzalez makeup artist and hair style","099 925 5001","","5","20","","ninguno","","true","Peluquería","Pedro Basan, 170102 Quito","González Suárez, Quito","https://www.google.com/maps/place/Marko+Gonzalez+makeup+artist+and+hair+style/data=!4m7!3m6!1s0x91d59b98d4fe2291:0xf67b453838cf8dcd!8m2!3d-0.1762681!4d-78.4947143!16s%2Fg%2F11h7z7nl0n!19sChIJkSL-1Jib1ZERzY3PODhFe_Y?authuser=0&hl=es-419&g_ep=EgoyMDI2MDkxNS4wIJJjKgBIAVAD&rclk=1"
"SOS Hair Spa Quito - Salud Capilar","098 377 9498","","4.9","453","https://www.soshairspa.ec/","sitio_propio","","true","Peluquería","Casanova &, 170102 Quito","González Suárez, Quito","https://www.google.com/maps/place/SOS+Hair+Spa+Quito+-+Salud+Capilar/data=!4m7!3m6!1s0x91d59bec4de41f53:0xe5623de27b0dc743!8m2!3d-0.1813194!4d-78.4764375!16s%2Fg%2F11q9d821m6!19sChIJUx_kTeyb1ZERQ8cNe-I9YuU?authuser=0&hl=es-419&g_ep=EgoyMDI2MDkxNS4wIJJjKgBIAVAD&rclk=1"
"Sensitiva","(02) 381-8250","","3.9","16","https://www.facebook.com/sensitivaspa/","solo_red_social","","true","Peluquería","Edificio Vista al Valle, Av. Gonzalez Suarez N31-18, Local 1, 170136 Quito","González Suárez, Quito","https://www.google.com/maps/place/Sensitiva/data=!4m7!3m6!1s0x91d59a742559c12b:0xe3ee112611acbdaa!8m2!3d-0.1974909!4d-78.4788177!16s%2Fg%2F11gmcf9p8r!19sChIJK8FZJXSa1ZERqr2sESYR7uM?authuser=0&hl=es-419&g_ep=EgoyMDI2MDkxNS4wIJJjKgBIAVAD&rclk=1"
"JORGE RUSSINSKY PELUQUERIA","(02) 330-1568","","4.8","36","https://www.facebook.com/pages/Jorge-Russinsky-Peluqueria/159333257584776?fref=ts","solo_red_social","","true","Centro de estética","Machala, 170104 Quito","González Suárez, Quito","https://www.google.com/maps/place/JORGE+RUSSINSKY+PELUQUERIA/data=!4m7!3m6!1s0x91d585498d340469:0xc1942dfe1fceeed0!8m2!3d-0.1414185!4d-78.4965002!16s%2Fg%2F11bv3vmv2x!19sChIJaQQ0jUmF1ZER0O7OH_4tlME?authuser=0&hl=es-419&g_ep=EgoyMDI2MDkxNS4wIJJjKgBIAVAD&rclk=1"
"Noah Studio Hair Salon","099 269 7627","reservas@noahstudiohairsalon.com; ejemplo@misitio.com","4.9","62","http://www.noahstudiohairsalon.com/","sitio_propio","","false","Peluquería","Av Coruña, y y Av. Francisco de Orellana, 170517 Quito","González Suárez, Quito","https://www.google.com/maps/place/Noah+Studio+Hair+Salon/data=!4m7!3m6!1s0x91d59bb1e55d38ef:0x40c52a4afb4d51e!8m2!3d-0.2002152!4d-78.4824905!16s%2Fg%2F11tckxchrn!19sChIJ7zhd5bGb1ZERHtW0r6RSDAQ?authuser=0&hl=es-419&g_ep=EgoyMDI2MDkxNS4wIJJjKgBIAVAD&rclk=1"
"La Peluqueria Franklin Chavez","099 847 2434","","4.9","40","https://www.facebook.com/La-peluqueria-Franklin-Chavez-138409176187421/","solo_red_social","","true","Peluquería","Roma 37-25, 170102 Quito","González Suárez, Quito","https://www.google.com/maps/place/La+Peluqueria+Franklin+Chavez/data=!4m7!3m6!1s0x91d59a8346f35e4f:0x3d5f6c443b6b1d56!8m2!3d-0.1741054!4d-78.4817385!16s%2Fg%2F11g1xl94vf!19sChIJT17zRoOa1ZERVh1rO0RsXz0?authuser=0&hl=es-419&g_ep=EgoyMDI2MDkxNS4wIJJjKgBIAVAD&rclk=1"
"Andres Cifuentes DISEÑÓ E IMAGEN","099 591 5380","","5","16","","ninguno","","true","Peluquería","Placido Caamano, 170109 Quito","González Suárez, Quito","https://www.google.com/maps/place/Andres+Cifuentes+DISE%C3%91%C3%93+E+IMAGEN/data=!4m7!3m6!1s0x91d59b0003c64a19:0xa01aac3c659a3a6d!8m2!3d-0.202318!4d-78.4838236!16s%2Fg%2F11yrlzp6hb!19sChIJGUrGAwCb1ZERbTqaZTysGqA?authuser=0&hl=es-419&g_ep=EgoyMDI2MDkxNS4wIJJjKgBIAVAD&rclk=1"
"5TH AVENUE PELUQUERÍA","098 358 5292","","4.6","62","","ninguno","","true","Centro de estética","Moscú 34-61, Av. República de El Salvador 170102, Quito","González Suárez, Quito","https://www.google.com/maps/place/5TH+AVENUE+PELUQUER%C3%8DA/data=!4m7!3m6!1s0x91d59a80abbb1589:0x6a25b6416eddcc9a!8m2!3d-0.1851027!4d-78.4803806!16s%2Fg%2F1ptz2_py2!19sChIJiRW7q4Ca1ZERmszdbkG2JWo?authuser=0&hl=es-419&g_ep=EgoyMDI2MDkxNS4wIJJjKgBIAVAD&rclk=1"
"Naturale Nails & Spa","096 300 1224","","5","7","http://www.naturale.life/","sitio_propio","","true","Centro de estética","RG4F+QPJ Edificio La Herradura, Av. Gonzalez Suarez Local 03, 170135 Quito","González Suárez, Quito","https://www.google.com/maps/place/Naturale+Nails+%26+Spa/data=!4m7!3m6!1s0x91d59b8b803fa099:0xd0fd55fab3cd556e!8m2!3d-0.193128!4d-78.4757876!16s%2Fg%2F11txsrzqbq!19sChIJmaA_gIub1ZERblXNs_pV_dA?authuser=0&hl=es-419&g_ep=EgoyMDI2MDkxNS4wIJJjKgBIAVAD&rclk=1"
"Anonymus Peluquería","098 458 0188","","4.4","83","","ninguno","","true","Centro de estética","170521, Quito","González Suárez, Quito","https://www.google.com/maps/place/Anonymus+Peluquer%C3%ADa/data=!4m7!3m6!1s0x91d59a919e603b55:0xc6211d3514d3bfc8!8m2!3d-0.1694464!4d-78.4878927!16s%2Fg%2F11f157_90t!19sChIJVTtgnpGa1ZERyL_TFDUdIcY?authuser=0&hl=es-419&g_ep=EgoyMDI2MDkxNS4wIJJjKgBIAVAD&rclk=1"
"Ava Atelier Beauty Studio","098 785 8443","","5","17","https://www.instagram.com/avaatelier.ec?igsh=bzdobW5seHRrN2Zh","solo_red_social","","true","Salón de manicura y pedicura","Whymper, y y Diego de Almagro E7-178, Quito","González Suárez, Quito","https://www.google.com/maps/place/Ava+Atelier+Beauty+Studio/data=!4m7!3m6!1s0x91d59b6f48e6e141:0x37f33b7013860b5!8m2!3d-0.1939331!4d-78.4832941!16s%2Fg%2F11npx8h_xm!19sChIJQeHmSG-b1ZERtWA4AbczfwM?authuser=0&hl=es-419&g_ep=EgoyMDI2MDkxNS4wIJJjKgBIAVAD&rclk=1"
"Rizos Felices Quito","096 253 0452","","4.5","49","http://www.rizosfelocesquito.ec/","sitio_propio","","true","Peluquería","Edificio Victoria 1, Checoslovaquia E9-96, 170135 Quito","González Suárez, Quito","https://www.google.com/maps/place/Rizos+Felices+Quito/data=!4m7!3m6!1s0x91d59bf27e505f11:0xd71d9185a3eb3903!8m2!3d-0.1860854!4d-78.4807021!16s%2Fg%2F11y4q9f8fg!19sChIJEV9QfvKb1ZERAznro4WRHdc?authuser=0&hl=es-419&g_ep=EgoyMDI2MDkxNS4wIJJjKgBIAVAD&rclk=1"
"Libia Roldán Beauty Studio","099 907 8586","","5","55","https://libiabeautystudio.com/","sitio_propio","","true","Peluquería","Edificio Las Carabelas, La Niña y Yánez Pinzón &, oficina 104, 170522 Quito","González Suárez, Quito","https://www.google.com/maps/place/Libia+Rold%C3%A1n+Beauty+Studio/data=!4m7!3m6!1s0x91d59b12957f6689:0x7ea0fe0b926cb6f6!8m2!3d-0.19948!4d-78.4862228!16s%2Fg%2F11vq0x71rv!19sChIJiWZ_lRKb1ZER9rZskgv-oH4?authuser=0&hl=es-419&g_ep=EgoyMDI2MDkxNS4wIJJjKgBIAVAD&rclk=1"
"VPet Gonzalez Suarez","098 530 6282","","4.7","14","","ninguno","","true","Peluquero de mascotas","Alberto Mena E13 - 54 y, 170517 Quito","González Suárez, Quito","https://www.google.com/maps/place/VPet+Gonzalez+Suarez/data=!4m7!3m6!1s0x91d59b74ebd59683:0xe12ae843891a66f1!8m2!3d-0.1939721!4d-78.4779686!16s%2Fg%2F11v5sf7rq3!19sChIJg5bV63Sb1ZER8WYaiUPoKuE?authuser=0&hl=es-419&g_ep=EgoyMDI2MDkxNS4wIJJjKgBIAVAD&rclk=1"
"CAPONE's Barber Club","(02) 600-8011","","4.8","148","https://m.facebook.com/CAPONEsBarberClub/?ref=page_internal&mt_nav=1","solo_red_social","","true","Barbería","Finlandia, Suecia y PB 188 y, Quito","González Suárez, Quito","https://www.google.com/maps/place/CAPONE%27s+Barber+Club/data=!4m7!3m6!1s0x91d59a813256ca89:0xe43d891dacaa3452!8m2!3d-0.1802844!4d-78.4807068!16s%2Fg%2F11g72g7tbd!19sChIJicpWMoGa1ZERUjSqrB2JPeQ?authuser=0&hl=es-419&g_ep=EgoyMDI2MDkxNS4wIJJjKgBIAVAD&rclk=1"
"Eliana Gonzales Makeup","099 528 3031","","4.5","26","","ninguno","","true","Peluquería","Whymper E7-154, 111517 Quito","González Suárez, Quito","https://www.google.com/maps/place/Eliana+Gonzales+Makeup/data=!4m7!3m6!1s0x91d59a708a60cb81:0x96357b64e2d334e4!8m2!3d-0.1932142!4d-78.4838294!16s%2Fg%2F11bccd3n8h!19sChIJgctginCa1ZER5DTT4mR7NZY?authuser=0&hl=es-419&g_ep=EgoyMDI2MDkxNS4wIJJjKgBIAVAD&rclk=1"
"Barberia Arte y Estylo","(02) 600-8404","","4.9","379","http://arteyestylo.carrd.co/","sitio_propio","2026","false","Barbería","Avenida 6 de Diciembre, y y Los Naranjos, 170102 Quito","González Suárez, Quito","https://www.google.com/maps/place/Barberia+Arte+y+Estylo/data=!4m7!3m6!1s0x91d59a80fcd819af:0xff02d42d3949fb76!8m2!3d-0.1810034!4d-78.4787421!16s%2Fg%2F11gblwjwh0!19sChIJrxnY_ICa1ZERdvtJOS3UAv8?authuser=0&hl=es-419&g_ep=EgoyMDI2MDkxNS4wIJJjKgBIAVAD&rclk=1"
"Cris Conteron Hair Studio","096 921 8837","","4.9","235","","ninguno","","true","Peluquería","La Pradera E7-21, 170518 Quito","González Suárez, Quito","https://www.google.com/maps/place/Cris+Conteron+Hair+Studio/data=!4m7!3m6!1s0x91d59b251a8ca795:0xe1c3ee47564560db!8m2!3d-0.1935643!4d-78.4865324!16s%2Fg%2F11h6n_f9pg!19sChIJlaeMGiWb1ZER22BFVkfuw-E?authuser=0&hl=es-419&g_ep=EgoyMDI2MDkxNS4wIJJjKgBIAVAD&rclk=1"
"Real Women Beauty Lounge","","","4.8","134","https://instagram.com/realwomen.ec?igshid=64mzg1iq8d42","solo_red_social","","true","Peluquería","edificio Kotnetti, Andrade Marin y Antonio Navarro E6-140 y, 170517 Quito","González Suárez, Quito","https://www.google.com/maps/place/Real+Women+Beauty+Lounge/data=!4m7!3m6!1s0x91d59b2204edd735:0x646c6fbce60c63eb!8m2!3d-0.1913434!4d-78.4837633!16s%2Fg%2F11j6yscd75!19sChIJNdftBCKb1ZER62MM5rxvbGQ?authuser=0&hl=es-419&g_ep=EgoyMDI2MDkxNS4wIJJjKgBIAVAD&rclk=1"
"Los Barberos","098 061 0420","","4.5","120","https://www.facebook.com/LosBarberosQuito/","solo_red_social","","true","Peluquería","Edificio Recoleta, planta Baja, Calle, Catalina Aldaz, Quito","González Suárez, Quito","https://www.google.com/maps/place/Los+Barberos/data=!4m7!3m6!1s0x91d59a7fd8ac47df:0xba95b51db1b5e674!8m2!3d-0.1830916!4d-78.4768445!16s%2Fg%2F11d_bj1d4j!19sChIJ30es2H-a1ZERdOa1sR21lbo?authuser=0&hl=es-419&g_ep=EgoyMDI2MDkxNS4wIJJjKgBIAVAD&rclk=1"
"Camila peluqueria Quito","(02) 225-8185","","4.9","20","","ninguno","","true","Peluquería","Av. 6 de Diciembre N35-120, 170102 Quito","González Suárez, Quito","https://www.google.com/maps/place/Camila+peluqueria+Quito/data=!4m7!3m6!1s0x91d59bc9ec258353:0x5bd140175e826d4a!8m2!3d-0.1811473!4d-78.4784336!16s%2Fg%2F11fk4l_837!19sChIJU4Ml7Mmb1ZERSm2CXhdA0Vs?authuser=0&hl=es-419&g_ep=EgoyMDI2MDkxNS4wIJJjKgBIAVAD&rclk=1"
"Zeus Barbería Pradera","098 793 6795","","4.9","77","","ninguno","","true","Peluquería","170135, Quito","González Suárez, Quito","https://www.google.com/maps/place/Zeus+Barber%C3%ADa+Pradera/data=!4m7!3m6!1s0x91d59b3455f503bd:0x4a90698227c8c9dd!8m2!3d-0.1938127!4d-78.4862791!16s%2Fg%2F11x7_shnmq!19sChIJvQP1VTSb1ZER3cnIJ4JpkEo?authuser=0&hl=es-419&g_ep=EgoyMDI2MDkxNS4wIJJjKgBIAVAD&rclk=1"
"Pet Station","095 896 3633","","4","26","https://www.petstation.ec/","sitio_propio","2025","false","Peluquero de mascotas","Av Gonzalez Suarez, y y Jacinto Bejarano, 170517 Quito","González Suárez, Quito","https://www.google.com/maps/place/Pet+Station/data=!4m7!3m6!1s0x91d59be64ed48d07:0xd21b90f78327db9a!8m2!3d-0.1944236!4d-78.4777034!16s%2Fg%2F11v9kvjfqn!19sChIJB43UTuab1ZERmtsng_eQG9I?authuser=0&hl=es-419&g_ep=EgoyMDI2MDkxNS4wIJJjKgBIAVAD&rclk=1"
"John Villa Imagen - Peluquería, Uñas, Spa, Cejas, Depilación - Quito","096 901 2226","","4.9","69","","ninguno","","true","Barbería","Av. Juan José de Villalengua y Domingo de Brieva, 170510 Quito","González Suárez, Quito","https://www.google.com/maps/place/John+Villa+Imagen+-+Peluquer%C3%ADa,+U%C3%B1as,+Spa,+Cejas,+Depilaci%C3%B3n+-+Quito/data=!4m7!3m6!1s0x91d59a924564213d:0x76835090ec6ccdae!8m2!3d-0.1723278!4d-78.4942616!16s%2Fg%2F11f5hkm5rq!19sChIJPSFkRZKa1ZERrs1s7JBQg3Y?authuser=0&hl=es-419&g_ep=EgoyMDI2MDkxNS4wIJJjKgBIAVAD&rclk=1"
"SOFFY ESTUDIO DE BELLEZA","099 539 0672","","5","13","","ninguno","","true","Centro de estética","Yánez Pinzón y Av. Cristóbal Colón, 170517 Quito","González Suárez, Quito","https://www.google.com/maps/place/SOFFY+ESTUDIO+DE+BELLEZA/data=!4m7!3m6!1s0x91d59b3951fe7603:0x4f7c3bccac655b5e!8m2!3d-0.2012223!4d-78.4866144!16s%2Fg%2F11wft9cxfy!19sChIJA3b-UTmb1ZERXltlrMw7fE8?authuser=0&hl=es-419&g_ep=EgoyMDI2MDkxNS4wIJJjKgBIAVAD&rclk=1"
"Laboratorio Rosa","096 279 3934","","4.6","187","","ninguno","","true","Spa","Diego de Almagro, 170102 Quito","González Suárez, Quito","https://www.google.com/maps/place/Laboratorio+Rosa/data=!4m7!3m6!1s0x91d59bbe7ae5e821:0x9e688cb1ae5179a5!8m2!3d-0.1916931!4d-78.482333!16s%2Fg%2F11ty7p1bd4!19sChIJIejler6b1ZERpXlRrrGMaJ4?authuser=0&hl=es-419&g_ep=EgoyMDI2MDkxNS4wIJJjKgBIAVAD&rclk=1"
"Stefany Tejada Makeup Studio","097 918 0000","","4.5","83","","ninguno","","true","Maquillador/a","Andrade Marin &, 170102 Quito","González Suárez, Quito","https://www.google.com/maps/place/Stefany+Tejada+Makeup+Studio/data=!4m7!3m6!1s0x91d59a88326fffff:0x59d72b6f10d9c3ba!8m2!3d-0.1903158!4d-78.4843785!16s%2Fg%2F11fy19t4w6!19sChIJ__9vMoia1ZERusPZEG8r11k?authuser=0&hl=es-419&g_ep=EgoyMDI2MDkxNS4wIJJjKgBIAVAD&rclk=1"
"RITA SIPATOVA PELUQUERÍA & COSMETOLOGÍA","(02) 292-2150","","4","59","https://www.facebook.com/ritasipatovapeluqueria/","solo_red_social","","true","Centro de estética","Catalina Aldaz N34-181 y, 170135 Quito","González Suárez, Quito","https://www.google.com/maps/place/RITA+SIPATOVA+PELUQUER%C3%8DA+%26+COSMETOLOG%C3%8DA/data=!4m7!3m6!1s0x91d59a80764bc285:0xc4e5e2f544cd1fe6!8m2!3d-0.1831476!4d-78.4769079!16s%2Fg%2F11c55rj26z!19sChIJhcJLdoCa1ZER5h_NRPXi5cQ?authuser=0&hl=es-419&g_ep=EgoyMDI2MDkxNS4wIJJjKgBIAVAD&rclk=1"
"Guga Face & body studio","098 400 4854","","4.6","8","https://gugaface-7djwm9cm.manus.space/","sitio_propio","","true","Esteticista facial","Av. Francisco de Orellana y 12 de octubre E12-148 y, 170109 Quito","González Suárez, Quito","https://www.google.com/maps/place/Guga+Face+%26+body+studio/data=!4m7!3m6!1s0x91d591764fe88717:0xf7e6f7acae819d7b!8m2!3d-0.2020564!4d-78.4813965!16s%2Fg%2F11f5tz3ygj!19sChIJF4foT3aR1ZERe52Brqz35vc?authuser=0&hl=es-419&g_ep=EgoyMDI2MDkxNS4wIJJjKgBIAVAD&rclk=1"
"Barberia Y Peluqueria","2994697775","","4.3","12","","ninguno","","true","Barbería","RG8C+FFG, 170135 Quito","González Suárez, Quito","https://www.google.com/maps/place/Barberia+Y+Peluqueria/data=!4m7!3m6!1s0x91d59a7e92a85bf7:0x66bb57414f5a7a5f!8m2!3d-0.1838085!4d-78.4788036!16s%2Fg%2F11f__272cl!19sChIJ91uokn6a1ZERX3paT0FXu2Y?authuser=0&hl=es-419&g_ep=EgoyMDI2MDkxNS4wIJJjKgBIAVAD&rclk=1"
"Fashion Italy Peluquería beauty SPA","098 251 2544","","4.3","6","","ninguno","","true","Peluquería","Av. Eloy Alfaro y Catalina Aldaz N 34-231 y, 170102 Quito","González Suárez, Quito","https://www.google.com/maps/place/Fashion+Italy+Peluquer%C3%ADa+beauty+SPA/data=!4m7!3m6!1s0x91d59a7fe87d8651:0xb596e7d9e835eb25!8m2!3d-0.1839757!4d-78.4766405!16s%2Fg%2F11cp5vfhkc!19sChIJUYZ96H-a1ZERJes16NnnlrU?authuser=0&hl=es-419&g_ep=EgoyMDI2MDkxNS4wIJJjKgBIAVAD&rclk=1"
"Rouss - Barbería y Peluquería","098 756 8704","","5","8","","ninguno","","true","Peluquería","Venezuela y José Joaquín Olmedo 79 y, 170401 Quito","González Suárez, Quito","https://www.google.com/maps/place/Rouss+-+Barber%C3%ADa+y+Peluquer%C3%ADa/data=!4m7!3m6!1s0x91d59bc934e955e9:0xaddc9cd19f794cdd!8m2!3d-0.2187669!4d-78.5105343!16s%2Fg%2F11vk0xwq8q!19sChIJ6VXpNMmb1ZER3Ux5n9Gc3K0?authuser=0&hl=es-419&g_ep=EgoyMDI2MDkxNS4wIJJjKgBIAVAD&rclk=1"
"Veterinaria My Pet","099 518 9107","","4.3","30","https://www.instagram.com/mypetuio/","solo_red_social","","true","Veterinario","Av. La Coruña y Whymper 30-104 y, 170517 Quito","González Suárez, Quito","https://www.google.com/maps/place/Veterinaria+My+Pet/data=!4m7!3m6!1s0x91d59b4b1c36c711:0x9f643015f2a10856!8m2!3d-0.1968627!4d-78.4814676!16s%2Fg%2F11n_ymq7lx!19sChIJEcc2HEub1ZERVgih8hUwZJ8?authuser=0&hl=es-419&g_ep=EgoyMDI2MDkxNS4wIJJjKgBIAVAD&rclk=1"
"Karissma Cumbaya","098 474 2498","","3.9","490","","ninguno","","true","Peluquería","QHX6+GQQ, 170902 Quito","Cumbayá, Quito","https://www.google.com/maps/place/Karissma+Cumbaya/data=!4m7!3m6!1s0x91d590e7791afd85:0xd73ba02a9529a20b!8m2!3d-0.2011624!4d-78.438004!16s%2Fg%2F11g690697y!19sChIJhf0aeeeQ1ZERC6IplSqgO9c?authuser=0&hl=es-419&g_ep=EgoyMDI2MDkxNS4wIJJjKgBIAVAD&rclk=1"
"SOS Hair Spa Cumbayá - Salud Capilar","098 582 4608","","5","316","https://www.soshairspa.ec/","sitio_propio","","true","Peluquería","García Moreno, y y Chimborazo, Quito","Cumbayá, Quito","https://www.google.com/maps/place/SOS+Hair+Spa+Cumbay%C3%A1+-+Salud+Capilar/data=!4m7!3m6!1s0x91d59187537c8879:0x3bf0ee426deaa7c0!8m2!3d-0.2004624!4d-78.4325034!16s%2Fg%2F11y8z01_tg!19sChIJeYh8U4eR1ZERwKfqbULu8Ds?authuser=0&hl=es-419&g_ep=EgoyMDI2MDkxNS4wIJJjKgBIAVAD&rclk=1"
"Real Women Beauty Lounge Cumbayá","099 894 4411","","4.6","62","https://instagram.com/realwomen.ec?igshid=YmMyMTA2M2Y=","solo_red_social","","true","Peluquería","García Moreno, 170157 Quito","Cumbayá, Quito","https://www.google.com/maps/place/Real+Women+Beauty+Lounge+Cumbay%C3%A1/data=!4m7!3m6!1s0x91d591f33394b7a3:0xcf3da861f53204c7!8m2!3d-0.20257!4d-78.4277112!16s%2Fg%2F11txgmyrhl!19sChIJo7eUM_OR1ZERxwQy9WGoPc8?authuser=0&hl=es-419&g_ep=EgoyMDI2MDkxNS4wIJJjKgBIAVAD&rclk=1"
"Peluqueria VE","099 830 9077","","4.8","86","","ninguno","","true","Centro de estética","Cumbayá, Manuela Saenz, y y Juan Montalvo, 170310 Cumbaya","Cumbayá, Quito","https://www.google.com/maps/place/Peluqueria+VE/data=!4m7!3m6!1s0x91d59186957b9eef:0xa4c5da4ca13cc021!8m2!3d-0.1971496!4d-78.4277218!16s%2Fg%2F11rr__qxbh!19sChIJ7557lYaR1ZERIcA8oUzaxaQ?authuser=0&hl=es-419&g_ep=EgoyMDI2MDkxNS4wIJJjKgBIAVAD&rclk=1"
"Mina By Carolina León Cumbaya","096 294 4499","","4.6","11","","ninguno","","true","Peluquería","Francisco de Orellana y Tajamar E4-84, 170157 Quito","Cumbayá, Quito","https://www.google.com/maps/place/Mina+By+Carolina+Le%C3%B3n+Cumbaya/data=!4m7!3m6!1s0x91d59156865b2547:0x93275965cdace1b9!8m2!3d-0.2019985!4d-78.4264392!16s%2Fg%2F11ypd10hnc!19sChIJRyVbhlaR1ZERueGszWVZJ5M?authuser=0&hl=es-419&g_ep=EgoyMDI2MDkxNS4wIJJjKgBIAVAD&rclk=1"
"Glamour","(02) 289-5606","","4.2","19","https://glamourpeluqueria.com/","sitio_propio","","true","Peluquería","Centro Comercial Villa, Av. Oswaldo Guayasamín s/n, 170904 Quito","Cumbayá, Quito","https://www.google.com/maps/place/Glamour/data=!4m7!3m6!1s0x91d590e6f70db14b:0xcc5b0e7c88330fc1!8m2!3d-0.1985823!4d-78.4380342!16s%2Fg%2F11gwnm6yhc!19sChIJS7EN9-aQ1ZERwQ8ziHwOW8w?authuser=0&hl=es-419&g_ep=EgoyMDI2MDkxNS4wIJJjKgBIAVAD&rclk=1"
"The Beauty Color Cumbayá","098 849 4305","","5","60","https://www.thebeautycolor.com/","sitio_propio","","true","Centro de estética","ALBA CALDERON, Y y Padre Luis Garzón, 170901 Quito","Cumbayá, Quito","https://www.google.com/maps/place/The+Beauty+Color+Cumbay%C3%A1/data=!4m7!3m6!1s0x91d5916f3f166bd7:0x73d8ff2520a2c957!8m2!3d-0.20312!4d-78.4283529!16s%2Fg%2F11zgc_518y!19sChIJ12sWP2-R1ZERV8miICX_2HM?authuser=0&hl=es-419&g_ep=EgoyMDI2MDkxNS4wIJJjKgBIAVAD&rclk=1"
"La Víé Rosé Cumbaya","","","4.9","48","https://lavierosecumbaya.com/","sitio_propio","","true","Centro de estética","Edificio Aranjuez, Juan León Mera y y, 170904 Quito","Cumbayá, Quito","https://www.google.com/maps/place/La+V%C3%AD%C3%A9+Ros%C3%A9+Cumbaya/data=!4m7!3m6!1s0x91d591de3238a71f:0xfa2ca6757093f2d!8m2!3d-0.1998479!4d-78.4461942!16s%2Fg%2F11sp7qvwt2!19sChIJH6c4Mt6R1ZERLT8JV2fKog8?authuser=0&hl=es-419&g_ep=EgoyMDI2MDkxNS4wIJJjKgBIAVAD&rclk=1"
"Peluqueria Helen y paz","(02) 289-2730","","4.5","66","https://www.instagram.com/helenypaz?igsh=amNwMmxwN2szZ2Y4","solo_red_social","","true","Peluquería","centro comercial plaza, Maria Angelica Idrobo, Loc 15, 170157 Quito","Cumbayá, Quito","https://www.google.com/maps/place/Peluqueria+Helen+y+paz/data=!4m7!3m6!1s0x91d590e680a8e6bb:0xd256b462124b1ef4!8m2!3d-0.1972032!4d-78.4382314!16s%2Fg%2F11gbhdr971!19sChIJu-aogOaQ1ZER9B5LEmK0VtI?authuser=0&hl=es-419&g_ep=EgoyMDI2MDkxNS4wIJJjKgBIAVAD&rclk=1"
"Karissma Santa Lucía","(02) 601-7815","","4.1","370","http://www.facebook.com/karissmapeluquerias.ec/","solo_red_social","","true","Peluquería","Santa Lucía San Roque, calle F, lote 151 B, S/N Urbanización Lucía 2, 170902 Quito","Cumbayá, Quito","https://www.google.com/maps/place/Karissma+Santa+Luc%C3%ADa/data=!4m7!3m6!1s0x91d590ddac841ed7:0x2aca5a68e2929c89!8m2!3d-0.2037123!4d-78.4379132!16s%2Fg%2F11c5_nb3sh!19sChIJ1x6ErN2Q1ZERiZyS4mhayio?authuser=0&hl=es-419&g_ep=EgoyMDI2MDkxNS4wIJJjKgBIAVAD&rclk=1"
"The Barber's Castle","098 723 2679","","4.8","17","","ninguno","","true","Peluquería","Av. María Angélica Idrobo, 170901 Quito","Cumbayá, Quito","https://www.google.com/maps/place/The+Barber%27s+Castle/data=!4m7!3m6!1s0x91d59174d81b1b59:0x9119a840c4dde6b8!8m2!3d-0.1986608!4d-78.4354833!16s%2Fg%2F11p3hbstnq!19sChIJWRsb2HSR1ZERuObdxECoGZE?authuser=0&hl=es-419&g_ep=EgoyMDI2MDkxNS4wIJJjKgBIAVAD&rclk=1"
"Zencity Beauty Center","099 271 4326","","4.2","139","http://www.zencity.com.ec/","sitio_propio","","true","Peluquería","Subsuelo 1. Local, Scala Shopping y S07, 170157 Quito","Cumbayá, Quito","https://www.google.com/maps/place/Zencity+Beauty+Center/data=!4m7!3m6!1s0x91d591ef38e0972d:0xf56867817d2f5fce!8m2!3d-0.2065693!4d-78.4261266!16s%2Fg%2F11j2lvb28z!19sChIJLZfgOO-R1ZERzl8vfYFnaPU?authuser=0&hl=es-419&g_ep=EgoyMDI2MDkxNS4wIJJjKgBIAVAD&rclk=1"
"Fashion JB","(02) 289-5446","","4.2","32","","ninguno","","true","Peluquería","Avenida Centro Comercial Paseo San Francisco Piso 1. Local: S212, 170901 Quito","Cumbayá, Quito","https://www.google.com/maps/place/Fashion+JB/data=!4m7!3m6!1s0x91d590e6dba2d861:0xd1b665be98352149!8m2!3d-0.1988418!4d-78.4363706!16s%2Fg%2F11gsblwsdz!19sChIJYdii2-aQ1ZERSSE1mL5lttE?authuser=0&hl=es-419&g_ep=EgoyMDI2MDkxNS4wIJJjKgBIAVAD&rclk=1"
"Vidacurly","","info@vidacurly.com","4.9","91","https://www.vidacurly.org/","sitio_propio","2026","false","Centro de estética","Calle del Establo y Av. Conquistadores Edif. Cemacol, Oficina #8, 170902 Quito","Cumbayá, Quito","https://www.google.com/maps/place/Vidacurly/data=!4m7!3m6!1s0x91d5911f69370aab:0xecd9f067e31dee4e!8m2!3d-0.1976959!4d-78.4426597!16s%2Fg%2F11q_0g1n3k!19sChIJqwo3aR-R1ZERTu4d42fw2ew?authuser=0&hl=es-419&g_ep=EgoyMDI2MDkxNS4wIJJjKgBIAVAD&rclk=1"
"MEN’S BARBER & ACADEMY - CUMBAYÁ","098 851 3030","","4.9","191","https://mensecuador.com/","sitio_propio","","true","Barbería","170157 Quito","Cumbayá, Quito","https://www.google.com/maps/place/MEN%E2%80%99S+BARBER+%26+ACADEMY+-+CUMBAY%C3%81/data=!4m7!3m6!1s0x91d591787fdfcf7b:0x73e4c991d467ed97!8m2!3d-0.2120301!4d-78.4283983!16s%2Fg%2F11ltg2nbgn!19sChIJe8_ff3iR1ZERl-1n1JHJ5HM?authuser=0&hl=es-419&g_ep=EgoyMDI2MDkxNS4wIJJjKgBIAVAD&rclk=1"
"Brushed Beauty Bar Cumbayá","098 034 4381","","4.5","21","http://www.brushedbeautybarec.com/","sitio_propio","","true","Peluquería","frente a Cervecería Nacional, Francisco de Orellana y Alba Calderón Plaza Algarrobos, 170105","Cumbayá, Quito","https://www.google.com/maps/place/Brushed+Beauty+Bar+Cumbay%C3%A1/data=!4m7!3m6!1s0x91d591221c207b8b:0x7456be17e3184637!8m2!3d-0.2051566!4d-78.4222852!16s%2Fg%2F11p560hhn0!19sChIJi3sgHCKR1ZERN0YY4xe-VnQ?authuser=0&hl=es-419&g_ep=EgoyMDI2MDkxNS4wIJJjKgBIAVAD&rclk=1"
"Rilassi Peluqueria Spa","099 874 2068","","4.9","36","https://www.instagram.com/rilassipeluqueriaspa/profilecard/?igsh=c2Z1cHpqcGwxNWc2","solo_red_social","","true","Peluquería","Francisco de Orellana 255y, 170901 Quito","Cumbayá, Quito","https://www.google.com/maps/place/Rilassi+Peluqueria+Spa/data=!4m7!3m6!1s0x91d591266d3da069:0xa24bf73950d3c404!8m2!3d-0.2029229!4d-78.4248438!16s%2Fg%2F11h6dc8dmj!19sChIJaaA9bSaR1ZERBMTTUDn3S6I?authuser=0&hl=es-419&g_ep=EgoyMDI2MDkxNS4wIJJjKgBIAVAD&rclk=1"
"BeYOUtiful Beauty Salon","098 706 8270","","4.6","14","","ninguno","","true","Peluquería","García Moreno y Padre Luis Garzón E3-140 y, 170157 Quito","Cumbayá, Quito","https://www.google.com/maps/place/BeYOUtiful+Beauty+Salon/data=!4m7!3m6!1s0x91d5919ba6e345eb:0x1e62e44a0f529c29!8m2!3d-0.2023096!4d-78.4279935!16s%2Fg%2F11k167t96c!19sChIJ60XjppuR1ZERKZxSD0rkYh4?authuser=0&hl=es-419&g_ep=EgoyMDI2MDkxNS4wIJJjKgBIAVAD&rclk=1"
"Camilo Guerra","099 744 3134","","4.7","20","https://camiloguerra-dt5i8s6.gamma.site/","sitio_propio","","true","Peluquería","Vía del Ferrocarril e28c, 170902 Quito","Cumbayá, Quito","https://www.google.com/maps/place/Camilo+Guerra/data=!4m7!3m6!1s0x91d5916fb6b518ef:0xbbb1cd89475f5037!8m2!3d-0.2033566!4d-78.4374566!16s%2Fg%2F11h5ttjygr!19sChIJ7xi1tm-R1ZERN1BfR4nNsbs?authuser=0&hl=es-419&g_ep=EgoyMDI2MDkxNS4wIJJjKgBIAVAD&rclk=1"
"FRATELLI BARBERÍA","(02) 204-2274","","5","75","","ninguno","","true","Barbería","Avenida Pampite, Y y Simón Valenzuela, 170102 Quito","Cumbayá, Quito","https://www.google.com/maps/place/FRATELLI+BARBER%C3%8DA/data=!4m7!3m6!1s0x91d591415ecea187:0x6a81b52dacb6f324!8m2!3d-0.1950183!4d-78.4375283!16s%2Fg%2F11n59j9sf5!19sChIJh6HOXkGR1ZERJPO2rC21gWo?authuser=0&hl=es-419&g_ep=EgoyMDI2MDkxNS4wIJJjKgBIAVAD&rclk=1"
"Anuz Barber For Men","099 522 0388","","5","72","https://www.instagram.com/anuz.ec?igsh=cjZyMGcxMjhlaW1r","solo_red_social","","true","Barbería","entre Salina, Av María Angélica Idrovo N°, y y Chimborazo E1-110, 170119 Quito","Cumbayá, Quito","https://www.google.com/maps/place/Anuz+Barber+For+Men/data=!4m7!3m6!1s0x91d5918efe72485d:0x55d1fea51b98c4d8!8m2!3d-0.201648!4d-78.4320944!16s%2Fg%2F11mkcjg7ll!19sChIJXUhy_o6R1ZER2MSYG6X-0VU?authuser=0&hl=es-419&g_ep=EgoyMDI2MDkxNS4wIJJjKgBIAVAD&rclk=1"
"The Cave Barber Shop Paseo SF","099 310 9376","","4.9","1252","http://www.thecave.ec/","sitio_propio","2022","false","Barbería","Redondel USFQ, Centro Comercial Paseo San Francisco, Av. Oswaldo Guayasamín y y local L-215, 170901","Cumbayá, Quito","https://www.google.com/maps/place/The+Cave+Barber+Shop+Paseo+SF/data=!4m7!3m6!1s0x91d590e6ddc4b4f5:0xac487823fdc46e02!8m2!3d-0.1989287!4d-78.4367512!16s%2Fg%2F11f3jy75dg!19sChIJ9bTE3eaQ1ZERAm7E_SN4SKw?authuser=0&hl=es-419&g_ep=EgoyMDI2MDkxNS4wIJJjKgBIAVAD&rclk=1"
"Maria Paula Guerra Beauty Salon","099 450 5514","","4.6","14","https://www.facebook.com/Maria-Paula-Guerra-Beauty-center%20286767178152/","solo_red_social","","true","Peluquería","RH27+GX6, 170157 Quito","Cumbayá, Quito","https://www.google.com/maps/place/Maria+Paula+Guerra+Beauty+Salon/data=!4m7!3m6!1s0x91d591e4e2116561:0x56bd357e38cda86b!8m2!3d-0.1987104!4d-78.4351048!16s%2Fg%2F11jchzkglp!19sChIJYWUR4uSR1ZERa6jNOH41vVY?authuser=0&hl=es-419&g_ep=EgoyMDI2MDkxNS4wIJJjKgBIAVAD&rclk=1"
"FyM Beauty Center","099 393 2200","","3.9","47","https://www.facebook.com/FYMbeautycenter/","solo_red_social","","true","Peluquería","Chimborazo y Francisco de Orellana 690 y, 170901 Quito","Cumbayá, Quito","https://www.google.com/maps/place/FyM+Beauty+Center/data=!4m7!3m6!1s0x91d591184000ad77:0xad9bf220a438c6c1!8m2!3d-0.1991736!4d-78.4317272!16s%2Fg%2F11c1nqbrr2!19sChIJd60AQBiR1ZERwcY4pCDym60?authuser=0&hl=es-419&g_ep=EgoyMDI2MDkxNS4wIJJjKgBIAVAD&rclk=1"
"IMPERIO DEL CABELLO CUMBAYA - Extensiones de cabello humano","095 906 7596","","5","13","https://sites.google.com/view/imperiodelcabelloecuador/inicio","sitio_propio","","false","Peluquero especialista en extensiones","Francisco de Orellana 255, Quito 170, 170902","Cumbayá, Quito","https://www.google.com/maps/place/IMPERIO+DEL+CABELLO+CUMBAYA+-+Extensiones+de+cabello+humano/data=!4m7!3m6!1s0x91d591e11b70fabf:0xe568c61ce3514f0c!8m2!3d-0.2027693!4d-78.4242555!16s%2Fg%2F11x1z678b9!19sChIJv_pwG-GR1ZERDE9R4xzGaOU?authuser=0&hl=es-419&g_ep=EgoyMDI2MDkxNS4wIJJjKgBIAVAD&rclk=1"
"Diego Tinoco Hair Artist","099 876 9370","","4.3","18","","ninguno","","true","Centro de estética","Francisco de Orellana &, Padre Luis Garzón 170157, Quito","Cumbayá, Quito","https://www.google.com/maps/place/Diego+Tinoco+Hair+Artist/data=!4m7!3m6!1s0x91d591108d626841:0xa23447de97bd107a!8m2!3d-0.2015697!4d-78.4272687!16s%2Fg%2F11f6cr_l15!19sChIJQWhijRCR1ZERehC9l95HNKI?authuser=0&hl=es-419&g_ep=EgoyMDI2MDkxNS4wIJJjKgBIAVAD&rclk=1"
"INNOVACIÓN PELUQUERÍA CUMBAYÁ","098 741 2707","scala@zencity.com.ec","5","8","https://innovacion-19gyvuj.gamma.site/","sitio_propio","","false","Peluquería","junto al Colegio Nacional, Gral. Eloy Alfaro 2091, Casa 127, 170904 Quito","Cumbayá, Quito","https://www.google.com/maps/place/INNOVACI%C3%93N+PELUQUER%C3%8DA+CUMBAY%C3%81/data=!4m7!3m6!1s0x91d590dd6ca821c5:0xa95482aadcfa176c!8m2!3d-0.202605!4d-78.4393018!16s%2Fg%2F11gv07xl3j!19sChIJxSGobN2Q1ZERbBf63KqCVKk?authuser=0&hl=es-419&g_ep=EgoyMDI2MDkxNS4wIJJjKgBIAVAD&rclk=1"
"Carlos Zuluaga Peluquería Cumbayá","098 761 5309","","4.3","22","","ninguno","","true","Centro de estética","Edificio Cumbaya Gardens, Padre Luis Garzón Esquina, 170157 Quito","Cumbayá, Quito","https://www.google.com/maps/place/Carlos+Zuluaga+Peluquer%C3%ADa+Cumbay%C3%A1/data=!4m7!3m6!1s0x91d5912039ba4007:0x75c343df4e72485d!8m2!3d-0.2025633!4d-78.4275723!16s%2Fg%2F11gff80xz9!19sChIJB0C6OSCR1ZERXUhyTt9Dw3U?authuser=0&hl=es-419&g_ep=EgoyMDI2MDkxNS4wIJJjKgBIAVAD&rclk=1"
"LOVE FOR HAIR SALON","098 798 8549","","5","97","","ninguno","","true","Peluquería","Av. Oswaldo Guayasamín, OE8B y Plaza Interoceánica S4-173, Local 1, 170903, Quito","Cumbayá, Quito","https://www.google.com/maps/place/LOVE+FOR+HAIR+SALON/data=!4m7!3m6!1s0x91d591c2292580e3:0x9f5dbabfe1a53546!8m2!3d-0.2115869!4d-78.4223564!16s%2Fg%2F11xcjbc0_7!19sChIJ44AlKcKR1ZERRjWl4b-6XZ8?authuser=0&hl=es-419&g_ep=EgoyMDI2MDkxNS4wIJJjKgBIAVAD&rclk=1"
"Le Paradis Arôms Luxury Esthetic Spa","099 752 7266","","4.5","67","","ninguno","","true","Spa","Florencia y Bruneleschi &, 170157 Quito","Cumbayá, Quito","https://www.google.com/maps/place/Le+Paradis+Ar%C3%B4ms+Luxury+Esthetic+Spa/data=!4m7!3m6!1s0x91d591235a2b161b:0xe3cf91d37b46df9d!8m2!3d-0.2106181!4d-78.4255472!16s%2Fg%2F11mv5vlc3p!19sChIJGxYrWiOR1ZERnd9Ge9ORz-M?authuser=0&hl=es-419&g_ep=EgoyMDI2MDkxNS4wIJJjKgBIAVAD&rclk=1"
"Hair Play Peluqueria Infantil Cumbayá","204-0949","","4.3","75","https://linktr.ee/hairplaypeluinfantil?fbclid=PAAaYO41M_SJkuTJN1d0ZDdE0iKsf379TCrh4TMuMQDH74bD4hXCohe_K9VEc","solo_red_social","","true","Peluquería","Villa Cumbayá, C28, Av. Oswaldo Guayasamín y Redondel, Quito","Cumbayá, Quito","https://www.google.com/maps/place/Hair+Play+Peluqueria+Infantil+Cumbay%C3%A1/data=!4m7!3m6!1s0x91d590e65866abd5:0xc77ca79f6f233719!8m2!3d-0.1982691!4d-78.4380508!16s%2Fg%2F11bxb9t564!19sChIJ1atmWOaQ1ZERGTcjb5-nfMc?authuser=0&hl=es-419&g_ep=EgoyMDI2MDkxNS4wIJJjKgBIAVAD&rclk=1"
"The Cave - Scala Shopping","093 914 2905","","4.8","1193","http://thecave.ec/","sitio_propio","2022","false","Barbería","Av. Interoceánica Km. 12½ y, Pje. El Valle, 170902 Quito","Cumbayá, Quito","https://www.google.com/maps/place/The+Cave+-+Scala+Shopping/data=!4m7!3m6!1s0x91d59108d43651d9:0x23a57049d7f3d4d!8m2!3d-0.2073855!4d-78.4250956!16s%2Fg%2F11j8j0_3fq!19sChIJ2VE21AiR1ZERTT1_nQRXOgI?authuser=0&hl=es-419&g_ep=EgoyMDI2MDkxNS4wIJJjKgBIAVAD&rclk=1"
"Valhalla Barber Studio","099 566 1749","","5","70","","ninguno","","true","Barbería","Marieta de Veintimilla, 170157 Quito","Cumbayá, Quito","https://www.google.com/maps/place/Valhalla+Barber+Studio/data=!4m7!3m6!1s0x91d591007dd79771:0xf24a5fe6a157bd41!8m2!3d-0.1941114!4d-78.423493!16s%2Fg%2F11xzbhwf4g!19sChIJcZfXfQCR1ZERQb1XoeZfSvI?authuser=0&hl=es-419&g_ep=EgoyMDI2MDkxNS4wIJJjKgBIAVAD&rclk=1"
"Opuss Peluquería","099 404 2279","","4.2","20","","ninguno","","true","Peluquería","Av. María Angélica Idrobo E2-24, 170901 Quito","Cumbayá, Quito","https://www.google.com/maps/place/Opuss+Peluquer%C3%ADa/data=!4m7!3m6!1s0x91d590dfe7e10c6b:0xc0c0a5c424c6d3c3!8m2!3d-0.2020953!4d-78.4310669!16s%2Fg%2F11gslq8bqb!19sChIJawzh59-Q1ZERw9PGJMSlwMA?authuser=0&hl=es-419&g_ep=EgoyMDI2MDkxNS4wIJJjKgBIAVAD&rclk=1"
"Novecento Peluquería","099 902 1044","","4.8","6","","ninguno","","true","Centro de estética","RH39+794, Av Pampite, 170901 Quito","Cumbayá, Quito","https://www.google.com/maps/place/Novecento+Peluquer%C3%ADa/data=!4m7!3m6!1s0x91d590e2273c0e2d:0x7a4c80101e76eadd!8m2!3d-0.1968514!4d-78.4315565!16s%2Fg%2F11grvjvgg4!19sChIJLQ48J-KQ1ZER3ep2HhCATHo?authuser=0&hl=es-419&g_ep=EgoyMDI2MDkxNS4wIJJjKgBIAVAD&rclk=1"
"Peluquería Bellísima","099 675 1021","","4.5","31","","ninguno","","true","Centro de estética","QHVC+8MW Edificio Halcon, 170157 Quito","Cumbayá, Quito","https://www.google.com/maps/place/Peluquer%C3%ADa+Bell%C3%ADsima/data=!4m7!3m6!1s0x91d5912737d66647:0xb920e10009fbee8f!8m2!3d-0.2066312!4d-78.4283116!16s%2Fg%2F11c5rmpfp4!19sChIJR2bWNyeR1ZERj-77CQDhILk?authuser=0&hl=es-419&g_ep=EgoyMDI2MDkxNS4wIJJjKgBIAVAD&rclk=1"
"Jorge Cisneros Peluquería","099 254 0367","","4.8","17","","ninguno","","true","Peluquería","Av Pampite y Av. Oswaldo Guayasamín N1-101 Y, 170902 Quito","Cumbayá, Quito","https://www.google.com/maps/place/Jorge+Cisneros+Peluquer%C3%ADa/data=!4m7!3m6!1s0x91d590e58a49b837:0x6138280f156fdf3c!8m2!3d-0.1956085!4d-78.4411057!16s%2Fg%2F11c5xx3ky6!19sChIJN7hJiuWQ1ZERPN9vFQ8oOGE?authuser=0&hl=es-419&g_ep=EgoyMDI2MDkxNS4wIJJjKgBIAVAD&rclk=1"
"Beauty Lab","096 909 5028","","5","18","https://www.instagram.com/beautylab_quito?utm_source=ig_web_button_share_sheet&igsh=ZDNlZDc0MzIxNw==","solo_red_social","","true","Centro de estética","Calle Gabriel E3-126, 170157 Quito","Cumbayá, Quito","https://www.google.com/maps/place/Beauty+Lab/data=!4m7!3m6!1s0x91d591000dad445b:0xd04abc8cb85c6a14!8m2!3d-0.2022333!4d-78.4281347!16s%2Fg%2F11whf0jcxv!19sChIJW0StDQCR1ZERFGpcuIy8StA?authuser=0&hl=es-419&g_ep=EgoyMDI2MDkxNS4wIJJjKgBIAVAD&rclk=1"
"CurlyWorld","098 784 2006","","4.5","19","http://www.curlyworld.ec/","sitio_propio","","false","Peluquería","Padre Luis Garzón y Alba Calderón &, 170157 Quito","Cumbayá, Quito","https://www.google.com/maps/place/CurlyWorld/data=!4m7!3m6!1s0x91d5915bf7f090a9:0x5fb2fc12fba38b96!8m2!3d-0.2027122!4d-78.4281642!16s%2Fg%2F11vbz47z6q!19sChIJqZDw91uR1ZERlouj-xL8sl8?authuser=0&hl=es-419&g_ep=EgoyMDI2MDkxNS4wIJJjKgBIAVAD&rclk=1"
"DARMA STUDIO","093 927 7984","","5","18","https://instagram.com/darmastudioec?igshid=MzMyNGUyNmU2YQ==","solo_red_social","","true","Centro de estética","Centro comercial Centro plaza Cumbayá Local 103, 170515 Quito","Cumbayá, Quito","https://www.google.com/maps/place/DARMA+STUDIO/data=!4m7!3m6!1s0x91d59b1ea83a09bd:0x9bf0141b8096884!8m2!3d-0.1969818!4d-78.4314222!16s%2Fg%2F11lgsrjpzj!19sChIJvQk6qB6b1ZERhGgJuEEBvwk?authuser=0&hl=es-419&g_ep=EgoyMDI2MDkxNS4wIJJjKgBIAVAD&rclk=1"
"PELUQUERIA Y SPA CORAL´S","096 383 3553","","5","6","https://accounts.google.com/SignOutOptions?hl=es&continue=https://business.google.com/u/0/create/new?hl=es&ppsrc=GMBLG&gmbsrc=ww-es-z-z-z-gmb-s-z-l~mhp-int_a-u&_gl=1*1oi8x0l*_ga*MTA5OTEzMzc4My4xNjgyNTIyNDQ4*_ga_VM5ES1YN10*MTY4MjUyMjQ0OC4xLjEuMTY4MjUyMjU1Ni4wLjAuMA..&utm_campaign=ww-es-z-z-z-gmb-s-z-l~mhp-int_a-u&utm_medium=z&utm_source=gmb&omec=EOKcjRcYASIBATIBATooZ21ic3JjPXd3LWVzLXotei16LWdtYi1zLXotbH5taHAtaW50X2EtdUABShMI9JCho-3H_gIVeAIZAB11QQdt&service=plus&skiplp=1&service=lbc&_gl=1*iyg1g2*_ga*MTA5OTEzMzc4My4xNjgyNTIyNDQ4*_ga_VM5ES1YN10*MTY4MjUyMjQ0OC4xLjEuMTY4MjUyMjY1Ni4wLjAuMA..&_ga=2.95290012.1062610827.1682522644-1099133783.1682522448","sitio_propio","","false","Artesanía","FRANCISCO DE ORELLANA, INTERSECCION y Gral. Eloy Alfaro E1-146, 170901 Quito","Cumbayá, Quito","https://www.google.com/maps/place/PELUQUERIA+Y+SPA+CORAL%C2%B4S/data=!4m7!3m6!1s0x91d591e704bab4ef:0x2ad9dac8d831d19b!8m2!3d-0.2002345!4d-78.4306863!16s%2Fg%2F11t_dxwy_m!19sChIJ77S6BOeR1ZERm9Ex2Mja2So?authuser=0&hl=es-419&g_ep=EgoyMDI2MDkxNS4wIJJjKgBIAVAD&rclk=1"
"M&M Peluquería SHÉKINAH","(02) 204-1540","","5","6","","ninguno","","true","Peluquería","RH27+JQG, Francisco de Orellana, 170157 Quito","Cumbayá, Quito","https://www.google.com/maps/place/M%26M+Peluquer%C3%ADa+SH%C3%89KINAH/data=!4m7!3m6!1s0x91d591e03bc5e567:0x8a8db0c5a50d3d32!8m2!3d-0.1984415!4d-78.4355536!16s%2Fg%2F11qr7ptmbx!19sChIJZ-XFO-CR1ZERMj0NpcWwjYo?authuser=0&hl=es-419&g_ep=EgoyMDI2MDkxNS4wIJJjKgBIAVAD&rclk=1"
"Irma Rosales - Estética y Peluquería","","","4.3","10","","ninguno","","true","Peluquería","Marietta de Veintemilla E3-129, 170157 Quito","Cumbayá, Quito","https://www.google.com/maps/place/Irma+Rosales+-+Est%C3%A9tica+y+Peluquer%C3%ADa/data=!4m7!3m6!1s0x91d591aea428dee3:0x1b8eace735454af8!8m2!3d-0.1937432!4d-78.4236214!16s%2Fg%2F11s8hsmxly!19sChIJ494opK6R1ZER-EpFNeesjhs?authuser=0&hl=es-419&g_ep=EgoyMDI2MDkxNS4wIJJjKgBIAVAD&rclk=1"
"Jacquelinne Alvarez Estética y Peluquería","098 708 0763","","4.9","9","","ninguno","","true","Peluquería","170157 Quito","Cumbayá, Quito","https://www.google.com/maps/place/Jacquelinne+Alvarez+Est%C3%A9tica+y+Peluquer%C3%ADa/data=!4m7!3m6!1s0x91d5917d662d63bf:0x686894da460ea4fa!8m2!3d-0.1955209!4d-78.4334796!16s%2Fg%2F11jp7xdppj!19sChIJv2MtZn2R1ZER-qQORtqUaGg?authuser=0&hl=es-419&g_ep=EgoyMDI2MDkxNS4wIJJjKgBIAVAD&rclk=1"
"Japipleis Kids Spa","099 499 4907","","4.2","36","","ninguno","","true","Peluquería","La Tejedora, 170157 Quito","Cumbayá, Quito","https://www.google.com/maps/place/Japipleis+Kids+Spa/data=!4m7!3m6!1s0x91d591edcf56f3e1:0xddeb4214763a51d6!8m2!3d-0.2056437!4d-78.4278817!16s%2Fg%2F11q4gc6t7g!19sChIJ4fNWz-2R1ZER1lE6dhRC690?authuser=0&hl=es-419&g_ep=EgoyMDI2MDkxNS4wIJJjKgBIAVAD&rclk=1"
"Amatista M&Q Peluquería","098 399 2848","","4.3","6","https://www.instagram.com/amatista_m_q/","solo_red_social","","true","Peluquería","Gral. Eloy Alfaro y García Moreno E1-187 y, 170157 Quito","Cumbayá, Quito","https://www.google.com/maps/place/Amatista+M%26Q+Peluquer%C3%ADa/data=!4m7!3m6!1s0x91d591515886d7d7:0x6ebc9aa73c500489!8m2!3d-0.201028!4d-78.4307934!16s%2Fg%2F11j0v38vxr!19sChIJ19eGWFGR1ZERiQRQPKeavG4?authuser=0&hl=es-419&g_ep=EgoyMDI2MDkxNS4wIJJjKgBIAVAD&rclk=1"
"Franja Salud Capilar","098 118 4979","","4.8","16","","ninguno","","true","Tienda de belleza y salud","Chimborazo, y y Av Pampite, 170901","Cumbayá, Quito","https://www.google.com/maps/place/Franja+Salud+Capilar/data=!4m7!3m6!1s0x91d5919018888217:0x841d159267e29738!8m2!3d-0.1981086!4d-78.4308735!16s%2Fg%2F11l76lt5gd!19sChIJF4KIGJCR1ZEROJfiZ5IVHYQ?authuser=0&hl=es-419&g_ep=EgoyMDI2MDkxNS4wIJJjKgBIAVAD&rclk=1"
"Vpet Cumbaya","096 893 1894","","4.8","76","","ninguno","","true","Peluquero de mascotas","Pasaje Carlos Andrade Marin, y y Francisco de Orellana, 170901 Quito","Cumbayá, Quito","https://www.google.com/maps/place/Vpet+Cumbaya/data=!4m7!3m6!1s0x91d591202e450005:0xb49206d053537eb3!8m2!3d-0.2011327!4d-78.4273867!16s%2Fg%2F11gh2pw_lc!19sChIJBQBFLiCR1ZERs35TU9AGkrQ?authuser=0&hl=es-419&g_ep=EgoyMDI2MDkxNS4wIJJjKgBIAVAD&rclk=1"
"Maison Prestige Beauty Salon","097 903 0813","maisonprestigebeautysalon@gmail.com","4.5","8","https://www.maisonprestigebeauty.com/","sitio_propio","","false","Centro de estética","km10 centro ejecutivo Espacia, Av. Oswaldo Guayasamín, 170157 Quito","Cumbayá, Quito","https://www.google.com/maps/place/Maison+Prestige+Beauty+Salon/data=!4m7!3m6!1s0x91d591aa9af3b0eb:0xc85e5663f408191a!8m2!3d-0.2045072!4d-78.4367181!16s%2Fg%2F11m6chrl0g!19sChIJ67DzmqqR1ZERGhkI9GNWXsg?authuser=0&hl=es-419&g_ep=EgoyMDI2MDkxNS4wIJJjKgBIAVAD&rclk=1"
"Plaza Modena","098 883 5795","","4.2","463","","ninguno","","true","Centro de estética","QHW7+852, plaza modena cumbaya, Quito","Cumbayá, Quito","https://www.google.com/maps/place/Plaza+Modena/data=!4m7!3m6!1s0x91d590dc4eb28e05:0xf62cac0cd8a306e7!8m2!3d-0.2042286!4d-78.4371198!16s%2Fg%2F11bzrgk2v0!19sChIJBY6yTtyQ1ZER5waj2AysLPY?authuser=0&hl=es-419&g_ep=EgoyMDI2MDkxNS4wIJJjKgBIAVAD&rclk=1"
"BEAUTY BOUTIQUE Hair Salon Cumbaya","097 900 6569","","4.6","11","","ninguno","","true","Centro de estética","QHJ3+43J, Alfonso Lamiña, Lumbisi, 170157 Cumbaya","Cumbayá, Quito","https://www.google.com/maps/place/BEAUTY+BOUTIQUE+Hair+Salon+Cumbaya/data=!4m7!3m6!1s0x91d59148b13a51d1:0xb892ef60da31d3e7!8m2!3d-0.2196652!4d-78.4473642!16s%2Fg%2F11gv0dxv5_!19sChIJ0VE6sUiR1ZER59Mx2mDvkrg?authuser=0&hl=es-419&g_ep=EgoyMDI2MDkxNS4wIJJjKgBIAVAD&rclk=1"
"Danna Beauty & Health","099 223 2084","","3.6","11","http://www.facebook.com/DluxBeautyClinic","solo_red_social","","true","Spa","Stefano Maderno y C. de Las Avellanas &, 170157 Quito","Cumbayá, Quito","https://www.google.com/maps/place/Danna+Beauty+%26+Health/data=!4m7!3m6!1s0x91d59bd5537bdced:0x6b35ff7b27fcdf22!8m2!3d-0.2016209!4d-78.4516395!16s%2Fg%2F11t26z449p!19sChIJ7dx7U9Wb1ZERIt_8J3v_NWs?authuser=0&hl=es-419&g_ep=EgoyMDI2MDkxNS4wIJJjKgBIAVAD&rclk=1"
"The Barber Crew","099 760 6674","","5","21","https://book.weibook.co/the-barber-crew","sitio_propio","2026","false","Barbería","Francisco de Orellana y Tajamar 255, 170901 Quito","Cumbayá, Quito","https://www.google.com/maps/place/The+Barber+Crew/data=!4m7!3m6!1s0x91d5919237ce9bd5:0xbc66256a5daec7d6!8m2!3d-0.2030123!4d-78.424986!16s%2Fg%2F11vwx8hs95!19sChIJ1ZvON5KR1ZER1seuXWolZrw?authuser=0&hl=es-419&g_ep=EgoyMDI2MDkxNS4wIJJjKgBIAVAD&rclk=1"
"LUM Massage Bar Cumbaya","099 392 2529","info@lum.com.ec","4.6","52","http://www.lum.com.ec/","sitio_propio","2026","false","Spa de masajes","Francisco de Orellana, 170901 Quito","Cumbayá, Quito","https://www.google.com/maps/place/LUM+Massage+Bar+Cumbaya/data=!4m7!3m6!1s0x91d5916ed45aff49:0x83d384505cc50184!8m2!3d-0.2010227!4d-78.4280117!16s%2Fg%2F11rgrbv8vl!19sChIJSf9a1G6R1ZERhAHFXFCE04M?authuser=0&hl=es-419&g_ep=EgoyMDI2MDkxNS4wIJJjKgBIAVAD&rclk=1"
"StrawBeauty Cumbaya | MANICURE PEDICURE, BALAYAGE, ALISADOS, PESTAÑAS, MAQUILLAJE","098 337 2168","388fe63e6063cc241ca2a1b0f52622a3@o61919.ingest.us","4.6","45","https://www.fresha.com/es/providers/hpm8ysi6?dppub=true","sitio_propio","","false","Centro de estética","Raffaele Giannetti, 170157 Quito","Cumbayá, Quito","https://www.google.com/maps/place/StrawBeauty+Cumbaya+%7C+MANICURE+PEDICURE,+BALAYAGE,+ALISADOS,+PESTA%C3%91AS,+MAQUILLAJE/data=!4m7!3m6!1s0x91d5910051f2e60b:0xf06481e9e51c6451!8m2!3d-0.2166384!4d-78.4367485!16s%2Fg%2F11xz06jp8k!19sChIJC-byUQCR1ZERUWQc5emBZPA?authuser=0&hl=es-419&g_ep=EgoyMDI2MDkxNS4wIJJjKgBIAVAD&rclk=1"
"Karissma","","","4","46","","ninguno","","true","Peluquería","RH62+9V8, 170157 Quito","Cumbayá, Quito","https://www.google.com/maps/place/Karissma/data=!4m7!3m6!1s0x91d591781b3eb319:0x9059c34dc6ca8921!8m2!3d-0.1890839!4d-78.4477913!16s%2Fg%2F11gycwfwxl!19sChIJGbM-G3iR1ZERIYnKxk3DWZA?authuser=0&hl=es-419&g_ep=EgoyMDI2MDkxNS4wIJJjKgBIAVAD&rclk=1"
"Diana Capella hair beauty expert","","","5","14","","ninguno","","true","Peluquería","Avenida Siena y Miguel Angel &, 170157 Quito","Cumbayá, Quito","https://www.google.com/maps/place/Diana+Capella+hair+beauty+expert/data=!4m7!3m6!1s0x91d5910007d99e3f:0x689a3e366d001c7!8m2!3d-0.2120412!4d-78.4291887!16s%2Fg%2F11wh7mphjk!19sChIJP57ZBwCR1ZERxwHQZuOjiQY?authuser=0&hl=es-419&g_ep=EgoyMDI2MDkxNS4wIJJjKgBIAVAD&rclk=1"
"Bellmor Cumbayá","098 860 5603","","5","15","","ninguno","","true","Salón de manicura y pedicura","Miguel Angel 349, 170904 Quito","Cumbayá, Quito","https://www.google.com/maps/place/Bellmor+Cumbay%C3%A1/data=!4m7!3m6!1s0x91d585bf05689675:0x32e5e3a83e6da146!8m2!3d-0.2118276!4d-78.4296637!16s%2Fg%2F11vs50v699!19sChIJdZZoBb-F1ZERRqFtPqjj5TI?authuser=0&hl=es-419&g_ep=EgoyMDI2MDkxNS4wIJJjKgBIAVAD&rclk=1"
"Barber House Tumbaco - Plaza Valeta","098 572 9577","info@barberhouse.ec","4.8","24","https://www.barberhouse.ec/","sitio_propio","","false","Barbería","Federico González Suárez, 170184 Quito","Cumbayá, Quito","https://www.google.com/maps/place/Barber+House+Tumbaco+-+Plaza+Valeta/data=!4m7!3m6!1s0x91d59173977d6bbf:0xbffd34c416c1c5f0!8m2!3d-0.2101623!4d-78.4134053!16s%2Fg%2F11xyrwcf_3!19sChIJv2t9l3OR1ZER8MXBFsQ0_b8?authuser=0&hl=es-419&g_ep=EgoyMDI2MDkxNS4wIJJjKgBIAVAD&rclk=1"
"Wet Paws, Peluquería Canina","(02) 289-4111","","4.7","69","","ninguno","","true","Peluquero de mascotas","Francisco de Orellana, 170902 Quito","Cumbayá, Quito","https://www.google.com/maps/place/Wet+Paws,+Peluquer%C3%ADa+Canina/data=!4m7!3m6!1s0x91d59121db2cd4d1:0x88fef1a3d388312!8m2!3d-0.2005513!4d-78.430112!16s%2Fg%2F11c5_17f_g!19sChIJ0dQs2yGR1ZEREoM4PRrvjwg?authuser=0&hl=es-419&g_ep=EgoyMDI2MDkxNS4wIJJjKgBIAVAD&rclk=1"
"Pure Beauty by Paola Naranjo","098 221 4208","servicioalcliente@purebeauty.ec","4","100","https://www.purebeauty.ec/kit/","sitio_propio","2026","false","Centro de estética","Federico González Suárez 380, 170184 Quito","Cumbayá, Quito","https://www.google.com/maps/place/Pure+Beauty+by+Paola+Naranjo/data=!4m7!3m6!1s0x91d5919b3c74d7af:0xb428705c7d621d3f!8m2!3d-0.2120778!4d-78.4125422!16s%2Fg%2F11s_x1c5pj!19sChIJr9d0PJuR1ZERPx1ifVxwKLQ?authuser=0&hl=es-419&g_ep=EgoyMDI2MDkxNS4wIJJjKgBIAVAD&rclk=1"
"Rossana Mayber","+34 643 78 51 43","","4.9","8","","ninguno","","true","Estilista","De las Magnolias E5A, 170157 Quito","Cumbayá, Quito","https://www.google.com/maps/place/Rossana+Mayber/data=!4m7!3m6!1s0x91d59158149035eb:0x3e4e40413fd099b6!8m2!3d-0.2172707!4d-78.4334064!16s%2Fg%2F11t6s24xnd!19sChIJ6zWQFFiR1ZERtpnQP0FATj4?authuser=0&hl=es-419&g_ep=EgoyMDI2MDkxNS4wIJJjKgBIAVAD&rclk=1"
"NAVIA PET CENTER PELUQUERÍA CANINA","099 981 9899","","5","9","https://www.instagram.com/naviapetcenter?stkn=Mms4aHNyMHIzdTlo","solo_red_social","","true","Peluquería","QHW7+J2F, Avenida Circunvalación, 170902 Quito","Cumbayá, Quito","https://www.google.com/maps/place/NAVIA+PET+CENTER+PELUQUER%C3%8DA+CANINA/data=!4m7!3m6!1s0x91d591001c38f0b9:0x3990fd7f3010ee49!8m2!3d-0.2034213!4d-78.437475!16s%2Fg%2F11nv72jwbl!19sChIJufA4HACR1ZERSe4QMH_9kDk?authuser=0&hl=es-419&g_ep=EgoyMDI2MDkxNS4wIJJjKgBIAVAD&rclk=1"
"Hernando Guerra Peluqueria","(02) 237-0579","","4.6","29","https://hernandoguerra-2odxrrt.gamma.site/","sitio_propio","","false","Centro de estética","QHQP+F8P, Av. Oswaldo Guayasamín, 170184 Quito","Cumbayá, Quito","https://www.google.com/maps/place/Hernando+Guerra+Peluqueria/data=!4m7!3m6!1s0x91d5913097a348c3:0xee035fa146e4211!8m2!3d-0.2112932!4d-78.4141874!16s%2Fg%2F11f4xcn3fn!19sChIJw0ijlzCR1ZEREUJuFPo14A4?authuser=0&hl=es-419&g_ep=EgoyMDI2MDkxNS4wIJJjKgBIAVAD&rclk=1"
"Centro Comercial Plaza Cumbayá","096 954 2057","plazacumbaya@live.com; www.@plazacumbaya.ec","4.3","3679","http://www.plazacumbaya.ec/","sitio_propio","","false","Centro comercial","Av. Interoceánica, y y Diego de Robles Esq","Cumbayá, Quito","https://www.google.com/maps/place/Centro+Comercial+Plaza+Cumbay%C3%A1/data=!4m7!3m6!1s0x91d590e67fa8dfbd:0xe05e07dbb65317cc!8m2!3d-0.1972235!4d-78.4382349!16s%2Fg%2F11c57ddwny!19sChIJvd-of-aQ1ZERzBdTttsHXuA?authuser=0&hl=es-419&g_ep=EgoyMDI2MDkxNS4wIJJjKgBIAVAD&rclk=1"
"Verónica Nicola Estética Pro","099 468 2434","","5","57","","ninguno","","true","Esteticista","Miguel Angel 62, 170157 Quito","Cumbayá, Quito","https://www.google.com/maps/place/Vero%CC%81nica+Nicola+Est%C3%A9tica+Pro/data=!4m7!3m6!1s0x91d591e83a21b6d7:0x9c5573654d8f1f53!8m2!3d-0.2153446!4d-78.4253006!16s%2Fg%2F11f7skdnyb!19sChIJ17YhOuiR1ZERUx-PTWVzVZw?authuser=0&hl=es-419&g_ep=EgoyMDI2MDkxNS4wIJJjKgBIAVAD&rclk=1"
"Serena Nails Studio","098 462 4932","","3.9","10","","ninguno","","true","Salón de manicura y pedicura","Edificio Medex, Avenida Siena y PB, Local 115, 170901 Quito","Cumbayá, Quito","https://www.google.com/maps/place/Serena+Nails+Studio/data=!4m7!3m6!1s0x91d5911fc47e6311:0x9901b325fefb07ec!8m2!3d-0.2069627!4d-78.4286291!16s%2Fg%2F11lyhxs16_!19sChIJEWN-xB-R1ZER7Af7_iWzAZk?authuser=0&hl=es-419&g_ep=EgoyMDI2MDkxNS4wIJJjKgBIAVAD&rclk=1"
"La Pestañeria Pampite","098 684 7009","","4.9","42","http://www.lapestaneria.com/","sitio_propio","","false","Salón de pestañas","Av Pampite, 170157 Quito","Cumbayá, Quito","https://www.google.com/maps/place/La+Pesta%C3%B1eria+Pampite/data=!4m7!3m6!1s0x91d59100101c5169:0x6e567828a887af62!8m2!3d-0.195644!4d-78.4346842!16s%2Fg%2F11vzxvzqj7!19sChIJaVEcEACR1ZERYq-HqCh4Vm4?authuser=0&hl=es-419&g_ep=EgoyMDI2MDkxNS4wIJJjKgBIAVAD&rclk=1"
"WOOF PET CARE","099 759 4409","","3.3","11","","ninguno","","true","Peluquero de mascotas","170157 Quito","Cumbayá, Quito","https://www.google.com/maps/place/WOOF+PET+CARE/data=!4m7!3m6!1s0x91d59128f1a4ae87:0xb8c794c6a41ccceb!8m2!3d-0.2122816!4d-78.4263244!16s%2Fg%2F1jkxc2kh2!19sChIJh66k8SiR1ZER68wcpMaUx7g?authuser=0&hl=es-419&g_ep=EgoyMDI2MDkxNS4wIJJjKgBIAVAD&rclk=1"
"Edificio YOO Cumbayá","098 973 1485","info@olgafisch.com","4.6","687","https://olgafisch.com/","sitio_propio","","false","Tienda de recuerdos","RH46+4Q3, 170157 Quito","Cumbayá, Quito","https://www.google.com/maps/place/Edificio+YOO+Cumbay%C3%A1/data=!4m7!3m6!1s0x91d590e455e12f19:0xe2e9321e1a3d27fd!8m2!3d-0.1947304!4d-78.4380761!16s%2Fg%2F11c584qhj8!19sChIJGS_hVeSQ1ZER_Sc9Gh4y6eI?authuser=0&hl=es-419&g_ep=EgoyMDI2MDkxNS4wIJJjKgBIAVAD&rclk=1"
"Velvet Wellness Center","099 810 5276","","4.9","39","https://www.fresha.com/book-now/velvetwellnesscenter-cmj34eog/all-offer?share=true&pId=2652534","sitio_propio","","false","Peluquería","Federico González Suárez y Av. Oswaldo Guayasamín OE5-209 y, 170184 Quito","Cumbayá, Quito","https://www.google.com/maps/place/Velvet+Wellness+Center/data=!4m7!3m6!1s0x91d591c40af65d1d:0x3ce62027718f4b39!8m2!3d-0.2124759!4d-78.4137893!16s%2Fg%2F11ghfrj9v5!19sChIJHV32CsSR1ZEROUuPcScg5jw?authuser=0&hl=es-419&g_ep=EgoyMDI2MDkxNS4wIJJjKgBIAVAD&rclk=1"
"Mascota Feliz Cumbaya","099 377 3839","","3.6","17","","ninguno","","true","Peluquero de mascotas","García Moreno 210, 170902 Quito","Cumbayá, Quito","https://www.google.com/maps/place/Mascota+Feliz+Cumbaya/data=!4m7!3m6!1s0x91d5915b8651511f:0xd995447b7b26e40e!8m2!3d-0.2022629!4d-78.4277169!16s%2Fg%2F11p0gqs5bj!19sChIJH1FRhluR1ZERDuQme3tEldk?authuser=0&hl=es-419&g_ep=EgoyMDI2MDkxNS4wIJJjKgBIAVAD&rclk=1"
"Club Jacarandá","(02) 600-1120","","4.6","970","","ninguno","","true","Club social","Frente al reservorio, José M. Vargas S/N, 170157 Quito","Cumbayá, Quito","https://www.google.com/maps/place/Club+Jacarand%C3%A1/data=!4m7!3m6!1s0x91d591e58f07c39b:0xf6b879d94e606fd3!8m2!3d-0.1902715!4d-78.4268017!16s%2Fg%2F1hbpwsnsj!19sChIJm8MHj-WR1ZER029gTtl5uPY?authuser=0&hl=es-419&g_ep=EgoyMDI2MDkxNS4wIJJjKgBIAVAD&rclk=1"
"La Tejedora Distrito Creativo","(02) 289-0393","latejedoradistritocreativo@gmail.com","4.5","707","https://www.latejedoradistritocreativo.com/","sitio_propio","","false","Centro comercial","Av. Oswaldo Guayasamín E5-25, 170157 Quito","Cumbayá, Quito","https://www.google.com/maps/place/La+Tejedora+Distrito+Creativo/data=!4m7!3m6!1s0x91d59126c1555555:0x9b0e0d77d36884d8!8m2!3d-0.2061158!4d-78.4281011!16s%2Fg%2F11c442101s!19sChIJVVVVwSaR1ZER2IRo03cNDps?authuser=0&hl=es-419&g_ep=EgoyMDI2MDkxNS4wIJJjKgBIAVAD&rclk=1"
"ARTISTA by Nelvin","098 864 0223","","5","42","https://wa.me/message/LT3JWAGOBSJQI1","solo_red_social","","true","Peluquero de mascotas","Parque de Cumbayá, Cumbayá, Manabí, y y García Moreno, 170157 Quito","Cumbayá, Quito","https://www.google.com/maps/place/ARTISTA+by+Nelvin/data=!4m7!3m6!1s0x91d5a3115ffba123:0x3ebea60f66adc23a!8m2!3d-0.2011716!4d-78.4294521!16s%2Fg%2F11jr6_91tr!19sChIJI6H7XxGj1ZEROsKtZg-mvj4?authuser=0&hl=es-419&g_ep=EgoyMDI2MDkxNS4wIJJjKgBIAVAD&rclk=1"
"Coelho Plaza | Centro Comercial Cumbayá","(02) 289-0987","","4.7","192","","ninguno","","true","Centro comercial","Francisco de Orellana, 170901 Quito","Cumbayá, Quito","https://www.google.com/maps/place/Coelho+Plaza+%7C+Centro+Comercial+Cumbay%C3%A1/data=!4m7!3m6!1s0x91d5911f92cb49e7:0x1b205302f67c655c!8m2!3d-0.2012194!4d-78.4281745!16s%2Fg%2F11gdgxbx72!19sChIJ50nLkh-R1ZERXGV89gJTIBs?authuser=0&hl=es-419&g_ep=EgoyMDI2MDkxNS4wIJJjKgBIAVAD&rclk=1"
"Clinica Veterinaria San Bernardo","(02) 289-4384","","4.5","108","","ninguno","","true","Veterinario","Diego de Robles, 170157 Quito","Cumbayá, Quito","https://www.google.com/maps/place/Clinica+Veterinaria+San+Bernardo/data=!4m7!3m6!1s0x91d590e46ca860d5:0xab52497be14e0b6!8m2!3d-0.1956991!4d-78.4364552!16s%2Fg%2F1jkvn9s6h!19sChIJ1WCobOSQ1ZERtuAUvpcktQo?authuser=0&hl=es-419&g_ep=EgoyMDI2MDkxNS4wIJJjKgBIAVAD&rclk=1"
"BARBERÍA, PELUQUERÍA Y CURSOS - Oli & Eli Barber","097 902 4336","","4.9","316","https://www.facebook.com/profile.php?id=100075778184235","solo_red_social","","true","Peluquería","CA Oe2 Esc Juan Montalvo Oe2-04 827, A 170902, 170902 Quito","Tumbaco, Quito","https://www.google.com/maps/place/BARBER%C3%8DA,+PELUQUER%C3%8DA+Y+CURSOS+-+Oli+%26+Eli+Barber/data=!4m7!3m6!1s0x91d5917b20cb67c5:0xecb52f3204da06a2!8m2!3d-0.2117025!4d-78.4048838!16s%2Fg%2F11smcz7b39!19sChIJxWfLIHuR1ZERogbaBDIvtew?authuser=0&hl=es-419&g_ep=EgoyMDI2MDkxNS4wIJJjKgBIAVAD&rclk=1"
"Xanara Spa Peluquería","096 220 4729","","5","13","","ninguno","","true","Peluquería","VIVA PLAZA- Los Arupos, y y Ruta Viva, 170184 Quito","Tumbaco, Quito","https://www.google.com/maps/place/Xanara+Spa+Peluquer%C3%ADa/data=!4m7!3m6!1s0x91d59746ebd86231:0xb74a04560f39bef4!8m2!3d-0.2223775!4d-78.4031329!16s%2Fg%2F11zbp1x_gx!19sChIJMWLY60aX1ZER9L45D1YESrc?authuser=0&hl=es-419&g_ep=EgoyMDI2MDkxNS4wIJJjKgBIAVAD&rclk=1"
"REFLEJOS PELUQUERIA","(02) 210-0145","","4.5","67","","ninguno","","true","Peluquería","Av. Oswaldo Guayasamín Oe2-50, 170903 Quito","Tumbaco, Quito","https://www.google.com/maps/place/REFLEJOS+PELUQUERIA/data=!4m7!3m6!1s0x91d59149fd494d19:0x76792b9e1c7902d0!8m2!3d-0.2147394!4d-78.4069062!16s%2Fg%2F11grvjs8ll!19sChIJGU1J_UmR1ZER0AJ5HJ4reXY?authuser=0&hl=es-419&g_ep=EgoyMDI2MDkxNS4wIJJjKgBIAVAD&rclk=1"
"Armory Peluqueros","098 454 1965","","4.5","42","","ninguno","","true","Peluquería","Río Agoyan, 170184 Quito","Tumbaco, Quito","https://www.google.com/maps/place/Armory+Peluqueros/data=!4m7!3m6!1s0x91d5936cfe4c614f:0x83cfb6ff23c4c829!8m2!3d-0.2046109!4d-78.378101!16s%2Fg%2F11ght3b54d!19sChIJT2FM_myT1ZERKcjEI_-2z4M?authuser=0&hl=es-419&g_ep=EgoyMDI2MDkxNS4wIJJjKgBIAVAD&rclk=1"
"Barbería Ricardo Hair Cuts Barbiere","098 494 3298","","4.8","243","http://www.ricardohaircutsbarbiere.com/","sitio_propio","","false","Barbería","Juan Montalvo S3-120 y, Rita Lecumberry 170902, 170902 Quito","Tumbaco, Quito","https://www.google.com/maps/place/Barber%C3%ADa+Ricardo+Hair+Cuts+Barbiere/data=!4m7!3m6!1s0x91d591bcecaf0207:0x9ca6e7862a889d7d!8m2!3d-0.2165833!4d-78.4074856!16s%2Fg%2F11h80c1x1f!19sChIJBwKv7LyR1ZERfZ2IKobnppw?authuser=0&hl=es-419&g_ep=EgoyMDI2MDkxNS4wIJJjKgBIAVAD&rclk=1"
"De pelos con Lily","098 909 9254","","4.9","7","","ninguno","","true","Peluquería","Ecuador, Quito, Tumbaco Calle Rosa Zarate, y y Norberto Salazar, Quito","Tumbaco, Quito","https://www.google.com/maps/place/De+pelos+con+Lily/data=!4m7!3m6!1s0x91d5917a856957f1:0x288174a80e0f8ebe!8m2!3d-0.2081326!4d-78.3983624!16s%2Fg%2F11mvm6ns8b!19sChIJ8VdphXqR1ZERvo4PDqh0gSg?authuser=0&hl=es-419&g_ep=EgoyMDI2MDkxNS4wIJJjKgBIAVAD&rclk=1"
"Elegance Studio Barber & Nails","098 277 4030","","4.9","23","","ninguno","","true","Peluquería","Simón Bolívar oe-216 y, 170902 Quito","Tumbaco, Quito","https://www.google.com/maps/place/Elegance+Studio+Barber+%26+Nails/data=!4m7!3m6!1s0x91d5919aa26d24e7:0x28f45f0f8bbede68!8m2!3d-0.211583!4d-78.4052591!16s%2Fg%2F11k4431gyg!19sChIJ5yRtopqR1ZERaN6-iw9f9Cg?authuser=0&hl=es-419&g_ep=EgoyMDI2MDkxNS4wIJJjKgBIAVAD&rclk=1"
"Estilos Díaz Peluquería","099 324 4473","","4.9","7","https://facebook.com/estilosdiazpeluqueria2","solo_red_social","","true","Peluquería","Oswaldo Guayasamin, y Rodriguez y Rodrigo Nuñez OE4-58, 170902 Quito","Tumbaco, Quito","https://www.google.com/maps/place/Estilos+D%C3%ADaz+Peluquer%C3%ADa/data=!4m7!3m6!1s0x91d5919ffb9856ab:0x5ab38fef61c37a86!8m2!3d-0.2121322!4d-78.4102513!16s%2Fg%2F11t85b3tdh!19sChIJq1aY-5-R1ZERhnrDYe-Ps1o?authuser=0&hl=es-419&g_ep=EgoyMDI2MDkxNS4wIJJjKgBIAVAD&rclk=1"
"Marilyn Studio (Tumbaco)","098 424 4735","","4.4","53","http://www.marilynstudio.es/","sitio_propio","2025","false","Centro de estética","Fray Gonzalo de Vera y Gonzalo Pizarro OE1-127, 170903 Quito","Tumbaco, Quito","https://www.google.com/maps/place/Marilyn+Studio+%28Tumbaco%29/data=!4m7!3m6!1s0x91d5912e203e1cc1:0x519cd3ffb9dc3052!8m2!3d-0.2146732!4d-78.4047093!16s%2Fg%2F11h7z8jqf_!19sChIJwRw-IC6R1ZERUjDcuf_TnFE?authuser=0&hl=es-419&g_ep=EgoyMDI2MDkxNS4wIJJjKgBIAVAD&rclk=1"
"Alicia Pozo Peluqueria","099 436 9883","","5","22","https://bit.ly/CalendarioAliciaPozoPeluquer%C3%ADa","sitio_propio","","false","Peluquería","Francisco de Orellana y y, 170902 Quito","Tumbaco, Quito","https://www.google.com/maps/place/Alicia+Pozo+Peluqueria/data=!4m7!3m6!1s0x91d59104a05b7c43:0xa9ad864e6f039646!8m2!3d-0.2116258!4d-78.4068348!16s%2Fg%2F11rwr0j2md!19sChIJQ3xboASR1ZERRpYDb06Grak?authuser=0&hl=es-419&g_ep=EgoyMDI2MDkxNS4wIJJjKgBIAVAD&rclk=1"
"Color Lab Spa","095 945 0682","","4.3","10","","ninguno","","true","Peluquería","Abdón Calderón y Vicente Rocafuerte &, 170184 Quito","Tumbaco, Quito","https://www.google.com/maps/place/Color+Lab+Spa/data=!4m7!3m6!1s0x91d591647c057879:0x983428d3d07e44ad!8m2!3d-0.2107528!4d-78.4050575!16s%2Fg%2F11lky8dbsp!19sChIJeXgFfGSR1ZERrUR-0NMoNJg?authuser=0&hl=es-419&g_ep=EgoyMDI2MDkxNS4wIJJjKgBIAVAD&rclk=1"
"Peluquería fusion","099 267 7088","","4.6","18","","ninguno","","true","Peluquería","QHQW+FFC, 170184 Quito","Tumbaco, Quito","https://www.google.com/maps/place/Peluquer%C3%ADa+fusion/data=!4m7!3m6!1s0x91d5913827d56b11:0x3d46d4458d031644!8m2!3d-0.211306!4d-78.4038543!16s%2Fg%2F11jxrqv33r!19sChIJEWvVJziR1ZERRBYDjUXURj0?authuser=0&hl=es-419&g_ep=EgoyMDI2MDkxNS4wIJJjKgBIAVAD&rclk=1"
"J&A barber studio","099 564 6384","","5","6","","ninguno","","true","Barbería","170184 Quito","Tumbaco, Quito","https://www.google.com/maps/place/J%26A+barber+studio/data=!4m7!3m6!1s0x91d5913680c3daff:0x15ccc9004af65393!8m2!3d-0.2123566!4d-78.4053574!16s%2Fg%2F11zfr24d4t!19sChIJ_9rDgDaR1ZERk1P2SgDJzBU?authuser=0&hl=es-419&g_ep=EgoyMDI2MDkxNS4wIJJjKgBIAVAD&rclk=1"
"NG Barber Studio","096 390 2450","","5","20","https://ng-barberstudio.netlify.app/","sitio_propio","","false","Barbería","Parroquia Tumbaco del cantón, Calle Rio San Pedro E7 167 y, Av. Oswaldo Guayasamín Km. 18, 170124 Quito","Tumbaco, Quito","https://www.google.com/maps/place/NG+Barber+Studio/data=!4m7!3m6!1s0x91d5933ba47de5bf:0x1e71ba3dacbb7647!8m2!3d-0.19978!4d-78.3751111!16s%2Fg%2F11zcv5ftd4!19sChIJv-V9pDuT1ZERR3a7rD26cR4?authuser=0&hl=es-419&g_ep=EgoyMDI2MDkxNS4wIJJjKgBIAVAD&rclk=1"
"MEN’S BARBER & ACADEMY - TUMBACO","098 851 3030","mensuiospa@gmail.com","4.8","35","https://mensecuador.com/","sitio_propio","2026","false","Barbería","Hilacril plaza, 170184 Quito","Tumbaco, Quito","https://www.google.com/maps/place/MEN%E2%80%99S+BARBER+%26+ACADEMY+-+TUMBACO/data=!4m7!3m6!1s0x91d5938da6522f83:0x709743b1571b29a5!8m2!3d-0.2001261!4d-78.3761331!16s%2Fg%2F11wvm0pq1_!19sChIJgy9Spo2T1ZERpSkbV7FDl3A?authuser=0&hl=es-419&g_ep=EgoyMDI2MDkxNS4wIJJjKgBIAVAD&rclk=1"
"Corte Y Color","098 485 9357","","3.7","6","","ninguno","","true","Peluquería","QHQW+PXQ, Gonzalo Pizarro, S/N, 170902 Quito","Tumbaco, Quito","https://www.google.com/maps/place/Corte+Y+Color/data=!4m7!3m6!1s0x91d59148a0f82197:0x197ed8c0ccf7c718!8m2!3d-0.2106631!4d-78.4025084!16s%2Fg%2F11ffv14njq!19sChIJlyH4oEiR1ZERGMf3zMDYfhk?authuser=0&hl=es-419&g_ep=EgoyMDI2MDkxNS4wIJJjKgBIAVAD&rclk=1"
"Eduard Studio","098 384 4199","","5","39","https://www.instagram.com/barbero_eduar?igsh=MTJmY2djb3FkNmgzaA==&utm_source=qr","solo_red_social","","true","Barbería","170902 Quito","Tumbaco, Quito","https://www.google.com/maps/place/Eduard+Studio/data=!4m7!3m6!1s0x91d5911060dc86f5:0x56302ce8b6525af2!8m2!3d-0.2126275!4d-78.395659!16s%2Fg%2F11mk_c1yn_!19sChIJ9YbcYBCR1ZER8lpStugsMFY?authuser=0&hl=es-419&g_ep=EgoyMDI2MDkxNS4wIJJjKgBIAVAD&rclk=1"
"Peluquería Il Salone","","","4.8","12","","ninguno","","true","Peluquería","Gonzalo Díaz de Pineda 1-122, 170184 Quito","Tumbaco, Quito","https://www.google.com/maps/place/Peluquer%C3%ADa+Il+Salone/data=!4m7!3m6!1s0x91d59123871e8ce1:0xc1e0696ecda1ad93!8m2!3d-0.2108604!4d-78.4063373!16s%2Fg%2F11jzf44k4j!19sChIJ4YwehyOR1ZERk62hzW5p4ME?authuser=0&hl=es-419&g_ep=EgoyMDI2MDkxNS4wIJJjKgBIAVAD&rclk=1"
"Freddy Look","(02) 334-5454","","3.9","14","","ninguno","","true","Barbería","Av. Oswaldo Guayasamín Oe2-09, 170903 Quito","Tumbaco, Quito","https://www.google.com/maps/place/Freddy+Look/data=!4m7!3m6!1s0x91d59149fba60e89:0x9aa1a5b498464e91!8m2!3d-0.2142674!4d-78.4050566!16s%2Fg%2F11grr974ny!19sChIJiQ6m-0mR1ZERkU5GmLSloZo?authuser=0&hl=es-419&g_ep=EgoyMDI2MDkxNS4wIJJjKgBIAVAD&rclk=1"
"Kadi Spa","(02) 237-4021","kadypelu92@gmail.com","4.2","25","http://www.kadispa.ec/","sitio_propio","","false","Spa de día","Francisco de Orellana y Vicente Rocafuerte Oe2-143 y, 170902 Quito","Tumbaco, Quito","https://www.google.com/maps/place/Kadi+Spa/data=!4m7!3m6!1s0x91d59136e3a5ecc3:0x30d12242ccae87e9!8m2!3d-0.2122533!4d-78.4058746!16s%2Fg%2F12mkvn41q!19sChIJw-yl4zaR1ZER6YeuzEIi0TA?authuser=0&hl=es-419&g_ep=EgoyMDI2MDkxNS4wIJJjKgBIAVAD&rclk=1"
"PELUQUERÍA CANINA ""PELUDITOS TUMBACO""","098 750 3650","","4.1","70","https://www.instagram.com/peluditostumbaco/","solo_red_social","","true","Peluquería","QHPV+G99 Eugenio Espejo, y y Francisco de Orellana, Quito","Tumbaco, Quito","https://www.google.com/maps/place/PELUQUER%C3%8DA+CANINA+%22PELUDITOS+TUMBACO%22/data=!4m7!3m6!1s0x91d591135e3ef21f:0xc85a91378090c95!8m2!3d-0.2127494!4d-78.4043737!16s%2Fg%2F11pyz5ggfh!19sChIJH_I-XhOR1ZERlQwJeBOphQw?authuser=0&hl=es-419&g_ep=EgoyMDI2MDkxNS4wIJJjKgBIAVAD&rclk=1"
"Sohoo Peluquería","098 345 4726","","5","7","","ninguno","","true","Peluquería","Juan Coello s5-92, 170903 Quito","Tumbaco, Quito","https://www.google.com/maps/place/Sohoo+Peluquer%C3%ADa/data=!4m7!3m6!1s0x91d591f55529a8f7:0xda71a88c237911af!8m2!3d-0.2166546!4d-78.4175211!16s%2Fg%2F11ww4wv2mr!19sChIJ96gpVfWR1ZERrxF5I4yocdo?authuser=0&hl=es-419&g_ep=EgoyMDI2MDkxNS4wIJJjKgBIAVAD&rclk=1"
"Carlos Zuluaga Peluquería","(02) 237-3035","","3.7","7","","ninguno","","true","Peluquería","QHQM+GMP, 170184 Quito","Tumbaco, Quito","https://www.google.com/maps/place/Carlos+Zuluaga+Peluquer%C3%ADa/data=!4m7!3m6!1s0x91d591307c92784b:0x46173b0732e70c02!8m2!3d-0.2111732!4d-78.4157833!16s%2Fg%2F11bxdz_lgh!19sChIJS3iSfDCR1ZERAgznMgc7F0Y?authuser=0&hl=es-419&g_ep=EgoyMDI2MDkxNS4wIJJjKgBIAVAD&rclk=1"
"Peluquería Yoli","(02) 235-7412","","4.9","7","","ninguno","","true","Barbería","Sergio Pazmiño E7-05, 170902 Quito","Tumbaco, Quito","https://www.google.com/maps/place/Peluquer%C3%ADa+Yoli/data=!4m7!3m6!1s0x91d591590e395903:0x7c9c9e76e5d79db0!8m2!3d-0.2078664!4d-78.3880146!16s%2Fg%2F11gw36skwm!19sChIJA1k5DlmR1ZERsJ3X5XaenHw?authuser=0&hl=es-419&g_ep=EgoyMDI2MDkxNS4wIJJjKgBIAVAD&rclk=1"
"Ventura Mall","(02) 237-3354","recepcion@venturamall.net","4.2","5473","https://venturamall.net/","sitio_propio","","false","Centro comercial","Av. Oswaldo Guayasamín 1/2, Km. 14, 170903 Quito","Tumbaco, Quito","https://www.google.com/maps/place/Ventura+Mall/data=!4m7!3m6!1s0x91d591308011eccd:0x5ce5b7c29baf5e42!8m2!3d-0.2107223!4d-78.4154956!16s%2Fg%2F1hdz952t5!19sChIJzewRgDCR1ZERQl6vm8K35Vw?authuser=0&hl=es-419&g_ep=EgoyMDI2MDkxNS4wIJJjKgBIAVAD&rclk=1"
"Todo para el Estilista Tumbaco","237-7408","todoparaelestilista@hotmail.com","3.3","10","https://todoparaelestilista.wixsite.com/boutiquedistributor?fbclid=IwAR0z5oEY2ab1yy9G7PsY5RB-7AmlUgseQpbaU2dgERAvwv135m-lH02fl14","sitio_propio","","false","Tienda de productos de belleza","Av. Oswadlo Guayasamin, y y Gonzalo Pizarro, Quito","Tumbaco, Quito","https://www.google.com/maps/place/Todo+para+el+Estilista+Tumbaco/data=!4m7!3m6!1s0x91d5914ee4c58f65:0x56cca0a655420385!8m2!3d-0.2156877!4d-78.4047173!16s%2Fg%2F11y39j5lxd!19sChIJZY_F5E6R1ZERhQNCVaagzFY?authuser=0&hl=es-419&g_ep=EgoyMDI2MDkxNS4wIJJjKgBIAVAD&rclk=1"
"RUBI ALAVA ESTETICA (TUMBACO)","096 899 4866","","4.9","30","","ninguno","","true","Esteticista","Gonzalo Díaz de Pineda &, 170184 Quito","Tumbaco, Quito","https://www.google.com/maps/place/RUBI+ALAVA+ESTETICA+%28TUMBACO%29/data=!4m7!3m6!1s0x91d591eea3083913:0xd7a76998a930db10!8m2!3d-0.21205!4d-78.4069079!16s%2Fg%2F11stvhm_td!19sChIJEzkIo-6R1ZERENswqZhpp9c?authuser=0&hl=es-419&g_ep=EgoyMDI2MDkxNS4wIJJjKgBIAVAD&rclk=1"
"TOP PET SPA tumbaco","098 301 4142","","5","6","https://www.instagram.com/top_petspa?igsh=YzljYTk1ODg3Zg==","solo_red_social","","true","Peluquero de mascotas","170902, Quito","Tumbaco, Quito","https://www.google.com/maps/place/TOP+PET+SPA+tumbaco/data=!4m7!3m6!1s0x91d5911fd8959cc9:0xd7fdd65127b80af7!8m2!3d-0.2106843!4d-78.409552!16s%2Fg%2F11x2pgst90!19sChIJyZyV2B-R1ZER9wq4J1HW_dc?authuser=0&hl=es-419&g_ep=EgoyMDI2MDkxNS4wIJJjKgBIAVAD&rclk=1"
"Patitas Grooming Spa","096 737 9425","","5","32","http://patitasgroomingspa.com/","sitio_propio","","true","Peluquero de mascotas","Ventura Mall, Av. Oswaldo Guayasamín 1/2, Quito 170903, 170902 Quito","Tumbaco, Quito","https://www.google.com/maps/place/Patitas+Grooming+Spa/data=!4m7!3m6!1s0x91d5913f2842a3ff:0x85fe63e2da651bf9!8m2!3d-0.2110267!4d-78.4154675!16s%2Fg%2F11v675jsfq!19sChIJ_6NCKD-R1ZER-Rtl2uJj_oU?authuser=0&hl=es-419&g_ep=EgoyMDI2MDkxNS4wIJJjKgBIAVAD&rclk=1"
"Diosas nails & spa","098 332 3319","","4.7","29","https://wa.me/message/IKRP5IXTC2ISH1","solo_red_social","","true","Centro de estética","La Cerámica y t, 170184 Quito","Tumbaco, Quito","https://www.google.com/maps/place/Diosas+nails+%26+spa/data=!4m7!3m6!1s0x91d5916ae7fa6503:0xb726dd100bd07114!8m2!3d-0.2185874!4d-78.3940047!16s%2Fg%2F11tmrf5wl9!19sChIJA2X652qR1ZERFHHQCxDdJrc?authuser=0&hl=es-419&g_ep=EgoyMDI2MDkxNS4wIJJjKgBIAVAD&rclk=1"
"Pet Beauty","098 202 3123","","5","47","","ninguno","","true","Peluquero de mascotas","El Carrizal y Av. Oswaldo Guayasamín E9-162 y, 170184 Quito","Tumbaco, Quito","https://www.google.com/maps/place/Pet+Beauty/data=!4m7!3m6!1s0x91d593efc9e0353b:0xc8a20922278fb932!8m2!3d-0.2096376!4d-78.3781415!16s%2Fg%2F11ygwf7w5q!19sChIJOzXgye-T1ZERMrmPJyIJosg?authuser=0&hl=es-419&g_ep=EgoyMDI2MDkxNS4wIJJjKgBIAVAD&rclk=1"
"C.D. Peluquería y masajes servicio a domicilio César Barrera","097 900 1370","","4.7","9","https://sites.google.com/view/peluqueriaymasajes/p%C3%A1gina-principal?authuser=3","sitio_propio","","false","Peluquería","170513 Quito","Tumbaco, Quito","https://www.google.com/maps/place/C.D.+Peluquer%C3%ADa+y+masajes+servicio+a+domicilio+C%C3%A9sar+Barrera/data=!4m7!3m6!1s0x91d59a9de06a502d:0xfacddf4b21d0545e!8m2!3d-0.21986!4d-78.4009062!16s%2Fg%2F11b6gq0jw1!19sChIJLVBq4J2a1ZERXlTQIUvfzfo?authuser=0&hl=es-419&g_ep=EgoyMDI2MDkxNS4wIJJjKgBIAVAD&rclk=1"
"PetSquad Spa de Mascotas Tumbaco","097 870 1706","","4.7","15","https://www.instagram.com/petsquad.ec","solo_red_social","","true","Peluquero de mascotas","Av. Oswaldo Guayasamín, 170184 Quito","Tumbaco, Quito","https://www.google.com/maps/place/PetSquad+Spa+de+Mascotas+Tumbaco/data=!4m7!3m6!1s0x91d591f26e31956d:0x162fe722a91f4e3f!8m2!3d-0.2154386!4d-78.3948491!16s%2Fg%2F11wfc7hq1y!19sChIJbZUxbvKR1ZERP04fqSLnLxY?authuser=0&hl=es-419&g_ep=EgoyMDI2MDkxNS4wIJJjKgBIAVAD&rclk=1"
"Serena - Spa & Peluquería","098 537 3059","","4.8","6","https://www.instagram.com/serena_stetictumbaco?igsh=MXV2MmZpZHF4cnVvbg%3D%3D&utm_source=qr","solo_red_social","","true","Spa","Tumbaco, la morita 2, calle de las moras, y y De las Almendras, 170903 Quito","Tumbaco, Quito","https://www.google.com/maps/place/Serena+-+Spa+%26+Peluquer%C3%ADa/data=!4m7!3m6!1s0x91d59739958eb83f:0xd98003c839672a88!8m2!3d-0.2235383!4d-78.3846467!16s%2Fg%2F11xng1lz3w!19sChIJP7iOlTmX1ZERiCpnOcgDgNk?authuser=0&hl=es-419&g_ep=EgoyMDI2MDkxNS4wIJJjKgBIAVAD&rclk=1"
"Dread Lion's","098 786 9108","","5","6","","ninguno","","true","Barbería","Edifici9 Centauro , Segundo Piso, Calle Fray Gonzalo de vera, Tumtbaco S/N, 170902 Quito","Tumbaco, Quito","https://www.google.com/maps/place/Dread+Lion%27s/data=!4m7!3m6!1s0x91d59149ea306635:0xd32d5d1b1f84452f!8m2!3d-0.2142392!4d-78.4058937!16s%2Fg%2F11grvk0_bv!19sChIJNWYw6kmR1ZERL0WEHxtdLdM?authuser=0&hl=es-419&g_ep=EgoyMDI2MDkxNS4wIJJjKgBIAVAD&rclk=1"
"Arte y Tijeras.Capacitación y Certificación","099 290 7035","","5","17","https://www.linkedin.com/company/arte-y-tijeras-s-a-s/?viewAsMember=true","sitio_propio","","false","Escuela de peluquería","Av. Oswaldo Guayasamín 1/2, 170903 Quito","Tumbaco, Quito","https://www.google.com/maps/place/Arte+y+Tijeras.Capacitaci%C3%B3n+y+Certificaci%C3%B3n/data=!4m7!3m6!1s0x91d5910110b199cf:0x9ce8b21e3a380276!8m2!3d-0.2110267!4d-78.4154675!16s%2Fg%2F11p06nkr40!19sChIJz5mxEAGR1ZERdgI4Oh6y6Jw?authuser=0&hl=es-419&g_ep=EgoyMDI2MDkxNS4wIJJjKgBIAVAD&rclk=1"
"Siempre Bella 💕💈","099 870 7923","","5","22","","ninguno","","true","Tienda de belleza y salud","Gonzalo Pizarro, GRAL y Antonio José de Sucre N2-92, 170184 Quito","Tumbaco, Quito","https://www.google.com/maps/place/Siempre+Bella+%F0%9F%92%95%F0%9F%92%88/data=!4m7!3m6!1s0x91d591e684cbe537:0x492c14e9f981a7e8!8m2!3d-0.2110958!4d-78.4025689!16s%2Fg%2F11q9h3ylq_!19sChIJN-XLhOaR1ZER6KeB-ekULEk?authuser=0&hl=es-419&g_ep=EgoyMDI2MDkxNS4wIJJjKgBIAVAD&rclk=1"
"Lula peluquería","098 330 9785","","3.3","33","","ninguno","","true","Peluquería","Aurelio Dávila Cajas 48, 170184","Tumbaco, Quito","https://www.google.com/maps/place/Lula+peluquer%C3%ADa/data=!4m7!3m6!1s0x91d593ddf3bb702d:0x962af2736bcfe2aa!8m2!3d-0.1909644!4d-78.3829343!16s%2Fg%2F11r9v_2277!19sChIJLXC7892T1ZERquLPa3PyKpY?authuser=0&hl=es-419&g_ep=EgoyMDI2MDkxNS4wIJJjKgBIAVAD&rclk=1"
"""Mis Uñas Peluquería","098 376 3056","","4.3","6","","ninguno","","true","Centro de estética","Juan Montalvo y Av. Oswaldo Guayasamín S2-156 y, 170184 Quito","Tumbaco, Quito","https://www.google.com/maps/place/%22Mis+U%C3%B1as+Peluquer%C3%ADa/data=!4m7!3m6!1s0x91d591ec62dab55f:0x2f52f58fb0e963af!8m2!3d-0.215349!4d-78.4066226!16s%2Fg%2F11pdz26m52!19sChIJX7XaYuyR1ZERr2PpsI_1Ui8?authuser=0&hl=es-419&g_ep=EgoyMDI2MDkxNS4wIJJjKgBIAVAD&rclk=1"
"HiPets","096 789 7626","","5","12","","ninguno","","true","Peluquero de mascotas","Gaspar de carvajal, y y Pje. Pons, 170901 Quito","Tumbaco, Quito","https://www.google.com/maps/place/HiPets/data=!4m7!3m6!1s0x91d59127a83b3aab:0x8138f31a87b59ff7!8m2!3d-0.2192177!4d-78.4057954!16s%2Fg%2F11nhbldhb2!19sChIJqzo7qCeR1ZER95-1hxrzOIE?authuser=0&hl=es-419&g_ep=EgoyMDI2MDkxNS4wIJJjKgBIAVAD&rclk=1"
"Pet’s Republic Ec","(02) 237-0660","","4.5","65","","ninguno","","true","Tienda de productos para mascotas","Av. OSwaldo Guayasamin, y y Eugenio Espejo, 170902 Quito","Tumbaco, Quito","https://www.google.com/maps/place/Pet%E2%80%99s+Republic+Ec/data=!4m7!3m6!1s0x91d591ec3822cd95:0xee8211752bf62060!8m2!3d-0.2150133!4d-78.4053972!16s%2Fg%2F11h6nq0q8w!19sChIJlc0iOOyR1ZERYCD2K3URgu4?authuser=0&hl=es-419&g_ep=EgoyMDI2MDkxNS4wIJJjKgBIAVAD&rclk=1"
"El Perro Sabio","099 283 5586","","5","29","https://el-perro-sabio.negocio.site/?utm_source=gmb&utm_medium=referral","sitio_propio","","false","Peluquero de mascotas","Ciclovia junto a Plaza Magnolia, Ruta Viva km 6, 170184 Quito","Tumbaco, Quito","https://www.google.com/maps/place/El+Perro+Sabio/data=!4m7!3m6!1s0x91d59173b6368225:0xdce6f5126037ab43!8m2!3d-0.2218209!4d-78.4189821!16s%2Fg%2F11kl619h_v!19sChIJJYI2tnOR1ZERQ6s3YBL15tw?authuser=0&hl=es-419&g_ep=EgoyMDI2MDkxNS4wIJJjKgBIAVAD&rclk=1"
"Gran Marcelino Plaza","099 837 7134","","4.5","215","","ninguno","","true","Centro comercial","Rodrigo Nuñez, 170184 Quito","Tumbaco, Quito","https://www.google.com/maps/place/Gran+Marcelino+Plaza/data=!4m7!3m6!1s0x91d59192b9301839:0xffdaca751d64d40!8m2!3d-0.2123704!4d-78.4106931!16s%2Fg%2F11np7d74kk!19sChIJORgwuZKR1ZERQE3WUaes_Q8?authuser=0&hl=es-419&g_ep=EgoyMDI2MDkxNS4wIJJjKgBIAVAD&rclk=1"
"La Mascoteria - Tumbaco","098 686 0910","","4.9","15","http://www.lamascoteria.com.ec/","sitio_propio","","true","Cuidador de mascotas","170184 180127, 179184","Tumbaco, Quito","https://www.google.com/maps/place/La+Mascoteria+-+Tumbaco/data=!4m7!3m6!1s0x91d591d0b6b06d03:0xeeef1816ed2a13e6!8m2!3d-0.2087052!4d-78.4042006!16s%2Fg%2F11ghfqx441!19sChIJA22wttCR1ZER5hMq7RYY7-4?authuser=0&hl=es-419&g_ep=EgoyMDI2MDkxNS4wIJJjKgBIAVAD&rclk=1"
"Mimadogs Peluquería","096 394 0679","","5","6","https://www.mimadogspeluqueria.com/","sitio_propio","2026","false","Peluquero de mascotas","Tumbaco, Via al Ilaló S5-198 y Rumihuyacco, 170903 Quito","Tumbaco, Quito","https://www.google.com/maps/place/Mimadogs+Peluquer%C3%ADa/data=!4m7!3m6!1s0x65031c1ffef7d6d9:0xa9cee09f4ce1cd66!8m2!3d-0.2286746!4d-78.3996866!16s%2Fg%2F11nqb3scdp!19sChIJ2db3_h8cA2URZs3hTJ_gzqk?authuser=0&hl=es-419&g_ep=EgoyMDI2MDkxNS4wIJJjKgBIAVAD&rclk=1"
"Animal Center Tumbaco","(02) 237-6745","","4.2","6","","ninguno","","true","Peluquero de mascotas","QJP6+GF3, E28C, 170184 Quito","Tumbaco, Quito","https://www.google.com/maps/place/Animal+Center+Tumbaco/data=!4m7!3m6!1s0x91d59156c4981005:0x3a095eb20b218622!8m2!3d-0.213734!4d-78.388819!16s%2Fg%2F11clysk3w9!19sChIJBRCYxFaR1ZERIoYhC7JeCTo?authuser=0&hl=es-419&g_ep=EgoyMDI2MDkxNS4wIJJjKgBIAVAD&rclk=1"
"Clínica Veterinaria ANIMAL HELP","099 678 3751","","4.8","132","https://animal-help-veterinaria.amawebs.com/","sitio_propio","2026","false","Veterinario","a Collaqui, Gonzalo Pizarro y Gral. Eloy Alfaro &, 170903 Quito","Tumbaco, Quito","https://www.google.com/maps/place/Cl%C3%ADnica+Veterinaria+ANIMAL+HELP/data=!4m7!3m6!1s0x91d59145eb3076e1:0x76a6a2a2d9b407bf!8m2!3d-0.2039815!4d-78.4001518!16s%2Fg%2F11gyqb8rn3!19sChIJ4XYw60WR1ZERvwe02aKipnY?authuser=0&hl=es-419&g_ep=EgoyMDI2MDkxNS4wIJJjKgBIAVAD&rclk=1"
"ACADEMIA DE BELLEZA CEFAPTU","(02) 204-4020","","3.5","6","","ninguno","","true","Academia de estética","QJXF+6X6, Río Agoyan, 170902 Quito","Tumbaco, Quito","https://www.google.com/maps/place/ACADEMIA+DE+BELLEZA+CEFAPTU/data=!4m7!3m6!1s0x91d593e7851a5eaf:0x76114a9ae82a84ec!8m2!3d-0.2019675!4d-78.375119!16s%2Fg%2F11gsbhhggf!19sChIJr14aheeT1ZER7IQq6JpKEXY?authuser=0&hl=es-419&g_ep=EgoyMDI2MDkxNS4wIJJjKgBIAVAD&rclk=1"
"Nina's Pet House","099 136 8588","","5","6","https://www.instagram.com/ninaspet.house?igsh=MXI1bzdpZ3dmdzV6Yw==","solo_red_social","","true","Peluquero de mascotas","Vicente Rocafuerte S1-60, 170902 Quito","Tumbaco, Quito","https://www.google.com/maps/place/Nina%27s+Pet+House/data=!4m7!3m6!1s0x91d591005f9ac00d:0x36b2f9e4049b0c29!8m2!3d-0.2125874!4d-78.4062608!16s%2Fg%2F11wg46yq04!19sChIJDcCaXwCR1ZERKQybBOT5sjY?authuser=0&hl=es-419&g_ep=EgoyMDI2MDkxNS4wIJJjKgBIAVAD&rclk=1"
"DOG SPOT","099 551 3057","","5","9","https://www.instagram.com/dogsociety.ec?igsh=MTFydHc4eWx2eXg2dg==","solo_red_social","","true","Peluquero de mascotas","Colina Plaza, 170902 Quito","Tumbaco, Quito","https://www.google.com/maps/place/DOG+SPOT/data=!4m7!3m6!1s0x91d591e5ab391b55:0xe48f70bcd71c3fef!8m2!3d-0.1976377!4d-78.3940088!16s%2Fg%2F11yjv_wxvd!19sChIJVRs5q-WR1ZER7z8c17xwj-Q?authuser=0&hl=es-419&g_ep=EgoyMDI2MDkxNS4wIJJjKgBIAVAD&rclk=1"
"Veterinaria Puppy Vet","096 795 7110","","4.6","47","","ninguno","","true","Veterinario","Abdón Calderón, 170184 Quito","Tumbaco, Quito","https://www.google.com/maps/place/Veterinaria+Puppy+Vet/data=!4m7!3m6!1s0x91d59135fc701cd3:0x6fc95b7bc263c2e!8m2!3d-0.2113235!4d-78.4035587!16s%2Fg%2F11h7f79ktw!19sChIJ0xxw_DWR1ZERLjwmvLeV_AY?authuser=0&hl=es-419&g_ep=EgoyMDI2MDkxNS4wIJJjKgBIAVAD&rclk=1"
"Hair Clinic - La Carolina","099 077 4397","","4.9","729","https://hairclinic.com.ec/link-in-bio","sitio_propio","","false","Peluquería","Avenida Shyris y República del Salvador esquina Edificio Onix, Piso 1, oficina 1A (sobre casave, 170137 Quito","La Carolina, Quito","https://www.google.com/maps/place/Hair+Clinic+-+La+Carolina/data=!4m7!3m6!1s0x91d59ba43d45b7cd:0xa1ed05c0547b3678!8m2!3d-0.1858496!4d-78.4824508!16s%2Fg%2F11pd1vxwmz!19sChIJzbdFPaSb1ZEReDZ7VMAF7aE?authuser=0&hl=es-419&g_ep=EgoyMDI2MDkxNS4wIJJjKgBIAVAD&rclk=1"
"Pili peluquería","098 318 6843","","5","20","","ninguno","","true","Peluquería","170103 Quito","La Carolina, Quito","https://www.google.com/maps/place/Pili+peluquer%C3%ADa/data=!4m7!3m6!1s0x91d59bd3b75dc3bd:0xcb358e39f1b5e61b!8m2!3d-0.1770134!4d-78.48637!16s%2Fg%2F11yhbq7zvw!19sChIJvcNdt9Ob1ZERG-a18TmONcs?authuser=0&hl=es-419&g_ep=EgoyMDI2MDkxNS4wIJJjKgBIAVAD&rclk=1"
"Carolina Robles Studio","098 117 8408","","5","31","https://carolinarobles-studio.com/","sitio_propio","","false","Centro de estética","Av. Eloy Alfaro y Intersección: BUGANVILLAS N46-57, 170503 Quito","La Carolina, Quito","https://www.google.com/maps/place/Carolina+Robles+Studio/data=!4m7!3m6!1s0x91d591ba5e905761:0x8124363aa24617b1!8m2!3d-0.1585139!4d-78.4666999!16s%2Fg%2F11mk_msvw9!19sChIJYVeQXrqR1ZERsRdGojo2JIE?authuser=0&hl=es-419&g_ep=EgoyMDI2MDkxNS4wIJJjKgBIAVAD&rclk=1"
"Capital Salón","099 612 2235","","5","18","","ninguno","","true","Peluquería","Finlandia n36-83 y Suecia, 170505 Quito","La Carolina, Quito","https://www.google.com/maps/place/Capital+Sal%C3%B3n/data=!4m7!3m6!1s0x91d59bedf05bfd09:0x569b864f910a780d!8m2!3d-0.1788383!4d-78.4805059!16s%2Fg%2F11z9tp8s1p!19sChIJCf1b8O2b1ZERDXgKkU-Gm1Y?authuser=0&hl=es-419&g_ep=EgoyMDI2MDkxNS4wIJJjKgBIAVAD&rclk=1"
"ONIX HAIR SALON","096 104 1180","","4.9","27","https://www.instagram.com/marcosriveroj/","solo_red_social","","true","Peluquería","edificio Cosmopolitan parc nivel mezzanine, Luxemburgo y, Portugal y Av. de los Shyris, Oficina N* 203, 170505 Quito","La Carolina, Quito","https://www.google.com/maps/place/ONIX+HAIR+SALON/data=!4m7!3m6!1s0x91d59b7a2a6ab539:0x6fa975d72a5614ed!8m2!3d-0.1820885!4d-78.4812724!16s%2Fg%2F11rs2_bjb5!19sChIJObVqKnqb1ZER7RRWKtd1qW8?authuser=0&hl=es-419&g_ep=EgoyMDI2MDkxNS4wIJJjKgBIAVAD&rclk=1"
"The Cave Barbershop Riocentro Quito","098 363 2984","","4.9","1558","http://www.thecave.ec/","sitio_propio","2022","false","Barbería","Riocentro shopping, 170513 Quito","La Carolina, Quito","https://www.google.com/maps/place/The+Cave+Barbershop+Riocentro+Quito/data=!4m7!3m6!1s0x91d59bb867af725d:0xf8d0016ebfbd159f!8m2!3d-0.1659255!4d-78.4761841!16s%2Fg%2F11tc8wvdls!19sChIJXXKvZ7ib1ZERnxW9v24B0Pg?authuser=0&hl=es-419&g_ep=EgoyMDI2MDkxNS4wIJJjKgBIAVAD&rclk=1"
"Imagen peluquería /estética","096 731 0697","","4.3","36","","ninguno","","true","Peluquería","Av. de los Shyris y Av. Tomás de Berlanga esquina, 170513 Quito","La Carolina, Quito","https://www.google.com/maps/place/Imagen+peluquer%C3%ADa+%2Fest%C3%A9tica/data=!4m7!3m6!1s0x91d59a9f63e0ab33:0xc7f07b285af2f7e6!8m2!3d-0.1648464!4d-78.4791122!16s%2Fg%2F11btvg8bbs!19sChIJM6vgY5-a1ZER5vfyWih78Mc?authuser=0&hl=es-419&g_ep=EgoyMDI2MDkxNS4wIJJjKgBIAVAD&rclk=1"
"Lorla Brasil Studio Color","099 981 7631","","4.3","21","","ninguno","","true","Peluquería","170515 Quito","La Carolina, Quito","https://www.google.com/maps/place/Lorla+Brasil+Studio+Color/data=!4m7!3m6!1s0x91d59b78090b6141:0x400851a72c838a9a!8m2!3d-0.1872271!4d-78.4897805!16s%2Fg%2F11h3zp4pjm!19sChIJQWELCXib1ZERmoqDLKdRCEA?authuser=0&hl=es-419&g_ep=EgoyMDI2MDkxNS4wIJJjKgBIAVAD&rclk=1"
"MEN’S BARBER & ACADEMY - SHYRIS","098 851 3030","mensuiospa@gmail.com","4.7","323","https://mensecuador.com/","sitio_propio","2026","false","Barbería","Av. de los Shyris N36-188, 170102 Quito","La Carolina, Quito","https://www.google.com/maps/place/MEN%E2%80%99S+BARBER+%26+ACADEMY+-+SHYRIS/data=!4m7!3m6!1s0x91d59b75f95b02d3:0x762f51bfd00fa7c7!8m2!3d-0.1776917!4d-78.4809339!16s%2Fg%2F11nn0tll5f!19sChIJ0wJb-XWb1ZERx6cP0L9RL3Y?authuser=0&hl=es-419&g_ep=EgoyMDI2MDkxNS4wIJJjKgBIAVAD&rclk=1"
"755 Barber Studio","097 877 4080","","4.8","480","https://book.weibook.co/755","sitio_propio","2026","false","Barbería","Edificio La Tribuna Penthouse, Av. de los Shyris y Portugal N34-382 y, Piso 13, 170505 Quito","La Carolina, Quito","https://www.google.com/maps/place/755+Barber+Studio/data=!4m7!3m6!1s0x91d59b1cac6e8187:0xa1c4a719ae213fe9!8m2!3d-0.1822255!4d-78.4818693!16s%2Fg%2F11vj8vhdmn!19sChIJh4FurByb1ZER6T8hrhmnxKE?authuser=0&hl=es-419&g_ep=EgoyMDI2MDkxNS4wIJJjKgBIAVAD&rclk=1"
"TONI VELEZ STUDIO PELUQUERIA","098 774 7791","","3.3","12","","ninguno","","true","Peluquería","RGF7+53F, 170135 Quito","La Carolina, Quito","https://www.google.com/maps/place/TONI+VELEZ+STUDIO+PELUQUERIA/data=!4m7!3m6!1s0x91d59b8928686315:0x15778f9990330db2!8m2!3d-0.1770349!4d-78.4874422!16s%2Fg%2F11tnw0zz1s!19sChIJFWNoKImb1ZERsg0zkJmPdxU?authuser=0&hl=es-419&g_ep=EgoyMDI2MDkxNS4wIJJjKgBIAVAD&rclk=1"
"SION PELUQUERÍA","099 923 9384","","4.1","36","https://wa.link/vd4ipu","sitio_propio","","false","Peluquería","Blvr. Naciones Unidas 170201, 170201 Quito","La Carolina, Quito","https://www.google.com/maps/place/SION+PELUQUER%C3%8DA/data=!4m7!3m6!1s0x91d59a851bce1dbb:0x8b8c6f583e24d2a2!8m2!3d-0.1755522!4d-78.4843403!16s%2Fg%2F11c1q86qn5!19sChIJux3OG4Wa1ZERotIkPlhvjIs?authuser=0&hl=es-419&g_ep=EgoyMDI2MDkxNS4wIJJjKgBIAVAD&rclk=1"
"Anna Berru Beauty Studio - Quito","095 864 4100","","4.7","147","https://annaberrubeautystudio.site.agendapro.com/ec","sitio_propio","","false","Centro de estética","Av. Av. República, y y Av. América, 170507 Quito","La Carolina, Quito","https://www.google.com/maps/place/Anna+Berru+Beauty+Studio+-+Quito/data=!4m7!3m6!1s0x91d59b1835d2080f:0xd34be064db77f274!8m2!3d-0.1749031!4d-78.4927027!16s%2Fg%2F11rt_z0ckk!19sChIJDwjSNRib1ZERdPJ322TgS9M?authuser=0&hl=es-419&g_ep=EgoyMDI2MDkxNS4wIJJjKgBIAVAD&rclk=1"
"Peluqueria Pablo Latorre","","","4.8","28","","ninguno","","true","Peluquería","Av. Brasil 932, 170104 Quito","La Carolina, Quito","https://www.google.com/maps/place/Peluqueria+Pablo+Latorre/data=!4m7!3m6!1s0x91d59a97cd0458ab:0xba35256bf16314c7!8m2!3d-0.161106!4d-78.4945374!16s%2Fg%2F11g7_fqj56!19sChIJq1gEzZea1ZERxxRj8WslNbo?authuser=0&hl=es-419&g_ep=EgoyMDI2MDkxNS4wIJJjKgBIAVAD&rclk=1"
"Oporto Hair Salon","096 714 3914","","4.1","46","https://web.bewe.co/oporto-hair-salon/","sitio_propio","","false","Peluquería","Av. Portugal E9-28, Quito 170135, 170150 Quito","La Carolina, Quito","https://www.google.com/maps/place/Oporto+Hair+Salon/data=!4m7!3m6!1s0x91d59b9291e04391:0x5dfae8bd4f555c92!8m2!3d-0.1817009!4d-78.4814008!16s%2Fg%2F11tjllwrll!19sChIJkUPgkZKb1ZERklxVT73o-l0?authuser=0&hl=es-419&g_ep=EgoyMDI2MDkxNS4wIJJjKgBIAVAD&rclk=1"
"SportsKut Quito Tennis","098 461 7210","388fe63e6063cc241ca2a1b0f52622a3@o61919.ingest.us","4.6","846","https://es.fresha.com/book-now/sk-cul84okn/services?lid=812838&pId=763843","sitio_propio","","false","Barbería","Av. Brasil y Mariano Echeverria N41-62 y, 170510 Quito","La Carolina, Quito","https://www.google.com/maps/place/SportsKut+Quito+Tennis/data=!4m7!3m6!1s0x91d59a97d2a05955:0x19943e897a0d7035!8m2!3d-0.1664441!4d-78.4891824!16s%2Fg%2F11c1lxwn1_!19sChIJVVmg0pea1ZERNXANeok-lBk?authuser=0&hl=es-419&g_ep=EgoyMDI2MDkxNS4wIJJjKgBIAVAD&rclk=1"
"Beauty k Salon korea","099 245 8730","","4.7","35","","ninguno","","true","Peluquería","Av eloy alfaro, y y Av. 6 de Diciembre, 170102 Quito","La Carolina, Quito","https://www.google.com/maps/place/Beauty+k+Salon+korea/data=!4m7!3m6!1s0x91d59bef5e2c906f:0x4faa7f95cfbc0f1a!8m2!3d-0.1802111!4d-78.4791833!16s%2Fg%2F11t1fkc_w6!19sChIJb5AsXu-b1ZERGg-8z5V_qk8?authuser=0&hl=es-419&g_ep=EgoyMDI2MDkxNS4wIJJjKgBIAVAD&rclk=1"
"Gabriel Castillo Estudio","099 523 0914","","4.9","49","https://wa.me/message/ELU4PZ6ICNVUD1","solo_red_social","","true","Peluquería","Edificio Beijing Plaza, Av. 6 de Diciembre y Los Naranjos, 170150 Quito","La Carolina, Quito","https://www.google.com/maps/place/Gabriel+Castillo+Estudio/data=!4m7!3m6!1s0x91d59b602691eefd:0xefa95a3cb8831af0!8m2!3d-0.1812868!4d-78.4790375!16s%2Fg%2F11lpzx_cjp!19sChIJ_e6RJmCb1ZER8BqDuDxaqe8?authuser=0&hl=es-419&g_ep=EgoyMDI2MDkxNS4wIJJjKgBIAVAD&rclk=1"
"Fabian Hermida","(02) 600-0815","","4.7","23","","ninguno","","true","Peluquería","Av. Mariana de Jesús y Iñaquito E5-95, 170515 Quito","La Carolina, Quito","https://www.google.com/maps/place/Fabian+Hermida/data=!4m7!3m6!1s0x91d59a64f9ff63a7:0xd3684e3645275286!8m2!3d-0.1895292!4d-78.4890472!16s%2Fg%2F11g1fs__3t!19sChIJp2P_-WSa1ZERhlInRTZOaNM?authuser=0&hl=es-419&g_ep=EgoyMDI2MDkxNS4wIJJjKgBIAVAD&rclk=1"
"MAZZIANI Peluquería","(02) 600-9415","","4.9","28","","ninguno","","true","Peluquería","RGMG+C3W, De las Hiedras, 170513 Quito","La Carolina, Quito","https://www.google.com/maps/place/MAZZIANI+Peluquer%C3%ADa/data=!4m7!3m6!1s0x91d590757bffbf11:0x7daf2de5cab9f0a4!8m2!3d-0.1663798!4d-78.4748001!16s%2Fg%2F11csqdht57!19sChIJEb__e3WQ1ZERpPC5yuUtr30?authuser=0&hl=es-419&g_ep=EgoyMDI2MDkxNS4wIJJjKgBIAVAD&rclk=1"
"Style Lash","099 892 7720","","3.1","37","https://instagram.com/stylelashec?igshid=YmMyMTA2M2Y=","solo_red_social","","true","Centro de estética","Shyris y Portugal, edificio Cosmopolitan Parc, local 101, 170505 Quito","La Carolina, Quito","https://www.google.com/maps/place/Style+Lash/data=!4m7!3m6!1s0x91d59b9174ab3c23:0xa0de7dcf5f76e023!8m2!3d-0.1818804!4d-78.4819595!16s%2Fg%2F11p7351frg!19sChIJIzyrdJGb1ZERI-B2X8993qA?authuser=0&hl=es-419&g_ep=EgoyMDI2MDkxNS4wIJJjKgBIAVAD&rclk=1"
"Bela Express","099 244 3726","","4.2","33","","ninguno","","true","Peluquería","Finlandia 188, 170135 Quito","La Carolina, Quito","https://www.google.com/maps/place/Bela+Express/data=!4m7!3m6!1s0x91d59a814a1806af:0x18a6f917dbd9f0ae!8m2!3d-0.1796845!4d-78.4805652!16s%2Fg%2F11bz_12dk9!19sChIJrwYYSoGa1ZERrvDZ2xf5phg?authuser=0&hl=es-419&g_ep=EgoyMDI2MDkxNS4wIJJjKgBIAVAD&rclk=1"
"Jesús Battista | Peluqueria","099 174 4066","","5","8","","ninguno","","true","Peluquería","El Jardín 168, 170135 Quito","La Carolina, Quito","https://www.google.com/maps/place/Jes%C3%BAs+Battista+%7C+Peluqueria/data=!4m7!3m6!1s0x91d59b439d9d4db5:0x550da6720e6f7807!8m2!3d-0.1802222!4d-78.4793716!16s%2Fg%2F11j2g50765!19sChIJtU2dnUOb1ZERB3hvDnKmDVU?authuser=0&hl=es-419&g_ep=EgoyMDI2MDkxNS4wIJJjKgBIAVAD&rclk=1"
"STYLUS PELUQUERIA","099 802 0405","","4.6","31","","ninguno","","true","Centro de estética","Centro Comercial Unicornio II, Av. Río Amazonas N34-177, 170102 Quito","La Carolina, Quito","https://www.google.com/maps/place/STYLUS+PELUQUERIA/data=!4m7!3m6!1s0x91d59a8585c2a3f3:0xdc19ff7eaf769120!8m2!3d-0.1768166!4d-78.4861564!16s%2Fg%2F11gwmh40ll!19sChIJ86PChYWa1ZERIJF2r37_Gdw?authuser=0&hl=es-419&g_ep=EgoyMDI2MDkxNS4wIJJjKgBIAVAD&rclk=1"
"Gran Salón Peluquería","099 966 1651","","4.9","63","","ninguno","","true","Centro de estética","El Telégrafo, 170135 Quito","La Carolina, Quito","https://www.google.com/maps/place/Gran+Sal%C3%B3n+Peluquer%C3%ADa/data=!4m7!3m6!1s0x91d59a9cdbb52977:0xf8a9830fe3381c87!8m2!3d-0.1733864!4d-78.4784408!16s%2Fg%2F11fx8r9sv8!19sChIJdym125ya1ZERhxw44w-Dqfg?authuser=0&hl=es-419&g_ep=EgoyMDI2MDkxNS4wIJJjKgBIAVAD&rclk=1"
"Malu peluquería Quito","096 413 4705","","4.7","7","","ninguno","","true","Peluquería","Isla Genovesa y e N41-18, 170102 Quito","La Carolina, Quito","https://www.google.com/maps/place/Malu+peluquer%C3%ADa+Quito/data=!4m7!3m6!1s0x91d59b9fed84f777:0xa05aee12e6b47baa!8m2!3d-0.1673097!4d-78.4818088!16s%2Fg%2F11mxzngqgp!19sChIJd_eE7Z-b1ZERqnu05hLuWqA?authuser=0&hl=es-419&g_ep=EgoyMDI2MDkxNS4wIJJjKgBIAVAD&rclk=1"
"StrawBeauty República del Salvador | MANICURE, PEDICURE, BALAYAGE, ALISADOS, PESTAÑAS, MAQUILLAJE","098 337 2168","","4.7","210","https://beacons.ai/strawbeautystudio?fbclid=PAAaabZGdqDsQc_9Qqh9Ic3IHAzX4DERkeIWMvKQNl_2Zd2TLGsurPF5LKaLM","sitio_propio","","false","Peluquería","Ed. Plaza Kendo, Av. República del Salvador y, Portugal y Segundo Piso Local #1, 170505 Quito","La Carolina, Quito","https://www.google.com/maps/place/StrawBeauty+Rep%C3%BAblica+del+Salvador+%7C+MANICURE,+PEDICURE,+BALAYAGE,+ALISADOS,+PESTA%C3%91AS,+MAQUILLAJE/data=!4m7!3m6!1s0x91d59becf5c87aa9:0xe32e02e452ce0393!8m2!3d-0.1809711!4d-78.4802685!16s%2Fg%2F11h38_tknh!19sChIJqXrI9eyb1ZERkwPOUuQCLuM?authuser=0&hl=es-419&g_ep=EgoyMDI2MDkxNS4wIJJjKgBIAVAD&rclk=1"
"People Peluquería Patty & Ivonne","","","4.5","6","https://peoplepeluqueria.com/","sitio_propio","2026","false","Peluquería","Luxemburgo y Holanda N34-140 y, 170505 Quito","La Carolina, Quito","https://www.google.com/maps/place/People+Peluquer%C3%ADa+Patty+%26+Ivonne/data=!4m7!3m6!1s0x91d59b899d4e11a3:0x51f2d94a999aacaa!8m2!3d-0.1838233!4d-78.4814204!16s%2Fg%2F11p771m0ks!19sChIJoxFOnYmb1ZERqqyamUrZ8lE?authuser=0&hl=es-419&g_ep=EgoyMDI2MDkxNS4wIJJjKgBIAVAD&rclk=1"
"Refresh Spa Ecuador","","","4.2","18","","ninguno","","true","Spa","Edificio, Renazzo Plaza, Av. De Los Shyris, y y Suecia, 170135 Quito","La Carolina, Quito","https://www.google.com/maps/place/Refresh+Spa+Ecuador/data=!4m7!3m6!1s0x91d59a86b623b7e3:0x79b82f5a6faefe51!8m2!3d-0.1797914!4d-78.4810995!16s%2Fg%2F11g6mkm3m4!19sChIJ47cjtoaa1ZERUf6ub1ovuHk?authuser=0&hl=es-419&g_ep=EgoyMDI2MDkxNS4wIJJjKgBIAVAD&rclk=1"
"Theos Beauty Center","(02) 333-1744","","3.7","57","","ninguno","","true","Barbería","Suecia 110y, 170135 Quito","La Carolina, Quito","https://www.google.com/maps/place/Theos+Beauty+Center/data=!4m7!3m6!1s0x91d59a815bddcf2d:0x873848f570c5675a!8m2!3d-0.1787324!4d-78.4796079!16s%2Fg%2F11c70j4pn5!19sChIJLc_dW4Ga1ZERWmfFcPVIOIc?authuser=0&hl=es-419&g_ep=EgoyMDI2MDkxNS4wIJJjKgBIAVAD&rclk=1"
"Hair Play Norte Pelu Infantil","099 215 1152","","4.2","179","","ninguno","","true","Peluquería","Julio Moreno, 170135 Quito","La Carolina, Quito","https://www.google.com/maps/place/Hair+Play+Norte+Pelu+Infantil/data=!4m7!3m6!1s0x91d59a8101e2d123:0xef0e7eca5a4de99b!8m2!3d-0.1810113!4d-78.4783465!16s%2Fg%2F11bx2ksdr3!19sChIJI9HiAYGa1ZERm-lNWsp-Du8?authuser=0&hl=es-419&g_ep=EgoyMDI2MDkxNS4wIJJjKgBIAVAD&rclk=1"
"SOHAN Haircut & Shaves","095 885 6674","","4.9","36","https://www.instagram.com/sohanhaircut.ec?igsh=NGszenp6ajBpa21x","solo_red_social","","true","Barbería","Mariana de Jesus 175, 170518 Quito","La Carolina, Quito","https://www.google.com/maps/place/SOHAN+Haircut+%26+Shaves/data=!4m7!3m6!1s0x91d59b0055330e21:0xb4ee41fb1b41c7b7!8m2!3d-0.1904248!4d-78.4874785!16s%2Fg%2F11wjv2ypqw!19sChIJIQ4zVQCb1ZERt8dBG_tB7rQ?authuser=0&hl=es-419&g_ep=EgoyMDI2MDkxNS4wIJJjKgBIAVAD&rclk=1"
"Ebenezer Adah salón","","","5","56","","ninguno","","true","Centro de estética","El Jardín y Av. 6 de Diciembre &, 170102 Quito","La Carolina, Quito","https://www.google.com/maps/place/Ebenezer+Adah+sal%C3%B3n/data=!4m7!3m6!1s0x91d59b000e790715:0x9bf0204edd5027c7!8m2!3d-0.1802384!4d-78.47923!16s%2Fg%2F11xcwn9cy_!19sChIJFQd5DgCb1ZERxydQ3U4g8Js?authuser=0&hl=es-419&g_ep=EgoyMDI2MDkxNS4wIJJjKgBIAVAD&rclk=1"
"LUIGGI HAIR STUDIO","099 596 5210","","3.8","54","","ninguno","","true","Peluquería","Ventura Plaza, Av. República de El Salvador y Suecia 40 y, 170505 Quito","La Carolina, Quito","https://www.google.com/maps/place/LUIGGI+HAIR+STUDIO/data=!4m7!3m6!1s0x91d59bc2c71df1f1:0x3b9a52cf313b47b!8m2!3d-0.1793408!4d-78.4796618!16s%2Fg%2F11rdn__vq7!19sChIJ8fEdx8Kb1ZERe7QT8yyluQM?authuser=0&hl=es-419&g_ep=EgoyMDI2MDkxNS4wIJJjKgBIAVAD&rclk=1"
"Egüezguillen Hair & Body","098 746 8686","","4.8","12","","ninguno","","true","Peluquería","Shyris y Suecia Edificio argentum of 1004, piso 10, Quito","La Carolina, Quito","https://www.google.com/maps/place/Eg%C3%BCezguillen+Hair+%26+Body/data=!4m7!3m6!1s0x91d59a8c6de6ea5f:0xc43fa800e48bc380!8m2!3d-0.1800653!4d-78.4813221!16s%2Fg%2F11c2j0p7h7!19sChIJX-rmbYya1ZERgMOL5ACoP8Q?authuser=0&hl=es-419&g_ep=EgoyMDI2MDkxNS4wIJJjKgBIAVAD&rclk=1"
"Stilo Chic","(02) 292-2124","","4.5","284","","ninguno","","true","Peluquería","Av. Tomás de Berlanga, 170513 Quito","Iñaquito, Quito","https://www.google.com/maps/place/Stilo+Chic/data=!4m7!3m6!1s0x91d59aa1fbd0a601:0xb50593eba517064f!8m2!3d-0.1647148!4d-78.4801217!16s%2Fg%2F11dxch9xx1!19sChIJAabQ-6Ga1ZERTwYXpeuTBbU?authuser=0&hl=es-419&g_ep=EgoyMDI2MDkxNS4wIJJjKgBIAVAD&rclk=1"
"Zeus Barberia Tradicional","098 793 6795","","4.7","211","","ninguno","","true","Peluquería","Av. Isla Floreana y Isla Seymour E8-13 e, 170135 Quito","Iñaquito, Quito","https://www.google.com/maps/place/Zeus+Barberia+Tradicional/data=!4m7!3m6!1s0x91d59bd5c53d8ba5:0xbe6cbb74794835!8m2!3d-0.167564!4d-78.4800614!16s%2Fg%2F11m8g9z_92!19sChIJpYs9xdWb1ZERNUh5dLtsvgA?authuser=0&hl=es-419&g_ep=EgoyMDI2MDkxNS4wIJJjKgBIAVAD&rclk=1"
"Khristones","(02) 244-4355","","4.1","254","http://www.khristonespeluqueria.com/","sitio_propio","2022","false","Peluquería","Av. Tomás de Berlanga, 170137 Quito","Iñaquito, Quito","https://www.google.com/maps/place/Khristones/data=!4m7!3m6!1s0x91d59a9f66f4174b:0x76432d25b8da8a39!8m2!3d-0.1654178!4d-78.4791977!16s%2Fg%2F12qffw4vx!19sChIJSxf0Zp-a1ZEROYrauCUtQ3Y?authuser=0&hl=es-419&g_ep=EgoyMDI2MDkxNS4wIJJjKgBIAVAD&rclk=1"
"MONALISA Peluqueria y Barberia Floreana","099 871 9781","","4.1","399","","ninguno","","true","Peluquería","Av. Isla Floreana 43 e, 170102 Quito","Iñaquito, Quito","https://www.google.com/maps/place/MONALISA+Peluqueria+y+Barberia+Floreana/data=!4m7!3m6!1s0x91d59b59695d6ea7:0x1012dbc432774877!8m2!3d-0.1675123!4d-78.4808818!16s%2Fg%2F11gr68wj8d!19sChIJp25daVmb1ZERd0h3MsTbEhA?authuser=0&hl=es-419&g_ep=EgoyMDI2MDkxNS4wIJJjKgBIAVAD&rclk=1"
"Andrés Roa Beauty & Style","099 527 0988","","4.6","92","","ninguno","","true","Peluquería","Av. de los Shyris y Av. Isla Floreana N41-131 e, 170513 Quito","Iñaquito, Quito","https://www.google.com/maps/place/Andr%C3%A9s+Roa+Beauty+%26+Style/data=!4m7!3m6!1s0x91d59a9ec3644853:0xca89bd1c3338775a!8m2!3d-0.1676351!4d-78.4796232!16s%2Fg%2F11bwhq6y_v!19sChIJU0hkw56a1ZERWnc4Mxy9ico?authuser=0&hl=es-419&g_ep=EgoyMDI2MDkxNS4wIJJjKgBIAVAD&rclk=1"
"Monalisa","098 737 3469","","3.7","186","","ninguno","","true","Peluquería","RGP8+8QJ, Tomas de Berlanga, Y y Av. Río Amazonas, 170513 Quito","Iñaquito, Quito","https://www.google.com/maps/place/Monalisa/data=!4m7!3m6!1s0x91d59bb6eb565cb7:0xb09e5397c63830c1!8m2!3d-0.1641677!4d-78.4831219!16s%2Fg%2F11rwn6fd_z!19sChIJt1xW67ab1ZERwTA4xpdTnrA?authuser=0&hl=es-419&g_ep=EgoyMDI2MDkxNS4wIJJjKgBIAVAD&rclk=1"
"The Crown salón de belleza","099 890 9254","","4.8","68","","ninguno","","true","Peluquería","Av Gaspar de villarroel, y y Av. 6 de Diciembre, 170137 Quito","Iñaquito, Quito","https://www.google.com/maps/place/The+Crown+sal%C3%B3n+de+belleza/data=!4m7!3m6!1s0x91d59b5536ef382b:0xa9355b56dd3df237!8m2!3d-0.1705073!4d-78.4773405!16s%2Fg%2F11l2xdncsd!19sChIJKzjvNlWb1ZERN_I93VZbNak?authuser=0&hl=es-419&g_ep=EgoyMDI2MDkxNS4wIJJjKgBIAVAD&rclk=1"
"El Tono Perfecto Peluquería","098 713 5799","","4.8","25","","ninguno","","true","Peluquería","Av. de los Shyris n39-113, 170506 Quito","Iñaquito, Quito","https://www.google.com/maps/place/El+Tono+Perfecto+Peluquer%C3%ADa/data=!4m7!3m6!1s0x91d59b90d55d972b:0x69cfd209944fbc82!8m2!3d-0.1718635!4d-78.480283!16s%2Fg%2F11fnwmrq86!19sChIJK5dd1ZCb1ZERgrxPlAnSz2k?authuser=0&hl=es-419&g_ep=EgoyMDI2MDkxNS4wIJJjKgBIAVAD&rclk=1"
"Fernando Capa Peluquería","(02) 224-9325","","4.9","23","https://www.facebook.com/pages/biz/FG-Peluqueia-435002613325167/","solo_red_social","","true","Peluquería","Avenida, Av. Río Coca y París E10-16, 170501 Quito","Iñaquito, Quito","https://www.google.com/maps/place/Fernando+Capa+Peluquer%C3%ADa/data=!4m7!3m6!1s0x91d59aa05029e80d:0xcd29973e80bd6648!8m2!3d-0.1631136!4d-78.4774758!16s%2Fg%2F11gmx8g0st!19sChIJDegpUKCa1ZERSGa9gD6XKc0?authuser=0&hl=es-419&g_ep=EgoyMDI2MDkxNS4wIJJjKgBIAVAD&rclk=1"
"Bryan Peluqueria","(02) 240-1624","","4.8","60","http://www.facebook.com/Bryan-Peluqueria-1675823889103046/","solo_red_social","","true","Centro de estética","Aparicio Rivadeneira E2-189 y, 170503 Quito","Iñaquito, Quito","https://www.google.com/maps/place/Bryan+Peluqueria/data=!4m7!3m6!1s0x91d59aac85c6e4fd:0xc3fdf8d29700a710!8m2!3d-0.1483086!4d-78.4814995!16s%2Fg%2F11fylssdwp!19sChIJ_eTGhaya1ZEREKcAl9L4_cM?authuser=0&hl=es-419&g_ep=EgoyMDI2MDkxNS4wIJJjKgBIAVAD&rclk=1"
"Gaby Peluqueria","(02) 240-0175","","4.7","101","","ninguno","","true","Peluquería","VG69+6VG, 170138 Quito","Iñaquito, Quito","https://www.google.com/maps/place/Gaby+Peluqueria/data=!4m7!3m6!1s0x91d58556d0ab54bb:0x769c5e2678d22761!8m2!3d-0.1394252!4d-78.4803124!16s%2Fg%2F11c6cg4b0j!19sChIJu1Sr0FaF1ZERYSfSeCZenHY?authuser=0&hl=es-419&g_ep=EgoyMDI2MDkxNS4wIJJjKgBIAVAD&rclk=1"
"Peluqueria La Tijera Loca","095 923 8485","","4.4","85","https://en-gb.facebook.com/pg/Tijera-Loca-Cotocollao-1427901767269285/about/?ref=page_internal","solo_red_social","","true","Barbería","Avenida, Lizardo Ruiz, 170301 Quito","Iñaquito, Quito","https://www.google.com/maps/place/Peluqueria+La+Tijera+Loca/data=!4m7!3m6!1s0x91d5857358cf90cf:0x2108ba06a36f2cfa!8m2!3d-0.1145024!4d-78.4968997!16s%2Fg%2F11gv07m9d1!19sChIJz5DPWHOF1ZER-ixvowa6CCE?authuser=0&hl=es-419&g_ep=EgoyMDI2MDkxNS4wIJJjKgBIAVAD&rclk=1"
"Peluqueria Studio3 Quito","099 414 4999","","5","8","https://link.studio3.ec/","sitio_propio","2024","false","Centro de estética","Elia Liut, y y Av. Edmundo Carvajal, 170510 Quito","Iñaquito, Quito","https://www.google.com/maps/place/Peluqueria+Studio3+Quito/data=!4m7!3m6!1s0x91d59bba8081394b:0xd26890ea97ae4a20!8m2!3d-0.1595805!4d-78.4887835!16s%2Fg%2F11yw2xjb1v!19sChIJSzmBgLqb1ZERIEqul-qQaNI?authuser=0&hl=es-419&g_ep=EgoyMDI2MDkxNS4wIJJjKgBIAVAD&rclk=1"
"Goddees Hair Studio","098 334 7275","","4.9","18","","ninguno","","true","Peluquería","LC 4, E8, Isla Seymour E8-13 242, 170501 Quito","Iñaquito, Quito","https://www.google.com/maps/place/Goddees+Hair+Studio/data=!4m7!3m6!1s0x91d59b3a16811071:0xd71e893eb41ee7d6!8m2!3d-0.1674918!4d-78.4800728!16s%2Fg%2F11y3hvmjt_!19sChIJcRCBFjqb1ZER1ucetD6JHtc?authuser=0&hl=es-419&g_ep=EgoyMDI2MDkxNS4wIJJjKgBIAVAD&rclk=1"
"Cabellos de Angel","(02) 226-4327","","4.6","17","","ninguno","","true","Barbería","RGH7+WG4, José Arizaga, 170102 Quito","Iñaquito, Quito","https://www.google.com/maps/place/Cabellos+de+Angel/data=!4m7!3m6!1s0x91d59a9a0eb7566d:0x9137e17213ccd98a!8m2!3d-0.1702365!4d-78.4861611!16s%2Fg%2F11f9y332n7!19sChIJbVa3Dpqa1ZERitnME3LhN5E?authuser=0&hl=es-419&g_ep=EgoyMDI2MDkxNS4wIJJjKgBIAVAD&rclk=1"
"Peluqueria Su Amistad","098 464 7667","","4.3","36","","ninguno","","true","Peluquería","RGV6+G5G, 170104 Quito","Iñaquito, Quito","https://www.google.com/maps/place/Peluqueria+Su+Amistad/data=!4m7!3m6!1s0x91d59aba632ee9c7:0xd39213cdf5f8328f!8m2!3d-0.1561996!4d-78.4895522!16s%2Fg%2F11by_mjhlz!19sChIJx-kuY7qa1ZERjzL49c0TktM?authuser=0&hl=es-419&g_ep=EgoyMDI2MDkxNS4wIJJjKgBIAVAD&rclk=1"
"NM Hair Studio","098 562 7903","","4.6","46","http://nmhairstudiocitas.site.agendapro.com/ec","sitio_propio","","false","Centro de estética","Av Atahualpa or3-170 y, Av. América, 170509 Quito","Iñaquito, Quito","https://www.google.com/maps/place/NM+Hair+Studio/data=!4m7!3m6!1s0x91d59a6102eba563:0x833fc9cf56f40821!8m2!3d-0.1859311!4d-78.4949244!16s%2Fg%2F11csb08wpj!19sChIJY6XrAmGa1ZERIQj0Vs_JP4M?authuser=0&hl=es-419&g_ep=EgoyMDI2MDkxNS4wIJJjKgBIAVAD&rclk=1"
"Mario Belleza Beauty Center","098 786 5438","","5","29","","ninguno","","true","Centro de estética","Edificio La Recoleta, Eloy Alfaro, y y Portugal Local 3, 170516 Quito","Iñaquito, Quito","https://www.google.com/maps/place/Mario+Belleza+Beauty+Center/data=!4m7!3m6!1s0x91d59b892a199a0d:0x48880028cc2dfa9!8m2!3d-0.1833359!4d-78.4762662!16s%2Fg%2F11w2h2_hcs!19sChIJDZoZKomb1ZERqd_CjAKAiAQ?authuser=0&hl=es-419&g_ep=EgoyMDI2MDkxNS4wIJJjKgBIAVAD&rclk=1"
"Sisay Peluqueria y Estética","(02) 518-2471","","5","17","","ninguno","","true","Centro de estética","Isla Isabela 41-191, 170137 Quito","Iñaquito, Quito","https://www.google.com/maps/place/Sisay+Peluqueria+y+Est%C3%A9tica/data=!4m7!3m6!1s0x91d59b30f61776f5:0x509ddeb9553f2042!8m2!3d-0.1664581!4d-78.4832015!16s%2Fg%2F11ss7ctf0z!19sChIJ9XYX9jCb1ZERQiA_VbnenVA?authuser=0&hl=es-419&g_ep=EgoyMDI2MDkxNS4wIJJjKgBIAVAD&rclk=1"
"Forever Chic Peluquería","096 778 0017","","4.6","32","","ninguno","","true","Centro de estética","Av. Río Coca y Isla Genovesa E6-80 e, 170501 Quito","Iñaquito, Quito","https://www.google.com/maps/place/Forever+Chic+Peluquer%C3%ADa/data=!4m7!3m6!1s0x91d59bcff8c5ca27:0x48af4c839765fd3c!8m2!3d-0.162522!4d-78.4806631!16s%2Fg%2F11gv0x2896!19sChIJJ8rF-M-b1ZERPP1ll4NMr0g?authuser=0&hl=es-419&g_ep=EgoyMDI2MDkxNS4wIJJjKgBIAVAD&rclk=1"
"LHBarberia","099 564 6830","","4.7","74","https://lhbarberia.com/","sitio_propio","","false","Barbería","Local Centro Comercial Naciones Unidas (CCNU, S39 E5-37, 170102 Quito","Iñaquito, Quito","https://www.google.com/maps/place/LHBarberia/data=!4m7!3m6!1s0x91d59b0051a75e45:0xa24d4f26269f5b02!8m2!3d-0.1754169!4d-78.4841494!16s%2Fg%2F11x7n42pmp!19sChIJRV6nUQCb1ZERAlufJiZPTaI?authuser=0&hl=es-419&g_ep=EgoyMDI2MDkxNS4wIJJjKgBIAVAD&rclk=1"
"The Cave CCI","098 458 9827","","4.9","1390","https://thecave.ec/","sitio_propio","2022","false","Barbería","Centro Comercial, 170501 Quito","Iñaquito, Quito","https://www.google.com/maps/place/The+Cave+CCI/data=!4m7!3m6!1s0x91d59bf4bf402565:0x72875ee5a6f2e28a!8m2!3d-0.1771594!4d-78.485211!16s%2Fg%2F11lyzb_7gw!19sChIJZSVAv_Sb1ZERiuLypuVeh3I?authuser=0&hl=es-419&g_ep=EgoyMDI2MDkxNS4wIJJjKgBIAVAD&rclk=1"
"Peluqueria Make The Difference","099 548 0285","","4.8","8","","ninguno","","true","Centro de estética","Frente a Torres, Agustin Guerrero y Japón E5-73 y, 170135 Quito","Iñaquito, Quito","https://www.google.com/maps/place/Peluqueria+Make+The+Difference/data=!4m7!3m6!1s0x91d59a7a4a50e227:0x99ff99f0c622cf4c!8m2!3d-0.1706934!4d-78.483287!16s%2Fg%2F1hf071z_r!19sChIJJ-JQSnqa1ZERTM8ixvCZ_5k?authuser=0&hl=es-419&g_ep=EgoyMDI2MDkxNS4wIJJjKgBIAVAD&rclk=1"
"STYLE COLOR by Jessik León","098 302 0932","","4.7","39","","ninguno","","true","Centro de estética","170102 Quito","Iñaquito, Quito","https://www.google.com/maps/place/STYLE+COLOR+by+Jessik+Le%C3%B3n/data=!4m7!3m6!1s0x91d59a98d932750b:0xdfd26a1756d288ec!8m2!3d-0.1669542!4d-78.481927!16s%2Fg%2F11gfgpztxk!19sChIJC3Uy2Zia1ZER7IjSVhdq0t8?authuser=0&hl=es-419&g_ep=EgoyMDI2MDkxNS4wIJJjKgBIAVAD&rclk=1"
"BRACA hair lab","097 869 9467","","5","203","","ninguno","","true","Peluquería","170518, Quito","Iñaquito, Quito","https://www.google.com/maps/place/BRACA+hair+lab/data=!4m7!3m6!1s0x91d59b7fae477725:0xc0cd1b394773ad83!8m2!3d-0.1686402!4d-78.4890962!16s%2Fg%2F11ptq1ptsh!19sChIJJXdHrn-b1ZERg61zRzkbzcA?authuser=0&hl=es-419&g_ep=EgoyMDI2MDkxNS4wIJJjKgBIAVAD&rclk=1"
"Leblon Peluqueria Boutique","098 266 7253","","5","48","","ninguno","","true","Peluquería","edificio Lombardía, Austria N34-10 y Checoslovaquia, Austria y Checoslovaquia N34-10 y, 170515 Quito","Bellavista, Quito","https://www.google.com/maps/place/Leblon+Peluqueria+Boutique/data=!4m7!3m6!1s0x91d59bd9508660b7:0x459e31fb0bd680e9!8m2!3d-0.1856358!4d-78.4798139!16s%2Fg%2F11z2gvbyy4!19sChIJt2CGUNmb1ZER6YDWC_sxnkU?authuser=0&hl=es-419&g_ep=EgoyMDI2MDkxNS4wIJJjKgBIAVAD&rclk=1"
"Matíss Peluquería & Barberia","099 261 5535","","5","32","https://www.instagram.com/matiss.ec/","solo_red_social","","true","Peluquería","Av. Eloy Alfaro 246, 170135 Quito","Bellavista, Quito","https://www.google.com/maps/place/Mat%C3%ADss+Peluquer%C3%ADa+%26+Barberia/data=!4m7!3m6!1s0x91d591281543546d:0x50d85adaf044b47f!8m2!3d-0.1783229!4d-78.4736199!16s%2Fg%2F11y6cp__kb!19sChIJbVRDFSiR1ZERf7RE8Npa2FA?authuser=0&hl=es-419&g_ep=EgoyMDI2MDkxNS4wIJJjKgBIAVAD&rclk=1"
"Ferrieri Barbería y Peluquería","","","5","29","","ninguno","","true","Peluquería","Av. Portugal y Av. República de El Salvador &, 170102 Quito","Bellavista, Quito","https://www.google.com/maps/place/Ferrieri+Barber%C3%ADa+y+Peluquer%C3%ADa/data=!4m7!3m6!1s0x91d59b002539cd47:0x5aba626deb547d0d!8m2!3d-0.1815095!4d-78.4803575!16s%2Fg%2F11mf8vnkkm!19sChIJR805JQCb1ZERDX1U621iulo?authuser=0&hl=es-419&g_ep=EgoyMDI2MDkxNS4wIJJjKgBIAVAD&rclk=1"
"Aurora Beauty Atelier","097 869 8351","","5","27","https://wa.me/message/NCDNU6ZB54GSB1","solo_red_social","","true","Peluquería","Edificio Catalina Park, Av Eloy Alfaro, y y Catalina Aldaz 2, 170102 Quito","Bellavista, Quito","https://www.google.com/maps/place/Aurora+Beauty+Atelier/data=!4m7!3m6!1s0x91d59b0deead9d0b:0xb50c7d33531a5fd1!8m2!3d-0.1841958!4d-78.4767719!16s%2Fg%2F11y434w00m!19sChIJC52t7g2b1ZER0V8aUzN9DLU?authuser=0&hl=es-419&g_ep=EgoyMDI2MDkxNS4wIJJjKgBIAVAD&rclk=1"
"Peluquería Gloria","099 569 4277","","4.1","15","","ninguno","","true","Peluquería","Portugal E10-276, 170505 Quito","Bellavista, Quito","https://www.google.com/maps/place/Peluquer%C3%ADa+Gloria/data=!4m7!3m6!1s0x91d59a8064c56f83:0xfdc394db8cca8ad8!8m2!3d-0.1824512!4d-78.4777494!16s%2Fg%2F11c45_j6hb!19sChIJg2_FZICa1ZER2IrKjNuUw_0?authuser=0&hl=es-419&g_ep=EgoyMDI2MDkxNS4wIJJjKgBIAVAD&rclk=1"
"Inzigne by Jorge Cisneros","099 254 0367","","5","29","","ninguno","","true","Peluquería","Av. 6 de Diciembre 34-154, 170122 Quito","Bellavista, Quito","https://www.google.com/maps/place/Inzigne+by+Jorge+Cisneros/data=!4m7!3m6!1s0x91d59a7e59f2e1c5:0x2ad8b078aac40b34!8m2!3d-0.184377!4d-78.478717!16s%2Fg%2F1hc1npyss!19sChIJxeHyWX6a1ZERNAvEqniw2Co?authuser=0&hl=es-419&g_ep=EgoyMDI2MDkxNS4wIJJjKgBIAVAD&rclk=1"
"La Barbiere Quito Studio","097 884 9684","","4.9","107","https://labarbiere.ec/citas/","sitio_propio","2023","false","Barbería","Catalina Aldaz #N14-100 Interseccion (entre Portugal, y y Av. Eloy Alfaro, 170504 Quito","Bellavista, Quito","https://www.google.com/maps/place/La+Barbiere+Quito+Studio/data=!4m7!3m6!1s0x91d59bc3a911ffad:0xdd7d1b1ad135fb0!8m2!3d-0.1836623!4d-78.476926!16s%2Fg%2F11khtjw5yl!19sChIJrf8RqcOb1ZERsF8TrbHR1w0?authuser=0&hl=es-419&g_ep=EgoyMDI2MDkxNS4wIJJjKgBIAVAD&rclk=1"
"Studio 360 P&E","096 024 2688","","4.8","10","https://marketingelements360.wixsite.com/studio360","sitio_propio","","false","Peluquería","RGCC+GGG, Turquía, 170102 Quito","Bellavista, Quito","https://www.google.com/maps/place/Studio+360+P%26E/data=!4m7!3m6!1s0x91d59a817950fd99:0x70e06106fb108e6e!8m2!3d-0.1786978!4d-78.4786629!16s%2Fg%2F11fy7ch1r6!19sChIJmf1QeYGa1ZERbo4Q-wZh4HA?authuser=0&hl=es-419&g_ep=EgoyMDI2MDkxNS4wIJJjKgBIAVAD&rclk=1"
"Gira Beauty Studio","099 267 7507","","5","13","https://bit.ly/GiraBeautyStudio","sitio_propio","","false","Centro de estética","Plaza comercial, Av. Eloy Alfaro y Portugal 35 164 y, 170122 Quito","Bellavista, Quito","https://www.google.com/maps/place/Gira+Beauty+Studio/data=!4m7!3m6!1s0x91d59b9e68b91d77:0x44b1621e8f7e8bf2!8m2!3d-0.1806118!4d-78.4746279!16s%2Fg%2F11rmtxc1xh!19sChIJdx25aJ6b1ZER8ot-jx5isUQ?authuser=0&hl=es-419&g_ep=EgoyMDI2MDkxNS4wIJJjKgBIAVAD&rclk=1"
"Palú","(02) 510-7090","","3.8","257","","ninguno","","true","Centro de estética","RGFC+345, Av. República de El Salvador, 170135 Quito","Bellavista, Quito","https://www.google.com/maps/place/Pal%C3%BA/data=!4m7!3m6!1s0x91d59b05f7d91695:0xc7f9d0d402265610!8m2!3d-0.1773659!4d-78.4796282!16s%2Fg%2F11h2cf33kj!19sChIJlRbZ9wWb1ZEREFYmAtTQ-cc?authuser=0&hl=es-419&g_ep=EgoyMDI2MDkxNS4wIJJjKgBIAVAD&rclk=1"
"ANAHI CEVALLOS - Extensiones de cabello humano Quito","098 657 3311","","4.5","18","","ninguno","","true","Peluquero especialista en extensiones","Gonzalo Noriega y Hugo Moncayo, 170504 Quito","Bellavista, Quito","https://www.google.com/maps/place/ANAHI+CEVALLOS+-+Extensiones+de+cabello+humano+Quito/data=!4m7!3m6!1s0x91d59bdbc34c5647:0x2602bef5ec0dc7d7!8m2!3d-0.172885!4d-78.4747831!16s%2Fg%2F11n02mg_gt!19sChIJR1ZMw9ub1ZER18cN7PW-AiY?authuser=0&hl=es-419&g_ep=EgoyMDI2MDkxNS4wIJJjKgBIAVAD&rclk=1"
"Brunett hair studio","099 976 3316","","4.5","8","","ninguno","","true","Peluquería","Av 6 de diciembre, y y Los Naranjos, 170135 Quito","Bellavista, Quito","https://www.google.com/maps/place/Brunett+hair+studio/data=!4m7!3m6!1s0x91d59b6c5591a56d:0x9feba75e586104ac!8m2!3d-0.1812872!4d-78.4790053!16s%2Fg%2F11x79q_c2m!19sChIJbaWRVWyb1ZERrARhWF6n658?authuser=0&hl=es-419&g_ep=EgoyMDI2MDkxNS4wIJJjKgBIAVAD&rclk=1"
"VICTORIA'S Beauty Center","098 458 0623","","4.2","6","","ninguno","","true","Peluquería","Centro Comercial Megamaxi local 204 primer piso, 6 de diciembre entre julio moreno y, Germán Alemán, Quito","Bellavista, Quito","https://www.google.com/maps/place/VICTORIA%27S+Beauty+Center/data=!4m7!3m6!1s0x91d59b254d52a2dd:0x3f4c31e4ccb48cd1!8m2!3d-0.1808677!4d-78.4785007!16s%2Fg%2F11fllwncfz!19sChIJ3aJSTSWb1ZER0Yy0zOQxTD8?authuser=0&hl=es-419&g_ep=EgoyMDI2MDkxNS4wIJJjKgBIAVAD&rclk=1"
"5th Avenue Peluquería","(02) 246-2031","","4.6","93","","ninguno","","true","Peluquería","Edificio Rosa Matilde, Zamora oe383, 170104 Quito","Quito Tenis, Quito","https://www.google.com/maps/place/5th+Avenue+Peluquer%C3%ADa/data=!4m7!3m6!1s0x91d59aba7d5eea31:0x2b664a0054230cdb!8m2!3d-0.1561972!4d-78.4893851!16s%2Fg%2F1ptyw8hp2!19sChIJMepefbqa1ZER2wwjVABKZis?authuser=0&hl=es-419&g_ep=EgoyMDI2MDkxNS4wIJJjKgBIAVAD&rclk=1"
"Ace Barber Studio - El Bosque","096 252 9411","","4.7","258","https://acebarberstudio.com/","sitio_propio","2025","false","Barbería","Calle C, 170132 Quito","Quito Tenis, Quito","https://www.google.com/maps/place/Ace+Barber+Studio+-+El+Bosque/data=!4m7!3m6!1s0x91d59b7768129cfd:0x9134c502391f9592!8m2!3d-0.1614983!4d-78.4975266!16s%2Fg%2F11j1srck6p!19sChIJ_ZwSaHeb1ZERkpUfOQLFNJE?authuser=0&hl=es-419&g_ep=EgoyMDI2MDkxNS4wIJJjKgBIAVAD&rclk=1"
"La Barbería - Studio","099 573 4752","","4.6","34","","ninguno","","true","Barbería","Av. Brasil N42-147, 170401 Quito","Quito Tenis, Quito","https://www.google.com/maps/place/La+Barber%C3%ADa+-+Studio/data=!4m7!3m6!1s0x91d59b30a2371eeb:0xcb9083eda34ab1d8!8m2!3d-0.163996!4d-78.4896305!16s%2Fg%2F11nt2_06rl!19sChIJ6x43ojCb1ZER2LFKo-2DkMs?authuser=0&hl=es-419&g_ep=EgoyMDI2MDkxNS4wIJJjKgBIAVAD&rclk=1"
"Amai Studio ""Especialistas en alisados""","096 382 1929","","4.7","118","","ninguno","","true","Centro de estética","Bermejo &, 170104 Quito","Quito Tenis, Quito","https://www.google.com/maps/place/Amai+Studio+%22Especialistas+en+alisados%22/data=!4m7!3m6!1s0x91d59b8c35862cd1:0x9ffd35d12724aeab!8m2!3d-0.155636!4d-78.489548!16s%2Fg%2F11jnqyb4ny!19sChIJ0SyGNYyb1ZERq64kJ9E1_Z8?authuser=0&hl=es-419&g_ep=EgoyMDI2MDkxNS4wIJJjKgBIAVAD&rclk=1"
"Yankzhua de Capelli Peluquería","098 053 6830","","5","6","","ninguno","","true","Peluquería","Torres del Bosque, 170405 Quito","Quito Tenis, Quito","https://www.google.com/maps/place/Yankzhua+de+Capelli+Peluquer%C3%ADa/data=!4m7!3m6!1s0x91d59bd59bb8e24d:0xa8b4a0dd9c7a7fbf!8m2!3d-0.1617413!4d-78.4959703!16s%2Fg%2F11z9n2tjkv!19sChIJTeK4m9Wb1ZERv396nN2gtKg?authuser=0&hl=es-419&g_ep=EgoyMDI2MDkxNS4wIJJjKgBIAVAD&rclk=1"
"YUVANA","095 927 6934","","5","7","","ninguno","","true","Peluquería","ALONSO DE TORRES, Y y Av. Edmundo Carvajal, 170528 Quito","Quito Tenis, Quito","https://www.google.com/maps/place/YUVANA/data=!4m7!3m6!1s0x91d59bd55a0ec8f3:0x223dbfd4d2b4870a!8m2!3d-0.1615744!4d-78.4966842!16s%2Fg%2F11n9vtlfs5!19sChIJ88gOWtWb1ZERCoe00tS_PSI?authuser=0&hl=es-419&g_ep=EgoyMDI2MDkxNS4wIJJjKgBIAVAD&rclk=1"
"MEN'S BARBER - EL BOSQUE","099 822 0351","","4.8","119","","ninguno","","true","Barbería","Av. Edmundo Carvajal, 170506 Quito","Quito Tenis, Quito","https://www.google.com/maps/place/MEN%27S+BARBER+-+EL+BOSQUE/data=!4m7!3m6!1s0x91d59ba52a9b5403:0x58e96eb817097066!8m2!3d-0.1606338!4d-78.4929515!16s%2Fg%2F11rql0vbcs!19sChIJA1SbKqWb1ZERZnAJF7hu6Vg?authuser=0&hl=es-419&g_ep=EgoyMDI2MDkxNS4wIJJjKgBIAVAD&rclk=1"
"Fox Barber Studio | BARBERIA","098 477 1684","","4.9","140","https://instagram.com/foxbarberstudio","solo_red_social","","true","Barbería","Av 6 de diciembre, y y Hugo Moncayo, 170505 Quito","Quito Tenis, Quito","https://www.google.com/maps/place/Fox+Barber+Studio+%7C+BARBERIA/data=!4m7!3m6!1s0x91d59bcdce56937f:0x1efe606ed6ebf7f9!8m2!3d-0.1720881!4d-78.4763967!16s%2Fg%2F11w2_97y0p!19sChIJf5NWzs2b1ZER-ffr1m5g_h4?authuser=0&hl=es-419&g_ep=EgoyMDI2MDkxNS4wIJJjKgBIAVAD&rclk=1"
"Nailash peluquería","099 564 9378","","3.8","21","","ninguno","","true","Peluquería","Esteban Méniz, y y Joaquín Sumaita, 170306 Quito","Quito Tenis, Quito","https://www.google.com/maps/place/Nailash+peluquer%C3%ADa/data=!4m7!3m6!1s0x91d58fc4c9f2cc75:0xbe2379dc6de62261!8m2!3d-0.1534889!4d-78.4754662!16s%2Fg%2F11sts32mcr!19sChIJdczyycSP1ZERYSLmbdx5I74?authuser=0&hl=es-419&g_ep=EgoyMDI2MDkxNS4wIJJjKgBIAVAD&rclk=1"
"Curly World EC","","","4.6","34","","ninguno","","true","Peluquería","Roma y La Brújula &, 170102 Quito","Quito Tenis, Quito","https://www.google.com/maps/place/Curly+World+EC/data=!4m7!3m6!1s0x91d59b514bcb3f3f:0x71028df2d5702dcb!8m2!3d-0.1735255!4d-78.481515!16s%2Fg%2F11tfpcf8cf!19sChIJPz_LS1Gb1ZERyy1w1fKNAnE?authuser=0&hl=es-419&g_ep=EgoyMDI2MDkxNS4wIJJjKgBIAVAD&rclk=1"
"CRELIZ Wellness Kids Studio Peluquería Infantil","098 309 4987","","4.7","33","https://www.facebook.com/crelizwellnesskidsstudio/","solo_red_social","","true","Peluquería","Francisco de Izazaga 45-212 y, 170138 Quito","Quito Tenis, Quito","https://www.google.com/maps/place/CRELIZ+Wellness+Kids+Studio+Peluquer%C3%ADa+Infantil/data=!4m7!3m6!1s0x91d59b88ea52a8bf:0x879a5ab072e49ce0!8m2!3d-0.1565154!4d-78.4787354!16s%2Fg%2F11tsdk3knq!19sChIJv6hS6oib1ZER4JzkcrBamoc?authuser=0&hl=es-419&g_ep=EgoyMDI2MDkxNS4wIJJjKgBIAVAD&rclk=1"
"Champion´s Barber Shop","097 919 3202","","4.3","133","http://instagram.com/championsbarber_shop","solo_red_social","","true","Barbería","Isla Pinzón, 170513 Quito","Quito Tenis, Quito","https://www.google.com/maps/place/Champion%C2%B4s+Barber+Shop/data=!4m7!3m6!1s0x91d59a9f8b249235:0xb2cec8c9ebf20b48!8m2!3d-0.1655417!4d-78.4772158!16s%2Fg%2F11hbbppfjy!19sChIJNZIki5-a1ZERSAvy68nIzrI?authuser=0&hl=es-419&g_ep=EgoyMDI2MDkxNS4wIJJjKgBIAVAD&rclk=1"
"MISTIKA BEAUTY CENTER","098 318 4945","","4.6","120","http://www.mistikabeauty.com/","sitio_propio","","false","Spa y gimnasio","entre Shirys y Paris, Av. Isla Floreana E1-168, Quito","Quito Tenis, Quito","https://www.google.com/maps/place/MISTIKA+BEAUTY+CENTER/data=!4m7!3m6!1s0x91d59aa1050711eb:0x31dc2344ef6691dd!8m2!3d-0.1679667!4d-78.4787063!16s%2Fg%2F11bwpnbgrb!19sChIJ6xEHBaGa1ZER3ZFm70Qj3DE?authuser=0&hl=es-419&g_ep=EgoyMDI2MDkxNS4wIJJjKgBIAVAD&rclk=1"
"DUO SALON","099 863 3117","","3.5","11","","ninguno","","true","Peluquería","Brasil y Jalil &, 170510 Quito","Quito Tenis, Quito","https://www.google.com/maps/place/DUO+SALON/data=!4m7!3m6!1s0x91d59b3369705491:0xac88283e348bb277!8m2!3d-0.1504528!4d-78.4928207!16s%2Fg%2F11wc65f9jq!19sChIJkVRwaTOb1ZERd7KLND4oiKw?authuser=0&hl=es-419&g_ep=EgoyMDI2MDkxNS4wIJJjKgBIAVAD&rclk=1"
"Kory Peluquería","099 790 3336","","4","23","","ninguno","","true","Peluquería","Zamora, 170104 Quito","Quito Tenis, Quito","https://www.google.com/maps/place/Kory+Peluquer%C3%ADa/data=!4m7!3m6!1s0x91d59bfc00934171:0xcf245eda336414a9!8m2!3d-0.1564775!4d-78.4905369!16s%2Fg%2F11h8fqp9kw!19sChIJcUGTAPyb1ZERqRRkM9peJM8?authuser=0&hl=es-419&g_ep=EgoyMDI2MDkxNS4wIJJjKgBIAVAD&rclk=1"
"Daniel Mendoza Asesores De Imagen","(02) 331-9909","","5","74","","ninguno","","true","Peluquería","Av. América N34-412, 170102 Quito","Quito Tenis, Quito","https://www.google.com/maps/place/Daniel+Mendoza+Asesores+De+Imagen/data=!4m7!3m6!1s0x91d59a8bba58bb87:0xc08362a153d98c48!8m2!3d-0.1802439!4d-78.4941925!16s%2Fg%2F11g1ktbzgl!19sChIJh7tYuoua1ZERSIzZU6Fig8A?authuser=0&hl=es-419&g_ep=EgoyMDI2MDkxNS4wIJJjKgBIAVAD&rclk=1"
"Tia Pelucas","099 764 9163","","4.3","232","http://www.tiapelucas.com/","sitio_propio","","false","Peluquero especialista en extensiones","pisos PB, Av. 6 de Diciembre y Av. El Inca N46-271, Casa 2, 170143 Quito","Quito Tenis, Quito","https://www.google.com/maps/place/Tia+Pelucas/data=!4m7!3m6!1s0x91d59aa9b407345b:0xd4004ca0cb3e6425!8m2!3d-0.1533727!4d-78.4769598!16s%2Fg%2F11b6hzr02b!19sChIJWzQHtKma1ZERJWQ-y6BMANQ?authuser=0&hl=es-419&g_ep=EgoyMDI2MDkxNS4wIJJjKgBIAVAD&rclk=1"
"Peluquería Belleza & Glamour","096 770 6299","","4.6","11","","ninguno","","true","Peluquería","RGRF+F55, 170138 Quito","Quito Tenis, Quito","https://www.google.com/maps/place/Peluquer%C3%ADa+Belleza+%26+Glamour/data=!4m7!3m6!1s0x91d59aa71723fb0f:0xed763030e2def8b1!8m2!3d-0.1588726!4d-78.4770255!16s%2Fg%2F11bv1n4k4t!19sChIJD_sjF6ea1ZERsfje4jAwdu0?authuser=0&hl=es-419&g_ep=EgoyMDI2MDkxNS4wIJJjKgBIAVAD&rclk=1"
"Bio Stetic El Bosque","097 911 8062","","4.4","61","","ninguno","","true","Peluquería","RGQ2+VXV, 170132 Quito","Quito Tenis, Quito","https://www.google.com/maps/place/Bio+Stetic+El+Bosque/data=!4m7!3m6!1s0x91d59b628d908fd5:0x304552492ba078a8!8m2!3d-0.160257!4d-78.4975918!16s%2Fg%2F11j9ct1y3x!19sChIJ1Y-QjWKb1ZERqHigK0lSRTA?authuser=0&hl=es-419&g_ep=EgoyMDI2MDkxNS4wIJJjKgBIAVAD&rclk=1"
"Richard Huerta Peluquería","097 895 7833","","5","26","","ninguno","","true","Peluquería","Unnamed Road, 170132 Quito","Quito Tenis, Quito","https://www.google.com/maps/place/Richard+Huerta+Peluquer%C3%ADa/data=!4m7!3m6!1s0x91d59b66072eec81:0x529f04370d30020e!8m2!3d-0.1598722!4d-78.5005104!16s%2Fg%2F11h7fmnsd3!19sChIJgewuB2ab1ZERDgIwDTcEn1I?authuser=0&hl=es-419&g_ep=EgoyMDI2MDkxNS4wIJJjKgBIAVAD&rclk=1"
"Valeria Peluquería - Asesoría De Imagen Personalizada","096 711 5796","","4","6","https://www.facebook.com/valeriaspeluqueria/","solo_red_social","","true","Peluquería","Jaime Chiriboga Quito, 170104 Quito","Quito Tenis, Quito","https://www.google.com/maps/place/Valeria+Peluquer%C3%ADa+-+Asesor%C3%ADa+De+Imagen+Personalizada/data=!4m7!3m6!1s0x91d59ab391ae52c1:0x573f62083a185b6f!8m2!3d-0.1495914!4d-78.4911681!16s%2Fg%2F11f0ky33t5!19sChIJwVKukbOa1ZERb1sYOghiP1c?authuser=0&hl=es-419&g_ep=EgoyMDI2MDkxNS4wIJJjKgBIAVAD&rclk=1"
"Le Ali Hair Spa","(02) 605-0808","","4.6","40","","ninguno","","true","Centro de estética","170132 Quito","Quito Tenis, Quito","https://www.google.com/maps/place/Le+Ali+Hair+Spa/data=!4m7!3m6!1s0x91d59abf7348cb6f:0xa58cbd97f69c1be8!8m2!3d-0.1619654!4d-78.4967355!16s%2Fg%2F11gbk59z1w!19sChIJb8tIc7-a1ZER6Buc9pe9jKU?authuser=0&hl=es-419&g_ep=EgoyMDI2MDkxNS4wIJJjKgBIAVAD&rclk=1"
"Luma Peluqueria & Barberia","096 770 7137","","4.6","13","","ninguno","","true","Barbería","Vasco de Contreras N36-16, 170521 Quito","Quito Tenis, Quito","https://www.google.com/maps/place/Luma+Peluqueria+%26+Barberia/data=!4m7!3m6!1s0x91d59a8d00ee88fb:0x7d9db83f329f9ef7!8m2!3d-0.1761736!4d-78.4951952!16s%2Fg%2F11gmx7h4sl!19sChIJ-4juAI2a1ZER956fMj-4nX0?authuser=0&hl=es-419&g_ep=EgoyMDI2MDkxNS4wIJJjKgBIAVAD&rclk=1"
"PEDRO NAVAJA Barber-Studio","099 029 0295","","3.8","72","","ninguno","","true","Barbería","RGC9+7F5 edificio, Norte de Quito Av. Shyris, y y Suecia, 170803 Quito","Quito Tenis, Quito","https://www.google.com/maps/place/PEDRO+NAVAJA+Barber-Studio/data=!4m7!3m6!1s0x91d597fb837ca7a7:0x7d8ddade76ae72df!8m2!3d-0.1793531!4d-78.4812522!16s%2Fg%2F11tf8mzb8c!19sChIJp6d8g_uX1ZER33Kudt7ajX0?authuser=0&hl=es-419&g_ep=EgoyMDI2MDkxNS4wIJJjKgBIAVAD&rclk=1"
"Lumberjack Barberia","098 889 7291","","4.6","260","https://www.facebook.com/LumberjackEcuador/","solo_red_social","","true","Barbería","RGPC+GV6, 170513 Quito","Quito Tenis, Quito","https://www.google.com/maps/place/Lumberjack+Barberia/data=!4m7!3m6!1s0x91d59aa269499501:0xf4fb476701916428!8m2!3d-0.1637031!4d-78.4778723!16s%2Fg%2F11fz28zzf2!19sChIJAZVJaaKa1ZERKGSRAWdH-_Q?authuser=0&hl=es-419&g_ep=EgoyMDI2MDkxNS4wIJJjKgBIAVAD&rclk=1"
"Queen Beauty World (Salón de Uñas en Quito)","096 264 6797","","5","39","https://www.youtube.com/@PierinaPerezMontoya/videos","sitio_propio","","false","Salón de manicura y pedicura","Calle Nicolás López, con y Av. de la Prensa 0e3-66, Quito","Quito Tenis, Quito","https://www.google.com/maps/place/Queen+Beauty+World+%28Sal%C3%B3n+de+U%C3%B1as+en+Quito%29/data=!4m7!3m6!1s0x91d59b0ee93a1587:0x4d01b5ef6c7c8d99!8m2!3d-0.1495879!4d-78.4911648!16s%2Fg%2F11ry9cmd7y!19sChIJhxU66Q6b1ZERmY18bO-1AU0?authuser=0&hl=es-419&g_ep=EgoyMDI2MDkxNS4wIJJjKgBIAVAD&rclk=1"
"Coco & Dodo Salon","(02) 225-0033","","4.7","95","https://www.instagram.com/coco.dodo.salon.ec?igsi=NHp0Y3o5MDBkd3Ew","solo_red_social","","true","Peluquero de mascotas","C.C. El Bosque, Local C18 calle Alonso De Torres, y y Av. Edmundo Carvajal, 170528 Quito","Quito Tenis, Quito","https://www.google.com/maps/place/Coco+%26+Dodo+Salon/data=!4m7!3m6!1s0x91d59a97ce705ac5:0xab298056ff5243b3!8m2!3d-0.1619006!4d-78.4967687!16s%2Fg%2F11c56g6g8h!19sChIJxVpwzpea1ZERs0NS_1aAKas?authuser=0&hl=es-419&g_ep=EgoyMDI2MDkxNS4wIJJjKgBIAVAD&rclk=1"
"Wilson Peluqueria","099 528 7431","","4.7","12","","ninguno","","true","Barbería","Isla Seymour 41-62, 170501 Quito","Quito Tenis, Quito","https://www.google.com/maps/place/Wilson+Peluqueria/data=!4m7!3m6!1s0x91d59b1622a9a3e1:0xa1565b1c189170d0!8m2!3d-0.1681706!4d-78.4801769!16s%2Fg%2F11f7300x9l!19sChIJ4aOpIhab1ZER0HCRGBxbVqE?authuser=0&hl=es-419&g_ep=EgoyMDI2MDkxNS4wIJJjKgBIAVAD&rclk=1"
"Nancy Cueva Peluquería","099 939 0065","","4.3","32","","ninguno","","true","Barbería","Juan José de Villalengua y Gregorio Bobadilla 38-11, 170104 Quito","Quito Tenis, Quito","https://www.google.com/maps/place/Nancy+Cueva+Peluquer%C3%ADa/data=!4m7!3m6!1s0x91d59a9257127783:0x91e4b7dbec50d481!8m2!3d-0.1723739!4d-78.4945937!16s%2Fg%2F11bxf7k0db!19sChIJg3cSV5Ka1ZERgdRQ7Nu35JE?authuser=0&hl=es-419&g_ep=EgoyMDI2MDkxNS4wIJJjKgBIAVAD&rclk=1"
"Royalty Barbería","096 284 6822","","4.9","39","https://linktr.ee/royaltybarberia.ec","solo_red_social","","true","Barbería","Mañosca OE8-96, 170147 Quito","Quito Tenis, Quito","https://www.google.com/maps/place/Royalty+Barber%C3%ADa/data=!4m7!3m6!1s0x91d59b0c3116667d:0x313c62d23b66a7f5!8m2!3d-0.1753694!4d-78.500728!16s%2Fg%2F11p5hvw9gd!19sChIJfWYWMQyb1ZER9admO9JiPDE?authuser=0&hl=es-419&g_ep=EgoyMDI2MDkxNS4wIJJjKgBIAVAD&rclk=1"
"StudiOazis Spa y Peluquería UNISEX","","","4.4","14","","ninguno","","true","Peluquería","Lc 4, Ca 59, Ángel Ludeña Oe5-296 111, 170138 Quito","Cotocollao, Quito","https://www.google.com/maps/place/StudiOazis+Spa+y+Peluquer%C3%ADa+UNISEX/data=!4m7!3m6!1s0x91d59aa8296db4f1:0x67658da7ed65d4dd!8m2!3d-0.1252624!4d-78.4940607!16s%2Fg%2F11d_x4345r!19sChIJ8bRtKaia1ZER3dRl7aeNZWc?authuser=0&hl=es-419&g_ep=EgoyMDI2MDkxNS4wIJJjKgBIAVAD&rclk=1"
"Talentos","098 457 0212","","4.5","55","","ninguno","","true","Barbería","Avenida, Lizardo Ruiz, 170301 Quito","Cotocollao, Quito","https://www.google.com/maps/place/Talentos/data=!4m7!3m6!1s0x91d585735835d0cb:0x560bbc1a547a58d2!8m2!3d-0.1145267!4d-78.4971344!16s%2Fg%2F11gnrlsl7f!19sChIJy9A1WHOF1ZER0lh6VBq8C1Y?authuser=0&hl=es-419&g_ep=EgoyMDI2MDkxNS4wIJJjKgBIAVAD&rclk=1"
"Vanidad con Estilo Spa","096 369 2914","","4.9","21","https://wa.link/zhoyqu","sitio_propio","","false","Spa","Oe17A &, 170103 Quito","Cotocollao, Quito","https://www.google.com/maps/place/Vanidad+con+Estilo+Spa/data=!4m7!3m6!1s0x91d585aa46a15b97:0xef65475d201555c4!8m2!3d-0.1284239!4d-78.5143969!16s%2Fg%2F11fs34nnc_!19sChIJl1uhRqqF1ZERxFUVIF1HZe8?authuser=0&hl=es-419&g_ep=EgoyMDI2MDkxNS4wIJJjKgBIAVAD&rclk=1"
"BELTRAN GALLEGOS SPA PELUQUERIA","099 867 6825","","4.5","56","https://beltrangallegos-spa-peluqueria.com/","sitio_propio","","true","Peluquería","Machala y Cuicocha N67-70 y, 170103 Quito","Cotocollao, Quito","https://www.google.com/maps/place/BELTRAN+GALLEGOS+SPA+PELUQUERIA/data=!4m7!3m6!1s0x91d5850b66699937:0xc743592628e852bb!8m2!3d-0.113858!4d-78.4996!16s%2Fg%2F11cs4b_gf_!19sChIJN5lpZguF1ZERu1LoKCZZQ8c?authuser=0&hl=es-419&g_ep=EgoyMDI2MDkxNS4wIJJjKgBIAVAD&rclk=1"
"Peluquería Soly","","","4.9","8","","ninguno","","true","Barbería","170103 Quito","Cotocollao, Quito","https://www.google.com/maps/place/Peluquer%C3%ADa+Soly/data=!4m7!3m6!1s0x91d585130166f01b:0x8b33e43103782250!8m2!3d-0.1209058!4d-78.5004925!16s%2Fg%2F11f088ytb8!19sChIJG_BmAROF1ZERUCJ4AzHkM4s?authuser=0&hl=es-419&g_ep=EgoyMDI2MDkxNS4wIJJjKgBIAVAD&rclk=1"
"Wapas Peluqueria","","","4","6","","ninguno","","true","Peluquería","Gral. José María Guerrero, 170103 Quito","Cotocollao, Quito","https://www.google.com/maps/place/Wapas+Peluqueria/data=!4m7!3m6!1s0x91d5856cc0b71189:0x15e004219b7371e8!8m2!3d-0.1223958!4d-78.4968626!16s%2Fg%2F11tsjz8nvb!19sChIJiRG3wGyF1ZER6HFzmyEE4BU?authuser=0&hl=es-419&g_ep=EgoyMDI2MDkxNS4wIJJjKgBIAVAD&rclk=1"
"D' ANGEL'S","099 954 4468","","4.7","12","","ninguno","","true","Peluquería","VGP4+H56, Quito","Cotocollao, Quito","https://www.google.com/maps/place/D%27+ANGEL%27S/data=!4m7!3m6!1s0x91d585b673847667:0xd46fe980799e8d87!8m2!3d-0.1135831!4d-78.4946208!16s%2Fg%2F11mk8mzb64!19sChIJZ3aEc7aF1ZERh42eeYDpb9Q?authuser=0&hl=es-419&g_ep=EgoyMDI2MDkxNS4wIJJjKgBIAVAD&rclk=1"
"Poleth","(02) 229-0832","","4.8","77","","ninguno","","true","Barbería","De la Prensa N62-74, 170103 Quito","Cotocollao, Quito","https://www.google.com/maps/place/Poleth/data=!4m7!3m6!1s0x91d5856c4c9e96e5:0xdfafd3faa8db22f2!8m2!3d-0.1213618!4d-78.4940341!16s%2Fg%2F11grvm4s91!19sChIJ5ZaeTGyF1ZER8iLbqPrTr98?authuser=0&hl=es-419&g_ep=EgoyMDI2MDkxNS4wIJJjKgBIAVAD&rclk=1"
"Peluqueria Marlen","098 308 5750","","4.5","8","","ninguno","","true","Barbería","Carlos Crespi &, 170103 Quito","Cotocollao, Quito","https://www.google.com/maps/place/Peluqueria+Marlen/data=!4m7!3m6!1s0x91d5856c8c86eb2f:0x36d172f955c3877d!8m2!3d-0.1230148!4d-78.4949621!16s%2Fg%2F11fd6d65r9!19sChIJL-uGjGyF1ZERfYfDVfly0TY?authuser=0&hl=es-419&g_ep=EgoyMDI2MDkxNS4wIJJjKgBIAVAD&rclk=1"
"Urbano's Peluquería","098 419 3704","","3.5","8","","ninguno","","true","Barbería","Avenida, Lizardo Ruiz Oe5-72, Quito","Cotocollao, Quito","https://www.google.com/maps/place/Urbano%27s+Peluquer%C3%ADa/data=!4m7!3m6!1s0x91d58574a0081e27:0x245302b6add8f2cc!8m2!3d-0.1144011!4d-78.4965533!16s%2Fg%2F11gtyspfrf!19sChIJJx4IoHSF1ZERzPLYrbYCUyQ?authuser=0&hl=es-419&g_ep=EgoyMDI2MDkxNS4wIJJjKgBIAVAD&rclk=1"
"Elegance Barber Club","095 906 6790","","4.9","30","https://eleganceuio.com/","sitio_propio","","false","Barbería","Angel Ludeña, y y Pedro de Mendoza, 170301 Quito","Cotocollao, Quito","https://www.google.com/maps/place/Elegance+Barber+Club/data=!4m7!3m6!1s0x91d5857353120c0f:0xa3bca233aa646b40!8m2!3d-0.1277136!4d-78.499786!16s%2Fg%2F11ldxdr6q8!19sChIJDwwSU3OF1ZERQGtkqjOivKM?authuser=0&hl=es-419&g_ep=EgoyMDI2MDkxNS4wIJJjKgBIAVAD&rclk=1"
"Mia Nail Spa & Beauty Lounge","098 113 7407","","4.5","15","https://instagram.com/mianailspabeautylounge","solo_red_social","","true","Centro de estética","Pedro de Alvarado, 170103 Quito","Cotocollao, Quito","https://www.google.com/maps/place/Mia+Nail+Spa+%26+Beauty+Lounge/data=!4m7!3m6!1s0x91d585911a13f61f:0x6c120c62b0901e30!8m2!3d-0.1279281!4d-78.5017992!16s%2Fg%2F11hzmt5xfy!19sChIJH_YTGpGF1ZERMB6QsGIMEmw?authuser=0&hl=es-419&g_ep=EgoyMDI2MDkxNS4wIJJjKgBIAVAD&rclk=1"
"Mendieta - Comisariato de la Belleza","(02) 229-1568","","4.2","285","https://www.mendietaonline.com/","sitio_propio","","true","Tienda de productos de belleza","Av. de la Prensa y Av. Cristóbal Vaca de Castro &, 170104 Quito","Cotocollao, Quito","https://www.google.com/maps/place/Mendieta+-+Comisariato+de+la+Belleza/data=!4m7!3m6!1s0x91d5856a48151bf3:0xd86923b812c7348b!8m2!3d-0.1292872!4d-78.4938308!16s%2Fg%2F11clyz099j!19sChIJ8xsVSGqF1ZERizTHErgjadg?authuser=0&hl=es-419&g_ep=EgoyMDI2MDkxNS4wIJJjKgBIAVAD&rclk=1"
"Peluqueria Alisson el mirador","","","4.8","10","","ninguno","","true","Barbería","VFGR+FMC, 170103 Quito","Cotocollao, Quito","https://www.google.com/maps/place/Peluqueria+Alisson+el+mirador/data=!4m7!3m6!1s0x91d5858c326aa51b:0x56a11b79c982dc79!8m2!3d-0.1238122!4d-78.5083639!16s%2Fg%2F11qphwbh9l!19sChIJG6VqMoyF1ZERedyCyXkboVY?authuser=0&hl=es-419&g_ep=EgoyMDI2MDkxNS4wIJJjKgBIAVAD&rclk=1"
"nailsfactory","099 164 4009","","3.7","72","https://nailsfactoryuio.com/","sitio_propio","","true","Peluquería","y Antonio, Av. Cristóbal Vaca de Castro y A. de la Gama, Quito","Cotocollao, Quito","https://www.google.com/maps/place/nailsfactory/data=!4m7!3m6!1s0x91d59bb79cde6d09:0x29a491f5e206fd86!8m2!3d-0.1290917!4d-78.5005205!16s%2Fg%2F11pd130jj6!19sChIJCW3enLeb1ZERhv0G4vWRpCk?authuser=0&hl=es-419&g_ep=EgoyMDI2MDkxNS4wIJJjKgBIAVAD&rclk=1"
"Emy Nails Peluquería - Quito","099 470 7030","","4","8","","ninguno","","true","Centro de estética","Nazareth, 170103 Quito","Cotocollao, Quito","https://www.google.com/maps/place/Emy+Nails+Peluquer%C3%ADa+-+Quito/data=!4m7!3m6!1s0x91d585046b674967:0xe11be9a22d009c6e!8m2!3d-0.1218574!4d-78.4935138!16s%2Fg%2F11qs92jfcz!19sChIJZ0lnawSF1ZERbpwALaLpG-E?authuser=0&hl=es-419&g_ep=EgoyMDI2MDkxNS4wIJJjKgBIAVAD&rclk=1"
"Peluqueria Adelita","099 838 4202","","5","7","","ninguno","","true","Centro de estética","VFJX+46X, José H. Figueroa, 170103 Quito","Cotocollao, Quito","https://www.google.com/maps/place/Peluqueria+Adelita/data=!4m7!3m6!1s0x91d585126db5a7cf:0xb7f2be60fa002fad!8m2!3d-0.1196429!4d-78.5018951!16s%2Fg%2F1ptx1nb3n!19sChIJz6e1bRKF1ZERrS8A-mC-8rc?authuser=0&hl=es-419&g_ep=EgoyMDI2MDkxNS4wIJJjKgBIAVAD&rclk=1"
"La Coqueteria","096 293 1041","","4.3","10","https://www.instagram.com/lacoqueteria.ec/","solo_red_social","","true","Tienda de productos de belleza","170301 Quito","Cotocollao, Quito","https://www.google.com/maps/place/La+Coqueteria/data=!4m7!3m6!1s0x91d585bff4827815:0xead76f6375fb25ba!8m2!3d-0.1189129!4d-78.4940716!16s%2Fg%2F11tn86rf4q!19sChIJFXiC9L-F1ZERuiX7dWNv1-o?authuser=0&hl=es-419&g_ep=EgoyMDI2MDkxNS4wIJJjKgBIAVAD&rclk=1"
"Mabe Beauty Salon","098 942 9395","","4.3","33","","ninguno","","true","Centro de estética","Av. Cristóbal Vaca de Castro Oe4-400, 170301 Quito","Cotocollao, Quito","https://www.google.com/maps/place/Mabe+Beauty+Salon/data=!4m7!3m6!1s0x91d58541c9fbca77:0xba50fe06cd111260!8m2!3d-0.1292671!4d-78.4947016!16s%2Fg%2F11gs906ym1!19sChIJd8r7yUGF1ZERYBIRzQb-ULo?authuser=0&hl=es-419&g_ep=EgoyMDI2MDkxNS4wIJJjKgBIAVAD&rclk=1"
"Peluquería Gino","","","4.9","14","","ninguno","","true","Barbería","Calle y Aurelio Espinoza Polit N64-34, 170301 Quito","Cotocollao, Quito","https://www.google.com/maps/place/Peluquer%C3%ADa+Gino/data=!4m7!3m6!1s0x91d585e19622b813:0x79ea05ae4eed834c!8m2!3d-0.1173086!4d-78.4940213!16s%2Fg%2F11t3hx5fnx!19sChIJE7giluGF1ZERTIPtTq4F6nk?authuser=0&hl=es-419&g_ep=EgoyMDI2MDkxNS4wIJJjKgBIAVAD&rclk=1"
"Estilos Gaby Peluquería","096 899 3340","","4.4","7","","ninguno","","true","Centro de estética","Bernardo de Legarda Oe7-12, 170103 Quito","Cotocollao, Quito","https://www.google.com/maps/place/Estilos+Gaby+Peluquer%C3%ADa/data=!4m7!3m6!1s0x91d5850c36450f69:0xd9ed2ca8d9ae6ef7!8m2!3d-0.1163033!4d-78.5023128!16s%2Fg%2F11gmzfkvjm!19sChIJaQ9FNgyF1ZER926u2ags7dk?authuser=0&hl=es-419&g_ep=EgoyMDI2MDkxNS4wIJJjKgBIAVAD&rclk=1"
"Nahomi Peluqueria","","","4.7","27","","ninguno","","true","Barbería","VFMX+PC7, Bernardo de Legarda, 170103 Quito","Cotocollao, Quito","https://www.google.com/maps/place/Nahomi+Peluqueria/data=!4m7!3m6!1s0x91d5850c5ccee3b1:0x1cd8645b831c502!8m2!3d-0.11572!4d-78.5014566!16s%2Fg%2F11c6w9mqvr!19sChIJsePOXAyF1ZERAsUxuEWGzQE?authuser=0&hl=es-419&g_ep=EgoyMDI2MDkxNS4wIJJjKgBIAVAD&rclk=1"
"Shadows Peluqueria","099 536 8889","","4.5","106","","ninguno","","true","Centro de estética","Av. de la Prensa N57-50 y, 170104 Quito","Cotocollao, Quito","https://www.google.com/maps/place/Shadows+Peluqueria/data=!4m7!3m6!1s0x91d58546c995e577:0x6417bfcdf16089ed!8m2!3d-0.1326894!4d-78.4938259!16s%2Fg%2F11c6_y7hpp!19sChIJd-WVyUaF1ZER7Ylg8c2_F2Q?authuser=0&hl=es-419&g_ep=EgoyMDI2MDkxNS4wIJJjKgBIAVAD&rclk=1"
"Peluqueria Cecy","","","4.5","25","","ninguno","","true","Peluquería","VGQ4+3HX, Ramon Chiriboga, 170144 Quito","Cotocollao, Quito","https://www.google.com/maps/place/Peluqueria+Cecy/data=!4m7!3m6!1s0x91d5857435af2f31:0xa61dbbf37ca44411!8m2!3d-0.1122658!4d-78.493523!16s%2Fg%2F11c526n1fq!19sChIJMS-vNXSF1ZEREUSkfPO7HaY?authuser=0&hl=es-419&g_ep=EgoyMDI2MDkxNS4wIJJjKgBIAVAD&rclk=1"
"Peluqueria Kchito","099 904 5773","","4.5","10","","ninguno","","true","Peluquería","Angel Ludeña y Martin Ochoa &, 170132 Quito","Cotocollao, Quito","https://www.google.com/maps/place/Peluqueria+Kchito/data=!4m7!3m6!1s0x91d58515fdeb2e6d:0x75a58ef32c7cd336!8m2!3d-0.1283613!4d-78.5034805!16s%2Fg%2F11d_y5blmg!19sChIJbS7r_RWF1ZERNtN8LPOOpXU?authuser=0&hl=es-419&g_ep=EgoyMDI2MDkxNS4wIJJjKgBIAVAD&rclk=1"
"VELVET NAILS","098 473 0197","","4.5","48","https://www.facebook.com/velvetnailsquito/?ref=bookmarks","solo_red_social","","true","Salón de manicura y pedicura","VGM4+H7W, Av. de la Prensa, 170103 Quito","Cotocollao, Quito","https://www.google.com/maps/place/VELVET+NAILS/data=!4m7!3m6!1s0x91d585406e3fee5d:0x6338ec789916b658!8m2!3d-0.1160105!4d-78.494294!16s%2Fg%2F11jn2dtr5c!19sChIJXe4_bkCF1ZERWLYWmXjsOGM?authuser=0&hl=es-419&g_ep=EgoyMDI2MDkxNS4wIJJjKgBIAVAD&rclk=1"
"GOLDEN CAPELLI","099 596 7624","","3.7","17","","ninguno","","true","Peluquería","VGC3+76F, Y, Av. Cristóbal Vaca de Castro & Simón Cárdenas, Quito","Cotocollao, Quito","https://www.google.com/maps/place/GOLDEN+CAPELLI/data=!4m7!3m6!1s0x91d58540135d72fb:0x39c5ba34a8588308!8m2!3d-0.1293225!4d-78.4969658!16s%2Fg%2F11csbq_3wl!19sChIJ-3JdE0CF1ZERCINYqDS6xTk?authuser=0&hl=es-419&g_ep=EgoyMDI2MDkxNS4wIJJjKgBIAVAD&rclk=1"
"EDER SALON & BARBERIA","097 893 2234","","4.9","163","https://ederpeluqueria.com/","sitio_propio","","true","Centro de estética","Av Del Maestro, y y Real Audiencia, 170144 Quito","Cotocollao, Quito","https://www.google.com/maps/place/EDER+SALON+%26+BARBERIA/data=!4m7!3m6!1s0x91d585176f8ff11d:0xad9f92d90ef5b7db!8m2!3d-0.1241495!4d-78.4859581!16s%2Fg%2F11ppdwvq4p!19sChIJHfGPbxeF1ZER27f1DtmSn60?authuser=0&hl=es-419&g_ep=EgoyMDI2MDkxNS4wIJJjKgBIAVAD&rclk=1"
"TU AMIGO FIEL Peluquería canina","097 928 9184","","4.4","14","https://www.instagram.com/tu.amigo.fiel.pelucanina?igsh=MTRlZ2luajRnM3AwYQ==&utm_source=qr","solo_red_social","","true","Peluquero de mascotas","Bernardo de Legarda y Mariano Jacome 151 y, 170301 Quito","Cotocollao, Quito","https://www.google.com/maps/place/TU+AMIGO+FIEL+Peluquer%C3%ADa+canina/data=!4m7!3m6!1s0x91d5850026a50a15:0x4aba2deb25c38547!8m2!3d-0.1152591!4d-78.5007916!16s%2Fg%2F11w7cs1_yd!19sChIJFQqlJgCF1ZERR4XDJestuko?authuser=0&hl=es-419&g_ep=EgoyMDI2MDkxNS4wIJJjKgBIAVAD&rclk=1"
"Jhon Valero Beauty & Coffee","098 741 8011","","4.5","175","","ninguno","","true","Centro de estética","Av Clemente Yerovi, e y Av. Isidro Ayora, 170120 Quito","Carcelén, Quito","https://www.google.com/maps/place/Jhon+Valero+Beauty+%26+Coffee/data=!4m7!3m6!1s0x91d58f5dffca7ac7:0x7226a0598c35bf0f!8m2!3d-0.0916246!4d-78.4677766!16s%2Fg%2F11ckqrws61!19sChIJx3rK_12P1ZERD781jFmgJnI?authuser=0&hl=es-419&g_ep=EgoyMDI2MDkxNS4wIJJjKgBIAVAD&rclk=1"
"WOOW SPA","098 601 5001","","4.8","13","","ninguno","","true","Spa","Rafael Carvajal 170120, 170120 Quito","Carcelén, Quito","https://www.google.com/maps/place/WOOW+SPA/data=!4m7!3m6!1s0x91d58f6cd7fb7393:0xb4038f410b9c7c9c!8m2!3d-0.0888898!4d-78.4640252!16s%2Fg%2F11qq3c29xj!19sChIJk3P712yP1ZERnHycC0GPA7Q?authuser=0&hl=es-419&g_ep=EgoyMDI2MDkxNS4wIJJjKgBIAVAD&rclk=1"
"New Station Peluqueria","098 757 0519","","4.7","56","https://www.instagram.com/newstation.ec?r=nametaghttps://www.instagram.com/newstation.ec?r=nametag","solo_red_social","","true","Peluquería","Hernando de Paredes oe215 y, 170120 Quito","Carcelén, Quito","https://www.google.com/maps/place/New+Station+Peluqueria/data=!4m7!3m6!1s0x91d58f5f92703125:0xde45ca47ee621676!8m2!3d-0.0903099!4d-78.4744829!16s%2Fg%2F11c1njgb65!19sChIJJTFwkl-P1ZERdhZi7kfKRd4?authuser=0&hl=es-419&g_ep=EgoyMDI2MDkxNS4wIJJjKgBIAVAD&rclk=1"
"Barberia Gentleman Barber Club Peluquería","099 286 4926","","4.8","122","","ninguno","","true","Barbería","y J. Guadalupe, Francisco Ruiz, 170120 Quito","Carcelén, Quito","https://www.google.com/maps/place/Barberia+Gentleman+Barber+Club+Peluquer%C3%ADa/data=!4m7!3m6!1s0x91d58fdb720c4231:0x525f4328c7d51ed4!8m2!3d-0.0893527!4d-78.4709312!16s%2Fg%2F11qpkbsc1t!19sChIJMUIMctuP1ZER1B7VxyhDX1I?authuser=0&hl=es-419&g_ep=EgoyMDI2MDkxNS4wIJJjKgBIAVAD&rclk=1"
"EXCLUSIVO PARA HOMBRES FIELES","","","5","20","","ninguno","","true","Barbería","Avenida Clemente Yerovi Indaburu, 170102 Quito","Carcelén, Quito","https://www.google.com/maps/place/EXCLUSIVO+PARA+HOMBRES+FIELES/data=!4m7!3m6!1s0x91d58f10ec6e95e5:0x87a96a992cceb42c!8m2!3d-0.0911802!4d-78.4720385!16s%2Fg%2F11z3_0rl6r!19sChIJ5ZVu7BCP1ZERLLTOLJlqqYc?authuser=0&hl=es-419&g_ep=EgoyMDI2MDkxNS4wIJJjKgBIAVAD&rclk=1"
"CONDE'S BARBER SHOP","099 566 0178","","5","36","","ninguno","","true","Barbería","170511, Quito","Carcelén, Quito","https://www.google.com/maps/place/CONDE%27S+BARBER+SHOP/data=!4m7!3m6!1s0x91d58f816c42f6e3:0xd311b5771cf911ec!8m2!3d-0.0916192!4d-78.4680368!16s%2Fg%2F11w2g4d4c6!19sChIJ4_ZCbIGP1ZER7BH5HHe1EdM?authuser=0&hl=es-419&g_ep=EgoyMDI2MDkxNS4wIJJjKgBIAVAD&rclk=1"
"Divinas Peluquería Y SPA","(02) 247-2699","","4.4","8","","ninguno","","true","Spa","República Dominicana y Alonso de Jerez N8076, 170120 Quito","Carcelén, Quito","https://www.google.com/maps/place/Divinas+Peluquer%C3%ADa+Y+SPA/data=!4m7!3m6!1s0x91d58f5c26fe9827:0xc3481dad69160409!8m2!3d-0.0885561!4d-78.4692337!16s%2Fg%2F11cp8nb_x4!19sChIJJ5j-JlyP1ZERCQQWaa0dSMM?authuser=0&hl=es-419&g_ep=EgoyMDI2MDkxNS4wIJJjKgBIAVAD&rclk=1"
"Kaprichos Peluqueria","(02) 247-2520","","4.4","20","","ninguno","","true","Centro de estética","Avenida, República Dominicana N82-70, 170120 Quito","Carcelén, Quito","https://www.google.com/maps/place/Kaprichos+Peluqueria/data=!4m7!3m6!1s0x91d58f5bff28cc51:0x37be88fa5c6ff409!8m2!3d-0.0866334!4d-78.4691926!16s%2Fg%2F11g4jh6yr2!19sChIJUcwo_1uP1ZERCfRvXPqIvjc?authuser=0&hl=es-419&g_ep=EgoyMDI2MDkxNS4wIJJjKgBIAVAD&rclk=1"
"Magnific","(02) 247-3034","","4.6","71","","ninguno","","true","Centro de estética","WG6J+MWR, República Dominicana, 170120 Quito","Carcelén, Quito","https://www.google.com/maps/place/Magnific/data=!4m7!3m6!1s0x91d58f5c43e06b61:0x5abd367a8f7dd84b!8m2!3d-0.0882671!4d-78.467729!16s%2Fg%2F11gjs1ztx6!19sChIJYWvgQ1yP1ZERS9h9j3o2vVo?authuser=0&hl=es-419&g_ep=EgoyMDI2MDkxNS4wIJJjKgBIAVAD&rclk=1"
"Faiber","099 550 2961","","5","10","","ninguno","","true","Peluquería","Calle, Francisco del Campo Oe3-87 y, 170302 Quito","Carcelén, Quito","https://www.google.com/maps/place/Faiber/data=!4m7!3m6!1s0x91d58f5f16d9bb75:0xcbd7f44dc140bc7b!8m2!3d-0.088295!4d-78.4732558!16s%2Fg%2F11gvwsmcpr!19sChIJdbvZFl-P1ZERe7xAwU3018s?authuser=0&hl=es-419&g_ep=EgoyMDI2MDkxNS4wIJJjKgBIAVAD&rclk=1"
"Peluqueria Juvenil","099 739 5949","","4.8","17","","ninguno","","true","Peluquería","WG6G+C6V, Rodrigo Muñoz, 170120 Quito","Carcelén, Quito","https://www.google.com/maps/place/Peluqueria+Juvenil/data=!4m7!3m6!1s0x91d58f5f70a93a85:0x3932b9665760d249!8m2!3d-0.0888864!4d-78.47445!16s%2Fg%2F11c52627hl!19sChIJhTqpcF-P1ZERSdJgV2a5Mjk?authuser=0&hl=es-419&g_ep=EgoyMDI2MDkxNS4wIJJjKgBIAVAD&rclk=1"
"brooklyn barber shop","(02) 381-3831","","4.3","84","","ninguno","","true","Barbería","francisco del campo, Francisco Ruiz y Francisco Velásquez, 170120 Quito","Carcelén, Quito","https://www.google.com/maps/place/brooklyn+barber+shop/data=!4m7!3m6!1s0x91d58fc77fed4ab5:0x53daaa5caf0b4e48!8m2!3d-0.0882389!4d-78.4748121!16s%2Fg%2F11pywm4dzx!19sChIJtUrtf8eP1ZERSE4Lr1yq2lM?authuser=0&hl=es-419&g_ep=EgoyMDI2MDkxNS4wIJJjKgBIAVAD&rclk=1"
"Reylin Peluqueria","098 187 1060","","4.9","26","https://www.facebook.com/Reylin-Peluqueria-629454597517687/","solo_red_social","","true","Peluquería","Francisco del campo, y y Av. Jaime Roldós Aguilera, 170120 Quito","Carcelén, Quito","https://www.google.com/maps/place/Reylin+Peluqueria/data=!4m7!3m6!1s0x91d585907d6d5b3b:0x34f7974bb6045291!8m2!3d-0.0880368!4d-78.4758254!16s%2Fg%2F11h75jmx5r!19sChIJO1ttfZCF1ZERkVIEtkuX9zQ?authuser=0&hl=es-419&g_ep=EgoyMDI2MDkxNS4wIJJjKgBIAVAD&rclk=1"
"BioStetic Spa & Academia Carcelén","099 506 8559","","4.9","301","https://www.canva.com/design/DAFv4PPsIt4/neEpfKrsz0JVByZn5AW-5g/view?website#2","sitio_propio","","false","Spa","Av Diego Vásquez de Cepeda, Y y N77D, 170302 Quito","Carcelén, Quito","https://www.google.com/maps/place/BioStetic+Spa+%26+Academia+Carcel%C3%A9n/data=!4m7!3m6!1s0x91d5854097673315:0x72dd19135bfb3725!8m2!3d-0.0911161!4d-78.4754051!16s%2Fg%2F11wgd87j1d!19sChIJFTNnl0CF1ZERJTf7WxMZ3XI?authuser=0&hl=es-419&g_ep=EgoyMDI2MDkxNS4wIJJjKgBIAVAD&rclk=1"
"MEN’S BARBER & ACADEMY - CARCELÉN","098 851 3030","mensuiospa@gmail.com","4.5","129","https://mensecuador.com/","sitio_propio","2026","false","Barbería","WG8H+42Q Milán Plaza, Av. Jaime Roldós Aguilera, 170120 Quito","Carcelén, Quito","https://www.google.com/maps/place/MEN%E2%80%99S+BARBER+%26+ACADEMY+-+CARCEL%C3%89N/data=!4m7!3m6!1s0x91d58f095f6582f1:0x417290590949f2b4!8m2!3d-0.0843896!4d-78.4719135!16s%2Fg%2F11y8zmzrgr!19sChIJ8YJlXwmP1ZERtPJJCVmQckE?authuser=0&hl=es-419&g_ep=EgoyMDI2MDkxNS4wIJJjKgBIAVAD&rclk=1"
"M&M Hair Studio ec","098 799 0922","","4.4","18","","ninguno","","true","Peluquería","Av. Jaime Roldós Aguilera 82 -142 y, Diego Torres 170120, Quito","Carcelén, Quito","https://www.google.com/maps/place/M%26M+Hair+Studio+ec/data=!4m7!3m6!1s0x91d5853fbff9816b:0x7164fe32f51882f0!8m2!3d-0.0856266!4d-78.4728959!16s%2Fg%2F11f2gsp5_h!19sChIJa4H5vz-F1ZER8IIY9TL-ZHE?authuser=0&hl=es-419&g_ep=EgoyMDI2MDkxNS4wIJJjKgBIAVAD&rclk=1"
"PELUQUERIA BARBERIA ""CARPE DIEM""","099 836 2524","","4.9","101","","ninguno","","true","Barbería","Carapungo, Rio Amazonas 0e11-288 y, Rio Cuyabeno, 170203 Quito","Carcelén, Quito","https://www.google.com/maps/place/PELUQUERIA+BARBERIA+%22CARPE+DIEM%22/data=!4m7!3m6!1s0x91d58f4dda5b6a8d:0xbe23ddfe27d5cd25!8m2!3d-0.1020273!4d-78.4527892!16s%2Fg%2F11fct1327b!19sChIJjWpb2k2P1ZERJc3VJ_7dI74?authuser=0&hl=es-419&g_ep=EgoyMDI2MDkxNS4wIJJjKgBIAVAD&rclk=1"
"Peluquería Classyc","(02) 242-7125","","4.5","27","","ninguno","","true","Centro de estética","Carihuairazo N15-106, 170204 Quito","Carcelén, Quito","https://www.google.com/maps/place/Peluquer%C3%ADa+Classyc/data=!4m7!3m6!1s0x91d58f6b48e183b3:0x93dbcb1250d5c9af!8m2!3d-0.0950635!4d-78.4529066!16s%2Fg%2F11g9sx01bv!19sChIJs4PhSGuP1ZERr8nVUBLL25M?authuser=0&hl=es-419&g_ep=EgoyMDI2MDkxNS4wIJJjKgBIAVAD&rclk=1"
"D' CESAR STYLES Black & White BARBERO'S","099 377 8654","","4.8","81","","ninguno","","true","Barbería","WG6G+667, 170120 Quito","Carcelén, Quito","https://www.google.com/maps/place/D%27+CESAR+STYLES+Black+%26+White+BARBERO%27S/data=!4m7!3m6!1s0x91d58f5f9d38beb7:0xe3523470c35a61be!8m2!3d-0.0894543!4d-78.4744677!16s%2Fg%2F11glyc8453!19sChIJt744nV-P1ZERvmFaw3A0UuM?authuser=0&hl=es-419&g_ep=EgoyMDI2MDkxNS4wIJJjKgBIAVAD&rclk=1"
"Peluqueria La Pelu.","096 776 7958","","4.4","7","","ninguno","","true","Peluquería","WG2W+QJR, Av. Padre Luis Vaccari, 170203 Quito","Carcelén, Quito","https://www.google.com/maps/place/Peluqueria+La+Pelu./data=!4m7!3m6!1s0x91d58fab7344af79:0xf3ba46dc3ddcb520!8m2!3d-0.098021!4d-78.4534925!16s%2Fg%2F11rrf8jrgj!19sChIJea9Ec6uP1ZERILXcPdxGuvM?authuser=0&hl=es-419&g_ep=EgoyMDI2MDkxNS4wIJJjKgBIAVAD&rclk=1"
"SPA DE UÑAS VICTORIA SECRETS CARCELEN","099 512 1021","","4.4","118","https://www.facebook.com/victoria.secre.39589?mibextid=LQQJ4d","solo_red_social","","true","Spa de día","República Dominicana &, 170120 Quito","Carcelén, Quito","https://www.google.com/maps/place/SPA+DE+U%C3%91AS+VICTORIA+SECRETS+CARCELEN/data=!4m7!3m6!1s0x91d58f4a679608eb:0xa04aec0da429cd97!8m2!3d-0.0863954!4d-78.4692035!16s%2Fg%2F11j0twx573!19sChIJ6wiWZ0qP1ZERl80ppA3sSqA?authuser=0&hl=es-419&g_ep=EgoyMDI2MDkxNS4wIJJjKgBIAVAD&rclk=1"
"Secretos Peluquería & Spa de uñas.","098 776 1128","","4.4","27","","ninguno","","true","Peluquería","170204 Quito","Carcelén, Quito","https://www.google.com/maps/place/Secretos+Peluquer%C3%ADa+%26+Spa+de+u%C3%B1as./data=!4m7!3m6!1s0x91d58f1a29900473:0x791de1fa41d71bb6!8m2!3d-0.1024181!4d-78.4514059!16s%2Fg%2F11fr64yhpt!19sChIJcwSQKRqP1ZERthvXQfrhHXk?authuser=0&hl=es-419&g_ep=EgoyMDI2MDkxNS4wIJJjKgBIAVAD&rclk=1"
"Peluqueria Alemana","","","3.7","7","","ninguno","","true","Peluquería","Francisco Ruiz oe2-199, 170120 Quito","Carcelén, Quito","https://www.google.com/maps/place/Peluqueria+Alemana/data=!4m7!3m6!1s0x91d58f5e55e1dbdd:0xae903a2da1f30354!8m2!3d-0.0893751!4d-78.4720242!16s%2Fg%2F11c0s7dwrw!19sChIJ3dvhVV6P1ZERVAPzoS06kK4?authuser=0&hl=es-419&g_ep=EgoyMDI2MDkxNS4wIJJjKgBIAVAD&rclk=1"
"WILLIAM PELUQUERIA","098 357 4881","","4.5","15","","ninguno","","true","Peluquería","170120 Quito","Carcelén, Quito","https://www.google.com/maps/place/WILLIAM+PELUQUERIA/data=!4m7!3m6!1s0x91d58f63af4549e5:0x87f1ca47b5ae2d84!8m2!3d-0.0761928!4d-78.4673575!16s%2Fg%2F11fhvbg1zp!19sChIJ5UlFr2OP1ZERhC2utUfK8Yc?authuser=0&hl=es-419&g_ep=EgoyMDI2MDkxNS4wIJJjKgBIAVAD&rclk=1"
"Samia Peluqueria & Spa","099 822 8095","","4.5","15","","ninguno","","true","Centro de estética","Av. Jaime Roldós Aguilera E2-40, 170302 Quito","Carcelén, Quito","https://www.google.com/maps/place/Samia+Peluqueria+%26+Spa/data=!4m7!3m6!1s0x91d58f5a71c0e271:0xa3ba7e1b2c5f6106!8m2!3d-0.0828349!4d-78.4676314!16s%2Fg%2F11fcsnwyp8!19sChIJceLAcVqP1ZERBmFfLBt-uqM?authuser=0&hl=es-419&g_ep=EgoyMDI2MDkxNS4wIJJjKgBIAVAD&rclk=1"
"Rico Estilistas","(02) 351-8097","","3.4","8","","ninguno","","true","Peluquería","WG38+737, Av y Raul Padilla Edificio armonia, 3, Quito","Carcelén, Quito","https://www.google.com/maps/place/Rico+Estilistas/data=!4m7!3m6!1s0x91d5858e6c23047f:0xb11e60c2a5dbd94a!8m2!3d-0.0968468!4d-78.4848197!16s%2Fg%2F11c1ny6phb!19sChIJfwQjbI6F1ZERStnbpcJgHrE?authuser=0&hl=es-419&g_ep=EgoyMDI2MDkxNS4wIJJjKgBIAVAD&rclk=1"
"Peluquería J&V","097 990 3398","","4.8","19","","ninguno","","true","Peluquería","Avenida, Galo Pl. Lasso Oe 12-33, 170304 Quito","Carcelén, Quito","https://www.google.com/maps/place/Peluquer%C3%ADa+J%26V/data=!4m7!3m6!1s0x91d58f6ab0c3bc8b:0xfd42557b3719a3a4!8m2!3d-0.0922786!4d-78.4530509!16s%2Fg%2F11gzpbz8hl!19sChIJi7zDsGqP1ZERpKMZN3tVQv0?authuser=0&hl=es-419&g_ep=EgoyMDI2MDkxNS4wIJJjKgBIAVAD&rclk=1"
"Samteit","098 425 4111","","4.9","11","","ninguno","","true","Peluquería","Pje. 31 S/N, 170302 Quito","Carcelén, Quito","https://www.google.com/maps/place/Samteit/data=!4m7!3m6!1s0x91d58f53deee1b0b:0xc68dbe19e1277b06!8m2!3d-0.0775518!4d-78.4680124!16s%2Fg%2F11hdmw2hlg!19sChIJCxvu3lOP1ZERBnsn4Rm-jcY?authuser=0&hl=es-419&g_ep=EgoyMDI2MDkxNS4wIJJjKgBIAVAD&rclk=1"
"Julian Gaitán Peluquería","096 300 3881","","4.5","297","https://mobooker.co/julian-gaitan-peluqueria","sitio_propio","","false","Peluquería","Av Diego de Vázquez, y y Jaime Roldos, 170310 Quito","Carcelén, Quito","https://www.google.com/maps/place/Julian+Gait%C3%A1n+Peluquer%C3%ADa/data=!4m7!3m6!1s0x91d585f54e0ad9eb:0xd468568c9fd57297!8m2!3d-0.0911431!4d-78.4758602!16s%2Fg%2F11c2kh5q_f!19sChIJ69kKTvWF1ZERl3LVn4xWaNQ?authuser=0&hl=es-419&g_ep=EgoyMDI2MDkxNS4wIJJjKgBIAVAD&rclk=1"
"Glamourus Nails Studio - Uñas en Carcelen","098 735 6186","","4.6","9","https://glamourus-nails-studio.vercel.app/index.html","sitio_propio","2025","false","Spa","Alejandro Ponce Borja y Francisco Cieza 79-31, 170302 Quito","Carcelén, Quito","https://www.google.com/maps/place/Glamourus+Nails+Studio+-+U%C3%B1as+en+Carcelen/data=!4m7!3m6!1s0x91d59bc0b2ef5879:0x74b9d36d9558d69c!8m2!3d-0.0896128!4d-78.4725496!16s%2Fg%2F11h88brltq!19sChIJeVjvssCb1ZERnNZYlW3TuXQ?authuser=0&hl=es-419&g_ep=EgoyMDI2MDkxNS4wIJJjKgBIAVAD&rclk=1"
"Monark Barber Studio","099 252 0031","daniel.jcastillo83@gmail.com","5","26","https://monarkbarberstudio.setmore.com/","sitio_propio","","false","Barbería","170120 Quito","Carcelén, Quito","https://www.google.com/maps/place/Monark+Barber+Studio/data=!4m7!3m6!1s0x91d58f78738f343b:0x67c93d71ebf5f752!8m2!3d-0.0806573!4d-78.4661405!16s%2Fg%2F11z7gz8znr!19sChIJOzSPc3iP1ZERUvf163E9yWc?authuser=0&hl=es-419&g_ep=EgoyMDI2MDkxNS4wIJJjKgBIAVAD&rclk=1"
"Peluquería EDDY","","","4.5","34","","ninguno","","true","Centro de estética","WG5X+C7P, 170203 Quito","Carcelén, Quito","https://www.google.com/maps/place/Peluquer%C3%ADa+EDDY/data=!4m7!3m6!1s0x91d58f12c30424ed:0x86b9d213715fb744!8m2!3d-0.0914207!4d-78.4518071!16s%2Fg%2F11h5252fmq!19sChIJ7SQEwxKP1ZERRLdfcRPSuYY?authuser=0&hl=es-419&g_ep=EgoyMDI2MDkxNS4wIJJjKgBIAVAD&rclk=1"
"PALACIOS R' BARBER","","","4.9","16","","ninguno","","true","Barbería","E 20, N90A y PB E2-129, 170120 Quito","Carcelén, Quito","https://www.google.com/maps/place/PALACIOS+R%27+BARBER/data=!4m7!3m6!1s0x91d58f529e809449:0xf0bacff396b929d1!8m2!3d-0.075849!4d-78.4667882!16s%2Fg%2F11sq0sj5r6!19sChIJSZSAnlKP1ZER0Sm5lvPPuvA?authuser=0&hl=es-419&g_ep=EgoyMDI2MDkxNS4wIJJjKgBIAVAD&rclk=1"
"Empress Dreadlocks Ec","099 771 1810","","5","10","","ninguno","","true","Peluquería","Rio Quijos, y y Río Cachavi, 170204 Quito","Carcelén, Quito","https://www.google.com/maps/place/Empress+Dreadlocks+Ec/data=!4m7!3m6!1s0x91d59b863fe5f311:0xf9e4560180ef0de7!8m2!3d-0.0962916!4d-78.4536947!16s%2Fg%2F11vc04bk_m!19sChIJEfPlP4ab1ZER5w3vgAFW5Pk?authuser=0&hl=es-419&g_ep=EgoyMDI2MDkxNS4wIJJjKgBIAVAD&rclk=1"
"EQ Hair Beauty Salon","","","4.4","14","","ninguno","","true","Salón de manicura y pedicura","Galo Pl. Lasso y Ilalo &, 170203 Quito","Carcelén, Quito","https://www.google.com/maps/place/EQ+Hair+Beauty+Salon/data=!4m7!3m6!1s0x91d58f5e85d15b23:0x82322218a51a11e0!8m2!3d-0.092428!4d-78.452631!16s%2Fg%2F11p4csq7s1!19sChIJI1vRhV6P1ZER4BEapRgiMoI?authuser=0&hl=es-419&g_ep=EgoyMDI2MDkxNS4wIJJjKgBIAVAD&rclk=1"
"PELUQUERIA K&S","099 888 7740","","3.8","6","https://www.facebook.com/KYS-Peluqueria-1514270685549727/","solo_red_social","","true","Peluquería","Sector del gran Aki, Av. Padre Luis Vaccari, 170133 Quito","Carcelén, Quito","https://www.google.com/maps/place/PELUQUERIA+K%26S/data=!4m7!3m6!1s0x91d58fc54507eeb1:0xb28b2843d747473b!8m2!3d-0.105076!4d-78.4537094!16s%2Fg%2F11g2xc3s54!19sChIJse4HRcWP1ZERO0dH10Moi7I?authuser=0&hl=es-419&g_ep=EgoyMDI2MDkxNS4wIJJjKgBIAVAD&rclk=1"
"Estética y Peluquería Isabel","099 401 1774","","4.3","6","","ninguno","","true","Peluquería","WG4X+M5G, Avenue, 170203 Quito","Carcelén, Quito","https://www.google.com/maps/place/Est%C3%A9tica+y+Peluquer%C3%ADa+Isabel/data=!4m7!3m6!1s0x91d58fd34ac2fde1:0x1bdc59b0c0850422!8m2!3d-0.0933207!4d-78.4520602!16s%2Fg%2F11j7vrnfsw!19sChIJ4f3CStOP1ZERIgSFwLBZ3Bs?authuser=0&hl=es-419&g_ep=EgoyMDI2MDkxNS4wIJJjKgBIAVAD&rclk=1"
"M Y E PELUQUERÍA","099 767 1080","","3.8","9","","ninguno","","true","Asesor de imagen","Av. Padre Luis Vaccari 170203, 170203 Quito","Carcelén, Quito","https://www.google.com/maps/place/M+Y+E+PELUQUER%C3%8DA/data=!4m7!3m6!1s0x91d58f6ad5bb74e3:0xf12ef018e490c341!8m2!3d-0.0936828!4d-78.4526438!16s%2Fg%2F11f0wh09yt!19sChIJ43S71WqP1ZERQcOQ5BjwLvE?authuser=0&hl=es-419&g_ep=EgoyMDI2MDkxNS4wIJJjKgBIAVAD&rclk=1"
"Mirey Academia de belleza integral Carapungo","098 310 1423","","3.4","10","https://www.tiktok.com/@mirey.academia?_t=8s7mjQCL8Ny&_r=1","solo_red_social","","true","Centro educativo","170204, 170155 Quito","Carcelén, Quito","https://www.google.com/maps/place/Mirey+Academia+de+belleza+integral+Carapungo/data=!4m7!3m6!1s0x91d58fe92b402aeb:0x74ebb455c33ea86f!8m2!3d-0.0961996!4d-78.4532619!16s%2Fg%2F11v07nlg5b!19sChIJ6ypAK-mP1ZERb6g-w1W063Q?authuser=0&hl=es-419&g_ep=EgoyMDI2MDkxNS4wIJJjKgBIAVAD&rclk=1"
"Fashionist peluquería y spa","096 853 0348","","4.9","12","","ninguno","","true","Spa de día","Unnamed Road, 170120 Quito","Carcelén, Quito","https://www.google.com/maps/place/Fashionist+peluquer%C3%ADa+y+spa/data=!4m7!3m6!1s0x91d58594333caa0f:0x4b03ac8d6152c84c!8m2!3d-0.074705!4d-78.4778794!16s%2Fg%2F11f63d6yrn!19sChIJD6o8M5SF1ZERTMhSYY2sA0s?authuser=0&hl=es-419&g_ep=EgoyMDI2MDkxNS4wIJJjKgBIAVAD&rclk=1"
"Estilo Dominicano Barber Shop","096 901 2855","","4.7","41","https://www.instagram.com/estilodominicanobarbershop?igsh=bGFpNHNkYTRrOG1t","solo_red_social","","true","Peluquería","Av. Solanda, 170131 Quito","Solanda, Quito","https://www.google.com/maps/place/Estilo+Dominicano+Barber+Shop/data=!4m7!3m6!1s0x91d598ea0b3ce07d:0x7191571185b23dbe!8m2!3d-0.2717363!4d-78.5432178!16s%2Fg%2F11grbz0pdm!19sChIJfeA8C-qY1ZERvj2yhRFXkXE?authuser=0&hl=es-419&g_ep=EgoyMDI2MDkxNS4wIJJjKgBIAVAD&rclk=1"
"MEN'S BARBER & ACADEMY - SOLANDA","098 323 1209","mensuiospa@gmail.com","4.3","12","https://www.mensecuador.com/","sitio_propio","2026","false","Barbería","170606, Quito","Solanda, Quito","https://www.google.com/maps/place/MEN%27S+BARBER+%26+ACADEMY+-+SOLANDA/data=!4m7!3m6!1s0x91d59972cdc53eb9:0x9524dc496b4ac07b!8m2!3d-0.2679639!4d-78.538758!16s%2Fg%2F11yxbqkpjc!19sChIJuT7FzXKZ1ZERe8BKa0ncJJU?authuser=0&hl=es-419&g_ep=EgoyMDI2MDkxNS4wIJJjKgBIAVAD&rclk=1"
"Estetica y Peluqueria Rouus","099 269 3825","","5","11","","ninguno","","true","Peluquería","Av. Cardenal de la Torre 445, 170131 Quito","Solanda, Quito","https://www.google.com/maps/place/Estetica+y+Peluqueria+Rouus/data=!4m7!3m6!1s0x91d599af7a5d7119:0xfa81da2bcc740c99!8m2!3d-0.2674667!4d-78.545663!16s%2Fg%2F11zgm06xrr!19sChIJGXFdeq-Z1ZERmQx0zCvagfo?authuser=0&hl=es-419&g_ep=EgoyMDI2MDkxNS4wIJJjKgBIAVAD&rclk=1"
"Estilizadas Peluqueria","096 839 5428","","5","29","https://www.instagram.com/estilizadas_peluqueria?igsh=YThwM3c1NTJybjF3&utm_source=qr","solo_red_social","","true","Peluquería","OE3F, Lorenzo Flores y S20B S20-61, 999999 Quito","Solanda, Quito","https://www.google.com/maps/place/Estilizadas+Peluqueria/data=!4m7!3m6!1s0x91d599fb3ce0703f:0x4d5c138177e6469d!8m2!3d-0.2707672!4d-78.5378402!16s%2Fg%2F11ybysq3ft!19sChIJP3DgPPuZ1ZERnUbmd4ETXE0?authuser=0&hl=es-419&g_ep=EgoyMDI2MDkxNS4wIJJjKgBIAVAD&rclk=1"
"Alajas Peluqueria y Spa - Sur de Quito - Ajavi","099 521 7451","","4.9","144","","ninguno","","true","Peluquería","Huigra y Av. Ajaví &, 170148 Quito","Solanda, Quito","https://www.google.com/maps/place/Alajas+Peluqueria+y+Spa+-+Sur+de+Quito+-+Ajavi/data=!4m7!3m6!1s0x91d5991b7d6040b1:0x18ac6e51111b1db6!8m2!3d-0.2583694!4d-78.5413309!16s%2Fg%2F11f0l207c3!19sChIJsUBgfRuZ1ZERth0bEVFurBg?authuser=0&hl=es-419&g_ep=EgoyMDI2MDkxNS4wIJJjKgBIAVAD&rclk=1"
"Darshall Studio","098 740 1676","","4.8","622","","ninguno","","true","Spa","José Abarcas, 170131 Quito","Solanda, Quito","https://www.google.com/maps/place/Darshall+Studio/data=!4m7!3m6!1s0x91d599abb679b901:0xf91d0381a215c36e!8m2!3d-0.2686027!4d-78.5401686!16s%2Fg%2F11j37bt3xn!19sChIJAbl5tquZ1ZERbsMVooEDHfk?authuser=0&hl=es-419&g_ep=EgoyMDI2MDkxNS4wIJJjKgBIAVAD&rclk=1"
"Dunny Alta Peluquería","098 948 2506","","4.1","34","","ninguno","","true","Peluquería","Av. Solanda y Jose Antonio Endara oe4-228 y, 170606 Quito","Solanda, Quito","https://www.google.com/maps/place/Dunny+Alta+Peluquer%C3%ADa/data=!4m7!3m6!1s0x91d599eafdabd39d:0x80dc28a2ea38891d!8m2!3d-0.2709296!4d-78.5438993!16s%2Fg%2F11fjywq8nr!19sChIJndOr_eqZ1ZERHYk46qIo3IA?authuser=0&hl=es-419&g_ep=EgoyMDI2MDkxNS4wIJJjKgBIAVAD&rclk=1"
"M.G PELUQUERIA","099 298 5806","","5","8","","ninguno","","true","Peluquería","Av. Solanda, y y Av. Cardenal de la Torre, 170606 Quito","Solanda, Quito","https://www.google.com/maps/place/M.G+PELUQUERIA/data=!4m7!3m6!1s0x91d5998d2335e47f:0x580efaa9b764eeda!8m2!3d-0.2711976!4d-78.5458495!16s%2Fg%2F11ld2rxmzw!19sChIJf-Q1I42Z1ZER2u5kt6n6Dlg?authuser=0&hl=es-419&g_ep=EgoyMDI2MDkxNS4wIJJjKgBIAVAD&rclk=1"
"Emra Beauty Salón","096 353 2669","","4.8","6","","ninguno","","true","Peluquería","Pedro Leon Oe4-210, 170131 Quito","Solanda, Quito","https://www.google.com/maps/place/Emra+Beauty+Sal%C3%B3n/data=!4m7!3m6!1s0x91d598e628998af9:0x5e5353433e706c0c!8m2!3d-0.2657855!4d-78.5398586!16s%2Fg%2F11fct84flr!19sChIJ-YqZKOaY1ZERDGxwPkNTU14?authuser=0&hl=es-419&g_ep=EgoyMDI2MDkxNS4wIJJjKgBIAVAD&rclk=1"
"My Doggy House Peluqueria's","099 262 9765","","5","22","https://my-doggy-house.jimdosite.com/","sitio_propio","","false","Peluquería","Juan Barreto, 170131 Quito","Solanda, Quito","https://www.google.com/maps/place/My+Doggy+House+Peluqueria%27s/data=!4m7!3m6!1s0x91d5995bcbf2d381:0xbd959b49f1413a57!8m2!3d-0.2724574!4d-78.5401712!16s%2Fg%2F11lptp12xy!19sChIJgdPyy1uZ1ZERVzpB8Umblb0?authuser=0&hl=es-419&g_ep=EgoyMDI2MDkxNS4wIJJjKgBIAVAD&rclk=1"
"Karmita Larco","098 350 3308","","4.8","19","","ninguno","","true","Peluquería","Av. Solanda Oe4-136, 170606 Quito","Solanda, Quito","https://www.google.com/maps/place/Karmita+Larco/data=!4m7!3m6!1s0x91d598c1e23f6349:0x8bee44704e601370!8m2!3d-0.2713815!4d-78.5434729!16s%2Fg%2F11gvrq1nsz!19sChIJSWM_4sGY1ZERcBNgTnBE7os?authuser=0&hl=es-419&g_ep=EgoyMDI2MDkxNS4wIJJjKgBIAVAD&rclk=1"
"Peluquería Kyrios Calle La Jota","099 529 8645","","4.6","8","https://www.facebook.com/kyriospeluqueria/","solo_red_social","","true","Barbería","PFJ6+M39, José María Alemán, 170131 Quito","Solanda, Quito","https://www.google.com/maps/place/Peluquer%C3%ADa+Kyrios+Calle+La+Jota/data=!4m7!3m6!1s0x91d598e91d467429:0xaaf3402076643d99!8m2!3d-0.2683393!4d-78.5397692!16s%2Fg%2F11fyxpz55l!19sChIJKXRGHemY1ZERmT1kdiBA86o?authuser=0&hl=es-419&g_ep=EgoyMDI2MDkxNS4wIJJjKgBIAVAD&rclk=1"
"HOMBRES PELUQUERÍA","","","4.3","22","","ninguno","","true","Barbería","Jose Antonio Endara, 170101 Quito","Solanda, Quito","https://www.google.com/maps/place/HOMBRES+PELUQUER%C3%8DA/data=!4m7!3m6!1s0x91d599c41b8d8815:0xd1043ae0a8ea89f7!8m2!3d-0.2709398!4d-78.5438789!16s%2Fg%2F11h5vc3snp!19sChIJFYiNG8SZ1ZER94nqqOA6BNE?authuser=0&hl=es-419&g_ep=EgoyMDI2MDkxNS4wIJJjKgBIAVAD&rclk=1"
"J IMPERIO Spa & Peluqueria","098 712 9322","","3.8","8","https://www.facebook.com/J-Imperio-SPA-NAILS-1932194737073014/?modal=admin_todo_tour","solo_red_social","","true","Peluquería","Calle J y segundo piso, 170131 Quito","Solanda, Quito","https://www.google.com/maps/place/J+IMPERIO+Spa+%26+Peluqueria/data=!4m7!3m6!1s0x91d5992d86cd47df:0xd26d8674b4c19e42!8m2!3d-0.2682855!4d-78.5405304!16s%2Fg%2F11g1mcyf5v!19sChIJ30fNhi2Z1ZERQp7BtHSGbdI?authuser=0&hl=es-419&g_ep=EgoyMDI2MDkxNS4wIJJjKgBIAVAD&rclk=1"
"Shaddai","099 886 6896","","4.4","7","","ninguno","","true","Peluquería","Av Cardenal de la Torre y, S23 y A, Quito","Solanda, Quito","https://www.google.com/maps/place/Shaddai/data=!4m7!3m6!1s0x91d599f879efa667:0x54e108cd601edae9!8m2!3d-0.2666917!4d-78.5448248!16s%2Fg%2F11lcbh5c79!19sChIJZ6bvefiZ1ZER6doeYM0I4VQ?authuser=0&hl=es-419&g_ep=EgoyMDI2MDkxNS4wIJJjKgBIAVAD&rclk=1"
"NÁUFRAGO Men’s Barber Club","099 821 9919","","4.9","46","","ninguno","","true","Barbería","Quimag, 170135 Quito","Solanda, Quito","https://www.google.com/maps/place/N%C3%81UFRAGO+Men%E2%80%99s+Barber+Club/data=!4m7!3m6!1s0x91d59b001c796297:0xc34142fd74350577!8m2!3d-0.2747183!4d-78.5402039!16s%2Fg%2F11w9js9b1q!19sChIJl2J5HACb1ZERdwU1dP1CQcM?authuser=0&hl=es-419&g_ep=EgoyMDI2MDkxNS4wIJJjKgBIAVAD&rclk=1"
"Sala de belleza ""Yadira""","099 137 9366","","5","8","","ninguno","","true","Peluquería","Cardenal Marcelo Spínola Oe3-291, 170606 Quito","Solanda, Quito","https://www.google.com/maps/place/Sala+de+belleza+%22Yadira%22/data=!4m7!3m6!1s0x91d598ef3c602c25:0x515c7245dbc5a9c2!8m2!3d-0.2674506!4d-78.536596!16s%2Fg%2F11fcttnh6t!19sChIJJSxgPO-Y1ZERwqnF20VyXFE?authuser=0&hl=es-419&g_ep=EgoyMDI2MDkxNS4wIJJjKgBIAVAD&rclk=1"
"Duván Muñoz","(02) 284-2922","","4.7","80","https://www.facebook.com/pages/Peluqueria-Duvan-Mu%C3%B1oz/222081844655177","solo_red_social","","true","Barbería","PFR5+X82, Avenida Ajavi, Oe5, Ajavi, Quito","Solanda, Quito","https://www.google.com/maps/place/Duv%C3%A1n+Mu%C3%B1oz/data=!4m7!3m6!1s0x91d598e03c2e0cbf:0xf834682ff10caed9!8m2!3d-0.2576135!4d-78.5417489!16s%2Fg%2F11g4jj1sdw!19sChIJvwwuPOCY1ZER2a4M8S9oNPg?authuser=0&hl=es-419&g_ep=EgoyMDI2MDkxNS4wIJJjKgBIAVAD&rclk=1"
"Amanda Nails Studio","","","3.2","11","","ninguno","","true","Peluquería","Ajavi y Huigra Coop.IESS-FUT Ajavi,OE10-26 y OE5W, Huigra, 170601 Quito","Solanda, Quito","https://www.google.com/maps/place/Amanda+Nails+Studio/data=!4m7!3m6!1s0x91d599c745a8c46b:0x2a2224010e483e79!8m2!3d-0.2583202!4d-78.5410128!16s%2Fg%2F11swzltr_8!19sChIJa8SoRceZ1ZEReT5IDgEkIio?authuser=0&hl=es-419&g_ep=EgoyMDI2MDkxNS4wIJJjKgBIAVAD&rclk=1"
"People Dy Class Peluqueria","099 596 2326","","4.6","39","","ninguno","","true","Centro de estética","Av. Ajaví 125, 170148 Quito","Solanda, Quito","https://www.google.com/maps/place/People+Dy+Class+Peluqueria/data=!4m7!3m6!1s0x91d598e0028bb9ed:0x88fa78563941f2bf!8m2!3d-0.2573039!4d-78.5421121!16s%2Fg%2F11dym6ry31!19sChIJ7bmLAuCY1ZERv_JBOVZ4-og?authuser=0&hl=es-419&g_ep=EgoyMDI2MDkxNS4wIJJjKgBIAVAD&rclk=1"
"SALA DE BELLEZA UMBRIA","","","4.9","11","","ninguno","","true","Peluquería","Toacazo y Huigra OE5-404 Y, 170148 Quito","Solanda, Quito","https://www.google.com/maps/place/SALA+DE+BELLEZA+UMBRIA/data=!4m7!3m6!1s0x91d59982e82a311f:0x88915733dcc9a915!8m2!3d-0.2614831!4d-78.5442123!16s%2Fg%2F11r_g8cf0s!19sChIJHzEq6IKZ1ZERFanJ3DNXkYg?authuser=0&hl=es-419&g_ep=EgoyMDI2MDkxNS4wIJJjKgBIAVAD&rclk=1"
"VIP Peluquería, Barber Shop & Spa","097 872 4683","","4.5","6","","ninguno","","true","Peluquería","PFJC+929, Pusir, 170148 Quito","Solanda, Quito","https://www.google.com/maps/place/VIP+Peluquer%C3%ADa,+Barber+Shop+%26+Spa/data=!4m7!3m6!1s0x91d599b3981f3925:0xf1d0165990885f9b!8m2!3d-0.2690625!4d-78.5299375!16s%2Fg%2F11qbf0b807!19sChIJJTkfmLOZ1ZERm1-IkFkW0PE?authuser=0&hl=es-419&g_ep=EgoyMDI2MDkxNS4wIJJjKgBIAVAD&rclk=1"
"Darshall nails studio","096 968 7021","","4.5","137","","ninguno","","true","Salón de manicura y pedicura","Av. Ajaví Oe5-699, 170148 Quito","Solanda, Quito","https://www.google.com/maps/place/Darshall+nails+studio/data=!4m7!3m6!1s0x91d59965faac65fd:0x3027a6ed0c0a0355!8m2!3d-0.2605331!4d-78.5387878!16s%2Fg%2F11q93pl_ss!19sChIJ_WWs-mWZ1ZERVQMKDO2mJzA?authuser=0&hl=es-419&g_ep=EgoyMDI2MDkxNS4wIJJjKgBIAVAD&rclk=1"
"El domi Barber Shop & peluquería","098 861 3194","","5","10","https://www.instagram.com/el.domi_barber?igsh=MWxvYWQ5MzZjZHZsOQ==","solo_red_social","","true","Barbería","Apuela y Cubijies &, 170150 Quito","Solanda, Quito","https://www.google.com/maps/place/El+domi+Barber+Shop+%26+peluquer%C3%ADa/data=!4m7!3m6!1s0x91d5991a5ef98f65:0xfff9260fedc0ddfd!8m2!3d-0.2722797!4d-78.5465951!16s%2Fg%2F11yhyyr58q!19sChIJZY_5XhqZ1ZER_d3A7Q8m-f8?authuser=0&hl=es-419&g_ep=EgoyMDI2MDkxNS4wIJJjKgBIAVAD&rclk=1"
"Gabinete de belleza ""Andreina""","099 989 2305","soledad42daysi@gmail.com; erid614@gmail.com","5","9","https://6425e570e858f.site123.me/","sitio_propio","2026","false","Peluquería","Paquisha, 170150 Quito","Solanda, Quito","https://www.google.com/maps/place/Gabinete+de+belleza+%22Andreina%22/data=!4m7!3m6!1s0x91d59938bd807ed5:0xd906e3c2fd0a5d25!8m2!3d-0.2610385!4d-78.5400806!16s%2Fg%2F11hyjvvvb0!19sChIJ1X6AvTiZ1ZERJV0K_cLjBtk?authuser=0&hl=es-419&g_ep=EgoyMDI2MDkxNS4wIJJjKgBIAVAD&rclk=1"
"Gold Pet Peluquería/Medicinas","(02) 512-9391","","4.7","154","","ninguno","","true","Veterinario","Av. Cardenal de la Torre 445, 170131 Quito","Solanda, Quito","https://www.google.com/maps/place/Gold+Pet+Peluquer%C3%ADa%2FMedicinas/data=!4m7!3m6!1s0x91d599a72e2841f9:0x55eeab367229beac!8m2!3d-0.267361!4d-78.5455681!16s%2Fg%2F11fslnt6c8!19sChIJ-UEoLqeZ1ZERrL4pcjar7lU?authuser=0&hl=es-419&g_ep=EgoyMDI2MDkxNS4wIJJjKgBIAVAD&rclk=1"
"Veterinaria Simba & Coco Peluquería Canina y Felina","098 393 1121","","5","18","","ninguno","","true","Veterinario","Avenida Solanda, y y OE3F esquina, Quito","Solanda, Quito","https://www.google.com/maps/place/Veterinaria+Simba+%26+Coco+Peluquer%C3%ADa+Canina+y+Felina/data=!4m7!3m6!1s0x91d5994621147fa7:0x3c868f12533d319c!8m2!3d-0.2739595!4d-78.5412049!16s%2Fg%2F11zd6dz7ps!19sChIJp38UIUaZ1ZERnDE9UxKPhjw?authuser=0&hl=es-419&g_ep=EgoyMDI2MDkxNS4wIJJjKgBIAVAD&rclk=1"
"ROI Davi's Peluquería","098 473 3224","","4.3","12","","ninguno","","true","Peluquería","Av. Ajaví Oe5-664, 170148 Quito","Solanda, Quito","https://www.google.com/maps/place/ROI+Davi%27s+Peluquer%C3%ADa/data=!4m7!3m6!1s0x91d599f6caf1a093:0x8a4ffd49b83bcf3f!8m2!3d-0.2578177!4d-78.5416092!16s%2Fg%2F11h1hr4jx4!19sChIJk6DxyvaZ1ZERP887uEn9T4o?authuser=0&hl=es-419&g_ep=EgoyMDI2MDkxNS4wIJJjKgBIAVAD&rclk=1"
"Pelupet Solanda","096 381 8037","","3.9","9","","ninguno","","true","Veterinario","Rumichaca Ñan, S25 y Cubijies 125 y, 170606 Quito","Solanda, Quito","https://www.google.com/maps/place/Pelupet+Solanda/data=!4m7!3m6!1s0x91d599ea5d0ea085:0x93f47f0a49068c71!8m2!3d-0.2733464!4d-78.5433716!16s%2Fg%2F11v6fx_ys1!19sChIJhaAOXeqZ1ZERcYwGSQp_9JM?authuser=0&hl=es-419&g_ep=EgoyMDI2MDkxNS4wIJJjKgBIAVAD&rclk=1"
"Peluquería Mary - Estética Ecuador","098 377 6157","","4.9","21","https://n9.cl/xvpiot","sitio_propio","","false","Peluquería","Rodrigo de Salazar oe-320, 170601 Quito","Solanda, Quito","https://www.google.com/maps/place/Peluquer%C3%ADa+Mary+-+Est%C3%A9tica+Ecuador/data=!4m7!3m6!1s0x91d598fb593faf75:0x67137ef26b980d13!8m2!3d-0.2615661!4d-78.5310142!16s%2Fg%2F11fd7dx_q9!19sChIJda8_WfuY1ZEREw2Ya_J-E2c?authuser=0&hl=es-419&g_ep=EgoyMDI2MDkxNS4wIJJjKgBIAVAD&rclk=1"
"Clínica Veterinaria Pet Ventura","099 525 1643","","4.8","182","","ninguno","","true","Veterinario","170131 Quito","Solanda, Quito","https://www.google.com/maps/place/Cl%C3%ADnica+Veterinaria+Pet+Ventura/data=!4m7!3m6!1s0x91d599602ed7c98b:0x55ad6702a8208460!8m2!3d-0.2659438!4d-78.5371587!16s%2Fg%2F11mx_kjm9_!19sChIJi8nXLmCZ1ZERYIQgqAJnrVU?authuser=0&hl=es-419&g_ep=EgoyMDI2MDkxNS4wIJJjKgBIAVAD&rclk=1"
"LEO estudio de belleza","099 855 3790","","4.9","28","","ninguno","","true","Centro de estética","multi comercial biloxi, Av. Mariscal Sucre local #9, 999999 Quito","Solanda, Quito","https://www.google.com/maps/place/LEO+estudio+de+belleza/data=!4m7!3m6!1s0x91d599398ef4dd3f:0x71000fc8c5d0f8a!8m2!3d-0.2578868!4d-78.5442258!16s%2Fg%2F11vptq1kzw!19sChIJP930jjmZ1ZERig9djPwAEAc?authuser=0&hl=es-419&g_ep=EgoyMDI2MDkxNS4wIJJjKgBIAVAD&rclk=1"
"Sala De Belleza Gaby","(02) 268-5694","","4.7","6","","ninguno","","true","Peluquería","Enrique Garcés s/n, 170148 Quito","Solanda, Quito","https://www.google.com/maps/place/Sala+De+Belleza+Gaby/data=!4m7!3m6!1s0x91d598f24c189175:0x385006cd82f888df!8m2!3d-0.2719726!4d-78.5294309!16s%2Fg%2F11fdwf9wdz!19sChIJdZEYTPKY1ZER34j4gs0GUDg?authuser=0&hl=es-419&g_ep=EgoyMDI2MDkxNS4wIJJjKgBIAVAD&rclk=1"
"BARBUCHI - Productos de Barbería, Peluquería y Cuidado Personal","098 599 6525","","5","7","https://www.facebook.com/profile.php?id=100063549163595","solo_red_social","","true","Barbería","junto al patio de comidas la jota, Oe4E y Simón Guerra S18-14 y, 170606 Quito","Solanda, Quito","https://www.google.com/maps/place/BARBUCHI+-+Productos+de+Barber%C3%ADa,+Peluquer%C3%ADa+y+Cuidado+Personal/data=!4m7!3m6!1s0x91d599d0c56c50d7:0x54e972c05798a57d!8m2!3d-0.2662746!4d-78.5380128!16s%2Fg%2F11h8bht8yl!19sChIJ11BsxdCZ1ZERfaWYV8By6VQ?authuser=0&hl=es-419&g_ep=EgoyMDI2MDkxNS4wIJJjKgBIAVAD&rclk=1"
"Suset Unisex Peluquería","(02) 514-5554","","4.6","7","","ninguno","","true","Peluquería","Calle Diego Céspedes Oe7-78 Sector:, 170607 Quito","Solanda, Quito","https://www.google.com/maps/place/Suset+Unisex+Peluquer%C3%ADa/data=!4m7!3m6!1s0x91d598c78c924477:0xd0b445e2207afc68!8m2!3d-0.2748542!4d-78.5531825!16s%2Fg%2F11gsb8k01r!19sChIJd0SSjMeY1ZERaPx6IOJFtNA?authuser=0&hl=es-419&g_ep=EgoyMDI2MDkxNS4wIJJjKgBIAVAD&rclk=1"
"M&M PELUQUERIA - Sucursal Redondel Atahualpa","098 776 4009","","5","26","https://www.mympeluqueria.com/","sitio_propio","","false","Peluquería","Tercer piso sobre DENS, Redondel Atahualpa, entre Av. Alonso de Angulo, y y Av. Tnte. Hugo Ortiz, 170606 Quito","Solanda, Quito","https://www.google.com/maps/place/M%26M+PELUQUERIA+-+Sucursal+Redondel+Atahualpa/data=!4m7!3m6!1s0x91d599b5e92edcc1:0x1fd61c93ae316b37!8m2!3d-0.2500424!4d-78.5316354!16s%2Fg%2F11zcxy69r3!19sChIJwdwu6bWZ1ZERN2sxrpMc1h8?authuser=0&hl=es-419&g_ep=EgoyMDI2MDkxNS4wIJJjKgBIAVAD&rclk=1"
"Centro Comercial Biloxi","","","3.9","278","","ninguno","","true","Peluquería","Av. Mariscal Sucre S16-128, 170131 Quito","Solanda, Quito","https://www.google.com/maps/place/Centro+Comercial+Biloxi/data=!4m7!3m6!1s0x91d598dfe8f73af5:0x6b1ade2f5e3147c6!8m2!3d-0.2572128!4d-78.5433841!16s%2Fg%2F11dxnrw75z!19sChIJ9Tr36N-Y1ZERxkcxXi_eGms?authuser=0&hl=es-419&g_ep=EgoyMDI2MDkxNS4wIJJjKgBIAVAD&rclk=1"
"MONARCA BARBER STUDIO","098 973 0898","info@monarcabarberstudio.online","5","92","https://monarcabarberstudio.online/","sitio_propio","2026","false","Barbería","Av. Llira Ñan, 170146 Quito","Quitumbe, Quito","https://www.google.com/maps/place/MONARCA+BARBER+STUDIO/data=!4m7!3m6!1s0x91d5a301eb03b831:0xfee71af5af241145!8m2!3d-0.2964908!4d-78.5464249!16s%2Fg%2F11z9dwmw23!19sChIJMbgD6wGj1ZERRREkr_Ua5_4?authuser=0&hl=es-419&g_ep=EgoyMDI2MDkxNS4wIJJjKgBIAVAD&rclk=1"
"PROBARBER","099 565 5397","","4.6","120","","ninguno","","true","Barbería","Quitumbe s32-61, 170702 Quito","Quitumbe, Quito","https://www.google.com/maps/place/PROBARBER/data=!4m7!3m6!1s0x91d599ca3a97365b:0xe2875768e6dc5f86!8m2!3d-0.2894998!4d-78.5435316!16s%2Fg%2F11jwdmc7nv!19sChIJWzaXOsqZ1ZERhl_c5mhXh-I?authuser=0&hl=es-419&g_ep=EgoyMDI2MDkxNS4wIJJjKgBIAVAD&rclk=1"
"Luly Hair & Makeup Lab","098 748 8836","","4.2","22","","ninguno","","true","Peluquería","S31B OE2, PB y quitumbe, Quito","Quitumbe, Quito","https://www.google.com/maps/place/Luly+Hair+%26+Makeup+Lab/data=!4m7!3m6!1s0x91d598a24093f96b:0x8d2a067f10d99ca!8m2!3d-0.2879099!4d-78.5426149!16s%2Fg%2F11f01pk6zd!19sChIJa_mTQKKY1ZERypkN8Weg0gg?authuser=0&hl=es-419&g_ep=EgoyMDI2MDkxNS4wIJJjKgBIAVAD&rclk=1"
"SOUTH Men’s Barber Shop - QUITUMBE","098 400 9699","","4.3","101","https://instagram.com/mens.south?igshid=MzRlODBiNWFlZA==","solo_red_social","","true","Barbería","Amauta, Oe1N y S35B S3556, Quito","Quitumbe, Quito","https://www.google.com/maps/place/SOUTH+Men%E2%80%99s+Barber+Shop+-+QUITUMBE/data=!4m7!3m6!1s0x91d5a31fa00bce1f:0xb30c7b80beeba139!8m2!3d-0.2966257!4d-78.5448694!16s%2Fg%2F11vkgmc0tj!19sChIJH84LoB-j1ZEROaHrvoB7DLM?authuser=0&hl=es-419&g_ep=EgoyMDI2MDkxNS4wIJJjKgBIAVAD&rclk=1"
"Sala De Belleza ""Nueva Imagen""","(02) 311-8723","","4.5","76","","ninguno","","true","Peluquería","MFQF+HM8 170146, 170146 Quito","Quitumbe, Quito","https://www.google.com/maps/place/Sala+De+Belleza+%22Nueva+Imagen%22/data=!4m7!3m6!1s0x91d5a31a638a8441:0x895f9a054807cbd4!8m2!3d-0.3110986!4d-78.5257919!16s%2Fg%2F11gpgvy9zx!19sChIJQYSKYxqj1ZER1MsHSAWaX4k?authuser=0&hl=es-419&g_ep=EgoyMDI2MDkxNS4wIJJjKgBIAVAD&rclk=1"
"Peluqueria unisex Lumanasch ️ ‍ ️ ‍ ️","099 138 5333","","4.4","159","","ninguno","","true","Centro de estética","Quitumbe conjuntos paraísos del sur AV Rumichacañan y, Av. Amaru Ñan, Quito","Quitumbe, Quito","https://www.google.com/maps/place/Peluqueria+unisex+Lumanasch+%EF%B8%8F+%E2%80%8D+%EF%B8%8F+%E2%80%8D+%EF%B8%8F/data=!4m7!3m6!1s0x91d598a6f00e34e3:0xcf3bc12a4642f138!8m2!3d-0.2891871!4d-78.5505069!16s%2Fg%2F11b6b4q46n!19sChIJ4zQO8KaY1ZEROPFCRirBO88?authuser=0&hl=es-419&g_ep=EgoyMDI2MDkxNS4wIJJjKgBIAVAD&rclk=1"
"WAP@'S PELUQUERÍAS","099 452 8338","","4.4","36","","ninguno","","true","Barbería","Av. Mariscal Sucre S29-56, 170131 Quito","Quitumbe, Quito","https://www.google.com/maps/place/WAP@%27S+PELUQUER%C3%8DAS/data=!4m7!3m6!1s0x91d598b9bb88e969:0x82d3a9cdfe66eff5!8m2!3d-0.2783086!4d-78.5527888!16s%2Fg%2F11ff55p090!19sChIJaemIu7mY1ZER9e9m_s2p04I?authuser=0&hl=es-419&g_ep=EgoyMDI2MDkxNS4wIJJjKgBIAVAD&rclk=1"
"Estética y Peluquería Gabriela Alexandra","098 706 6310","","4.3","6","https://www.instagram.com/gaestetica_peluqueria/","solo_red_social","","true","Tienda de belleza y salud","Bosques de Quitumbe, Av. Cóndor Ñan y, Av. Llira Ñan y 4 Local 12, 170146 Quito","Quitumbe, Quito","https://www.google.com/maps/place/Est%C3%A9tica+y+Peluquer%C3%ADa+Gabriela+Alexandra/data=!4m7!3m6!1s0x91d5a31d10c7bea5:0x409b7cf3a212de7!8m2!3d-0.2982419!4d-78.5480794!16s%2Fg%2F11qzjt2rds!19sChIJpb7HEB2j1ZER5y0hOs-3CQQ?authuser=0&hl=es-419&g_ep=EgoyMDI2MDkxNS4wIJJjKgBIAVAD&rclk=1"
"Peluqueria y Salon de belleza spa Nuevos Estilos SHAEDR","099 983 2818","","5","120","https://www.tiktok.com/@ne_shaedr?_t=8rbF8lEnoEK&_r=1","solo_red_social","","true","Peluquería","MFV5+Q77 https://maps.app.goo.gl/B6rFwFk494V2qezZ6, 170703 Quito","Quitumbe, Quito","https://www.google.com/maps/place/Peluqueria+y+Salon+de+belleza+spa+Nuevos+Estilos+SHAEDR/data=!4m7!3m6!1s0x91d5a3c2fabc01c3:0xa5b3d0cc0827a985!8m2!3d-0.3055451!4d-78.5418098!16s%2Fg%2F11wr36m6pw!19sChIJwwG8-sKj1ZERhaknCMzQs6U?authuser=0&hl=es-419&g_ep=EgoyMDI2MDkxNS4wIJJjKgBIAVAD&rclk=1"
"M/L Spa Peluquería","099 560 6618","","4.2","46","https://www.facebook.com/mlspapeluqueria","solo_red_social","","true","Peluquería","Quito","Quitumbe, Quito","https://www.google.com/maps/place/M%2FL+Spa+Peluquer%C3%ADa/data=!4m7!3m6!1s0x91d5a3d749df5389:0x64c223836c6fccd9!8m2!3d-0.3184832!4d-78.5507019!16s%2Fg%2F11p99d6_t1!19sChIJiVPfSdej1ZER2cxvbIMjwmQ?authuser=0&hl=es-419&g_ep=EgoyMDI2MDkxNS4wIJJjKgBIAVAD&rclk=1"
"Danny.S Unisex Peluqueria","(02) 291-6260","","4.9","10","","ninguno","","true","Centro de estética","Pumapungo Oe5-06, 170146 Quito","Quitumbe, Quito","https://www.google.com/maps/place/Danny.S+Unisex+Peluqueria/data=!4m7!3m6!1s0x91d598a7f58c93f1:0xe768d88caa1d92dd!8m2!3d-0.2935986!4d-78.5535677!16s%2Fg%2F11gtyrnv8m!19sChIJ8ZOM9aeY1ZER3ZIdqozYaOc?authuser=0&hl=es-419&g_ep=EgoyMDI2MDkxNS4wIJJjKgBIAVAD&rclk=1"
"Be Fashion Peluqueria&Spa","099 348 9546","","4.6","68","","ninguno","","true","Centro comercial","Ave Lira Nan, 170146 Quito","Quitumbe, Quito","https://www.google.com/maps/place/Be+Fashion+Peluqueria%26Spa/data=!4m7!3m6!1s0x91d5a20b8f0eecff:0x32848b4f8e80e415!8m2!3d-0.2979535!4d-78.5468545!16s%2Fg%2F11f159z38y!19sChIJ_-wOjwui1ZERFeSAjk-LhDI?authuser=0&hl=es-419&g_ep=EgoyMDI2MDkxNS4wIJJjKgBIAVAD&rclk=1"
"Barbería & Peluqueria Iván Rivero Studio","","","4.9","18","","ninguno","","true","Peluquería","Oe2D, 170146 Quito","Quitumbe, Quito","https://www.google.com/maps/place/Barber%C3%ADa+%26+Peluqueria+Iv%C3%A1n+Rivero+Studio/data=!4m7!3m6!1s0x91d5a2116837f291:0xe6863ecda657e8c!8m2!3d-0.3062158!4d-78.5498949!16s%2Fg%2F11v3g2l30z!19sChIJkfI3aBGi1ZERjH5l2uxjaA4?authuser=0&hl=es-419&g_ep=EgoyMDI2MDkxNS4wIJJjKgBIAVAD&rclk=1"
"Majesty Barber Shop","099 444 5932","","5","21","","ninguno","","true","Barbería","0,2629052, -78,5232273 E2 JOSE PERALTA S13-225 YS13H ANTNIO HURTADO, Quito Quitó, 170701","Quitumbe, Quito","https://www.google.com/maps/place/Majesty+Barber+Shop/data=!4m7!3m6!1s0x91d59954cf91695d:0x6a296714623d4025!8m2!3d-0.2629791!4d-78.5232182!16s%2Fg%2F11st89cvmc!19sChIJXWmRz1SZ1ZERJUA9YhRnKWo?authuser=0&hl=es-419&g_ep=EgoyMDI2MDkxNS4wIJJjKgBIAVAD&rclk=1"
"Martina Peluquería & Spa","099 988 3503","","4.5","51","https://www.facebook.com/spamartinasur/","solo_red_social","","true","Peluquería","E1 A S48-19, Quito","Quitumbe, Quito","https://www.google.com/maps/place/Martina+Peluquer%C3%ADa+%26+Spa/data=!4m7!3m6!1s0x91d5a23944e225d7:0xc9f2f37bb1ed3424!8m2!3d-0.3173754!4d-78.5482271!16s%2Fg%2F11gnpr68bt!19sChIJ1yXiRDmi1ZERJDTtsXvz8sk?authuser=0&hl=es-419&g_ep=EgoyMDI2MDkxNS4wIJJjKgBIAVAD&rclk=1"
"Peluquería El Bosque","099 999 6227","","5","6","","ninguno","","true","Barbería","PC5P+W5Q, Calle Jose García Ciudadela Ibarra, 170707 Quito","Quitumbe, Quito","https://www.google.com/maps/place/Peluquer%C3%ADa+El+Bosque/data=!4m7!3m6!1s0x91d598ab6ad36125:0xc09b4ac6f579daed!8m2!3d-0.2901722!4d-78.5645115!16s%2Fg%2F11gwnvf0yj!19sChIJJWHTaquY1ZER7dp59cZKm8A?authuser=0&hl=es-419&g_ep=EgoyMDI2MDkxNS4wIJJjKgBIAVAD&rclk=1"
"JD Peluquería","099 798 4458","","4.7","38","","ninguno","","true","Peluquería","MCWM+W4F, Y, 170140 Quito","Quitumbe, Quito","https://www.google.com/maps/place/JD+Peluquer%C3%ADa/data=!4m7!3m6!1s0x91d5a18711f66865:0xd3660a2857c7ec07!8m2!3d-0.3026799!4d-78.5672156!16s%2Fg%2F11fn09rjxb!19sChIJZWj2EYeh1ZERB-zHVygKZtM?authuser=0&hl=es-419&g_ep=EgoyMDI2MDkxNS4wIJJjKgBIAVAD&rclk=1"
"Barberia Sur De Quito - M&M Barbershop","098 776 7673","","5","6","","ninguno","","true","Barbería","170707, Quito","Quitumbe, Quito","https://www.google.com/maps/place/Barberia+Sur+De+Quito+-+M%26M+Barbershop/data=!4m7!3m6!1s0x91d5a314e30d8dcd:0x36edfa9e4fff82da!8m2!3d-0.3009158!4d-78.5655618!16s%2Fg%2F11svnx9gf2!19sChIJzY0N4xSj1ZER2oL_T5767TY?authuser=0&hl=es-419&g_ep=EgoyMDI2MDkxNS4wIJJjKgBIAVAD&rclk=1"
"Magno Peluquería","","","4.6","14","","ninguno","","true","Barbería","Av. Cóndor Ñan esq, 170146 Quito","Quitumbe, Quito","https://www.google.com/maps/place/Magno+Peluquer%C3%ADa/data=!4m7!3m6!1s0x91d5a39bbcf054cb:0x4086b9100c9bfd0c!8m2!3d-0.2984273!4d-78.5468962!16s%2Fg%2F11f8n0_mc_!19sChIJy1TwvJuj1ZERDP2bDBC5hkA?authuser=0&hl=es-419&g_ep=EgoyMDI2MDkxNS4wIJJjKgBIAVAD&rclk=1"
"Náya Studio Group","099 888 0409","nayastudiogroupec@gmail.com","4.8","73","http://www.xn--nya-ela.com/","sitio_propio","","false","Barbería","Av. Eloy Alfaro 179, 170504 Quito","Quitumbe, Quito","https://www.google.com/maps/place/N%C3%A1ya+Studio+Group/data=!4m7!3m6!1s0xae391852d941e321:0xfb0a0bcce100c34b!8m2!3d-0.178828!4d-78.474102!16s%2Fg%2F11ypj_t_pd!19sChIJIeNB2VIYOa4RS8MA4cwLCvs?authuser=0&hl=es-419&g_ep=EgoyMDI2MDkxNS4wIJJjKgBIAVAD&rclk=1"
"De taty's Peluquería y Make-Up","099 949 3855","","4.2","11","https://www.facebook.com/Tatyspeluqueriaquito/?referrer=whatsapp","solo_red_social","","true","Peluquería","PCFW+5WQ, Quito","Quitumbe, Quito","https://www.google.com/maps/place/De+taty%27s+Peluquer%C3%ADa+y+Make-Up/data=!4m7!3m6!1s0x91d599e2090a1ce9:0x41403c335fe521ab!8m2!3d-0.2770403!4d-78.5526421!16s%2Fg%2F11h1zdhdxm!19sChIJ6RwKCeKZ1ZERqyHlXzM8QEE?authuser=0&hl=es-419&g_ep=EgoyMDI2MDkxNS4wIJJjKgBIAVAD&rclk=1"
"Estilos Aly (Peluquería Y Diseño Capilar)","096 180 2023","","4.8","24","https://www.facebook.com/estilosaly/","solo_red_social","","true","Peluquería","Av. Mariscal Antonio Jose De Sucre Casa14 y Calle S35-E en la esquina Conjunto Rincon del Sol Sector, Av. Mariscal Sucre, 170708 Quito","Quitumbe, Quito","https://www.google.com/maps/place/Estilos+Aly+%28Peluquer%C3%ADa+Y+Dise%C3%B1o+Capilar%29/data=!4m7!3m6!1s0x91d598a92a8514e3:0x1241cc7bced7b581!8m2!3d-0.2894528!4d-78.5576296!16s%2Fg%2F11bwqmr2yh!19sChIJ4xSFKqmY1ZERgbXXznvMQRI?authuser=0&hl=es-419&g_ep=EgoyMDI2MDkxNS4wIJJjKgBIAVAD&rclk=1"
"Cat Black Barber Shop","099 995 9661","","4.6","71","https://www.facebook.com/CatBlackBarberShop/","solo_red_social","","true","Barbería","E 1B, Y y S38E, 170703 Quito","Quitumbe, Quito","https://www.google.com/maps/place/Cat+Black+Barber+Shop/data=!4m7!3m6!1s0x91d5a27283682c4f:0xbf8b08b88f667e6a!8m2!3d-0.303448!4d-78.5411907!16s%2Fg%2F11hbhjct9y!19sChIJTyxog3Ki1ZERan5mj7gIi78?authuser=0&hl=es-419&g_ep=EgoyMDI2MDkxNS4wIJJjKgBIAVAD&rclk=1"