"nombre","telefono","correo","estrellas","opiniones","pagina_web","clasificacion_sitio","anio_sitio","es_lead","categoria","direccion","zona","maps_url"
"Barber Shop","099 623 3454","","4.9","14","","ninguno","","true","Barbería","Avenida, Galo Pl. Lasso N14-95, 170204 Quito","La Mariscal, Quito","https://www.google.com/maps/place/Barber+Shop/data=!4m7!3m6!1s0x91d58f6c8b5def37:0x28a5749e7782b179!8m2!3d-0.0971361!4d-78.4549714!16s%2Fg%2F11gtg71mb7!19sChIJN-9di2yP1ZERebGCd550pSg?authuser=0&hl=es-419&g_ep=EgoyMDI2MDkxNS4wIJJjKgBIAVAD&rclk=1"
"Kuba Peluquería Barbería","096 396 7280","","5","18","","ninguno","","true","Centro de estética","Sector, Edificio Blaze apto 408, Av. Mariscal Sucre, Quito","La Mariscal, Quito","https://www.google.com/maps/place/Kuba+Peluquer%C3%ADa+Barber%C3%ADa/data=!4m7!3m6!1s0x91d585f21cabd2bb:0xafb4e4a581299426!8m2!3d-0.1019424!4d-78.487093!16s%2Fg%2F11x2ddqth1!19sChIJu9KrHPKF1ZERJpQpgaXktK8?authuser=0&hl=es-419&g_ep=EgoyMDI2MDkxNS4wIJJjKgBIAVAD&rclk=1"
"CONDE'S BARBER SHOP","099 566 0178","","5","36","","ninguno","","true","Barbería","170511, Quito","La Mariscal, Quito","https://www.google.com/maps/place/CONDE%27S+BARBER+SHOP/data=!4m7!3m6!1s0x91d58f816c42f6e3:0xd311b5771cf911ec!8m2!3d-0.0916192!4d-78.4680368!16s%2Fg%2F11w2g4d4c6!19sChIJ4_ZCbIGP1ZER7BH5HHe1EdM?authuser=0&hl=es-419&g_ep=EgoyMDI2MDkxNS4wIJJjKgBIAVAD&rclk=1"
"DARWIN'S BARBER SHOP","096 375 5271","","4.6","161","https://www.tiktok.com/%7Bnombredeusuario%7D","solo_red_social","","true","Barbería","Ortega loc 6, Cp:170201, C. A y Carlos Mantilla, 170201 Quito","La Mariscal, Quito","https://www.google.com/maps/place/DARWIN%27S+BARBER+SHOP/data=!4m7!3m6!1s0x91d58f38f2f375d5:0x9f6c3ec8e94a8d48!8m2!3d-0.0877824!4d-78.4388666!16s%2Fg%2F11k7k2067j!19sChIJ1XXz8jiP1ZERSI1K6cg-bJ8?authuser=0&hl=es-419&g_ep=EgoyMDI2MDkxNS4wIJJjKgBIAVAD&rclk=1"
"EXCLUSIVO PARA HOMBRES FIELES","","","5","20","","ninguno","","true","Barbería","Avenida Clemente Yerovi Indaburu, 170102 Quito","La Mariscal, Quito","https://www.google.com/maps/place/EXCLUSIVO+PARA+HOMBRES+FIELES/data=!4m7!3m6!1s0x91d58f10ec6e95e5:0x87a96a992cceb42c!8m2!3d-0.0911802!4d-78.4720385!16s%2Fg%2F11z3_0rl6r!19sChIJ5ZVu7BCP1ZERLLTOLJlqqYc?authuser=0&hl=es-419&g_ep=EgoyMDI2MDkxNS4wIJJjKgBIAVAD&rclk=1"
"Barberia Gentleman Barber Club Peluquería","099 286 4926","","4.8","122","","ninguno","","true","Barbería","y J. Guadalupe, Francisco Ruiz, 170120 Quito","La Mariscal, Quito","https://www.google.com/maps/place/Barberia+Gentleman+Barber+Club+Peluquer%C3%ADa/data=!4m7!3m6!1s0x91d58fdb720c4231:0x525f4328c7d51ed4!8m2!3d-0.0893527!4d-78.4709312!16s%2Fg%2F11qpkbsc1t!19sChIJMUIMctuP1ZER1B7VxyhDX1I?authuser=0&hl=es-419&g_ep=EgoyMDI2MDkxNS4wIJJjKgBIAVAD&rclk=1"
"Barber On","098 566 4093","","5","41","","ninguno","","true","Barbería","Carapungo Calle el vergel, y y Galo Pl. Lasso, 170102 Quito","La Mariscal, Quito","https://www.google.com/maps/place/Barber+On/data=!4m7!3m6!1s0x91d58f000d0f8e51:0x51e91658da0dc5af!8m2!3d-0.0926465!4d-78.4482615!16s%2Fg%2F11y9p0dfj1!19sChIJUY4PDQCP1ZERr8UN2lgW6VE?authuser=0&hl=es-419&g_ep=EgoyMDI2MDkxNS4wIJJjKgBIAVAD&rclk=1"
"Olímpus Barbershop","098 207 6284","","4.7","19","https://m.facebook.com/Olimpus-Barbershop-311357146180334/","solo_red_social","","true","Barbería","Río Marañon y Río Gualaceo N14-133 Y, 170203 Quito","La Mariscal, Quito","https://www.google.com/maps/place/Ol%C3%ADmpus+Barbershop/data=!4m7!3m6!1s0x91d58f4d0dfaef9f:0x2f4af897e2d6cb75!8m2!3d-0.0970091!4d-78.4519651!16s%2Fg%2F11h7cptlfb!19sChIJn-_6DU2P1ZERdcvW4pf4Si8?authuser=0&hl=es-419&g_ep=EgoyMDI2MDkxNS4wIJJjKgBIAVAD&rclk=1"
"PELUQUERIA BARBERIA ""CARPE DIEM""","099 836 2524","","4.9","101","","ninguno","","true","Barbería","Carapungo, Rio Amazonas 0e11-288 y, Rio Cuyabeno, 170203 Quito","La Mariscal, Quito","https://www.google.com/maps/place/PELUQUERIA+BARBERIA+%22CARPE+DIEM%22/data=!4m7!3m6!1s0x91d58f4dda5b6a8d:0xbe23ddfe27d5cd25!8m2!3d-0.1020273!4d-78.4527892!16s%2Fg%2F11fct1327b!19sChIJjWpb2k2P1ZERJc3VJ_7dI74?authuser=0&hl=es-419&g_ep=EgoyMDI2MDkxNS4wIJJjKgBIAVAD&rclk=1"
"Barberia doble A.A","099 899 2594","","5","11","","ninguno","","true","Barbería","WG8H+JRX, Quito 170120, 170511 Quito","La Mariscal, Quito","https://www.google.com/maps/place/Barberia+doble+A.A/data=!4m7!3m6!1s0x91d58f0033a895f7:0x2b7136e8178a198e!8m2!3d-0.083382!4d-78.4704612!16s%2Fg%2F11z3lw53vp!19sChIJ95WoMwCP1ZERjhmKF-g2cSs?authuser=0&hl=es-419&g_ep=EgoyMDI2MDkxNS4wIJJjKgBIAVAD&rclk=1"
"Old School Barber Shop","099 570 9166","","4.7","126","","ninguno","","true","Barbería","Gabriel García Moreno frente al servientrega Calle García Moreno, y y 28 de junio, Quito","La Mariscal, Quito","https://www.google.com/maps/place/Old+School+Barber+Shop/data=!4m7!3m6!1s0x91d58f9dcd853899:0xac5d558c2d60bec5!8m2!3d-0.1106525!4d-78.4432859!16s%2Fg%2F11fghyl_62!19sChIJmTiFzZ2P1ZERxb5gLYxVXaw?authuser=0&hl=es-419&g_ep=EgoyMDI2MDkxNS4wIJJjKgBIAVAD&rclk=1"
"MEN’S BARBER & ACADEMY - CARAPUNGO","098 851 3030","mensuiospa@gmail.com","4.4","34","https://mensecuador.com/","sitio_propio","2026","false","Barbería","Neptaly Godoy, 170203 Quito","La Mariscal, Quito","https://www.google.com/maps/place/MEN%E2%80%99S+BARBER+%26+ACADEMY+-+CARAPUNGO/data=!4m7!3m6!1s0x91d58f001270528f:0xd39de1be86acf1df!8m2!3d-0.0980103!4d-78.4511754!16s%2Fg%2F11xcg3r1tr!19sChIJj1JwEgCP1ZER3_Gshr7hndM?authuser=0&hl=es-419&g_ep=EgoyMDI2MDkxNS4wIJJjKgBIAVAD&rclk=1"
"HERO'S BARBER SHOP","","","4.4","7","","ninguno","","true","Barbería","WH42+35H, Jaime Roldos Aguilera, y y Atacazo, Quito","La Mariscal, Quito","https://www.google.com/maps/place/HERO%27S+BARBER+SHOP/data=!4m7!3m6!1s0x91d58fe840f0a2bb:0x88b4d2b24c36c7d7!8m2!3d-0.0948065!4d-78.4495055!16s%2Fg%2F11j8d06w59!19sChIJu6LwQOiP1ZER18c2TLLStIg?authuser=0&hl=es-419&g_ep=EgoyMDI2MDkxNS4wIJJjKgBIAVAD&rclk=1"
"LA PLENA BARBERIA","098 616 1550","","5","7","https://www.instagram.com/laplenabarberuio?igsh=bXUxbzlqeGJmcncy&utm_source=qr","solo_red_social","","true","Barbería","República Dominicana y Francisco Maynes, 170307 Quito","La Mariscal, Quito","https://www.google.com/maps/place/LA+PLENA+BARBERIA/data=!4m7!3m6!1s0x91d58f002652d7db:0x1b64a400e64fd2e3!8m2!3d-0.0906812!4d-78.4693463!16s%2Fg%2F11xs1_93sl!19sChIJ29dSJgCP1ZER49JP5gCkZBs?authuser=0&hl=es-419&g_ep=EgoyMDI2MDkxNS4wIJJjKgBIAVAD&rclk=1"
"Frey barber studio","096 902 3519","","5","14","http://www.tiktok.com/@freybarberstudio","solo_red_social","","true","Barbería","casa n71 pablo picasso 0e4-100 LT 198, 170301 Quito","La Mariscal, Quito","https://www.google.com/maps/place/Frey+barber+studio/data=!4m7!3m6!1s0x91d599c1a745f519:0xd73a27a574512a1c!8m2!3d-0.106935!4d-78.4918916!16s%2Fg%2F11y_xkrq7g!19sChIJGfVFp8GZ1ZERHCpRdKUnOtc?authuser=0&hl=es-419&g_ep=EgoyMDI2MDkxNS4wIJJjKgBIAVAD&rclk=1"
"X'O BARBER SHOP","099 837 0994","","5","10","","ninguno","","true","Barbería","Av. Capitán Geovanni Calles 24y, 170206 Quito","La Mariscal, Quito","https://www.google.com/maps/place/X%27O+BARBER+SHOP/data=!4m7!3m6!1s0x91d58f295e7a480d:0xf6c0520835431386!8m2!3d-0.0961306!4d-78.441509!16s%2Fg%2F11p5mnqqd4!19sChIJDUh6XimP1ZERhhNDNQhSwPY?authuser=0&hl=es-419&g_ep=EgoyMDI2MDkxNS4wIJJjKgBIAVAD&rclk=1"
"Guerrero Barber Shop sede ""El Condado""","096 763 9018","","4.9","48","","ninguno","","true","Barbería","Sector, Av. John F. Kennedy, N71-39 y, 170134 Quito","La Mariscal, Quito","https://www.google.com/maps/place/Guerrero+Barber+Shop+sede+%22El+Condado%22/data=!4m7!3m6!1s0x91d58520a237c481:0xf40556c75096fb53!8m2!3d-0.1063866!4d-78.490687!16s%2Fg%2F11k5t8vq2n!19sChIJgcQ3oiCF1ZERU_uWUMdWBfQ?authuser=0&hl=es-419&g_ep=EgoyMDI2MDkxNS4wIJJjKgBIAVAD&rclk=1"
"Peluquería Classyc","(02) 242-7125","","4.5","27","","ninguno","","true","Centro de estética","Carihuairazo N15-106, 170204 Quito","La Mariscal, Quito","https://www.google.com/maps/place/Peluquer%C3%ADa+Classyc/data=!4m7!3m6!1s0x91d58f6b48e183b3:0x93dbcb1250d5c9af!8m2!3d-0.0950635!4d-78.4529066!16s%2Fg%2F11g9sx01bv!19sChIJs4PhSGuP1ZERr8nVUBLL25M?authuser=0&hl=es-419&g_ep=EgoyMDI2MDkxNS4wIJJjKgBIAVAD&rclk=1"
"Blansh peluquería y barberia","099 717 9591","","4.6","16","","ninguno","","true","Peluquería","Galo plaza lazo, e y Ilalo 170204, 170204 Quito","La Mariscal, Quito","https://www.google.com/maps/place/Blansh+peluquer%C3%ADa+y+barberia/data=!4m7!3m6!1s0x91d58f25cafff023:0x18f191d91c0adea7!8m2!3d-0.0925013!4d-78.4504199!16s%2Fg%2F11nmqrrt5t!19sChIJI_D_yiWP1ZERp94KHNmR8Rg?authuser=0&hl=es-419&g_ep=EgoyMDI2MDkxNS4wIJJjKgBIAVAD&rclk=1"
"Figaros Ecuador","098 437 6560","","4.8","174","https://figaros-ecuador.negocio.site/?utm_source=gmb&utm_medium=referral","sitio_propio","","false","Barbería","Unnamed Road, 170120 Quito","La Mariscal, Quito","https://www.google.com/maps/place/Figaros+Ecuador/data=!4m7!3m6!1s0x91d588aba2f0dd39:0xacbbc43b7e7bbcd6!8m2!3d-0.0704046!4d-78.471068!16s%2Fg%2F11f_27zjf_!19sChIJOd3woquI1ZER1rx7fjvEu6w?authuser=0&hl=es-419&g_ep=EgoyMDI2MDkxNS4wIJJjKgBIAVAD&rclk=1"
"MEN'S BARBER & ACADEMY - REAL AUDIENCIA","098 748 2835","mensuiospa@gmail.com","4.9","184","https://www.mensecuador.com/","sitio_propio","2026","false","Barbería","Av. Real Audiencia y Jose Maria Borrero, Quito","La Mariscal, Quito","https://www.google.com/maps/place/MEN%27S+BARBER+%26+ACADEMY+-+REAL+AUDIENCIA/data=!4m7!3m6!1s0x91d5852150a61e79:0xb09dd3d9aaaf9a1a!8m2!3d-0.1331737!4d-78.4867414!16s%2Fg%2F11ldwjhj_7!19sChIJeR6mUCGF1ZERGpqvqtnTnbA?authuser=0&hl=es-419&g_ep=EgoyMDI2MDkxNS4wIJJjKgBIAVAD&rclk=1"
"Barber Machos Plus","096 252 9892","","4.5","37","http://barbermachosplus.com/","sitio_propio","","true","Barbería","Giovanny Calles Lascano, y y Av. Cacha N3-19, 170203 Quito","La Mariscal, Quito","https://www.google.com/maps/place/Barber+Machos+Plus/data=!4m7!3m6!1s0x91d58f28a4e9cfe5:0x180692ed5ce4a0db!8m2!3d-0.0894073!4d-78.4281883!16s%2Fg%2F11sv_r6s4t!19sChIJ5c_ppCiP1ZER26DkXO2SBhg?authuser=0&hl=es-419&g_ep=EgoyMDI2MDkxNS4wIJJjKgBIAVAD&rclk=1"
"Barber shop Man Cave","093 962 8326","","4.4","12","","ninguno","","true","Barbería","WH66+V8X, 170204 Quito","La Mariscal, Quito","https://www.google.com/maps/place/Barber+shop+Man+Cave/data=!4m7!3m6!1s0x91d58ff11ae57597:0x574a4ee23c56ea6b!8m2!3d-0.0877652!4d-78.4391331!16s%2Fg%2F11nfgpr5s2!19sChIJl3XlGvGP1ZERa-pWPOJOSlc?authuser=0&hl=es-419&g_ep=EgoyMDI2MDkxNS4wIJJjKgBIAVAD&rclk=1"
"PELUQUERIA K&S","099 888 7740","","3.8","6","https://www.facebook.com/KYS-Peluqueria-1514270685549727/","solo_red_social","","true","Peluquería","Sector del gran Aki, Av. Padre Luis Vaccari, 170133 Quito","La Mariscal, Quito","https://www.google.com/maps/place/PELUQUERIA+K%26S/data=!4m7!3m6!1s0x91d58fc54507eeb1:0xb28b2843d747473b!8m2!3d-0.105076!4d-78.4537094!16s%2Fg%2F11g2xc3s54!19sChIJse4HRcWP1ZERO0dH10Moi7I?authuser=0&hl=es-419&g_ep=EgoyMDI2MDkxNS4wIJJjKgBIAVAD&rclk=1"
"Jhon Valero Beauty & Coffee","098 741 8011","","4.5","175","","ninguno","","true","Centro de estética","Av Clemente Yerovi, e y Av. Isidro Ayora, 170120 Quito","La Mariscal, Quito","https://www.google.com/maps/place/Jhon+Valero+Beauty+%26+Coffee/data=!4m7!3m6!1s0x91d58f5dffca7ac7:0x7226a0598c35bf0f!8m2!3d-0.0916246!4d-78.4677766!16s%2Fg%2F11ckqrws61!19sChIJx3rK_12P1ZERD781jFmgJnI?authuser=0&hl=es-419&g_ep=EgoyMDI2MDkxNS4wIJJjKgBIAVAD&rclk=1"
"William's Peluqueria","098 472 6707","","4.8","108","","ninguno","","true","Barbería","Av del Maestro Oe2-120, 170144 Quito","La Mariscal, Quito","https://www.google.com/maps/place/William%27s+Peluqueria/data=!4m7!3m6!1s0x91d5856642b2052d:0x970386dac2342626!8m2!3d-0.1248096!4d-78.4844694!16s%2Fg%2F11g1y7fxn5!19sChIJLQWyQmaF1ZERJiY0wtqGA5c?authuser=0&hl=es-419&g_ep=EgoyMDI2MDkxNS4wIJJjKgBIAVAD&rclk=1"
"DIAMOND STUDIO BARBERSHOP","095 883 1007","","4.6","8","","ninguno","","true","Barbería","VHQ5+C5W, 170133, Quito","La Mariscal, Quito","https://www.google.com/maps/place/DIAMOND+STUDIO+BARBERSHOP/data=!4m7!3m6!1s0x91d58f0049367843:0x8db2836e0e634949!8m2!3d-0.1113813!4d-78.4420329!16s%2Fg%2F11xrfpzjkv!19sChIJQ3g2SQCP1ZERSUljDm6Dso0?authuser=0&hl=es-419&g_ep=EgoyMDI2MDkxNS4wIJJjKgBIAVAD&rclk=1"
"Barbería la 23","","","5","12","","ninguno","","true","Barbería","Av. de la Prensa local 3, N66-38, Quito","La Mariscal, Quito","https://www.google.com/maps/place/Barber%C3%ADa+la+23/data=!4m7!3m6!1s0x91d5851bb2d64259:0x1bda94fde53a428c!8m2!3d-0.1139713!4d-78.4945557!16s%2Fg%2F11vwzf37ks!19sChIJWULWshuF1ZERjEI65f2U2hs?authuser=0&hl=es-419&g_ep=EgoyMDI2MDkxNS4wIJJjKgBIAVAD&rclk=1"
"Peluquería Ideal - Comité del Pueblo","099 448 2003","","4.8","21","","ninguno","","true","Peluquería","170133 Quito","La Mariscal, Quito","https://www.google.com/maps/place/Peluquer%C3%ADa+Ideal+-+Comit%C3%A9+del+Pueblo/data=!4m7!3m6!1s0x91d58fb3702f1cd5:0x8f07537fb90773c7!8m2!3d-0.1220425!4d-78.4671741!16s%2Fg%2F11jjn6mjwc!19sChIJ1RwvcLOP1ZERx3MHuX9TB48?authuser=0&hl=es-419&g_ep=EgoyMDI2MDkxNS4wIJJjKgBIAVAD&rclk=1"
"Peluqueria La Pelu.","096 776 7958","","4.4","7","","ninguno","","true","Peluquería","WG2W+QJR, Av. Padre Luis Vaccari, 170203 Quito","La Mariscal, Quito","https://www.google.com/maps/place/Peluqueria+La+Pelu./data=!4m7!3m6!1s0x91d58fab7344af79:0xf3ba46dc3ddcb520!8m2!3d-0.098021!4d-78.4534925!16s%2Fg%2F11rrf8jrgj!19sChIJea9Ec6uP1ZERILXcPdxGuvM?authuser=0&hl=es-419&g_ep=EgoyMDI2MDkxNS4wIJJjKgBIAVAD&rclk=1"
"Peluquería Studio de belleza M&H","","","5","168","https://mhstudiodebelleza.my.canva.site/","sitio_propio","","false","Peluquería","Calle Jhon f Kennedy, y y Av. Mariscal Sucre, 170144 Quito","La Mariscal, Quito","https://www.google.com/maps/place/Peluquer%C3%ADa+Studio+de+belleza+M%26H/data=!4m7!3m6!1s0x91d5854aa1b7949b:0xd351e0d66fccff57!8m2!3d-0.1038901!4d-78.4897994!16s%2Fg%2F11kq2mvz22!19sChIJm5S3oUqF1ZERV__Mb9bgUdM?authuser=0&hl=es-419&g_ep=EgoyMDI2MDkxNS4wIJJjKgBIAVAD&rclk=1"
"Secretos Peluquería & Spa de uñas.","098 776 1128","","4.4","27","","ninguno","","true","Peluquería","170204 Quito","La Mariscal, Quito","https://www.google.com/maps/place/Secretos+Peluquer%C3%ADa+%26+Spa+de+u%C3%B1as./data=!4m7!3m6!1s0x91d58f1a29900473:0x791de1fa41d71bb6!8m2!3d-0.1024181!4d-78.4514059!16s%2Fg%2F11fr64yhpt!19sChIJcwSQKRqP1ZERthvXQfrhHXk?authuser=0&hl=es-419&g_ep=EgoyMDI2MDkxNS4wIJJjKgBIAVAD&rclk=1"
"Peluquería y Barbería Miry","098 728 3183","","5","8","","ninguno","","true","Peluquería","170205 Quito","La Mariscal, Quito","https://www.google.com/maps/place/Peluquer%C3%ADa+y+Barber%C3%ADa+Miry/data=!4m7!3m6!1s0x91d589eb1dc7c1ef:0xd0a0c2d0004d6c5b!8m2!3d-0.0693483!4d-78.4516066!16s%2Fg%2F11zb3t9p5t!19sChIJ78HHHeuJ1ZERW2xNANDCoNA?authuser=0&hl=es-419&g_ep=EgoyMDI2MDkxNS4wIJJjKgBIAVAD&rclk=1"
"Rossy Peluquería","(02) 346-4033","","4.3","42","","ninguno","","true","Barbería","Avenida Real Audiencia, Torre Lomas Sur, N67-69, Quito","La Mariscal, Quito","https://www.google.com/maps/place/Rossy+Peluquer%C3%ADa/data=!4m7!3m6!1s0x91d58578e5b1f131:0x355f9a468572a545!8m2!3d-0.1116555!4d-78.4827829!16s%2Fg%2F11g3ggs0fg!19sChIJMfGx5XiF1ZERRaVyhUaaXzU?authuser=0&hl=es-419&g_ep=EgoyMDI2MDkxNS4wIJJjKgBIAVAD&rclk=1"
"Peluquería y Spa Mónica Alvarado","099 528 9176","","4.8","17","","ninguno","","true","Peluquería","WG5X+MXJ, José M. Velasco Ibarra, 170203 Quito","La Mariscal, Quito","https://www.google.com/maps/place/Peluquer%C3%ADa+y+Spa+M%C3%B3nica+Alvarado/data=!4m7!3m6!1s0x91d58f5e96f2c2c3:0xae18bd5c2d02c0ef!8m2!3d-0.0907854!4d-78.4501147!16s%2Fg%2F11p4zr6j2c!19sChIJw8Lyll6P1ZER78ACLVy9GK4?authuser=0&hl=es-419&g_ep=EgoyMDI2MDkxNS4wIJJjKgBIAVAD&rclk=1"
"Peluqueria Quito","098 459 2573","","4.3","15","","ninguno","","true","Barbería","QFHP+GRW, 170401 Quito","Centro Histórico, Quito","https://www.google.com/maps/place/Peluqueria+Quito/data=!4m7!3m6!1s0x91d5998712c856af:0x655062554bf64779!8m2!3d-0.2211473!4d-78.5129374!16s%2Fg%2F11c5b4bswr!19sChIJr1bIEoeZ1ZEReUf2S1ViUGU?authuser=0&hl=es-419&g_ep=EgoyMDI2MDkxNS4wIJJjKgBIAVAD&rclk=1"
"Barber Shop Bertys","099 874 8449","","4.6","77","https://www.facebook.com/share/1DREW8m6Kb/","solo_red_social","","true","Barbería","QFJR+4VV, 170401 Quito","Centro Histórico, Quito","https://www.google.com/maps/place/Barber+Shop+Bertys/data=!4m7!3m6!1s0x91d59a278b339cc5:0x8bf5fb92c3b61334!8m2!3d-0.2196311!4d-78.5078173!16s%2Fg%2F11ggs1xlpd!19sChIJxZwziyea1ZERNBO2w5L79Ys?authuser=0&hl=es-419&g_ep=EgoyMDI2MDkxNS4wIJJjKgBIAVAD&rclk=1"
"Osiris Barbershop","095 950 3036","","5","35","","ninguno","","true","Barbería","Santa Prisca, y y San Luis, 170402 Quito","Centro Histórico, Quito","https://www.google.com/maps/place/Osiris+Barbershop/data=!4m7!3m6!1s0x91d59b0568cff967:0x5c0982ffe4d5eb49!8m2!3d-0.2146873!4d-78.5046907!16s%2Fg%2F11yz6gwwr9!19sChIJZ_nPaAWb1ZERSevV5P-CCVw?authuser=0&hl=es-419&g_ep=EgoyMDI2MDkxNS4wIJJjKgBIAVAD&rclk=1"
"LA BARBERIA UIO","099 134 8693","","3.6","35","https://linktr.ee/LaBarberiaUIO?utm_source=qr_code","solo_red_social","","true","Barbería","170401 y Eugenio Espejo, 170401 Quito","Centro Histórico, Quito","https://www.google.com/maps/place/LA+BARBERIA+UIO/data=!4m7!3m6!1s0x91d5990022024def:0xbd17de9f7a8083e0!8m2!3d-0.2214335!4d-78.5108695!16s%2Fg%2F11y47z3xsq!19sChIJ700CIgCZ1ZER4IOAep_eF70?authuser=0&hl=es-419&g_ep=EgoyMDI2MDkxNS4wIJJjKgBIAVAD&rclk=1"
"THE BARBER CLUB & MAISON GLAM","096 399 4747","","4.4","14","","ninguno","","true","Barbería","Mejía 189, 170401 Quito","Centro Histórico, Quito","https://www.google.com/maps/place/THE+BARBER+CLUB+%26+MAISON+GLAM/data=!4m7!3m6!1s0x91d599001f4565d9:0xda486ef396b9260a!8m2!3d-0.2203578!4d-78.509392!16s%2Fg%2F11y5l_x9cn!19sChIJ2WVFHwCZ1ZERCia5lvNuSNo?authuser=0&hl=es-419&g_ep=EgoyMDI2MDkxNS4wIJJjKgBIAVAD&rclk=1"
"Rouss - Barbería y Peluquería","098 756 8704","","5","8","","ninguno","","true","Peluquería","Venezuela y José Joaquín Olmedo 79 y, 170401 Quito","Centro Histórico, Quito","https://www.google.com/maps/place/Rouss+-+Barber%C3%ADa+y+Peluquer%C3%ADa/data=!4m7!3m6!1s0x91d59bc934e955e9:0xaddc9cd19f794cdd!8m2!3d-0.2187669!4d-78.5105343!16s%2Fg%2F11vk0xwq8q!19sChIJ6VXpNMmb1ZER3Ux5n9Gc3K0?authuser=0&hl=es-419&g_ep=EgoyMDI2MDkxNS4wIJJjKgBIAVAD&rclk=1"
"Más Flow Barbershop","","","3.8","6","https://www.tiktok.com/@masflowbarbersho?_r=1&_t=ZS-965PVuD3SZo","solo_red_social","","true","Barbería","Mejía y Juan José Flores, 170401 Quito","Centro Histórico, Quito","https://www.google.com/maps/place/M%C3%A1s+Flow+Barbershop/data=!4m7!3m6!1s0x91d599b2666a08e9:0xdd732708da2e07f7!8m2!3d-0.2204722!4d-78.5091916!16s%2Fg%2F11q57ydzl8!19sChIJ6QhqZrKZ1ZER9wcu2ggnc90?authuser=0&hl=es-419&g_ep=EgoyMDI2MDkxNS4wIJJjKgBIAVAD&rclk=1"
"Barber House Quito","1800 227 237","","4.7","230","https://bit.ly/ReservasBarberHouse?y_source=1_OTI0NDE4OTUtNzE1LWxvY2F0aW9uLndlYnNpdGU%3D","sitio_propio","","false","Barbería","Edificio Grafito, Gonnessiat N31-91 y, 170517 Quito","Centro Histórico, Quito","https://www.google.com/maps/place/Barber+House+Quito/data=!4m7!3m6!1s0x91d59b1b5ff4759f:0x5a819db3c6921171!8m2!3d-0.1967723!4d-78.4790273!16s%2Fg%2F11gmgwx539!19sChIJn3X0Xxub1ZERcRGSxrOdgVo?authuser=0&hl=es-419&g_ep=EgoyMDI2MDkxNS4wIJJjKgBIAVAD&rclk=1"
"The Cave Barbershop Riocentro Quito","098 363 2984","","4.9","1558","http://www.thecave.ec/","sitio_propio","2022","false","Barbería","Riocentro shopping, 170513 Quito","Centro Histórico, Quito","https://www.google.com/maps/place/The+Cave+Barbershop+Riocentro+Quito/data=!4m7!3m6!1s0x91d59bb867af725d:0xf8d0016ebfbd159f!8m2!3d-0.1659255!4d-78.4761841!16s%2Fg%2F11tc8wvdls!19sChIJXXKvZ7ib1ZERnxW9v24B0Pg?authuser=0&hl=es-419&g_ep=EgoyMDI2MDkxNS4wIJJjKgBIAVAD&rclk=1"
"The Bron Barber Shop","099 228 3639","","4.5","11","","ninguno","","true","Peluquería","Calle Imbabura y Blvr. 24 de Mayo s2-61, 170130 Quito","Centro Histórico, Quito","https://www.google.com/maps/place/The+Bron+Barber+Shop/data=!4m7!3m6!1s0x91d599804d65dcd9:0x7860ed7595e619b7!8m2!3d-0.2221808!4d-78.5185578!16s%2Fg%2F11fd7fpbsd!19sChIJ2dxlTYCZ1ZERtxnmlXXtYHg?authuser=0&hl=es-419&g_ep=EgoyMDI2MDkxNS4wIJJjKgBIAVAD&rclk=1"
"Cortes Urbanos","(02) 318-2857","","4.7","7","","ninguno","","true","Barbería","Calle Imbabura, Av. 24 de Mayo S1-91, 170130 Quito","Centro Histórico, Quito","https://www.google.com/maps/place/Cortes+Urbanos/data=!4m7!3m6!1s0x91d5998058ccd013:0xf4d89e08e631c0b7!8m2!3d-0.2214124!4d-78.5179292!16s%2Fg%2F11gp1z8b0k!19sChIJE9DMWICZ1ZERt8Ax5gie2PQ?authuser=0&hl=es-419&g_ep=EgoyMDI2MDkxNS4wIJJjKgBIAVAD&rclk=1"
"Barber House Quito - Republica del Salvador","098 115 7622","info@barberhouse.ec","4.9","237","https://www.barberhouse.ec/","sitio_propio","","false","Barbería","Av. República de El Salvador y Moscú, 170505 Quito","Centro Histórico, Quito","https://www.google.com/maps/place/Barber+House+Quito+-+Republica+del+Salvador/data=!4m7!3m6!1s0x91d59b6d43447f89:0xfefa920c836d2a95!8m2!3d-0.1846798!4d-78.4806303!16s%2Fg%2F11lp742xb7!19sChIJiX9EQ22b1ZERlSptgwyS-v4?authuser=0&hl=es-419&g_ep=EgoyMDI2MDkxNS4wIJJjKgBIAVAD&rclk=1"
"Peluquería La Guayaquileña","(02) 228-8056","","4.9","7","","ninguno","","true","Barbería","José Joaquín Olmedo Oe7-71, 170142 Quito","Centro Histórico, Quito","https://www.google.com/maps/place/Peluquer%C3%ADa+La+Guayaquile%C3%B1a/data=!4m7!3m6!1s0x91d59a294170974d:0x3e6fed8babcfca05!8m2!3d-0.2151876!4d-78.5148053!16s%2Fg%2F11gn259j8j!19sChIJTZdwQSma1ZERBcrPq4vtbz4?authuser=0&hl=es-419&g_ep=EgoyMDI2MDkxNS4wIJJjKgBIAVAD&rclk=1"
"GLOOS PELUQUERÍA","097 987 0249","","4.6","21","","ninguno","","true","Barbería","Bolivar, e y Imbabura, OE8-23, 170105","Centro Histórico, Quito","https://www.google.com/maps/place/GLOOS+PELUQUER%C3%8DA/data=!4m7!3m6!1s0x91d59a2a763cc2a5:0x1618f7c443212d5!8m2!3d-0.2193323!4d-78.5171622!16s%2Fg%2F11cjk9kz_f!19sChIJpcI8diqa1ZER1RIyRHyPYQE?authuser=0&hl=es-419&g_ep=EgoyMDI2MDkxNS4wIJJjKgBIAVAD&rclk=1"
"755 Barber Studio","097 877 4080","","4.8","480","https://book.weibook.co/755","sitio_propio","2026","false","Barbería","Edificio La Tribuna Penthouse, Av. de los Shyris y Portugal N34-382 y, Piso 13, 170505 Quito","Centro Histórico, Quito","https://www.google.com/maps/place/755+Barber+Studio/data=!4m7!3m6!1s0x91d59b1cac6e8187:0xa1c4a719ae213fe9!8m2!3d-0.1822255!4d-78.4818693!16s%2Fg%2F11vj8vhdmn!19sChIJh4FurByb1ZER6T8hrhmnxKE?authuser=0&hl=es-419&g_ep=EgoyMDI2MDkxNS4wIJJjKgBIAVAD&rclk=1"
"Barbershop ClaseA","096 377 2209","","4.9","242","https://barbersclasea.com/","sitio_propio","2026","false","Barbería","170502 Quito","Centro Histórico, Quito","https://www.google.com/maps/place/Barbershop+ClaseA/data=!4m7!3m6!1s0x91d59b5d627368ff:0xec8943ada70d640a!8m2!3d-0.1893728!4d-78.4906725!16s%2Fg%2F11t9z1xnhz!19sChIJ_2hzYl2b1ZERCmQNp61Diew?authuser=0&hl=es-419&g_ep=EgoyMDI2MDkxNS4wIJJjKgBIAVAD&rclk=1"
"Royalty Barbería","096 284 6822","","4.9","39","https://linktr.ee/royaltybarberia.ec","solo_red_social","","true","Barbería","Mañosca OE8-96, 170147 Quito","Centro Histórico, Quito","https://www.google.com/maps/place/Royalty+Barber%C3%ADa/data=!4m7!3m6!1s0x91d59b0c3116667d:0x313c62d23b66a7f5!8m2!3d-0.1753694!4d-78.500728!16s%2Fg%2F11p5hvw9gd!19sChIJfWYWMQyb1ZER9admO9JiPDE?authuser=0&hl=es-419&g_ep=EgoyMDI2MDkxNS4wIJJjKgBIAVAD&rclk=1"
"Escalona barbería","098 776 1202","","4.9","68","https://www.instagram.com/escalonasbarberia?igsh=ZHY3Z2JiNDJyYzhm","solo_red_social","","true","Barbería","Alemania, 170515 Quito","Centro Histórico, Quito","https://www.google.com/maps/place/Escalona+barber%C3%ADa/data=!4m7!3m6!1s0x91d59b0016515b0d:0x9cbc5372783e1585!8m2!3d-0.1886875!4d-78.4903125!16s%2Fg%2F11wvszcgb5!19sChIJDVtRFgCb1ZERhRU-eHJTvJw?authuser=0&hl=es-419&g_ep=EgoyMDI2MDkxNS4wIJJjKgBIAVAD&rclk=1"
"SportsKut Quito Tennis","098 461 7210","388fe63e6063cc241ca2a1b0f52622a3@o61919.ingest.us","4.6","846","https://es.fresha.com/book-now/sk-cul84okn/services?lid=812838&pId=763843","sitio_propio","","false","Barbería","Av. Brasil y Mariano Echeverria N41-62 y, 170510 Quito","Centro Histórico, Quito","https://www.google.com/maps/place/SportsKut+Quito+Tennis/data=!4m7!3m6!1s0x91d59a97d2a05955:0x19943e897a0d7035!8m2!3d-0.1664441!4d-78.4891824!16s%2Fg%2F11c1lxwn1_!19sChIJVVmg0pea1ZERNXANeok-lBk?authuser=0&hl=es-419&g_ep=EgoyMDI2MDkxNS4wIJJjKgBIAVAD&rclk=1"
"The Cave • Mall El Jardín","098 307 6828","","4.8","1065","http://thecave.ec/","sitio_propio","2022","false","Barbería","Mall El Jardín, 170518 Quito","Centro Histórico, Quito","https://www.google.com/maps/place/The+Cave+%E2%80%A2+Mall+El+Jard%C3%ADn/data=!4m7!3m6!1s0x91d59bc1024c85c3:0x80b096f3ab85a0e1!8m2!3d-0.1900467!4d-78.4873404!16s%2Fg%2F11p56mxhlz!19sChIJw4VMAsGb1ZER4aCFq_OWsIA?authuser=0&hl=es-419&g_ep=EgoyMDI2MDkxNS4wIJJjKgBIAVAD&rclk=1"
"Barba Studio • Quicentro","(02) 224-8071","","3.8","86","https://www.quicentro.com/tiendas/perfumeria-y-spa/barba-studio","sitio_propio","","false","Barbería","C.C. Quicentro Norte, Av. Naciones Unidas, Piso 2, 170102 Quito","Centro Histórico, Quito","https://www.google.com/maps/place/Barba+Studio+%E2%80%A2+Quicentro/data=!4m7!3m6!1s0x91d59a837184c5dd:0x1c62d3fb7ab7384f!8m2!3d-0.175858!4d-78.4798532!16s%2Fg%2F11f9x8xdxv!19sChIJ3cWEcYOa1ZERTzi3evvTYhw?authuser=0&hl=es-419&g_ep=EgoyMDI2MDkxNS4wIJJjKgBIAVAD&rclk=1"
"PEDRO NAVAJA Barber-Studio","099 029 0295","","3.8","72","","ninguno","","true","Barbería","RGC9+7F5 edificio, Norte de Quito Av. Shyris, y y Suecia, 170803 Quito","Centro Histórico, Quito","https://www.google.com/maps/place/PEDRO+NAVAJA+Barber-Studio/data=!4m7!3m6!1s0x91d597fb837ca7a7:0x7d8ddade76ae72df!8m2!3d-0.1793531!4d-78.4812522!16s%2Fg%2F11tf8mzb8c!19sChIJp6d8g_uX1ZER33Kudt7ajX0?authuser=0&hl=es-419&g_ep=EgoyMDI2MDkxNS4wIJJjKgBIAVAD&rclk=1"
"Classic Barber Club","098 339 8669","","4.6","34","https://www.instagram.com/classicbarberclub.ec?igsh=emVsaGRsOHZybXJz","solo_red_social","","true","Barbería","La Gasca entre Jerónimo Leiton, y y Mena de V, 170129 Quito","Centro Histórico, Quito","https://www.google.com/maps/place/Classic+Barber+Club/data=!4m7!3m6!1s0x91d59b334e11ee55:0x3b35cbaec3d4919d!8m2!3d-0.1959451!4d-78.505355!16s%2Fg%2F11zj21224m!19sChIJVe4RTjOb1ZERnZHUw67LNTs?authuser=0&hl=es-419&g_ep=EgoyMDI2MDkxNS4wIJJjKgBIAVAD&rclk=1"
"Estilo Dominicano","096 901 2855","","4.6","160","https://www.facebook.com/Estilodominicanoecuador/","solo_red_social","","true","Barbería","y wilson, Juan León Mera, 170524 Quito","Centro Histórico, Quito","https://www.google.com/maps/place/Estilo+Dominicano/data=!4m7!3m6!1s0x91d59a14a04170d3:0xeba770dda4eff5af!8m2!3d-0.2022227!4d-78.49232!16s%2Fg%2F11clzv5h9t!19sChIJ03BBoBSa1ZERr_XvpN1wp-s?authuser=0&hl=es-419&g_ep=EgoyMDI2MDkxNS4wIJJjKgBIAVAD&rclk=1"
"OpperCut BarberShop","097 886 8193","","4.9","30","https://www.instagram.com/oppercut_barber/","solo_red_social","","true","Barbería","Sta. María y Juan León Mera, 170522 Quito","Centro Histórico, Quito","https://www.google.com/maps/place/OpperCut+BarberShop/data=!4m7!3m6!1s0x91d59b8030f72ac9:0x201327063d51c9f2!8m2!3d-0.1997343!4d-78.4901912!16s%2Fg%2F11vm0gxksw!19sChIJySr3MICb1ZER8slRPQYnEyA?authuser=0&hl=es-419&g_ep=EgoyMDI2MDkxNS4wIJJjKgBIAVAD&rclk=1"
"Peluqueria Pablo Latorre","","","4.8","28","","ninguno","","true","Peluquería","Av. Brasil 932, 170104 Quito","Centro Histórico, Quito","https://www.google.com/maps/place/Peluqueria+Pablo+Latorre/data=!4m7!3m6!1s0x91d59a97cd0458ab:0xba35256bf16314c7!8m2!3d-0.161106!4d-78.4945374!16s%2Fg%2F11g7_fqj56!19sChIJq1gEzZea1ZERxxRj8WslNbo?authuser=0&hl=es-419&g_ep=EgoyMDI2MDkxNS4wIJJjKgBIAVAD&rclk=1"
"Khristones","(02) 244-4355","","4.1","254","http://www.khristonespeluqueria.com/","sitio_propio","2022","false","Peluquería","Av. Tomás de Berlanga, 170137 Quito","Centro Histórico, Quito","https://www.google.com/maps/place/Khristones/data=!4m7!3m6!1s0x91d59a9f66f4174b:0x76432d25b8da8a39!8m2!3d-0.1654178!4d-78.4791977!16s%2Fg%2F12qffw4vx!19sChIJSxf0Zp-a1ZEROYrauCUtQ3Y?authuser=0&hl=es-419&g_ep=EgoyMDI2MDkxNS4wIJJjKgBIAVAD&rclk=1"
"Lobatto Barberia","099 281 4911","","5","7","","ninguno","","true","Barbería","170501, 170102 Quito","Centro Histórico, Quito","https://www.google.com/maps/place/Lobatto+Barberia/data=!4m7!3m6!1s0x91d59b5036930935:0xbd0cf27d9b5e73a7!8m2!3d-0.1735199!4d-78.4930125!16s%2Fg%2F11vq55ljnp!19sChIJNQmTNlCb1ZERp3Nem33yDL0?authuser=0&hl=es-419&g_ep=EgoyMDI2MDkxNS4wIJJjKgBIAVAD&rclk=1"
"Wilson Peluqueria","099 528 7431","","4.7","12","","ninguno","","true","Barbería","Isla Seymour 41-62, 170501 Quito","Centro Histórico, Quito","https://www.google.com/maps/place/Wilson+Peluqueria/data=!4m7!3m6!1s0x91d59b1622a9a3e1:0xa1565b1c189170d0!8m2!3d-0.1681706!4d-78.4801769!16s%2Fg%2F11f7300x9l!19sChIJ4aOpIhab1ZER0HCRGBxbVqE?authuser=0&hl=es-419&g_ep=EgoyMDI2MDkxNS4wIJJjKgBIAVAD&rclk=1"
"Paz Y Miño Barber Shop","098 346 2120","","4.9","218","https://www.instagram.com/pazyminobarberia/","solo_red_social","","true","Barbería","C. Lérida 13-15 Y, 170109 Quito","Centro Histórico, Quito","https://www.google.com/maps/place/Paz+Y+Mi%C3%B1o+Barber+Shop/data=!4m7!3m6!1s0x91d59b553f6d3943:0xc918e36b81edd44e!8m2!3d-0.2106305!4d-78.4857551!16s%2Fg%2F11gjm6vmcw!19sChIJQzltP1Wb1ZERTtTtgWvjGMk?authuser=0&hl=es-419&g_ep=EgoyMDI2MDkxNS4wIJJjKgBIAVAD&rclk=1"
"Camilo Mideros Peluquería","099 578 6644","","4.9","465","https://wa.me/593995786644","solo_red_social","","true","Peluquería","Av. Mariana de Jesús E7-21, 170518 Quito","Centro Histórico, Quito","https://www.google.com/maps/place/Camilo+Mideros+Peluquer%C3%ADa/data=!4m7!3m6!1s0x91d59a7021459e67:0xadb986a5080dfb3!8m2!3d-0.193538!4d-78.4861679!16s%2Fg%2F1hhk2btq9!19sChIJZ55FIXCa1ZERs9-AUGqY2wo?authuser=0&hl=es-419&g_ep=EgoyMDI2MDkxNS4wIJJjKgBIAVAD&rclk=1"
"Jower Barber Studio","099 975 5371","","5","7","https://www.instagram.com/jowerbarber?igsh=dnljM2hocHJ1bzM5&utm_source=qr","solo_red_social","","true","Barbería","Alfonso perrier y, padre y Menten, 170525 Quito","Centro Histórico, Quito","https://www.google.com/maps/place/Jower+Barber+Studio/data=!4m7!3m6!1s0x91d59b0026b3a0b7:0x9f6ecc66600dbc49!8m2!3d-0.2151229!4d-78.4868939!16s%2Fg%2F11n533dsw8!19sChIJt6CzJgCb1ZERSbwNYGbMbp8?authuser=0&hl=es-419&g_ep=EgoyMDI2MDkxNS4wIJJjKgBIAVAD&rclk=1"
"Eliberto Peluquería","222-3243","","4.7","36","","ninguno","","true","Barbería","RG69+785, Bélgica, 170135 Quito","Centro Histórico, Quito","https://www.google.com/maps/place/Eliberto+Peluquer%C3%ADa/data=!4m7!3m6!1s0x91d59a7bdb40f313:0xc7a7aab0d52ee377!8m2!3d-0.189359!4d-78.4816274!16s%2Fg%2F11dfqyxgvz!19sChIJE_NA23ua1ZERd-Mu1bCqp8c?authuser=0&hl=es-419&g_ep=EgoyMDI2MDkxNS4wIJJjKgBIAVAD&rclk=1"
"The Salon Quito","096 095 5559","388fe63e6063cc241ca2a1b0f52622a3@o61919.ingest.us","4.8","136","https://es.fresha.com/a/the-salon-quito-jose-bosmediano-1051-yn9x6ihq","sitio_propio","2026","false","Centro de estética","Jose Bosmediano 11-50 Y, 170135 Quito","Centro Histórico, Quito","https://www.google.com/maps/place/The+Salon+Quito/data=!4m7!3m6!1s0x91d59a7ed68fe6d9:0xe2eaf32ddeb3d5fb!8m2!3d-0.1873634!4d-78.4782017!16s%2Fg%2F11fgm3ys16!19sChIJ2eaP1n6a1ZER-9Wz3i3z6uI?authuser=0&hl=es-419&g_ep=EgoyMDI2MDkxNS4wIJJjKgBIAVAD&rclk=1"
"Peluqueria Studio3 Quito","099 414 4999","","5","8","https://link.studio3.ec/","sitio_propio","2024","false","Centro de estética","Elia Liut, y y Av. Edmundo Carvajal, 170510 Quito","Centro Histórico, Quito","https://www.google.com/maps/place/Peluqueria+Studio3+Quito/data=!4m7!3m6!1s0x91d59bba8081394b:0xd26890ea97ae4a20!8m2!3d-0.1595805!4d-78.4887835!16s%2Fg%2F11yw2xjb1v!19sChIJSzmBgLqb1ZERIEqul-qQaNI?authuser=0&hl=es-419&g_ep=EgoyMDI2MDkxNS4wIJJjKgBIAVAD&rclk=1"
"UrbanosClub Peluquería","099 310 4923","reservas@urbanosclub.com","4.9","108","https://www.urbanosclub.com/","sitio_propio","","false","Peluquería","La Tierra, 170505 Quito","Centro Histórico, Quito","https://www.google.com/maps/place/UrbanosClub+Peluquer%C3%ADa/data=!4m7!3m6!1s0x91d59b324dd66d5d:0xd5716edf1d66ef3f!8m2!3d-0.173769!4d-78.4791334!16s%2Fg%2F11h3njy0kl!19sChIJXW3WTTKb1ZERP-9mHd9ucdU?authuser=0&hl=es-419&g_ep=EgoyMDI2MDkxNS4wIJJjKgBIAVAD&rclk=1"
"Edgar Goyeneche Peluquería","099 563 8605","","4.9","85","https://www.instagram.com/peluqueriaedgargoyeneche?igsh=MXYxMnFoY3p6eDI3Mg%3D%3D&utm_source=qr","solo_red_social","","true","Peluquería","y Paris, Av. Tomás de Berlanga Esquina, 170513 Quito","Centro Histórico, Quito","https://www.google.com/maps/place/Edgar+Goyeneche+Peluquer%C3%ADa/data=!4m7!3m6!1s0x91d59a9f7876a39b:0x4032e26b5f80b174!8m2!3d-0.1654191!4d-78.4779775!16s%2Fg%2F11ggb78sys!19sChIJm6N2eJ-a1ZERdLGAX2viMkA?authuser=0&hl=es-419&g_ep=EgoyMDI2MDkxNS4wIJJjKgBIAVAD&rclk=1"
"Theos Beauty Center","(02) 333-1744","","3.7","57","","ninguno","","true","Barbería","Suecia 110y, 170135 Quito","Centro Histórico, Quito","https://www.google.com/maps/place/Theos+Beauty+Center/data=!4m7!3m6!1s0x91d59a815bddcf2d:0x873848f570c5675a!8m2!3d-0.1787324!4d-78.4796079!16s%2Fg%2F11c70j4pn5!19sChIJLc_dW4Ga1ZERWmfFcPVIOIc?authuser=0&hl=es-419&g_ep=EgoyMDI2MDkxNS4wIJJjKgBIAVAD&rclk=1"
"Lauri's Peluqueria & Imagen","099 908 2286","","4.7","32","","ninguno","","true","Barbería","RG43+MX3, 170129 Quito","Centro Histórico, Quito","https://www.google.com/maps/place/Lauri%27s+Peluqueria+%26+Imagen/data=!4m7!3m6!1s0x91d59a688a78552f:0xfe9343de7cc96d4!8m2!3d-0.1933688!4d-78.4950728!16s%2Fg%2F11d_dw3b9f!19sChIJL1V4imia1ZER1JbM5z006Q8?authuser=0&hl=es-419&g_ep=EgoyMDI2MDkxNS4wIJJjKgBIAVAD&rclk=1"
"DEÍDI peluquería","099 891 0011","","4.4","164","https://www.google.com/url?sa=t&source=web&rct=j&url=https://m.facebook.com/deidipeluqueria/?locale2=es_LA&ved=2ahUKEwjaz-ePwrvnAhUp11kKHQruAVwQjjgwAnoECAMQAQ&usg=AOvVaw3rZxI5o8bjVZrHIPNqv44c","sitio_propio","","false","Peluquería","Av. Tomás de Berlanga E527, 170513 Quito","Centro Histórico, Quito","https://www.google.com/maps/place/DE%C3%8DDI+peluquer%C3%ADa/data=!4m7!3m6!1s0x91d59a9f78154431:0x9578de06eeffeaa7!8m2!3d-0.1654695!4d-78.4782626!16s%2Fg%2F11cpj5p1ts!19sChIJMUQVeJ-a1ZERp-r_7gbeeJU?authuser=0&hl=es-419&g_ep=EgoyMDI2MDkxNS4wIJJjKgBIAVAD&rclk=1"
"Barber Equilibrium Tattoo & Piercings","","","4.8","27","","ninguno","","true","Barbería","Ecuador, 170112 Quito","Centro Histórico, Quito","https://www.google.com/maps/place/Barber+Equilibrium+Tattoo+%26+Piercings/data=!4m7!3m6!1s0x91d59b949146bd3d:0xa46c092467e9eb01!8m2!3d-0.2150538!4d-78.4878473!16s%2Fg%2F11h30hwgn5!19sChIJPb1GkZSb1ZERAevpZyQJbKQ?authuser=0&hl=es-419&g_ep=EgoyMDI2MDkxNS4wIJJjKgBIAVAD&rclk=1"
"Meextin Peluquería","(02) 252-3834","","4.6","148","","ninguno","","true","Barbería","E6 221, Av. Eloy Alfaro &, Quito","Centro Histórico, Quito","https://www.google.com/maps/place/Meextin+Peluquer%C3%ADa/data=!4m7!3m6!1s0x91d59a654f4be2a3:0xa8343fd34c44c7f2!8m2!3d-0.1909945!4d-78.4873134!16s%2Fg%2F11dxm8tkv3!19sChIJo-JLT2Wa1ZER8sdETNM_NKg?authuser=0&hl=es-419&g_ep=EgoyMDI2MDkxNS4wIJJjKgBIAVAD&rclk=1"
"Alfa y Omega peluquería y barbería","096 381 1185","","5","6","","ninguno","","true","Peluquería","170501 Quito","Centro Histórico, Quito","https://www.google.com/maps/place/Alfa+y+Omega+peluquer%C3%ADa+y+barber%C3%ADa/data=!4m7!3m6!1s0x91d591b09b2eaaa7:0x85386ed861717bc8!8m2!3d-0.1641597!4d-78.4750901!16s%2Fg%2F11l5mm0hg2!19sChIJp6oum7CR1ZERyHtxYdhuOIU?authuser=0&hl=es-419&g_ep=EgoyMDI2MDkxNS4wIJJjKgBIAVAD&rclk=1"
"Barberia Y Peluqueria","2994697775","","4.3","12","","ninguno","","true","Barbería","RG8C+FFG, 170135 Quito","Centro Histórico, Quito","https://www.google.com/maps/place/Barberia+Y+Peluqueria/data=!4m7!3m6!1s0x91d59a7e92a85bf7:0x66bb57414f5a7a5f!8m2!3d-0.1838085!4d-78.4788036!16s%2Fg%2F11f__272cl!19sChIJ91uokn6a1ZERX3paT0FXu2Y?authuser=0&hl=es-419&g_ep=EgoyMDI2MDkxNS4wIJJjKgBIAVAD&rclk=1"
"Nancy Cueva Peluquería","099 939 0065","","4.3","32","","ninguno","","true","Barbería","Juan José de Villalengua y Gregorio Bobadilla 38-11, 170104 Quito","Centro Histórico, Quito","https://www.google.com/maps/place/Nancy+Cueva+Peluquer%C3%ADa/data=!4m7!3m6!1s0x91d59a9257127783:0x91e4b7dbec50d481!8m2!3d-0.1723739!4d-78.4945937!16s%2Fg%2F11bxf7k0db!19sChIJg3cSV5Ka1ZERgdRQ7Nu35JE?authuser=0&hl=es-419&g_ep=EgoyMDI2MDkxNS4wIJJjKgBIAVAD&rclk=1"
"Woom Peluquería y Spa","292-0816","","4.5","83","","ninguno","","true","Barbería","Yánez Pinzón y La Niña &, 170522 Quito","Centro Histórico, Quito","https://www.google.com/maps/place/Woom+Peluquer%C3%ADa+y+Spa/data=!4m7!3m6!1s0x91d59a7e469202e7:0xe4cef74dd6fb528!8m2!3d-0.1994923!4d-78.4861937!16s%2Fg%2F11f0k_1y73!19sChIJ5wKSRn6a1ZERKLVv3XTvTA4?authuser=0&hl=es-419&g_ep=EgoyMDI2MDkxNS4wIJJjKgBIAVAD&rclk=1"
"SION PELUQUERÍA","099 923 9384","","4.1","36","https://wa.link/vd4ipu","sitio_propio","","false","Peluquería","Blvr. Naciones Unidas 170201, 170201 Quito","Centro Histórico, Quito","https://www.google.com/maps/place/SION+PELUQUER%C3%8DA/data=!4m7!3m6!1s0x91d59a851bce1dbb:0x8b8c6f583e24d2a2!8m2!3d-0.1755522!4d-78.4843403!16s%2Fg%2F11c1q86qn5!19sChIJux3OG4Wa1ZERotIkPlhvjIs?authuser=0&hl=es-419&g_ep=EgoyMDI2MDkxNS4wIJJjKgBIAVAD&rclk=1"
"John Villa Imagen - Peluquería, Uñas, Spa, Cejas, Depilación - Quito","096 901 2226","","4.9","69","","ninguno","","true","Barbería","Av. Juan José de Villalengua y Domingo de Brieva, 170510 Quito","Centro Histórico, Quito","https://www.google.com/maps/place/John+Villa+Imagen+-+Peluquer%C3%ADa,+U%C3%B1as,+Spa,+Cejas,+Depilaci%C3%B3n+-+Quito/data=!4m7!3m6!1s0x91d59a924564213d:0x76835090ec6ccdae!8m2!3d-0.1723278!4d-78.4942616!16s%2Fg%2F11f5hkm5rq!19sChIJPSFkRZKa1ZERrs1s7JBQg3Y?authuser=0&hl=es-419&g_ep=EgoyMDI2MDkxNS4wIJJjKgBIAVAD&rclk=1"
"La Peluqueria Franklin Chavez","099 847 2434","","4.9","40","https://www.facebook.com/La-peluqueria-Franklin-Chavez-138409176187421/","solo_red_social","","true","Peluquería","Roma 37-25, 170102 Quito","Centro Histórico, Quito","https://www.google.com/maps/place/La+Peluqueria+Franklin+Chavez/data=!4m7!3m6!1s0x91d59a8346f35e4f:0x3d5f6c443b6b1d56!8m2!3d-0.1741054!4d-78.4817385!16s%2Fg%2F11g1xl94vf!19sChIJT17zRoOa1ZERVh1rO0RsXz0?authuser=0&hl=es-419&g_ep=EgoyMDI2MDkxNS4wIJJjKgBIAVAD&rclk=1"
"Magoz peluqueria","","","4.5","63","","ninguno","","true","Peluquería","Isla Seymour 47-171, 170102 Quito","Centro Histórico, Quito","https://www.google.com/maps/place/Magoz+peluqueria/data=!4m7!3m6!1s0x91d59be5cdc3a39b:0x6abacfc10a08005c!8m2!3d-0.1671952!4d-78.4801862!16s%2Fg%2F11l3b0sd2q!19sChIJm6PDzeWb1ZERXAAICsHPumo?authuser=0&hl=es-419&g_ep=EgoyMDI2MDkxNS4wIJJjKgBIAVAD&rclk=1"
"Barber Class (La Floresta)","098 733 7083","","3.7","40","","ninguno","","true","Barbería","Ladrón de Guevara, y y C. Lérida, 170143 Quito","Centro Histórico, Quito","https://www.google.com/maps/place/Barber+Class+%28La+Floresta%29/data=!4m7!3m6!1s0x91d59b58c4669e8d:0x476178a8323dcceb!8m2!3d-0.2122958!4d-78.4845323!16s%2Fg%2F11gm8j6qlm!19sChIJjZ5mxFib1ZER68w9Mqh4YUc?authuser=0&hl=es-419&g_ep=EgoyMDI2MDkxNS4wIJJjKgBIAVAD&rclk=1"
"Anonymus Peluquería","098 458 0188","","4.4","83","","ninguno","","true","Centro de estética","170521, Quito","Centro Histórico, Quito","https://www.google.com/maps/place/Anonymus+Peluquer%C3%ADa/data=!4m7!3m6!1s0x91d59a919e603b55:0xc6211d3514d3bfc8!8m2!3d-0.1694464!4d-78.4878927!16s%2Fg%2F11f157_90t!19sChIJVTtgnpGa1ZERyL_TFDUdIcY?authuser=0&hl=es-419&g_ep=EgoyMDI2MDkxNS4wIJJjKgBIAVAD&rclk=1"
"PELUQUERIA EN QUITO THE BEAUTY COLOR SALON","098 849 4305","","4.7","307","https://www.thebeautycolor.com/","sitio_propio","2022","false","Peluquería","Av. República de El Salvador y Irlanda E10-143, 170102 Quito","Centro Histórico, Quito","https://www.google.com/maps/place/PELUQUERIA+EN+QUITO+THE+BEAUTY+COLOR+SALON/data=!4m7!3m6!1s0x91d59a9a3cab9c77:0x265e56813601cec0!8m2!3d-0.1838015!4d-78.4805525!16s%2Fg%2F11f9zz92tv!19sChIJd5yrPJqa1ZERwM4BNoFWXiY?authuser=0&hl=es-419&g_ep=EgoyMDI2MDkxNS4wIJJjKgBIAVAD&rclk=1"
"Gran Salón Peluquería","099 966 1651","","4.9","63","","ninguno","","true","Centro de estética","El Telégrafo, 170135 Quito","Centro Histórico, Quito","https://www.google.com/maps/place/Gran+Sal%C3%B3n+Peluquer%C3%ADa/data=!4m7!3m6!1s0x91d59a9cdbb52977:0xf8a9830fe3381c87!8m2!3d-0.1733864!4d-78.4784408!16s%2Fg%2F11fx8r9sv8!19sChIJdym125ya1ZERhxw44w-Dqfg?authuser=0&hl=es-419&g_ep=EgoyMDI2MDkxNS4wIJJjKgBIAVAD&rclk=1"
"5TH AVENUE PELUQUERÍA","098 358 5292","","4.6","62","","ninguno","","true","Centro de estética","Moscú 34-61, Av. República de El Salvador 170102, Quito","Centro Histórico, Quito","https://www.google.com/maps/place/5TH+AVENUE+PELUQUER%C3%8DA/data=!4m7!3m6!1s0x91d59a80abbb1589:0x6a25b6416eddcc9a!8m2!3d-0.1851027!4d-78.4803806!16s%2Fg%2F1ptz2_py2!19sChIJiRW7q4Ca1ZERmszdbkG2JWo?authuser=0&hl=es-419&g_ep=EgoyMDI2MDkxNS4wIJJjKgBIAVAD&rclk=1"
"El Tono Perfecto Peluquería","098 713 5799","","4.8","25","","ninguno","","true","Peluquería","Av. de los Shyris n39-113, 170506 Quito","Centro Histórico, Quito","https://www.google.com/maps/place/El+Tono+Perfecto+Peluquer%C3%ADa/data=!4m7!3m6!1s0x91d59b90d55d972b:0x69cfd209944fbc82!8m2!3d-0.1718635!4d-78.480283!16s%2Fg%2F11fnwmrq86!19sChIJK5dd1ZCb1ZERgrxPlAnSz2k?authuser=0&hl=es-419&g_ep=EgoyMDI2MDkxNS4wIJJjKgBIAVAD&rclk=1"
"Peluquerías Herrera Hermanos","099 507 7938","sandrohh1@gmail.com","4.9","7","http://www.peluqueriasherrerahermanos.com/","sitio_propio","","false","Barbería","Multicentro Shopping Center, Multicentro local 206 SEGUNDO PISO Av 6 de Diciembre, y y La Niña, 170501 Quito","Centro Histórico, Quito","https://www.google.com/maps/place/Peluquer%C3%ADas+Herrera+Hermanos/data=!4m7!3m6!1s0x91d59a728b506efb:0xf319428e417e71e0!8m2!3d-0.1993583!4d-78.4854681!16s%2Fg%2F11gk8_j0p6!19sChIJ-25Qi3Ka1ZER4HF-QY5CGfM?authuser=0&hl=es-419&g_ep=EgoyMDI2MDkxNS4wIJJjKgBIAVAD&rclk=1"
"SHINE Peluquería & Studio Salón de Belleza","099 827 4791","","4.9","115","","ninguno","","true","Peluquería","Centro Comercial Unicornio, Av. Amazonas &, Av. Naciones Unidas Local #222, Quito","Centro Histórico, Quito","https://www.google.com/maps/place/SHINE+Peluquer%C3%ADa+%26+Studio+Sal%C3%B3n+de+Belleza/data=!4m7!3m6!1s0x91d59b83336c1aad:0x82ad09a6510297ca!8m2!3d-0.1769687!4d-78.4859337!16s%2Fg%2F11gzlszrh4!19sChIJrRpsM4Ob1ZERypcCUaYJrYI?authuser=0&hl=es-419&g_ep=EgoyMDI2MDkxNS4wIJJjKgBIAVAD&rclk=1"
"Peluquería Soazo","099 375 0989","","4.7","161","http://www.peluqueriasoazo.com/","sitio_propio","","false","Centro de estética","Av. Portugal y Catalina Aldaz E11-37 y, 170504 Quito","Centro Histórico, Quito","https://www.google.com/maps/place/Peluquer%C3%ADa+Soazo/data=!4m7!3m6!1s0x91d59b39ac476f81:0x75297efed0481eda!8m2!3d-0.181886!4d-78.477297!16s%2Fg%2F11f5v6s489!19sChIJgW9HrDmb1ZER2h5I0P5-KXU?authuser=0&hl=es-419&g_ep=EgoyMDI2MDkxNS4wIJJjKgBIAVAD&rclk=1"
"Martina Peluqueria ""Matriz""","099 810 3952","","4.6","175","https://www.facebook.com/spamartina/","solo_red_social","","true","Centro de estética","Me D Bond, A lado de D Bond, Av. Francisco de Orellana, 170517 Quito","Centro Histórico, Quito","https://www.google.com/maps/place/Martina+Peluqueria+%22Matriz%22/data=!4m7!3m6!1s0x91d59a7286f5115f:0xd963491e7c1d9d60!8m2!3d-0.199241!4d-78.4832115!16s%2Fg%2F11f102_btt!19sChIJXxH1hnKa1ZERYJ0dfB5JY9k?authuser=0&hl=es-419&g_ep=EgoyMDI2MDkxNS4wIJJjKgBIAVAD&rclk=1"
"Camila peluqueria Quito","(02) 225-8185","","4.9","20","","ninguno","","true","Peluquería","Av. 6 de Diciembre N35-120, 170102 Quito","Centro Histórico, Quito","https://www.google.com/maps/place/Camila+peluqueria+Quito/data=!4m7!3m6!1s0x91d59bc9ec258353:0x5bd140175e826d4a!8m2!3d-0.1811473!4d-78.4784336!16s%2Fg%2F11fk4l_837!19sChIJU4Ml7Mmb1ZERSm2CXhdA0Vs?authuser=0&hl=es-419&g_ep=EgoyMDI2MDkxNS4wIJJjKgBIAVAD&rclk=1"
"Peluquería Dayana Hair Artist","099 987 5996","","4.9","105","https://instagram.com/dayanahairartist?utm_medium=copy_link","solo_red_social","","true","Centro de estética","Av. 6 de Diciembre &, 170135 Quito","Centro Histórico, Quito","https://www.google.com/maps/place/Peluquer%C3%ADa+Dayana+Hair+Artist/data=!4m7!3m6!1s0x91d59b6bef8322ef:0xc83d19e961f10b9!8m2!3d-0.1845488!4d-78.4788231!16s%2Fg%2F11rxqqpkrc!19sChIJ7yKD72ub1ZERuRAflp7Rgww?authuser=0&hl=es-419&g_ep=EgoyMDI2MDkxNS4wIJJjKgBIAVAD&rclk=1"
"Pablo Giraldo Studio Peluquería y Maquillaje.","099 251 9992","","4.9","40","","ninguno","","true","Peluquería","Edificio Samedán local 2, Checoslovaquia y Av. 6 de Diciembre E10-174, 170505 Quito","Centro Histórico, Quito","https://www.google.com/maps/place/Pablo+Giraldo+Studio+Peluquer%C3%ADa+y+Maquillaje./data=!4m7!3m6!1s0x91d59a7ef6a9d49f:0x3b858a082d41b791!8m2!3d-0.1858434!4d-78.4787778!16s%2Fg%2F11cs9yzj7d!19sChIJn9Sp9n6a1ZERkbdBLQiKhTs?authuser=0&hl=es-419&g_ep=EgoyMDI2MDkxNS4wIJJjKgBIAVAD&rclk=1"
"Marlon Hermida peluqueria","098 871 7404","","4.8","119","","ninguno","","true","Peluquería","Inglaterra N32-198GUAYANAS PB AL 1, 170519 Quito","Centro Histórico, Quito","https://www.google.com/maps/place/Marlon+Hermida+peluqueria/data=!4m7!3m6!1s0x91d59b74264db9cd:0x967617687d90b015!8m2!3d-0.1871981!4d-78.4901784!16s%2Fg%2F11h3g9dgy4!19sChIJzblNJnSb1ZERFbCQfWgXdpY?authuser=0&hl=es-419&g_ep=EgoyMDI2MDkxNS4wIJJjKgBIAVAD&rclk=1"
"KORY Peluquería El Bosque","","","3.5","22","","ninguno","","true","Barbería","RGQ4+H7Q, Av, Av. Edmundo Carvajal, 170521 Quito","Centro Histórico, Quito","https://www.google.com/maps/place/KORY+Peluquer%C3%ADa+El+Bosque/data=!4m7!3m6!1s0x91d59abec4e606e9:0xe4af611ee1587a1c!8m2!3d-0.1610366!4d-78.4942506!16s%2Fg%2F11ggfjy0jg!19sChIJ6QbmxL6a1ZERHHpY4R5hr-Q?authuser=0&hl=es-419&g_ep=EgoyMDI2MDkxNS4wIJJjKgBIAVAD&rclk=1"
"Imagen peluquería /estética","096 731 0697","","4.3","36","","ninguno","","true","Peluquería","Av. de los Shyris y Av. Tomás de Berlanga esquina, 170513 Quito","Centro Histórico, Quito","https://www.google.com/maps/place/Imagen+peluquer%C3%ADa+%2Fest%C3%A9tica/data=!4m7!3m6!1s0x91d59a9f63e0ab33:0xc7f07b285af2f7e6!8m2!3d-0.1648464!4d-78.4791122!16s%2Fg%2F11btvg8bbs!19sChIJM6vgY5-a1ZER5vfyWih78Mc?authuser=0&hl=es-419&g_ep=EgoyMDI2MDkxNS4wIJJjKgBIAVAD&rclk=1"
"Botoni Peluquería","223-2599","","4.7","149","","ninguno","","true","Peluquería","Selva Alegre Oe5-287 y, 170129 Quito","Centro Histórico, Quito","https://www.google.com/maps/place/Botoni+Peluquer%C3%ADa/data=!4m7!3m6!1s0x91d59a5c8c4eb409:0xef748842eec9257c!8m2!3d-0.1905096!4d-78.5024291!16s%2Fg%2F11cnp4th0s!19sChIJCbROjFya1ZERfCXJ7kKIdO8?authuser=0&hl=es-419&g_ep=EgoyMDI2MDkxNS4wIJJjKgBIAVAD&rclk=1"
"Malu peluquería Quito","096 413 4705","","4.7","7","","ninguno","","true","Peluquería","Isla Genovesa y e N41-18, 170102 Quito","Centro Histórico, Quito","https://www.google.com/maps/place/Malu+peluquer%C3%ADa+Quito/data=!4m7!3m6!1s0x91d59b9fed84f777:0xa05aee12e6b47baa!8m2!3d-0.1673097!4d-78.4818088!16s%2Fg%2F11mxzngqgp!19sChIJd_eE7Z-b1ZERqnu05hLuWqA?authuser=0&hl=es-419&g_ep=EgoyMDI2MDkxNS4wIJJjKgBIAVAD&rclk=1"
"Varguillas Alta Peluqueria Unisex & Spa","(02) 523-9618","","4.6","30","","ninguno","","true","Peluquería","José Tamayo N24-489, 170523 Quito","Centro Histórico, Quito","https://www.google.com/maps/place/Varguillas+Alta+Peluqueria+Unisex+%26+Spa/data=!4m7!3m6!1s0x91d59b0377701bf1:0x649e53c4de9700d1!8m2!3d-0.2040234!4d-78.4858953!16s%2Fg%2F11j1_gt9xn!19sChIJ8RtwdwOb1ZER0QCX3sRTnmQ?authuser=0&hl=es-419&g_ep=EgoyMDI2MDkxNS4wIJJjKgBIAVAD&rclk=1"
"Hair Office/ Color Studio -Peluquería","099 286 9473","","4.9","11","","ninguno","","true","Peluquería","Jorge Washington &, Av. Río Amazonas 170143, Quito","Centro Histórico, Quito","https://www.google.com/maps/place/Hair+Office%2F+Color+Studio+-Peluquer%C3%ADa/data=!4m7!3m6!1s0x91d59b1846d92143:0x9d8a7100b4072708!8m2!3d-0.2061262!4d-78.4961709!16s%2Fg%2F11fknn8yj9!19sChIJQyHZRhib1ZERCCcHtABxip0?authuser=0&hl=es-419&g_ep=EgoyMDI2MDkxNS4wIJJjKgBIAVAD&rclk=1"
"Banu spa Quito","097 863 3084","","4.5","222","https://www.instagram.com/ohmycut_ecuador/","solo_red_social","","true","Peluquería","Al lado de concesionario Maserati, Edificio Shyris 186, Av. de los Shyris, 170513 Quito","Centro Histórico, Quito","https://www.google.com/maps/place/Banu+spa+Quito/data=!4m7!3m6!1s0x91d59a724bb74c59:0x4f686ad8be2562f5!8m2!3d-0.1895264!4d-78.4820557!16s%2Fg%2F11g22z6395!19sChIJWUy3S3Ka1ZER9WIlvthqaE8?authuser=0&hl=es-419&g_ep=EgoyMDI2MDkxNS4wIJJjKgBIAVAD&rclk=1"
"Kings Barber Shop - Corte de Cabello y Barba en Quito","098 327 3948","","4.7","487","http://www.kingsbs.com/","sitio_propio","","false","Barbería","Checoslovaquia E9-75, 1701Ecuador, 170135 Quito","Centro Histórico, Quito","https://www.google.com/maps/place/Kings+Barber+Shop+-+Corte+de+Cabello+y+Barba+en+Quito/data=!4m7!3m6!1s0x91d59a7e7b642049:0x6656a7e241a4cc69!8m2!3d-0.185898!4d-78.481056!16s%2Fg%2F11c5qm62zy!19sChIJSSBke36a1ZERacykQeKnVmY?authuser=0&hl=es-419&g_ep=EgoyMDI2MDkxNS4wIJJjKgBIAVAD&rclk=1"
"Peluqueria Rhosnyk","098 205 4507","","4","6","https://www.facebook.com/Rhosnyk-Peluqueria-2472534366097466/","solo_red_social","","true","Barbería","Oriente 507, 170130 Quito","Centro Histórico, Quito","https://www.google.com/maps/place/Peluqueria+Rhosnyk/data=!4m7!3m6!1s0x91d59b3c4963f859:0xf0c68f4c8d30cf40!8m2!3d-0.2179253!4d-78.5074723!16s%2Fg%2F11g0mt3fq1!19sChIJWfhjSTyb1ZERQM8wjUyPxvA?authuser=0&hl=es-419&g_ep=EgoyMDI2MDkxNS4wIJJjKgBIAVAD&rclk=1"
"Nexus Peluquería","(02) 600-9237","","4.8","6","https://nexxuspeluqueria.com/","sitio_propio","","false","Centro de estética","Edificio Florencia 1, Av. Gonzalez Suarez N32-42, Quito","Centro Histórico, Quito","https://www.google.com/maps/place/Nexus+Peluquer%C3%ADa/data=!4m7!3m6!1s0x91d59a745edd2715:0xbf9113d7c1cf77d9!8m2!3d-0.1990733!4d-78.4793432!16s%2Fg%2F11fd6gyl6f!19sChIJFSfdXnSa1ZER2XfPwdcTkb8?authuser=0&hl=es-419&g_ep=EgoyMDI2MDkxNS4wIJJjKgBIAVAD&rclk=1"
"Reflejos Peluquería","(02) 254-4316","","5","15","","ninguno","","true","Peluquería","Fray Bartolomé de las Casas oe3-147, 170129 Quito","Centro Histórico, Quito","https://www.google.com/maps/place/Reflejos+Peluquer%C3%ADa/data=!4m7!3m6!1s0x91d59b3750dd2ca7:0xb5e90b6a7fc141e2!8m2!3d-0.1920886!4d-78.4975088!16s%2Fg%2F11spp8ngd4!19sChIJpyzdUDeb1ZER4kHBf2oL6bU?authuser=0&hl=es-419&g_ep=EgoyMDI2MDkxNS4wIJJjKgBIAVAD&rclk=1"
"Peluqueria Make The Difference","099 548 0285","","4.8","8","","ninguno","","true","Centro de estética","Frente a Torres, Agustin Guerrero y Japón E5-73 y, 170135 Quito","Centro Histórico, Quito","https://www.google.com/maps/place/Peluqueria+Make+The+Difference/data=!4m7!3m6!1s0x91d59a7a4a50e227:0x99ff99f0c622cf4c!8m2!3d-0.1706934!4d-78.483287!16s%2Fg%2F1hf071z_r!19sChIJJ-JQSnqa1ZERTM8ixvCZ_5k?authuser=0&hl=es-419&g_ep=EgoyMDI2MDkxNS4wIJJjKgBIAVAD&rclk=1"
"Hair Play Norte Pelu Infantil","099 215 1152","","4.2","179","","ninguno","","true","Peluquería","Julio Moreno, 170135 Quito","Centro Histórico, Quito","https://www.google.com/maps/place/Hair+Play+Norte+Pelu+Infantil/data=!4m7!3m6!1s0x91d59a8101e2d123:0xef0e7eca5a4de99b!8m2!3d-0.1810113!4d-78.4783465!16s%2Fg%2F11bx2ksdr3!19sChIJI9HiAYGa1ZERm-lNWsp-Du8?authuser=0&hl=es-419&g_ep=EgoyMDI2MDkxNS4wIJJjKgBIAVAD&rclk=1"
"Jorge Russinsky by Magi "" Peluqueria y cosmetología","099 895 5018","","4.4","72","","ninguno","","true","Peluquería","Madrid y Toledo E12-162 y, 170135 Quito","Centro Histórico, Quito","https://www.google.com/maps/place/Jorge+Russinsky+by+Magi+%22+Peluqueria+y+cosmetolog%C3%ADa/data=!4m7!3m6!1s0x91d59b4228d909eb:0xcc9879729616919!8m2!3d-0.2084223!4d-78.4859506!16s%2Fg%2F11f6y7d36x!19sChIJ6wnZKEKb1ZERGWlhKZeHyQw?authuser=0&hl=es-419&g_ep=EgoyMDI2MDkxNS4wIJJjKgBIAVAD&rclk=1"
"Cristhian Játiva VIP","099 266 8044","","4.6","55","","ninguno","","true","Peluquería","RG8C+JG3, Av. 6 de Diciembre E10-15, 170135 Quito","Centro Histórico, Quito","https://www.google.com/maps/place/Cristhian+J%C3%A1tiva+VIP/data=!4m7!3m6!1s0x91d59a7e27d96ced:0x16295958c0fb36c7!8m2!3d-0.1833923!4d-78.4786781!16s%2Fg%2F11by_l91qq!19sChIJ7WzZJ36a1ZERxzb7wFhZKRY?authuser=0&hl=es-419&g_ep=EgoyMDI2MDkxNS4wIJJjKgBIAVAD&rclk=1"
"Red Lulu Hair Design","098 203 4397","david@redluluquito.com","4.7","155","http://www.redluluquito.com/","sitio_propio","","false","Peluquería","Av. de los Shyris y Av. Eloy Alfaro N 32-218 y, 170135 Quito","Centro Histórico, Quito","https://www.google.com/maps/place/Red+Lulu+Hair+Design/data=!4m7!3m6!1s0x91d59a875c9db001:0x8b8bb2a9c5cea66e!8m2!3d-0.1885204!4d-78.4827067!16s%2Fg%2F11g81dgx72!19sChIJAbCdXIea1ZERbqbOxamyi4s?authuser=0&hl=es-419&g_ep=EgoyMDI2MDkxNS4wIJJjKgBIAVAD&rclk=1"
"Stephan Peluquería","(02) 243-3587","","4.3","6","http://www.stephan.com.ec/","sitio_propio","","true","Peluquería","Avenida República de El Salvador N35 123 y suecia edificio claude monet pb, Quito","Centro Histórico, Quito","https://www.google.com/maps/place/Stephan+Peluquer%C3%ADa/data=!4m7!3m6!1s0x91d59a812ba35c41:0xe8cddcf0928bb610!8m2!3d-0.1807497!4d-78.4801131!16s%2Fg%2F11gfgp202q!19sChIJQVyjK4Ga1ZERELaLkvDczeg?authuser=0&hl=es-419&g_ep=EgoyMDI2MDkxNS4wIJJjKgBIAVAD&rclk=1"
"MEN´S LA FLORESTA","097 929 0710","","4.3","6","https://web.bewe.co/business-mens-quito-norte/services","sitio_propio","","false","Barbería","AV. LA CORUÑA / N24-258, Mallorca ESQUINA, Quito","La Floresta, Quito","https://www.google.com/maps/place/MEN%C2%B4S+LA+FLORESTA/data=!4m7!3m6!1s0x91d59b0e329e9d75:0x6591d9c65f2f7671!8m2!3d-0.2086824!4d-78.4821117!16s%2Fg%2F11z3y48pb9!19sChIJdZ2eMg6b1ZERcXYvX8bZkWU?authuser=0&hl=es-419&g_ep=EgoyMDI2MDkxNS4wIJJjKgBIAVAD&rclk=1"
"VIP Barber Club Ecuador","099 047 7959","","4.5","74","https://www.thevipbarberclub.com/","sitio_propio","","false","Barbería","Hotel Quito, Avs. González Suárez y Orellana Planta Baja, 170408 Quito","La Floresta, Quito","https://www.google.com/maps/place/VIP+Barber+Club+Ecuador/data=!4m7!3m6!1s0x91d59a0b4fa96d1f:0xacd87c53f744c079!8m2!3d-0.2018509!4d-78.4801184!16s%2Fg%2F11gmcfny8f!19sChIJH22pTwua1ZERecBE91N82Kw?authuser=0&hl=es-419&g_ep=EgoyMDI2MDkxNS4wIJJjKgBIAVAD&rclk=1"
"Jower Barber Studio 2 segunda sucursal","099 975 5371","","4.9","37","","ninguno","","true","Barbería","La Condamine y Manuel Cajias Y y, 170802 Quito","La Floresta, Quito","https://www.google.com/maps/place/Jower+Barber+Studio+2+segunda+sucursal/data=!4m7!3m6!1s0x91d59be09522acb9:0x252fa4c8ddfc0681!8m2!3d-0.2158202!4d-78.4898038!16s%2Fg%2F11whxb5y2k!19sChIJuawileCb1ZERgQb83cikLyU?authuser=0&hl=es-419&g_ep=EgoyMDI2MDkxNS4wIJJjKgBIAVAD&rclk=1"
"Ace Barber Studio","097 938 9104","","4.9","168","https://www.acebarberstudio.com/","sitio_propio","2025","false","Barbería","Checoslovaquia y Av. 6 de Diciembre E10-71 y, 170138 Quito","La Floresta, Quito","https://www.google.com/maps/place/Ace+Barber+Studio/data=!4m7!3m6!1s0x91d59b94d8c187a3:0xfb3cfa4700e9b562!8m2!3d-0.185671!4d-78.4795848!16s%2Fg%2F11xntx7d1s!19sChIJo4fB2JSb1ZERYrXpAEf6PPs?authuser=0&hl=es-419&g_ep=EgoyMDI2MDkxNS4wIJJjKgBIAVAD&rclk=1"
"Kings Barber Shop - Corte de Cabello y Barba en Quito","098 327 3948","","4.7","487","http://www.kingsbs.com/","sitio_propio","","false","Barbería","Checoslovaquia E9-75, 1701Ecuador, 170135 Quito","La Floresta, Quito","https://www.google.com/maps/place/Kings+Barber+Shop+-+Corte+de+Cabello+y+Barba+en+Quito/data=!4m7!3m6!1s0x91d59a7e7b642049:0x6656a7e241a4cc69!8m2!3d-0.1858985!4d-78.4810555!16s%2Fg%2F11c5qm62zy!19sChIJSSBke36a1ZERacykQeKnVmY?authuser=0&hl=es-419&g_ep=EgoyMDI2MDkxNS4wIJJjKgBIAVAD&rclk=1"
"Edalbertbarber","096 386 2015","","4.9","324","","ninguno","","true","Barbería","Alemania E3-57, 170515 Quito","La Floresta, Quito","https://www.google.com/maps/place/Edalbertbarber/data=!4m7!3m6!1s0x91d59be73d675c27:0x6a8c4bfd71e4baea!8m2!3d-0.1869066!4d-78.4895896!16s%2Fg%2F11mhdrl1wr!19sChIJJ1xnPeeb1ZER6rrkcf1LjGo?authuser=0&hl=es-419&g_ep=EgoyMDI2MDkxNS4wIJJjKgBIAVAD&rclk=1"
"Los Barberos","098 061 0420","","4.5","120","https://www.facebook.com/LosBarberosQuito/","solo_red_social","","true","Peluquería","Edificio Recoleta, planta Baja, Calle, Catalina Aldaz, Quito","La Floresta, Quito","https://www.google.com/maps/place/Los+Barberos/data=!4m7!3m6!1s0x91d59a7fd8ac47df:0xba95b51db1b5e674!8m2!3d-0.1830916!4d-78.4768445!16s%2Fg%2F11d_bj1d4j!19sChIJ30es2H-a1ZERdOa1sR21lbo?authuser=0&hl=es-419&g_ep=EgoyMDI2MDkxNS4wIJJjKgBIAVAD&rclk=1"
"La Barbiere Quito Studio","097 884 9684","","4.9","107","https://labarbiere.ec/citas/","sitio_propio","2023","false","Barbería","Catalina Aldaz #N14-100 Interseccion (entre Portugal, y y Av. Eloy Alfaro, 170504 Quito","La Floresta, Quito","https://www.google.com/maps/place/La+Barbiere+Quito+Studio/data=!4m7!3m6!1s0x91d59bc3a911ffad:0xdd7d1b1ad135fb0!8m2!3d-0.1836623!4d-78.476926!16s%2Fg%2F11khtjw5yl!19sChIJrf8RqcOb1ZERsF8TrbHR1w0?authuser=0&hl=es-419&g_ep=EgoyMDI2MDkxNS4wIJJjKgBIAVAD&rclk=1"
"Kal's Barbershop","098 866 3642","","4.9","13","","ninguno","","true","Barbería","Reina Victoria y Luis Cordero N24-369 y, 170910 Quito","La Floresta, Quito","https://www.google.com/maps/place/Kal%27s+Barbershop/data=!4m7!3m6!1s0x91d59b59b899d541:0x20b0c41a7857c8bc!8m2!3d-0.2018044!4d-78.4892467!16s%2Fg%2F11ydn3nwdy!19sChIJQdWZuFmb1ZERvMhXeBrEsCA?authuser=0&hl=es-419&g_ep=EgoyMDI2MDkxNS4wIJJjKgBIAVAD&rclk=1"
"GMG_BARBERSHOP","099 956 0830","","5","37","https://www.instagram.com/gmg_barber_shop?igsh=MXZubG9yNms0d2g1OA==&utm_source=qr","solo_red_social","","true","Barbería","Av. José Tamayo, y y Mariscal Foch, 170102 Quito","La Floresta, Quito","https://www.google.com/maps/place/GMG_BARBERSHOP/data=!4m7!3m6!1s0x91d59b00136ff015:0x611d80a9e5201fac!8m2!3d-0.2060815!4d-78.4888799!16s%2Fg%2F11lf3dkdss!19sChIJFfBvEwCb1ZERrB8g5amAHWE?authuser=0&hl=es-419&g_ep=EgoyMDI2MDkxNS4wIJJjKgBIAVAD&rclk=1"
"CAPONE's Barber Club","(02) 600-8011","","4.8","148","https://m.facebook.com/CAPONEsBarberClub/?ref=page_internal&mt_nav=1","solo_red_social","","true","Barbería","Finlandia, Suecia y PB 188 y, Quito","La Floresta, Quito","https://www.google.com/maps/place/CAPONE%27s+Barber+Club/data=!4m7!3m6!1s0x91d59a813256ca89:0xe43d891dacaa3452!8m2!3d-0.1802844!4d-78.4807068!16s%2Fg%2F11g72g7tbd!19sChIJicpWMoGa1ZERUjSqrB2JPeQ?authuser=0&hl=es-419&g_ep=EgoyMDI2MDkxNS4wIJJjKgBIAVAD&rclk=1"
"The Cave CCI","098 458 9827","","4.9","1390","https://thecave.ec/","sitio_propio","2022","false","Barbería","Centro Comercial, 170501 Quito","La Floresta, Quito","https://www.google.com/maps/place/The+Cave+CCI/data=!4m7!3m6!1s0x91d59bf4bf402565:0x72875ee5a6f2e28a!8m2!3d-0.1771594!4d-78.485211!16s%2Fg%2F11lyzb_7gw!19sChIJZSVAv_Sb1ZERiuLypuVeh3I?authuser=0&hl=es-419&g_ep=EgoyMDI2MDkxNS4wIJJjKgBIAVAD&rclk=1"
"GALA STUDIO","099 904 7832","","4.8","88","","ninguno","","true","Barbería","Antonio de Ulloa y Cuero y Caicedo 30-43, 170129 Quito","La Floresta, Quito","https://www.google.com/maps/place/GALA+STUDIO/data=!4m7!3m6!1s0x91d59b987a86e0fd:0xe3d452c173d2deac!8m2!3d-0.1907648!4d-78.4959697!16s%2Fg%2F11mwgv3mnt!19sChIJ_eCGepib1ZERrN7Sc8FS1OM?authuser=0&hl=es-419&g_ep=EgoyMDI2MDkxNS4wIJJjKgBIAVAD&rclk=1"
"Barbería Invictus","098 349 5866","","4.8","54","","ninguno","","true","Barbería","Edificio Don Gaspar, Av. Gaspar de Villarroel y José Manuel Abascal E12-17 y, 170504 Quito","La Floresta, Quito","https://www.google.com/maps/place/Barber%C3%ADa+Invictus/data=!4m7!3m6!1s0x91d5917606872dd3:0x843f9377ed535c65!8m2!3d-0.1711986!4d-78.4741066!16s%2Fg%2F11vyslykvx!19sChIJ0y2HBnaR1ZERZVxT7XeTP4Q?authuser=0&hl=es-419&g_ep=EgoyMDI2MDkxNS4wIJJjKgBIAVAD&rclk=1"
"Sanctum barber studio","099 807 8906","","5","15","https://www.instagram.com/jrbarber09?igsh=M3Q4MjhwY3BsNHY3&utm_source=qr","solo_red_social","","true","Barbería","Quito y Av. República de El Salvador, 170102 Quito","La Floresta, Quito","https://www.google.com/maps/place/Sanctum+barber+studio/data=!4m7!3m6!1s0x91d59b26502476ed:0x5e659a02ae638d5c!8m2!3d-0.1780985!4d-78.4797411!16s%2Fg%2F11z7399p3r!19sChIJ7XYkUCab1ZERXI1jrgKaZV4?authuser=0&hl=es-419&g_ep=EgoyMDI2MDkxNS4wIJJjKgBIAVAD&rclk=1"
"MONALISA Peluqueria y Barberia Floreana","099 871 9781","","4.1","399","","ninguno","","true","Peluquería","Av. Isla Floreana 43 e, 170102 Quito","La Floresta, Quito","https://www.google.com/maps/place/MONALISA+Peluqueria+y+Barberia+Floreana/data=!4m7!3m6!1s0x91d59b59695d6ea7:0x1012dbc432774877!8m2!3d-0.1675123!4d-78.4808818!16s%2Fg%2F11gr68wj8d!19sChIJp25daVmb1ZERd0h3MsTbEhA?authuser=0&hl=es-419&g_ep=EgoyMDI2MDkxNS4wIJJjKgBIAVAD&rclk=1"
"Ferrieri Barbería y Peluquería","","","5","29","","ninguno","","true","Peluquería","Av. Portugal y Av. República de El Salvador &, 170102 Quito","La Floresta, Quito","https://www.google.com/maps/place/Ferrieri+Barber%C3%ADa+y+Peluquer%C3%ADa/data=!4m7!3m6!1s0x91d59b002539cd47:0x5aba626deb547d0d!8m2!3d-0.1815095!4d-78.4803575!16s%2Fg%2F11mf8vnkkm!19sChIJR805JQCb1ZERDX1U621iulo?authuser=0&hl=es-419&g_ep=EgoyMDI2MDkxNS4wIJJjKgBIAVAD&rclk=1"
"Zeus Barbería Pradera","098 793 6795","","4.9","77","","ninguno","","true","Peluquería","170135, Quito","La Floresta, Quito","https://www.google.com/maps/place/Zeus+Barber%C3%ADa+Pradera/data=!4m7!3m6!1s0x91d59b3455f503bd:0x4a90698227c8c9dd!8m2!3d-0.1938127!4d-78.4862791!16s%2Fg%2F11x7_shnmq!19sChIJvQP1VTSb1ZER3cnIJ4JpkEo?authuser=0&hl=es-419&g_ep=EgoyMDI2MDkxNS4wIJJjKgBIAVAD&rclk=1"
"Alfa Barber Studio","099 816 6390","","5","41","","ninguno","","true","Barbería","170157, Quito","La Floresta, Quito","https://www.google.com/maps/place/Alfa+Barber+Studio/data=!4m7!3m6!1s0x91d59141ead48913:0x40f127646dd7fa73!8m2!3d-0.2036656!4d-78.4415898!16s%2Fg%2F11l2d7_pgd!19sChIJE4nU6kGR1ZERc_rXbWQn8UA?authuser=0&hl=es-419&g_ep=EgoyMDI2MDkxNS4wIJJjKgBIAVAD&rclk=1"
"Aarón Argoti Barbería","096 948 1421","","4.5","106","https://www.instagram.com/aaronargoti_barberia","solo_red_social","","true","Barbería","De los Guabos N47-34 y, Av. El Inca, 170124 Quito","La Floresta, Quito","https://www.google.com/maps/place/Aar%C3%B3n+Argoti+Barber%C3%ADa/data=!4m7!3m6!1s0x91d59165a7deb7d9:0xfc1fead51e7355!8m2!3d-0.1536587!4d-78.4735769!16s%2Fg%2F11g0g5xwvp!19sChIJ2bfep2WR1ZERVXMe1eof_AA?authuser=0&hl=es-419&g_ep=EgoyMDI2MDkxNS4wIJJjKgBIAVAD&rclk=1"
"FRATELLI BARBERÍA","(02) 204-2274","","5","75","","ninguno","","true","Barbería","Avenida Pampite, Y y Simón Valenzuela, 170102 Quito","La Floresta, Quito","https://www.google.com/maps/place/FRATELLI+BARBER%C3%8DA/data=!4m7!3m6!1s0x91d591415ecea187:0x6a81b52dacb6f324!8m2!3d-0.1950183!4d-78.4375283!16s%2Fg%2F11n59j9sf5!19sChIJh6HOXkGR1ZERJPO2rC21gWo?authuser=0&hl=es-419&g_ep=EgoyMDI2MDkxNS4wIJJjKgBIAVAD&rclk=1"
"The Cave Barber Shop Paseo SF","099 310 9376","","4.9","1252","http://www.thecave.ec/","sitio_propio","2022","false","Barbería","Redondel USFQ, Centro Comercial Paseo San Francisco, Av. Oswaldo Guayasamín y y local L-215, 170901","La Floresta, Quito","https://www.google.com/maps/place/The+Cave+Barber+Shop+Paseo+SF/data=!4m7!3m6!1s0x91d590e6ddc4b4f5:0xac487823fdc46e02!8m2!3d-0.1989287!4d-78.4367512!16s%2Fg%2F11f3jy75dg!19sChIJ9bTE3eaQ1ZERAm7E_SN4SKw?authuser=0&hl=es-419&g_ep=EgoyMDI2MDkxNS4wIJJjKgBIAVAD&rclk=1"
"Barberia Cabimo barber shop","098 714 6369","","5","77","","ninguno","","true","Barbería","Cesar Teran Lopez, 170124 Quito","La Floresta, Quito","https://www.google.com/maps/place/Barberia+Cabimo+barber+shop/data=!4m7!3m6!1s0x91d58f230028e60f:0xc9f8f8141bd93361!8m2!3d-0.1339551!4d-78.4668555!16s%2Fg%2F11vjsclx53!19sChIJD-YoACOP1ZERYTPZGxT4-Mk?authuser=0&hl=es-419&g_ep=EgoyMDI2MDkxNS4wIJJjKgBIAVAD&rclk=1"
"Holy Cut Barbershop","099 350 6007","","5","60","","ninguno","","true","Barbería","Av. Interoceánica &, 170102 Quito","González Suárez, Quito","https://www.google.com/maps/place/Holy+Cut+Barbershop/data=!4m7!3m6!1s0x91d59b003cabddd7:0xb1cd799b4305e5bc!8m2!3d-0.1912642!4d-78.4805712!16s%2Fg%2F11yysk0lj5!19sChIJ192rPACb1ZERvOUFQ5t5zbE?authuser=0&hl=es-419&g_ep=EgoyMDI2MDkxNS4wIJJjKgBIAVAD&rclk=1"
"Ohlalá Beauty Studio González Suárez / BALAYAGE, COLOR, TRATAMIENTOS, ALISADOS, MANICURE, PEDICURE, DEPILACIÓN Y MAQUILLAJE","096 177 4444","","4.8","106","","ninguno","","true","Peluquería","Edificio Acrópolis, Av. Gonzalez Suarez 32-69 y, 170184 Quito","González Suárez, Quito","https://www.google.com/maps/place/Ohlal%C3%A1+Beauty+Studio+Gonz%C3%A1lez+Su%C3%A1rez+%2F+BALAYAGE,+COLOR,+TRATAMIENTOS,+ALISADOS,+MANICURE,+PEDICURE,+DEPILACI%C3%93N+Y+MAQUILLAJE/data=!4m7!3m6!1s0x91d59bf3a84e033f:0x794262db52c17d00!8m2!3d-0.195195!4d-78.4782633!16s%2Fg%2F11jzsgg62c!19sChIJPwNOqPOb1ZERAH3BUttiQnk?authuser=0&hl=es-419&g_ep=EgoyMDI2MDkxNS4wIJJjKgBIAVAD&rclk=1"
"Hipster Barber Studio","099 890 4805","","5","34","","ninguno","","true","Barbería","Edificio Saint Moritz. Av. Eloy Alfaro, y y Checoslovaquia, 170501 Quito","González Suárez, Quito","https://www.google.com/maps/place/Hipster+Barber+Studio/data=!4m7!3m6!1s0x91d59bb5e2a122cd:0x7b537624bb554e6a!8m2!3d-0.185999!4d-78.4784257!16s%2Fg%2F11yv1rgmyg!19sChIJzSKh4rWb1ZERak5VuyR2U3s?authuser=0&hl=es-419&g_ep=EgoyMDI2MDkxNS4wIJJjKgBIAVAD&rclk=1"
"BarberStudio 1993","098 397 0090","","5","31","","ninguno","","true","Barbería","Edificio, Av. 6 de Diciembre 31 50, 170517 Quito","González Suárez, Quito","https://www.google.com/maps/place/BarberStudio+1993/data=!4m7!3m6!1s0x91d59b003caa339f:0xc816655583e6ef9e!8m2!3d-0.195468!4d-78.4823785!16s%2Fg%2F11x62pp3w2!19sChIJnzOqPACb1ZERnu_mg1VlFsg?authuser=0&hl=es-419&g_ep=EgoyMDI2MDkxNS4wIJJjKgBIAVAD&rclk=1"
"Akron Barber Studio","097 882 2405","","5","8","","ninguno","","true","Barbería","Av. Eloy Alfaro, y y Av. de los Shyris, 170143 Quito","González Suárez, Quito","https://www.google.com/maps/place/Akron+Barber+Studio/data=!4m7!3m6!1s0x91d59b9fc047f2c1:0x4553a0fc31cbc530!8m2!3d-0.1880976!4d-78.4810674!16s%2Fg%2F11n4pygq0g!19sChIJwfJHwJ-b1ZERMMXLMfygU0U?authuser=0&hl=es-419&g_ep=EgoyMDI2MDkxNS4wIJJjKgBIAVAD&rclk=1"
"Noah Studio Hair Salon","099 269 7627","reservas@noahstudiohairsalon.com; ejemplo@misitio.com","4.9","62","http://www.noahstudiohairsalon.com/","sitio_propio","","false","Peluquería","Av Coruña, y y Av. Francisco de Orellana, 170517 Quito","González Suárez, Quito","https://www.google.com/maps/place/Noah+Studio+Hair+Salon/data=!4m7!3m6!1s0x91d59bb1e55d38ef:0x40c52a4afb4d51e!8m2!3d-0.2002152!4d-78.4824905!16s%2Fg%2F11tckxchrn!19sChIJ7zhd5bGb1ZERHtW0r6RSDAQ?authuser=0&hl=es-419&g_ep=EgoyMDI2MDkxNS4wIJJjKgBIAVAD&rclk=1"
"Barberia Arte y Estylo","(02) 600-8404","","4.9","379","http://arteyestylo.carrd.co/","sitio_propio","2026","false","Barbería","Avenida 6 de Diciembre, y y Los Naranjos, 170102 Quito","González Suárez, Quito","https://www.google.com/maps/place/Barberia+Arte+y+Estylo/data=!4m7!3m6!1s0x91d59a80fcd819af:0xff02d42d3949fb76!8m2!3d-0.1810034!4d-78.4787421!16s%2Fg%2F11gblwjwh0!19sChIJrxnY_ICa1ZERdvtJOS3UAv8?authuser=0&hl=es-419&g_ep=EgoyMDI2MDkxNS4wIJJjKgBIAVAD&rclk=1"
"Gustavo Peluquería","099 972 2953","","4.5","30","","ninguno","","true","Peluquería","Av. Gonzalez Suarez y San Ignacio N28-48 y, 170517 Quito","González Suárez, Quito","https://www.google.com/maps/place/Gustavo+Peluquer%C3%ADa/data=!4m7!3m6!1s0x91d59a74600543f1:0x7dae97c1c5640f94!8m2!3d-0.1993758!4d-78.4792088!16s%2Fg%2F11csr3st93!19sChIJ8UMFYHSa1ZERlA9kxcGXrn0?authuser=0&hl=es-419&g_ep=EgoyMDI2MDkxNS4wIJJjKgBIAVAD&rclk=1"
"𝑫'𝒑𝒂𝒃𝒍𝒐𝒔 𝑩𝒂𝒓𝒃𝒆𝒓𝑺𝒉𝒐𝒑","","","4.8","29","https://m.facebook.com/D-Pablos-Barbershop-114361243687196/?ref=bookmarks","solo_red_social","","true","Barbería","170203 Quito","Cumbayá, Quito","https://www.google.com/maps/place/%F0%9D%91%AB%27%F0%9D%92%91%F0%9D%92%82%F0%9D%92%83%F0%9D%92%8D%F0%9D%92%90%F0%9D%92%94+%F0%9D%91%A9%F0%9D%92%82%F0%9D%92%93%F0%9D%92%83%F0%9D%92%86%F0%9D%92%93%F0%9D%91%BA%F0%9D%92%89%F0%9D%92%90%F0%9D%92%91/data=!4m7!3m6!1s0x91d58fb51b065c5f:0xff59c83e5e6218d0!8m2!3d-0.0922308!4d-78.453321!16s%2Fg%2F11k5nb3d1_!19sChIJX1wGG7WP1ZER0BhiXj7IWf8?authuser=0&hl=es-419&g_ep=EgoyMDI2MDkxNS4wIJJjKgBIAVAD&rclk=1"
"brooklyn barber shop","(02) 381-3831","","4.3","84","","ninguno","","true","Barbería","francisco del campo, Francisco Ruiz y Francisco Velásquez, 170120 Quito","Cumbayá, Quito","https://www.google.com/maps/place/brooklyn+barber+shop/data=!4m7!3m6!1s0x91d58fc77fed4ab5:0x53daaa5caf0b4e48!8m2!3d-0.0882389!4d-78.4748121!16s%2Fg%2F11pywm4dzx!19sChIJtUrtf8eP1ZERSE4Lr1yq2lM?authuser=0&hl=es-419&g_ep=EgoyMDI2MDkxNS4wIJJjKgBIAVAD&rclk=1"
"MEN’S BARBER & ACADEMY - CUMBAYÁ","098 851 3030","mensuiospa@gmail.com","4.9","191","https://mensecuador.com/","sitio_propio","2026","false","Barbería","170157 Quito","Cumbayá, Quito","https://www.google.com/maps/place/MEN%E2%80%99S+BARBER+%26+ACADEMY+-+CUMBAY%C3%81/data=!4m7!3m6!1s0x91d591787fdfcf7b:0x73e4c991d467ed97!8m2!3d-0.2120301!4d-78.4283983!16s%2Fg%2F11ltg2nbgn!19sChIJe8_ff3iR1ZERl-1n1JHJ5HM?authuser=0&hl=es-419&g_ep=EgoyMDI2MDkxNS4wIJJjKgBIAVAD&rclk=1"
"George's Barber Shop, Cumbayá","097 871 0095","","4.8","32","","ninguno","","true","Barbería","Coelho Plaza | Centro Comercial Cumbayá, Parque de Cumbayá, 170157 Quito","Cumbayá, Quito","https://www.google.com/maps/place/George%27s+Barber+Shop,+Cumbay%C3%A1/data=!4m7!3m6!1s0x91d5918f67bc4a5b:0xf8251b0607609979!8m2!3d-0.2011957!4d-78.4281338!16s%2Fg%2F11rc87w9j0!19sChIJW0q8Z4-R1ZEReZlgBwYbJfg?authuser=0&hl=es-419&g_ep=EgoyMDI2MDkxNS4wIJJjKgBIAVAD&rclk=1"
"Barber House Cumbaya","096 279 2796","info@barberhouse.ec","4.7","428","https://www.barberhouse.ec/","sitio_propio","","false","Barbería","Centro Comercial La Tejedora, Av. Oswaldo Guayasamín y Siena E5-25 y, 170901 Quito","Cumbayá, Quito","https://www.google.com/maps/place/Barber+House+Cumbaya/data=!4m7!3m6!1s0x91d59120ce06ca91:0x687e64cb5186d06b!8m2!3d-0.2055567!4d-78.4277859!16s%2Fg%2F11g6xcxq22!19sChIJkcoGziCR1ZERa9CGUctkfmg?authuser=0&hl=es-419&g_ep=EgoyMDI2MDkxNS4wIJJjKgBIAVAD&rclk=1"
"Boxes Barber Club","096 265 0193","","4.8","19","","ninguno","","true","Barbería","Cumbaya francisco de orellana, y y Juan Montalvo, 170901 Quito","Cumbayá, Quito","https://www.google.com/maps/place/Boxes+Barber+Club/data=!4m7!3m6!1s0x91d591845b4f5bb9:0x98f69006f2264ce7!8m2!3d-0.2012052!4d-78.4280878!16s%2Fg%2F11nbjdd4rd!19sChIJuVtPW4SR1ZER50wm8gaQ9pg?authuser=0&hl=es-419&g_ep=EgoyMDI2MDkxNS4wIJJjKgBIAVAD&rclk=1"
"Anuz Barber For Men","099 522 0388","","5","72","https://www.instagram.com/anuz.ec?igsh=cjZyMGcxMjhlaW1r","solo_red_social","","true","Barbería","entre Salina, Av María Angélica Idrovo N°, y y Chimborazo E1-110, 170119 Quito","Cumbayá, Quito","https://www.google.com/maps/place/Anuz+Barber+For+Men/data=!4m7!3m6!1s0x91d5918efe72485d:0x55d1fea51b98c4d8!8m2!3d-0.201648!4d-78.4320944!16s%2Fg%2F11mkcjg7ll!19sChIJXUhy_o6R1ZER2MSYG6X-0VU?authuser=0&hl=es-419&g_ep=EgoyMDI2MDkxNS4wIJJjKgBIAVAD&rclk=1"
"Uio Color Peluquería","099 854 7462","","4.2","90","","ninguno","","true","Peluquería","Carlos mantilla, y y C. Toledo, 170155 Quito","Cumbayá, Quito","https://www.google.com/maps/place/Uio+Color+Peluquer%C3%ADa/data=!4m7!3m6!1s0x91d58f35271ac49d:0x1471be0b411f472a!8m2!3d-0.0895376!4d-78.4403484!16s%2Fg%2F11ff517b5c!19sChIJncQaJzWP1ZERKkcfQQu-cRQ?authuser=0&hl=es-419&g_ep=EgoyMDI2MDkxNS4wIJJjKgBIAVAD&rclk=1"
"The Barber's Castle","098 723 2679","","4.8","17","","ninguno","","true","Peluquería","Av. María Angélica Idrobo, 170901 Quito","Cumbayá, Quito","https://www.google.com/maps/place/The+Barber%27s+Castle/data=!4m7!3m6!1s0x91d59174d81b1b59:0x9119a840c4dde6b8!8m2!3d-0.1986608!4d-78.4354833!16s%2Fg%2F11p3hbstnq!19sChIJWRsb2HSR1ZERuObdxECoGZE?authuser=0&hl=es-419&g_ep=EgoyMDI2MDkxNS4wIJJjKgBIAVAD&rclk=1"
"Valhalla Barber Studio","099 566 1749","","5","70","","ninguno","","true","Barbería","Marieta de Veintimilla, 170157 Quito","Cumbayá, Quito","https://www.google.com/maps/place/Valhalla+Barber+Studio/data=!4m7!3m6!1s0x91d591007dd79771:0xf24a5fe6a157bd41!8m2!3d-0.1941114!4d-78.423493!16s%2Fg%2F11xzbhwf4g!19sChIJcZfXfQCR1ZERQb1XoeZfSvI?authuser=0&hl=es-419&g_ep=EgoyMDI2MDkxNS4wIJJjKgBIAVAD&rclk=1"
"Mr. Mckliff Barber Riders","096 760 8382","asistentebrizacumbaya@mimack.ec","5","21","https://mrmckliff-barber-riders.com/","sitio_propio","","false","Barbería","Briza Cumbaya, E4-84 Francisco de Orellana, y y Tajamar, Local 119, 170902","Cumbayá, Quito","https://www.google.com/maps/place/Mr.+Mckliff+Barber+Riders/data=!4m7!3m6!1s0x91d591fdad4d1945:0x457a12c460d60899!8m2!3d-0.2020044!4d-78.4265541!16s%2Fg%2F11y0hlvqvm!19sChIJRRlNrf2R1ZERmQjWYMQSekU?authuser=0&hl=es-419&g_ep=EgoyMDI2MDkxNS4wIJJjKgBIAVAD&rclk=1"
"The Cave - Scala Shopping","093 914 2905","","4.8","1193","http://thecave.ec/","sitio_propio","2022","false","Barbería","Av. Interoceánica Km. 12½ y, Pje. El Valle, 170902 Quito","Cumbayá, Quito","https://www.google.com/maps/place/The+Cave+-+Scala+Shopping/data=!4m7!3m6!1s0x91d59108d43651d9:0x23a57049d7f3d4d!8m2!3d-0.2073855!4d-78.4250956!16s%2Fg%2F11j8j0_3fq!19sChIJ2VE21AiR1ZERTT1_nQRXOgI?authuser=0&hl=es-419&g_ep=EgoyMDI2MDkxNS4wIJJjKgBIAVAD&rclk=1"
"Elegance Barber Club","095 906 6790","","4.9","30","https://eleganceuio.com/","sitio_propio","","false","Barbería","Angel Ludeña, y y Pedro de Mendoza, 170301 Quito","Cumbayá, Quito","https://www.google.com/maps/place/Elegance+Barber+Club/data=!4m7!3m6!1s0x91d5857353120c0f:0xa3bca233aa646b40!8m2!3d-0.1277136!4d-78.499786!16s%2Fg%2F11ldxdr6q8!19sChIJDwwSU3OF1ZERQGtkqjOivKM?authuser=0&hl=es-419&g_ep=EgoyMDI2MDkxNS4wIJJjKgBIAVAD&rclk=1"
"Barber House Tumbaco - Plaza Valeta","098 572 9577","info@barberhouse.ec","4.8","24","https://www.barberhouse.ec/","sitio_propio","","false","Barbería","Federico González Suárez, 170184 Quito","Tumbaco, Quito","https://www.google.com/maps/place/Barber+House+Tumbaco+-+Plaza+Valeta/data=!4m7!3m6!1s0x91d59173977d6bbf:0xbffd34c416c1c5f0!8m2!3d-0.2101623!4d-78.4134053!16s%2Fg%2F11xyrwcf_3!19sChIJv2t9l3OR1ZER8MXBFsQ0_b8?authuser=0&hl=es-419&g_ep=EgoyMDI2MDkxNS4wIJJjKgBIAVAD&rclk=1"
"BARBERÍA, PELUQUERÍA Y CURSOS - Oli & Eli Barber","097 902 4336","","4.9","316","https://www.facebook.com/profile.php?id=100075778184235","solo_red_social","","true","Peluquería","CA Oe2 Esc Juan Montalvo Oe2-04 827, A 170902, 170902 Quito","Tumbaco, Quito","https://www.google.com/maps/place/BARBER%C3%8DA,+PELUQUER%C3%8DA+Y+CURSOS+-+Oli+%26+Eli+Barber/data=!4m7!3m6!1s0x91d5917b20cb67c5:0xecb52f3204da06a2!8m2!3d-0.2117025!4d-78.4048838!16s%2Fg%2F11smcz7b39!19sChIJxWfLIHuR1ZERogbaBDIvtew?authuser=0&hl=es-419&g_ep=EgoyMDI2MDkxNS4wIJJjKgBIAVAD&rclk=1"
"MEN’S BARBER & ACADEMY - TUMBACO","098 851 3030","mensuiospa@gmail.com","4.8","35","https://mensecuador.com/","sitio_propio","2026","false","Barbería","Hilacril plaza, 170184 Quito","Tumbaco, Quito","https://www.google.com/maps/place/MEN%E2%80%99S+BARBER+%26+ACADEMY+-+TUMBACO/data=!4m7!3m6!1s0x91d5938da6522f83:0x709743b1571b29a5!8m2!3d-0.2001261!4d-78.3761331!16s%2Fg%2F11wvm0pq1_!19sChIJgy9Spo2T1ZERpSkbV7FDl3A?authuser=0&hl=es-419&g_ep=EgoyMDI2MDkxNS4wIJJjKgBIAVAD&rclk=1"
"NG Barber Studio","096 390 2450","","5","20","https://ng-barberstudio.netlify.app/","sitio_propio","","false","Barbería","Parroquia Tumbaco del cantón, Calle Rio San Pedro E7 167 y, Av. Oswaldo Guayasamín Km. 18, 170124 Quito","Tumbaco, Quito","https://www.google.com/maps/place/NG+Barber+Studio/data=!4m7!3m6!1s0x91d5933ba47de5bf:0x1e71ba3dacbb7647!8m2!3d-0.19978!4d-78.3751111!16s%2Fg%2F11zcv5ftd4!19sChIJv-V9pDuT1ZERR3a7rD26cR4?authuser=0&hl=es-419&g_ep=EgoyMDI2MDkxNS4wIJJjKgBIAVAD&rclk=1"
"Barbería Ricardo Hair Cuts Barbiere","098 494 3298","","4.8","243","http://www.ricardohaircutsbarbiere.com/","sitio_propio","","false","Barbería","Juan Montalvo S3-120 y, Rita Lecumberry 170902, 170902 Quito","Tumbaco, Quito","https://www.google.com/maps/place/Barber%C3%ADa+Ricardo+Hair+Cuts+Barbiere/data=!4m7!3m6!1s0x91d591bcecaf0207:0x9ca6e7862a889d7d!8m2!3d-0.2165833!4d-78.4074856!16s%2Fg%2F11h80c1x1f!19sChIJBwKv7LyR1ZERfZ2IKobnppw?authuser=0&hl=es-419&g_ep=EgoyMDI2MDkxNS4wIJJjKgBIAVAD&rclk=1"
"J&A barber studio","099 564 6384","","5","6","","ninguno","","true","Barbería","170184 Quito","Tumbaco, Quito","https://www.google.com/maps/place/J%26A+barber+studio/data=!4m7!3m6!1s0x91d5913680c3daff:0x15ccc9004af65393!8m2!3d-0.2123566!4d-78.4053574!16s%2Fg%2F11zfr24d4t!19sChIJ_9rDgDaR1ZERk1P2SgDJzBU?authuser=0&hl=es-419&g_ep=EgoyMDI2MDkxNS4wIJJjKgBIAVAD&rclk=1"
"Elegance Studio Barber & Nails","098 277 4030","","4.9","23","","ninguno","","true","Peluquería","Simón Bolívar oe-216 y, 170902 Quito","Tumbaco, Quito","https://www.google.com/maps/place/Elegance+Studio+Barber+%26+Nails/data=!4m7!3m6!1s0x91d5919aa26d24e7:0x28f45f0f8bbede68!8m2!3d-0.211583!4d-78.4052591!16s%2Fg%2F11k4431gyg!19sChIJ5yRtopqR1ZERaN6-iw9f9Cg?authuser=0&hl=es-419&g_ep=EgoyMDI2MDkxNS4wIJJjKgBIAVAD&rclk=1"
"Eduard Studio","098 384 4199","","5","39","https://www.instagram.com/barbero_eduar?igsh=MTJmY2djb3FkNmgzaA==&utm_source=qr","solo_red_social","","true","Barbería","170902 Quito","Tumbaco, Quito","https://www.google.com/maps/place/Eduard+Studio/data=!4m7!3m6!1s0x91d5911060dc86f5:0x56302ce8b6525af2!8m2!3d-0.2126275!4d-78.395659!16s%2Fg%2F11mk_c1yn_!19sChIJ9YbcYBCR1ZER8lpStugsMFY?authuser=0&hl=es-419&g_ep=EgoyMDI2MDkxNS4wIJJjKgBIAVAD&rclk=1"
"Fitbarbercompany","099 573 8381","fitbarbercompany@gmail.com","5","6","https://beunik.co/entity-view/7721","sitio_propio","","false","Barbería","QJWF+VWV, Puente de El Chiche, 170184 Quito","Tumbaco, Quito","https://www.google.com/maps/place/Fitbarbercompany/data=!4m7!3m6!1s0x91d59303dcb00007:0x90c18efe69e569f1!8m2!3d-0.202725!4d-78.3751483!16s%2Fg%2F11kj8b0jlz!19sChIJBwCw3AOT1ZER8Wnlaf6OwZA?authuser=0&hl=es-419&g_ep=EgoyMDI2MDkxNS4wIJJjKgBIAVAD&rclk=1"
"Armory Peluqueros","098 454 1965","","4.5","42","","ninguno","","true","Peluquería","Río Agoyan, 170184 Quito","Tumbaco, Quito","https://www.google.com/maps/place/Armory+Peluqueros/data=!4m7!3m6!1s0x91d5936cfe4c614f:0x83cfb6ff23c4c829!8m2!3d-0.2046109!4d-78.378101!16s%2Fg%2F11ght3b54d!19sChIJT2FM_myT1ZERKcjEI_-2z4M?authuser=0&hl=es-419&g_ep=EgoyMDI2MDkxNS4wIJJjKgBIAVAD&rclk=1"
"REFLEJOS PELUQUERIA","(02) 210-0145","","4.5","67","","ninguno","","true","Peluquería","Av. Oswaldo Guayasamín Oe2-50, 170903 Quito","Tumbaco, Quito","https://www.google.com/maps/place/REFLEJOS+PELUQUERIA/data=!4m7!3m6!1s0x91d59149fd494d19:0x76792b9e1c7902d0!8m2!3d-0.2147394!4d-78.4069062!16s%2Fg%2F11grvjs8ll!19sChIJGU1J_UmR1ZER0AJ5HJ4reXY?authuser=0&hl=es-419&g_ep=EgoyMDI2MDkxNS4wIJJjKgBIAVAD&rclk=1"
"Barber House Puembo","099 590 6011","info@barberhouse.ec","4.5","33","https://www.barberhouse.ec/","sitio_propio","","false","Barbería","Julio Tobar Donoso, 170179 Quito","Tumbaco, Quito","https://www.google.com/maps/place/Barber+House+Puembo/data=!4m7!3m6!1s0x91d59338d3409acd:0xf5b8e488f9c2bca9!8m2!3d-0.1927491!4d-78.3635951!16s%2Fg%2F11xlj73hd6!19sChIJzZpA0ziT1ZERqbzC-YjkuPU?authuser=0&hl=es-419&g_ep=EgoyMDI2MDkxNS4wIJJjKgBIAVAD&rclk=1"
"The Barber Crew","099 760 6674","","5","21","https://book.weibook.co/the-barber-crew","sitio_propio","2026","false","Barbería","Francisco de Orellana y Tajamar 255, 170901 Quito","Tumbaco, Quito","https://www.google.com/maps/place/The+Barber+Crew/data=!4m7!3m6!1s0x91d5919237ce9bd5:0xbc66256a5daec7d6!8m2!3d-0.2030123!4d-78.424986!16s%2Fg%2F11vwx8hs95!19sChIJ1ZvON5KR1ZER1seuXWolZrw?authuser=0&hl=es-419&g_ep=EgoyMDI2MDkxNS4wIJJjKgBIAVAD&rclk=1"
"Hernández Barbería Studio","098 391 5512","","4.9","18","https://book.weibook.co/el-dsombrero-studio","sitio_propio","2026","false","Barbería","Plaza Sion, 170905 Quito","Tumbaco, Quito","https://www.google.com/maps/place/Hern%C3%A1ndez+Barber%C3%ADa+Studio/data=!4m7!3m6!1s0x91d593607ec3eb37:0xca1e44c39bd82f88!8m2!3d-0.199857!4d-78.367691!16s%2Fg%2F11l6zq7q1b!19sChIJN-vDfmCT1ZERiC_Ym8NEHso?authuser=0&hl=es-419&g_ep=EgoyMDI2MDkxNS4wIJJjKgBIAVAD&rclk=1"
"Xanara Spa Peluquería","096 220 4729","","5","13","","ninguno","","true","Peluquería","VIVA PLAZA- Los Arupos, y y Ruta Viva, 170184 Quito","Tumbaco, Quito","https://www.google.com/maps/place/Xanara+Spa+Peluquer%C3%ADa/data=!4m7!3m6!1s0x91d59746ebd86231:0xb74a04560f39bef4!8m2!3d-0.2223775!4d-78.4031329!16s%2Fg%2F11zbp1x_gx!19sChIJMWLY60aX1ZER9L45D1YESrc?authuser=0&hl=es-419&g_ep=EgoyMDI2MDkxNS4wIJJjKgBIAVAD&rclk=1"
"Hernando Guerra Peluqueria","(02) 237-0579","","4.6","29","https://hernandoguerra-2odxrrt.gamma.site/","sitio_propio","","false","Centro de estética","QHQP+F8P, Av. Oswaldo Guayasamín, 170184 Quito","Tumbaco, Quito","https://www.google.com/maps/place/Hernando+Guerra+Peluqueria/data=!4m7!3m6!1s0x91d5913097a348c3:0xee035fa146e4211!8m2!3d-0.2112932!4d-78.4141874!16s%2Fg%2F11f4xcn3fn!19sChIJw0ijlzCR1ZEREUJuFPo14A4?authuser=0&hl=es-419&g_ep=EgoyMDI2MDkxNS4wIJJjKgBIAVAD&rclk=1"
"Dread Lion's","098 786 9108","","5","6","","ninguno","","true","Barbería","Edifici9 Centauro , Segundo Piso, Calle Fray Gonzalo de vera, Tumtbaco S/N, 170902 Quito","Tumbaco, Quito","https://www.google.com/maps/place/Dread+Lion%27s/data=!4m7!3m6!1s0x91d59149ea306635:0xd32d5d1b1f84452f!8m2!3d-0.2142392!4d-78.4058937!16s%2Fg%2F11grvk0_bv!19sChIJNWYw6kmR1ZERL0WEHxtdLdM?authuser=0&hl=es-419&g_ep=EgoyMDI2MDkxNS4wIJJjKgBIAVAD&rclk=1"
"Freddy Look","(02) 334-5454","","3.9","14","","ninguno","","true","Barbería","Av. Oswaldo Guayasamín Oe2-09, 170903 Quito","Tumbaco, Quito","https://www.google.com/maps/place/Freddy+Look/data=!4m7!3m6!1s0x91d59149fba60e89:0x9aa1a5b498464e91!8m2!3d-0.2142674!4d-78.4050566!16s%2Fg%2F11grr974ny!19sChIJiQ6m-0mR1ZERkU5GmLSloZo?authuser=0&hl=es-419&g_ep=EgoyMDI2MDkxNS4wIJJjKgBIAVAD&rclk=1"
"Peluquería Yoli","(02) 235-7412","","4.9","7","","ninguno","","true","Barbería","Sergio Pazmiño E7-05, 170902 Quito","Tumbaco, Quito","https://www.google.com/maps/place/Peluquer%C3%ADa+Yoli/data=!4m7!3m6!1s0x91d591590e395903:0x7c9c9e76e5d79db0!8m2!3d-0.2078664!4d-78.3880146!16s%2Fg%2F11gw36skwm!19sChIJA1k5DlmR1ZERsJ3X5XaenHw?authuser=0&hl=es-419&g_ep=EgoyMDI2MDkxNS4wIJJjKgBIAVAD&rclk=1"
"Estilos Díaz Peluquería","099 324 4473","","4.9","7","https://facebook.com/estilosdiazpeluqueria2","solo_red_social","","true","Peluquería","Oswaldo Guayasamin, y Rodriguez y Rodrigo Nuñez OE4-58, 170902 Quito","Tumbaco, Quito","https://www.google.com/maps/place/Estilos+D%C3%ADaz+Peluquer%C3%ADa/data=!4m7!3m6!1s0x91d5919ffb9856ab:0x5ab38fef61c37a86!8m2!3d-0.2121322!4d-78.4102513!16s%2Fg%2F11t85b3tdh!19sChIJq1aY-5-R1ZERhnrDYe-Ps1o?authuser=0&hl=es-419&g_ep=EgoyMDI2MDkxNS4wIJJjKgBIAVAD&rclk=1"
"Alicia Pozo Peluqueria","099 436 9883","","5","22","https://bit.ly/CalendarioAliciaPozoPeluquer%C3%ADa","sitio_propio","","false","Peluquería","Francisco de Orellana y y, 170902 Quito","Tumbaco, Quito","https://www.google.com/maps/place/Alicia+Pozo+Peluqueria/data=!4m7!3m6!1s0x91d59104a05b7c43:0xa9ad864e6f039646!8m2!3d-0.2116258!4d-78.4068348!16s%2Fg%2F11rwr0j2md!19sChIJQ3xboASR1ZERRpYDb06Grak?authuser=0&hl=es-419&g_ep=EgoyMDI2MDkxNS4wIJJjKgBIAVAD&rclk=1"
"Color Lab Spa","095 945 0682","","4.3","10","","ninguno","","true","Peluquería","Abdón Calderón y Vicente Rocafuerte &, 170184 Quito","Tumbaco, Quito","https://www.google.com/maps/place/Color+Lab+Spa/data=!4m7!3m6!1s0x91d591647c057879:0x983428d3d07e44ad!8m2!3d-0.2107528!4d-78.4050575!16s%2Fg%2F11lky8dbsp!19sChIJeXgFfGSR1ZERrUR-0NMoNJg?authuser=0&hl=es-419&g_ep=EgoyMDI2MDkxNS4wIJJjKgBIAVAD&rclk=1"
"Pure Beauty by Paola Naranjo","098 221 4208","servicioalcliente@purebeauty.ec","4","100","https://www.purebeauty.ec/kit/","sitio_propio","2026","false","Centro de estética","Federico González Suárez 380, 170184 Quito","Tumbaco, Quito","https://www.google.com/maps/place/Pure+Beauty+by+Paola+Naranjo/data=!4m7!3m6!1s0x91d5919b3c74d7af:0xb428705c7d621d3f!8m2!3d-0.2120778!4d-78.4125422!16s%2Fg%2F11s_x1c5pj!19sChIJr9d0PJuR1ZERPx1ifVxwKLQ?authuser=0&hl=es-419&g_ep=EgoyMDI2MDkxNS4wIJJjKgBIAVAD&rclk=1"
"Arte y Tijeras.Capacitación y Certificación","099 290 7035","","5","18","https://www.linkedin.com/company/arte-y-tijeras-s-a-s/?viewAsMember=true","sitio_propio","","false","Escuela de peluquería","Av. Oswaldo Guayasamín 1/2, 170903 Quito","Tumbaco, Quito","https://www.google.com/maps/place/Arte+y+Tijeras.Capacitaci%C3%B3n+y+Certificaci%C3%B3n/data=!4m7!3m6!1s0x91d5910110b199cf:0x9ce8b21e3a380276!8m2!3d-0.2110267!4d-78.4154675!16s%2Fg%2F11p06nkr40!19sChIJz5mxEAGR1ZERdgI4Oh6y6Jw?authuser=0&hl=es-419&g_ep=EgoyMDI2MDkxNS4wIJJjKgBIAVAD&rclk=1"
"De pelos con Lily","098 909 9254","","4.9","7","","ninguno","","true","Peluquería","Ecuador, Quito, Tumbaco Calle Rosa Zarate, y y Norberto Salazar, Quito","Tumbaco, Quito","https://www.google.com/maps/place/De+pelos+con+Lily/data=!4m7!3m6!1s0x91d5917a856957f1:0x288174a80e0f8ebe!8m2!3d-0.2081326!4d-78.3983624!16s%2Fg%2F11mvm6ns8b!19sChIJ8VdphXqR1ZERvo4PDqh0gSg?authuser=0&hl=es-419&g_ep=EgoyMDI2MDkxNS4wIJJjKgBIAVAD&rclk=1"
"Opuss Peluquería","099 404 2279","","4.2","20","","ninguno","","true","Peluquería","Av. María Angélica Idrobo E2-24, 170901 Quito","Tumbaco, Quito","https://www.google.com/maps/place/Opuss+Peluquer%C3%ADa/data=!4m7!3m6!1s0x91d590dfe7e10c6b:0xc0c0a5c424c6d3c3!8m2!3d-0.2020953!4d-78.4310669!16s%2Fg%2F11gslq8bqb!19sChIJawzh59-Q1ZERw9PGJMSlwMA?authuser=0&hl=es-419&g_ep=EgoyMDI2MDkxNS4wIJJjKgBIAVAD&rclk=1"
"Marilyn Studio (Tumbaco)","098 424 4735","","4.4","53","http://www.marilynstudio.es/","sitio_propio","2025","false","Centro de estética","Fray Gonzalo de Vera y Gonzalo Pizarro OE1-127, 170903 Quito","Tumbaco, Quito","https://www.google.com/maps/place/Marilyn+Studio+%28Tumbaco%29/data=!4m7!3m6!1s0x91d5912e203e1cc1:0x519cd3ffb9dc3052!8m2!3d-0.2146732!4d-78.4047093!16s%2Fg%2F11h7z8jqf_!19sChIJwRw-IC6R1ZERUjDcuf_TnFE?authuser=0&hl=es-419&g_ep=EgoyMDI2MDkxNS4wIJJjKgBIAVAD&rclk=1"
"Peluqueria Helen y paz","(02) 289-2730","","4.5","66","https://www.instagram.com/helenypaz?igsh=amNwMmxwN2szZ2Y4","solo_red_social","","true","Peluquería","centro comercial plaza, Maria Angelica Idrobo, Loc 15, 170157 Quito","Tumbaco, Quito","https://www.google.com/maps/place/Peluqueria+Helen+y+paz/data=!4m7!3m6!1s0x91d590e680a8e6bb:0xd256b462124b1ef4!8m2!3d-0.1972032!4d-78.4382314!16s%2Fg%2F11gbhdr971!19sChIJu-aogOaQ1ZER9B5LEmK0VtI?authuser=0&hl=es-419&g_ep=EgoyMDI2MDkxNS4wIJJjKgBIAVAD&rclk=1"
"Sohoo Peluquería","098 345 4726","","5","7","","ninguno","","true","Peluquería","Juan Coello s5-92, 170903 Quito","Tumbaco, Quito","https://www.google.com/maps/place/Sohoo+Peluquer%C3%ADa/data=!4m7!3m6!1s0x91d591f55529a8f7:0xda71a88c237911af!8m2!3d-0.2166546!4d-78.4175211!16s%2Fg%2F11ww4wv2mr!19sChIJ96gpVfWR1ZERrxF5I4yocdo?authuser=0&hl=es-419&g_ep=EgoyMDI2MDkxNS4wIJJjKgBIAVAD&rclk=1"
"Peluquería fusion","099 267 7088","","4.6","18","","ninguno","","true","Peluquería","QHQW+FFC, 170184 Quito","Tumbaco, Quito","https://www.google.com/maps/place/Peluquer%C3%ADa+fusion/data=!4m7!3m6!1s0x91d5913827d56b11:0x3d46d4458d031644!8m2!3d-0.211306!4d-78.4038543!16s%2Fg%2F11jxrqv33r!19sChIJEWvVJziR1ZERRBYDjUXURj0?authuser=0&hl=es-419&g_ep=EgoyMDI2MDkxNS4wIJJjKgBIAVAD&rclk=1"
"Mimadogs Peluquería","096 394 0679","","5","6","https://www.mimadogspeluqueria.com/","sitio_propio","2026","false","Peluquero de mascotas","Tumbaco, Via al Ilaló S5-198 y Rumihuyacco, 170903 Quito","Tumbaco, Quito","https://www.google.com/maps/place/Mimadogs+Peluquer%C3%ADa/data=!4m7!3m6!1s0x65031c1ffef7d6d9:0xa9cee09f4ce1cd66!8m2!3d-0.2286746!4d-78.3996866!16s%2Fg%2F11nqb3scdp!19sChIJ2db3_h8cA2URZs3hTJ_gzqk?authuser=0&hl=es-419&g_ep=EgoyMDI2MDkxNS4wIJJjKgBIAVAD&rclk=1"
"Peluqueria VE","099 830 9077","","4.8","86","","ninguno","","true","Centro de estética","Cumbayá, Manuela Saenz, y y Juan Montalvo, 170310 Cumbaya","Tumbaco, Quito","https://www.google.com/maps/place/Peluqueria+VE/data=!4m7!3m6!1s0x91d59186957b9eef:0xa4c5da4ca13cc021!8m2!3d-0.1971496!4d-78.4277218!16s%2Fg%2F11rr__qxbh!19sChIJ7557lYaR1ZERIcA8oUzaxaQ?authuser=0&hl=es-419&g_ep=EgoyMDI2MDkxNS4wIJJjKgBIAVAD&rclk=1"
"Rilassi Peluqueria Spa","099 874 2068","","4.9","36","https://www.instagram.com/rilassipeluqueriaspa/profilecard/?igsh=c2Z1cHpqcGwxNWc2","solo_red_social","","true","Peluquería","Francisco de Orellana 255y, 170901 Quito","Tumbaco, Quito","https://www.google.com/maps/place/Rilassi+Peluqueria+Spa/data=!4m7!3m6!1s0x91d591266d3da069:0xa24bf73950d3c404!8m2!3d-0.2029229!4d-78.4248438!16s%2Fg%2F11h6dc8dmj!19sChIJaaA9bSaR1ZERBMTTUDn3S6I?authuser=0&hl=es-419&g_ep=EgoyMDI2MDkxNS4wIJJjKgBIAVAD&rclk=1"
"Lula peluquería","098 330 9785","","3.3","33","","ninguno","","true","Peluquería","Aurelio Dávila Cajas 48, 170184","Tumbaco, Quito","https://www.google.com/maps/place/Lula+peluquer%C3%ADa/data=!4m7!3m6!1s0x91d593ddf3bb702d:0x962af2736bcfe2aa!8m2!3d-0.1909644!4d-78.3829343!16s%2Fg%2F11r9v_2277!19sChIJLXC7892T1ZERquLPa3PyKpY?authuser=0&hl=es-419&g_ep=EgoyMDI2MDkxNS4wIJJjKgBIAVAD&rclk=1"
"INNOVACIÓN PELUQUERÍA CUMBAYÁ","098 741 2707","scala@zencity.com.ec","5","8","https://innovacion-19gyvuj.gamma.site/","sitio_propio","","false","Peluquería","junto al Colegio Nacional, Gral. Eloy Alfaro 2091, Casa 127, 170904 Quito","Tumbaco, Quito","https://www.google.com/maps/place/INNOVACI%C3%93N+PELUQUER%C3%8DA+CUMBAY%C3%81/data=!4m7!3m6!1s0x91d590dd6ca821c5:0xa95482aadcfa176c!8m2!3d-0.202605!4d-78.4393018!16s%2Fg%2F11gv07xl3j!19sChIJxSGobN2Q1ZERbBf63KqCVKk?authuser=0&hl=es-419&g_ep=EgoyMDI2MDkxNS4wIJJjKgBIAVAD&rclk=1"
"Jacquelinne Alvarez Estética y Peluquería","098 708 0763","","4.9","9","","ninguno","","true","Peluquería","170157 Quito","Tumbaco, Quito","https://www.google.com/maps/place/Jacquelinne+Alvarez+Est%C3%A9tica+y+Peluquer%C3%ADa/data=!4m7!3m6!1s0x91d5917d662d63bf:0x686894da460ea4fa!8m2!3d-0.1955209!4d-78.4334796!16s%2Fg%2F11jp7xdppj!19sChIJv2MtZn2R1ZER-qQORtqUaGg?authuser=0&hl=es-419&g_ep=EgoyMDI2MDkxNS4wIJJjKgBIAVAD&rclk=1"
"BioStetic Tumbaco","099 325 0133","","4.6","31","https://www.instagram.com/biosteticspa/","solo_red_social","","true","Centro de estética","170902 Quito","Tumbaco, Quito","https://www.google.com/maps/place/BioStetic+Tumbaco/data=!4m7!3m6!1s0x91d59132c9006a01:0xc464cfb2d9bba143!8m2!3d-0.2171875!4d-78.4005625!16s%2Fg%2F11tsj4x6cd!19sChIJAWoAyTKR1ZERQ6G72bLPZMQ?authuser=0&hl=es-419&g_ep=EgoyMDI2MDkxNS4wIJJjKgBIAVAD&rclk=1"
"PELUQUERIA Y SPA CORAL´S","096 383 3553","","5","6","https://accounts.google.com/SignOutOptions?hl=es&continue=https://business.google.com/u/0/create/new?hl=es&ppsrc=GMBLG&gmbsrc=ww-es-z-z-z-gmb-s-z-l~mhp-int_a-u&_gl=1*1oi8x0l*_ga*MTA5OTEzMzc4My4xNjgyNTIyNDQ4*_ga_VM5ES1YN10*MTY4MjUyMjQ0OC4xLjEuMTY4MjUyMjU1Ni4wLjAuMA..&utm_campaign=ww-es-z-z-z-gmb-s-z-l~mhp-int_a-u&utm_medium=z&utm_source=gmb&omec=EOKcjRcYASIBATIBATooZ21ic3JjPXd3LWVzLXotei16LWdtYi1zLXotbH5taHAtaW50X2EtdUABShMI9JCho-3H_gIVeAIZAB11QQdt&service=plus&skiplp=1&service=lbc&_gl=1*iyg1g2*_ga*MTA5OTEzMzc4My4xNjgyNTIyNDQ4*_ga_VM5ES1YN10*MTY4MjUyMjQ0OC4xLjEuMTY4MjUyMjY1Ni4wLjAuMA..&_ga=2.95290012.1062610827.1682522644-1099133783.1682522448","sitio_propio","","false","Artesanía","FRANCISCO DE ORELLANA, INTERSECCION y Gral. Eloy Alfaro E1-146, 170901 Quito","Tumbaco, Quito","https://www.google.com/maps/place/PELUQUERIA+Y+SPA+CORAL%C2%B4S/data=!4m7!3m6!1s0x91d591e704bab4ef:0x2ad9dac8d831d19b!8m2!3d-0.2002345!4d-78.4306863!16s%2Fg%2F11t_dxwy_m!19sChIJ77S6BOeR1ZERm9Ex2Mja2So?authuser=0&hl=es-419&g_ep=EgoyMDI2MDkxNS4wIJJjKgBIAVAD&rclk=1"
"Jorge Cisneros Peluquería","099 254 0367","","4.8","17","","ninguno","","true","Peluquería","Av Pampite y Av. Oswaldo Guayasamín N1-101 Y, 170902 Quito","Tumbaco, Quito","https://www.google.com/maps/place/Jorge+Cisneros+Peluquer%C3%ADa/data=!4m7!3m6!1s0x91d590e58a49b837:0x6138280f156fdf3c!8m2!3d-0.1956085!4d-78.4411057!16s%2Fg%2F11c5xx3ky6!19sChIJN7hJiuWQ1ZERPN9vFQ8oOGE?authuser=0&hl=es-419&g_ep=EgoyMDI2MDkxNS4wIJJjKgBIAVAD&rclk=1"
"Sportskut Cumbaya","(02) 604-0440","","4.3","47","","ninguno","","true","Barbería","Francisco de Orellana 255, 170901 Quito","Tumbaco, Quito","https://www.google.com/maps/place/Sportskut+Cumbaya/data=!4m7!3m6!1s0x91d5912190e11287:0xb7a2f0beca3e129a!8m2!3d-0.2026918!4d-78.4247522!16s%2Fg%2F11bxfz6zvn!19sChIJhxLhkCGR1ZERmhI-yr7worc?authuser=0&hl=es-419&g_ep=EgoyMDI2MDkxNS4wIJJjKgBIAVAD&rclk=1"
"Cerrado","","","5","43","","ninguno","","true","Barbería","Miguel Angel 255, 170157 Quito","Tumbaco, Quito","https://www.google.com/maps/place/Cerrado/data=!4m7!3m6!1s0x91d59102b9fc03e9:0xac1a3cf3d3ec5a32!8m2!3d-0.2138416!4d-78.4257093!16s%2Fg%2F11vj2b5b4j!19sChIJ6QP8uQKR1ZERMlrs0_M8Gqw?authuser=0&hl=es-419&g_ep=EgoyMDI2MDkxNS4wIJJjKgBIAVAD&rclk=1"
"MEN’S BARBER & ACADEMY - SHYRIS","098 851 3030","mensuiospa@gmail.com","4.7","323","https://mensecuador.com/","sitio_propio","2026","false","Barbería","Av. de los Shyris N36-188, 170102 Quito","La Carolina, Quito","https://www.google.com/maps/place/MEN%E2%80%99S+BARBER+%26+ACADEMY+-+SHYRIS/data=!4m7!3m6!1s0x91d59b75f95b02d3:0x762f51bfd00fa7c7!8m2!3d-0.1776917!4d-78.4809339!16s%2Fg%2F11nn0tll5f!19sChIJ0wJb-XWb1ZERx6cP0L9RL3Y?authuser=0&hl=es-419&g_ep=EgoyMDI2MDkxNS4wIJJjKgBIAVAD&rclk=1"
"Fox Barber Studio | BARBERIA","098 477 1684","","4.9","140","https://instagram.com/foxbarberstudio","solo_red_social","","true","Barbería","Av 6 de diciembre, y y Hugo Moncayo, 170505 Quito","La Carolina, Quito","https://www.google.com/maps/place/Fox+Barber+Studio+%7C+BARBERIA/data=!4m7!3m6!1s0x91d59bcdce56937f:0x1efe606ed6ebf7f9!8m2!3d-0.1720881!4d-78.4763967!16s%2Fg%2F11w2_97y0p!19sChIJf5NWzs2b1ZER-ffr1m5g_h4?authuser=0&hl=es-419&g_ep=EgoyMDI2MDkxNS4wIJJjKgBIAVAD&rclk=1"
"Barbería Orishas","098 384 5894","","4.8","76","","ninguno","","true","Barbería","Cayetano Ramírez 68, 170138 Quito","La Carolina, Quito","https://www.google.com/maps/place/Barber%C3%ADa+Orishas/data=!4m7!3m6!1s0x91d585048a38cd8f:0x627ae99d36189dfc!8m2!3d-0.135229!4d-78.4855766!16s%2Fg%2F11jmtchxyc!19sChIJj804igSF1ZER_J0YNp3pemI?authuser=0&hl=es-419&g_ep=EgoyMDI2MDkxNS4wIJJjKgBIAVAD&rclk=1"
"D'Miki Barber Estilo","","","4.9","22","","ninguno","","true","Barbería","Edificio Argentum, Shyris, y y Suecia, Quito","La Carolina, Quito","https://www.google.com/maps/place/D%27Miki+Barber+Estilo/data=!4m7!3m6!1s0x91d59baac5c15d41:0xb6b1f5ebbd3328ba!8m2!3d-0.1801502!4d-78.4813317!16s%2Fg%2F11ym3ld_xb!19sChIJQV3Bxaqb1ZERuigzvev1sbY?authuser=0&hl=es-419&g_ep=EgoyMDI2MDkxNS4wIJJjKgBIAVAD&rclk=1"
"Ace Barber Studio - El Bosque","096 252 9411","","4.7","258","https://acebarberstudio.com/","sitio_propio","2025","false","Barbería","Calle C, 170132 Quito","La Carolina, Quito","https://www.google.com/maps/place/Ace+Barber+Studio+-+El+Bosque/data=!4m7!3m6!1s0x91d59b7768129cfd:0x9134c502391f9592!8m2!3d-0.1614983!4d-78.4975266!16s%2Fg%2F11j1srck6p!19sChIJ_ZwSaHeb1ZERkpUfOQLFNJE?authuser=0&hl=es-419&g_ep=EgoyMDI2MDkxNS4wIJJjKgBIAVAD&rclk=1"
"Zeus Barberia Tradicional","098 793 6795","","4.7","211","","ninguno","","true","Peluquería","Av. Isla Floreana y Isla Seymour E8-13 e, 170135 Quito","La Carolina, Quito","https://www.google.com/maps/place/Zeus+Barberia+Tradicional/data=!4m7!3m6!1s0x91d59bd5c53d8ba5:0xbe6cbb74794835!8m2!3d-0.167564!4d-78.4800614!16s%2Fg%2F11m8g9z_92!19sChIJpYs9xdWb1ZERNUh5dLtsvgA?authuser=0&hl=es-419&g_ep=EgoyMDI2MDkxNS4wIJJjKgBIAVAD&rclk=1"
"Champion´s Barber Shop","097 919 3202","","4.3","133","http://instagram.com/championsbarber_shop","solo_red_social","","true","Barbería","Isla Pinzón, 170513 Quito","La Carolina, Quito","https://www.google.com/maps/place/Champion%C2%B4s+Barber+Shop/data=!4m7!3m6!1s0x91d59a9f8b249235:0xb2cec8c9ebf20b48!8m2!3d-0.1655417!4d-78.4772158!16s%2Fg%2F11hbbppfjy!19sChIJNZIki5-a1ZERSAvy68nIzrI?authuser=0&hl=es-419&g_ep=EgoyMDI2MDkxNS4wIJJjKgBIAVAD&rclk=1"
"La Barbería - Studio","099 573 4752","","4.6","34","","ninguno","","true","Barbería","Av. Brasil N42-147, 170401 Quito","La Carolina, Quito","https://www.google.com/maps/place/La+Barber%C3%ADa+-+Studio/data=!4m7!3m6!1s0x91d59b30a2371eeb:0xcb9083eda34ab1d8!8m2!3d-0.163996!4d-78.4896305!16s%2Fg%2F11nt2_06rl!19sChIJ6x43ojCb1ZER2LFKo-2DkMs?authuser=0&hl=es-419&g_ep=EgoyMDI2MDkxNS4wIJJjKgBIAVAD&rclk=1"
"Montana Studio UIO","098 498 4406","388fe63e6063cc241ca2a1b0f52622a3@o61919.ingest.us","4.7","38","https://www.fresha.com/book-now/montana-studio-wivke8af/all-offer?share=true&pId=2776109","sitio_propio","","false","Barbería","Avenida de los Shyris, y y Eiffel, 170102 Quito","La Carolina, Quito","https://www.google.com/maps/place/Montana+Studio+UIO/data=!4m7!3m6!1s0x91d59b0950e9b5c5:0x5ed432ccb6f0eb25!8m2!3d-0.1667455!4d-78.4791171!16s%2Fg%2F11vyr74615!19sChIJxbXpUAmb1ZERJevwtswy1F4?authuser=0&hl=es-419&g_ep=EgoyMDI2MDkxNS4wIJJjKgBIAVAD&rclk=1"
"Hair Clinic - La Carolina","099 077 4397","","4.9","729","https://hairclinic.com.ec/link-in-bio","sitio_propio","","false","Peluquería","Avenida Shyris y República del Salvador esquina Edificio Onix, Piso 1, oficina 1A (sobre casave, 170137 Quito","La Carolina, Quito","https://www.google.com/maps/place/Hair+Clinic+-+La+Carolina/data=!4m7!3m6!1s0x91d59ba43d45b7cd:0xa1ed05c0547b3678!8m2!3d-0.1858496!4d-78.4824508!16s%2Fg%2F11pd1vxwmz!19sChIJzbdFPaSb1ZEReDZ7VMAF7aE?authuser=0&hl=es-419&g_ep=EgoyMDI2MDkxNS4wIJJjKgBIAVAD&rclk=1"
"SOHAN Haircut & Shaves","095 885 6674","","4.9","36","https://www.instagram.com/sohanhaircut.ec?igsh=NGszenp6ajBpa21x","solo_red_social","","true","Barbería","Mariana de Jesus 175, 170518 Quito","La Carolina, Quito","https://www.google.com/maps/place/SOHAN+Haircut+%26+Shaves/data=!4m7!3m6!1s0x91d59b0055330e21:0xb4ee41fb1b41c7b7!8m2!3d-0.1904248!4d-78.4874785!16s%2Fg%2F11wjv2ypqw!19sChIJIQ4zVQCb1ZERt8dBG_tB7rQ?authuser=0&hl=es-419&g_ep=EgoyMDI2MDkxNS4wIJJjKgBIAVAD&rclk=1"
"Lumberjack Barberia","098 889 7291","","4.6","260","https://www.facebook.com/LumberjackEcuador/","solo_red_social","","true","Barbería","RGPC+GV6, 170513 Quito","La Carolina, Quito","https://www.google.com/maps/place/Lumberjack+Barberia/data=!4m7!3m6!1s0x91d59aa269499501:0xf4fb476701916428!8m2!3d-0.1637031!4d-78.4778723!16s%2Fg%2F11fz28zzf2!19sChIJAZVJaaKa1ZERKGSRAWdH-_Q?authuser=0&hl=es-419&g_ep=EgoyMDI2MDkxNS4wIJJjKgBIAVAD&rclk=1"
"The Shave Club","098 703 0612","","5","54","","ninguno","","true","Barbería","Calle Portugal, y y Av. 6 de Diciembre, 170102 Quito","La Carolina, Quito","https://www.google.com/maps/place/The+Shave+Club/data=!4m7!3m6!1s0x91d59bab6af0ba9b:0xdcb444ef3ba851!8m2!3d-0.1822863!4d-78.4774171!16s%2Fg%2F11xvn_f5dh!19sChIJm7rwaqub1ZERUag770S03AA?authuser=0&hl=es-419&g_ep=EgoyMDI2MDkxNS4wIJJjKgBIAVAD&rclk=1"
"The MOUSTACHE UIO","099 279 6026","gabog76@hotmail.com","3.9","23","https://gabog76.wixsite.com/themoustacheuio","sitio_propio","2023","false","Barbería","Edificio Carolina 2000, Calle Nuñez de Vela, y y Corea, 170104 Quito","La Carolina, Quito","https://www.google.com/maps/place/The+MOUSTACHE+UIO/data=!4m7!3m6!1s0x91d59bd5d9093229:0x5713086f7b0e5233!8m2!3d-0.1766367!4d-78.4871479!16s%2Fg%2F11v147lv1v!19sChIJKTIJ2dWb1ZERM1IOe28IE1c?authuser=0&hl=es-419&g_ep=EgoyMDI2MDkxNS4wIJJjKgBIAVAD&rclk=1"
"Verónica Peluquería Unisex","099 330 6803","","4.8","22","https://www.instagram.com/peluqueriaveronicaunisex?igsh=b2g4cXEyOWZ3bW9k","solo_red_social","","true","Peluquería","Edificio Plaza Tizziano, Calle Carlos Tobar, La Carolina E6-124, 170102 Quito, Pichincha","La Carolina, Quito","https://www.google.com/maps/place/Ver%C3%B3nica+Peluquer%C3%ADa+Unisex/data=!4m7!3m6!1s0x91d59a7a8d21256f:0x2939f4b0631a77ce!8m2!3d-0.1912924!4d-78.4842651!16s%2Fg%2F11gjhf36gm!19sChIJbyUhjXqa1ZERzncaY7D0OSk?authuser=0&hl=es-419&g_ep=EgoyMDI2MDkxNS4wIJJjKgBIAVAD&rclk=1"
"Barbershop Café Lounge","093 978 5191","","4.8","58","","ninguno","","true","Barbería","Punta Arenas y Juan Camacaro Oe7-164 y, 170608 Quito","La Carolina, Quito","https://www.google.com/maps/place/Barbershop+Caf%C3%A9+Lounge/data=!4m7!3m6!1s0x91d5998942d687c9:0x118aad13f8c0fac0!8m2!3d-0.2514293!4d-78.5408792!16s%2Fg%2F11fs16rvb5!19sChIJyYfWQomZ1ZERwPrA-BOtihE?authuser=0&hl=es-419&g_ep=EgoyMDI2MDkxNS4wIJJjKgBIAVAD&rclk=1"
"TONI VELEZ STUDIO PELUQUERIA","098 774 7791","","3.3","12","","ninguno","","true","Peluquería","RGF7+53F, 170135 Quito","La Carolina, Quito","https://www.google.com/maps/place/TONI+VELEZ+STUDIO+PELUQUERIA/data=!4m7!3m6!1s0x91d59b8928686315:0x15778f9990330db2!8m2!3d-0.1770349!4d-78.4874422!16s%2Fg%2F11tnw0zz1s!19sChIJFWNoKImb1ZERsg0zkJmPdxU?authuser=0&hl=es-419&g_ep=EgoyMDI2MDkxNS4wIJJjKgBIAVAD&rclk=1"
"Queens Beauty Salon","099 370 8041","","4.9","7","","ninguno","","true","Peluquería","Kings Barber Shop - Corte de Cabello y Barba en Quito, Checoslovaquia y Quito E9-75, 1701Ecuador, 170135 Quito","La Carolina, Quito","https://www.google.com/maps/place/Queens+Beauty+Salon/data=!4m7!3m6!1s0x91d59b69323ebf63:0x354d9579806e2df6!8m2!3d-0.1858532!4d-78.481004!16s%2Fg%2F11hzwrwsl_!19sChIJY78-Mmmb1ZER9i1ugHmVTTU?authuser=0&hl=es-419&g_ep=EgoyMDI2MDkxNS4wIJJjKgBIAVAD&rclk=1"
"Ohlalá Beauty Studio República del Salvador / BALAYAGE, TRATAMIENTOS, ALISADOS, MANICURE, PEDICURE, DEPILACIÓN, MAQUILLAJE","096 177 4444","","4.5","231","https://www.instagram.com/ohlalabeautystudiouio/","solo_red_social","","true","Peluquería","Moscú y Av. República de El Salvador 34-60 y, 170505 Quito","La Carolina, Quito","https://www.google.com/maps/place/Ohlal%C3%A1+Beauty+Studio+Rep%C3%BAblica+del+Salvador+%2F+BALAYAGE,+TRATAMIENTOS,+ALISADOS,+MANICURE,+PEDICURE,+DEPILACI%C3%93N,+MAQUILLAJE/data=!4m7!3m6!1s0x91d59b6f38062773:0xea56c819a3ff8dca!8m2!3d-0.1849589!4d-78.4802568!16s%2Fg%2F11gxwhpg1y!19sChIJcycGOG-b1ZERyo3_oxnIVuo?authuser=0&hl=es-419&g_ep=EgoyMDI2MDkxNS4wIJJjKgBIAVAD&rclk=1"
"Jesús Battista | Peluqueria","099 174 4066","","5","8","","ninguno","","true","Peluquería","El Jardín 168, 170135 Quito","La Carolina, Quito","https://www.google.com/maps/place/Jes%C3%BAs+Battista+%7C+Peluqueria/data=!4m7!3m6!1s0x91d59b439d9d4db5:0x550da6720e6f7807!8m2!3d-0.1802222!4d-78.4793716!16s%2Fg%2F11j2g50765!19sChIJtU2dnUOb1ZERB3hvDnKmDVU?authuser=0&hl=es-419&g_ep=EgoyMDI2MDkxNS4wIJJjKgBIAVAD&rclk=1"
"VANITÉ LOUNGE","099 111 2859","388fe63e6063cc241ca2a1b0f52622a3@o61919.ingest.us","4.3","49","https://www.fresha.com/es/a/vanite-lounge-quito-checoslovaquia-n7bhkyk2","sitio_propio","2026","false","Peluquería","Edificio Maranello, Checoslovaquía, y y Suiza, 170135 Quito","La Carolina, Quito","https://www.google.com/maps/place/VANIT%C3%89+LOUNGE/data=!4m7!3m6!1s0x91d59bb46d044d5f:0x5089f459f04fe86b!8m2!3d-0.1863427!4d-78.481343!16s%2Fg%2F11g0ssfp4b!19sChIJX00EbbSb1ZERa-hP8Fn0iVA?authuser=0&hl=es-419&g_ep=EgoyMDI2MDkxNS4wIJJjKgBIAVAD&rclk=1"
"Oporto Hair Salon","096 714 3914","","4.1","46","https://web.bewe.co/oporto-hair-salon/","sitio_propio","","false","Peluquería","Av. Portugal E9-28, Quito 170135, 170150 Quito","La Carolina, Quito","https://www.google.com/maps/place/Oporto+Hair+Salon/data=!4m7!3m6!1s0x91d59b9291e04391:0x5dfae8bd4f555c92!8m2!3d-0.1817009!4d-78.4814008!16s%2Fg%2F11tjllwrll!19sChIJkUPgkZKb1ZERklxVT73o-l0?authuser=0&hl=es-419&g_ep=EgoyMDI2MDkxNS4wIJJjKgBIAVAD&rclk=1"
"Peluquería Carell Unisex by Micropigmentación - Pestañas","099 670 8371","","4.6","11","https://www.facebook.com/share/1CYussrhVY/","solo_red_social","","true","Peluquería","Quito y Inglaterra E3-42, 170515 Quito","La Carolina, Quito","https://www.google.com/maps/place/Peluquer%C3%ADa+Carell+Unisex+by+Micropigmentaci%C3%B3n+-+Pesta%C3%B1as/data=!4m7!3m6!1s0x91d59a6368960bcb:0x9bf5dd90a04ba7f9!8m2!3d-0.1864007!4d-78.4895286!16s%2Fg%2F11fzf8vjf_!19sChIJywuWaGOa1ZER-adLoJDd9Zs?authuser=0&hl=es-419&g_ep=EgoyMDI2MDkxNS4wIJJjKgBIAVAD&rclk=1"
"LHBarberia","099 564 6830","","4.7","74","https://lhbarberia.com/","sitio_propio","","false","Barbería","Local Centro Comercial Naciones Unidas (CCNU, S39 E5-37, 170102 Quito","Iñaquito, Quito","https://www.google.com/maps/place/LHBarberia/data=!4m7!3m6!1s0x91d59b0051a75e45:0xa24d4f26269f5b02!8m2!3d-0.1754169!4d-78.4841494!16s%2Fg%2F11x7n42pmp!19sChIJRV6nUQCb1ZERAlufJiZPTaI?authuser=0&hl=es-419&g_ep=EgoyMDI2MDkxNS4wIJJjKgBIAVAD&rclk=1"
"BARBERIA BY YOSMER YANEZ","099 252 4925","","5","23","https://www.instagram.com/barberoyosmer?igsh=d2U5eTZjZ3prY2wx","solo_red_social","","true","Barbería","170502, Quito","Iñaquito, Quito","https://www.google.com/maps/place/BARBERIA+BY+YOSMER+YANEZ/data=!4m7!3m6!1s0x91d5990f438c240b:0x831e84f9ed6cb65d!8m2!3d-0.1661381!4d-78.4745706!16s%2Fg%2F11yvdvp4hr!19sChIJCySMQw-Z1ZERXbZs7fmEHoM?authuser=0&hl=es-419&g_ep=EgoyMDI2MDkxNS4wIJJjKgBIAVAD&rclk=1"
"Barber Studio WB","096 329 7689","","4.9","25","","ninguno","","true","Barbería","Av. de los Shyris N4069Y, 170505 Quito","Iñaquito, Quito","https://www.google.com/maps/place/Barber+Studio+WB/data=!4m7!3m6!1s0x91d59b0019dc0a11:0xffe976c8a676d61a!8m2!3d-0.1693408!4d-78.4798383!16s%2Fg%2F11lnp4xzmy!19sChIJEQrcGQCb1ZERGtZ2psh26f8?authuser=0&hl=es-419&g_ep=EgoyMDI2MDkxNS4wIJJjKgBIAVAD&rclk=1"
"The Abraham Barber","096 325 1461","","5","134","","ninguno","","true","Barbería","Av tomas de berlanga, y y Isla Genovesa, 170150 Quito","Iñaquito, Quito","https://www.google.com/maps/place/The+Abraham+Barber/data=!4m7!3m6!1s0x91d59bcc2a133cf9:0xe399e7a9d9f03df5!8m2!3d-0.1656851!4d-78.4817046!16s%2Fg%2F11wtp2vrvj!19sChIJ-TwTKsyb1ZER9T3w2annmeM?authuser=0&hl=es-419&g_ep=EgoyMDI2MDkxNS4wIJJjKgBIAVAD&rclk=1"
"Galanes Barber Shop","096 311 0304","","5","16","https://www.facebook.com/share/14U3QaCwJSR/","solo_red_social","","true","Barbería","Av. Tomás de Berlanga y Isla Fernandina, 170137 Quito","Iñaquito, Quito","https://www.google.com/maps/place/Galanes+Barber+Shop/data=!4m7!3m6!1s0x91d59ba797eabe11:0x160b13fe2ff10712!8m2!3d-0.1647139!4d-78.4808874!16s%2Fg%2F11ml3n3dny!19sChIJEb7ql6eb1ZEREgfxL_4TCxY?authuser=0&hl=es-419&g_ep=EgoyMDI2MDkxNS4wIJJjKgBIAVAD&rclk=1"
"Olimpo Barbershop","096 903 8056","","4.8","22","","ninguno","","true","Barbería","Isla Isabela y Av. Tomás de Berlanga 4341 y, 170501 Quito","Iñaquito, Quito","https://www.google.com/maps/place/Olimpo+Barbershop/data=!4m7!3m6!1s0x91d59bf161d5f84d:0x10dac48b13b1f7d4!8m2!3d-0.1639426!4d-78.4827381!16s%2Fg%2F11xgzmc188!19sChIJTfjVYfGb1ZER1PexE4vE2hA?authuser=0&hl=es-419&g_ep=EgoyMDI2MDkxNS4wIJJjKgBIAVAD&rclk=1"
"Doctor Barber","096 379 4189","","5","24","","ninguno","","true","Barbería","Isla Isabela 1157, 170138 Quito","Iñaquito, Quito","https://www.google.com/maps/place/Doctor+Barber/data=!4m7!3m6!1s0x91d59be35b4ef42b:0xda9d5e0fae863f88!8m2!3d-0.1641657!4d-78.4827891!16s%2Fg%2F11ycfpx488!19sChIJK_ROW-Ob1ZERiD-Grg9endo?authuser=0&hl=es-419&g_ep=EgoyMDI2MDkxNS4wIJJjKgBIAVAD&rclk=1"
"C.P.K Barber","098 338 5588","","4.9","46","","ninguno","","true","Barbería","Av. Brasil y Av. Edmundo Carvajal 1626 y, 170104 Quito","Iñaquito, Quito","https://www.google.com/maps/place/C.P.K+Barber/data=!4m7!3m6!1s0x91d59b72ab26a751:0x45ce3944d998ba6e!8m2!3d-0.1594783!4d-78.4901113!16s%2Fg%2F11txs_n4wk!19sChIJUacmq3Kb1ZERbrqY2UQ5zkU?authuser=0&hl=es-419&g_ep=EgoyMDI2MDkxNS4wIJJjKgBIAVAD&rclk=1"
"Cabellos de Angel","(02) 226-4327","","4.6","17","","ninguno","","true","Barbería","RGH7+WG4, José Arizaga, 170102 Quito","Iñaquito, Quito","https://www.google.com/maps/place/Cabellos+de+Angel/data=!4m7!3m6!1s0x91d59a9a0eb7566d:0x9137e17213ccd98a!8m2!3d-0.1702365!4d-78.4861611!16s%2Fg%2F11f9y332n7!19sChIJbVa3Dpqa1ZERitnME3LhN5E?authuser=0&hl=es-419&g_ep=EgoyMDI2MDkxNS4wIJJjKgBIAVAD&rclk=1"
"GOAT Barber shop EC","096 294 6228","","4.7","17","","ninguno","","true","Barbería","De los viñedos, y y De los Tulipanes, 170503 Quito","Iñaquito, Quito","https://www.google.com/maps/place/GOAT+Barber+shop+EC/data=!4m7!3m6!1s0x91d591afa1b55765:0xdaf4a7970b23b48e!8m2!3d-0.159476!4d-78.4747434!16s%2Fg%2F11w2mhm555!19sChIJZVe1oa-R1ZERjrQjC5en9No?authuser=0&hl=es-419&g_ep=EgoyMDI2MDkxNS4wIJJjKgBIAVAD&rclk=1"
"Widmar Barber Studio","096 317 3520","","4.9","51","","ninguno","","true","Barbería","Suite Taurus, Av. El Inca y De Los Guabos, 170502 Quito","Iñaquito, Quito","https://www.google.com/maps/place/Widmar+Barber+Studio/data=!4m7!3m6!1s0x91d591410df1e5e9:0x2dabfd94ead70116!8m2!3d-0.151327!4d-78.4731193!16s%2Fg%2F11zg1b1krf!19sChIJ6eXxDUGR1ZERFgHX6pT9qy0?authuser=0&hl=es-419&g_ep=EgoyMDI2MDkxNS4wIJJjKgBIAVAD&rclk=1"
"Jorge Goyeneche Peluquería","","","4.9","10","","ninguno","","true","Barbería","RGMC+RRR, 170513 Quito","Iñaquito, Quito","https://www.google.com/maps/place/Jorge+Goyeneche+Peluquer%C3%ADa/data=!4m7!3m6!1s0x91d59a9f9cc6fa2f:0x67446b0a83b4e760!8m2!3d-0.1653991!4d-78.4779926!16s%2Fg%2F11h9rptpt_!19sChIJL_rGnJ-a1ZERYOe0gwprRGc?authuser=0&hl=es-419&g_ep=EgoyMDI2MDkxNS4wIJJjKgBIAVAD&rclk=1"
"Karissma Av. de los Shyris (QUICENTRO)","","","3.3","539","https://www.instagram.com/karissmapeluquerias?igsh=MTl1bGQ1ZHA3Y3AwMA==","solo_red_social","","true","Peluquería","RGF9+HJM Avenida de los Shyris, y y El Zurriago, Quito","Iñaquito, Quito","https://www.google.com/maps/place/Karissma+Av.+de+los+Shyris+%28QUICENTRO%29/data=!4m7!3m6!1s0x91d59a848253c757:0x7e608c8fc5321ddc!8m2!3d-0.1748293!4d-78.4804634!16s%2Fg%2F11gjs0nf8j!19sChIJV8dTgoSa1ZER3B0yxY-MYH4?authuser=0&hl=es-419&g_ep=EgoyMDI2MDkxNS4wIJJjKgBIAVAD&rclk=1"
"Stilo Chic","(02) 292-2124","","4.5","284","","ninguno","","true","Peluquería","Av. Tomás de Berlanga, 170513 Quito","Iñaquito, Quito","https://www.google.com/maps/place/Stilo+Chic/data=!4m7!3m6!1s0x91d59aa1fbd0a601:0xb50593eba517064f!8m2!3d-0.1647148!4d-78.4801217!16s%2Fg%2F11dxch9xx1!19sChIJAabQ-6Ga1ZERTwYXpeuTBbU?authuser=0&hl=es-419&g_ep=EgoyMDI2MDkxNS4wIJJjKgBIAVAD&rclk=1"
"Olympus Barber Shop 2","098 422 8026","","4.9","67","","ninguno","","true","Barbería","Manuel Serrano &, 170104 Quito","Iñaquito, Quito","https://www.google.com/maps/place/Olympus+Barber+Shop+2/data=!4m7!3m6!1s0x91d585d6e7e6d537:0x1d5caf35bd8fedd9!8m2!3d-0.1462626!4d-78.4940747!16s%2Fg%2F11lgx094qn!19sChIJN9Xm59aF1ZER2e2PvTWvXB0?authuser=0&hl=es-419&g_ep=EgoyMDI2MDkxNS4wIJJjKgBIAVAD&rclk=1"
"Fernando Capa Peluquería","(02) 224-9325","","4.9","23","https://www.facebook.com/pages/biz/FG-Peluqueia-435002613325167/","solo_red_social","","true","Peluquería","Avenida, Av. Río Coca y París E10-16, 170501 Quito","Iñaquito, Quito","https://www.google.com/maps/place/Fernando+Capa+Peluquer%C3%ADa/data=!4m7!3m6!1s0x91d59aa05029e80d:0xcd29973e80bd6648!8m2!3d-0.1631136!4d-78.4774758!16s%2Fg%2F11gmx8g0st!19sChIJDegpUKCa1ZERSGa9gD6XKc0?authuser=0&hl=es-419&g_ep=EgoyMDI2MDkxNS4wIJJjKgBIAVAD&rclk=1"
"Giros Coiffur Peluquería","(02) 244-2289","","4.5","176","","ninguno","","true","Peluquería","Local #2, Av. Tomás de Berlanga y Isla Pinzón N43-12 e, 170135 Quito","Iñaquito, Quito","https://www.google.com/maps/place/Giros+Coiffur+Peluquer%C3%ADa/data=!4m7!3m6!1s0x91d59a80ac3a804d:0xd8b8a39c18c303d8!8m2!3d-0.1653689!4d-78.4766439!16s%2Fg%2F11cmbmnjys!19sChIJTYA6rICa1ZER2APDGJyjuNg?authuser=0&hl=es-419&g_ep=EgoyMDI2MDkxNS4wIJJjKgBIAVAD&rclk=1"
"I barbieri","(02) 519-2604","","5","27","","ninguno","","true","Barbería","Av. Cristóbal Vaca de Castro &, Quito","Bellavista, Quito","https://www.google.com/maps/place/I+barbieri/data=!4m7!3m6!1s0x91d58500278c19ed:0x3f8007a480b9d750!8m2!3d-0.1292833!4d-78.4955854!16s%2Fg%2F11ynw2f39y!19sChIJ7RmMJwCF1ZERUNe5gKQHgD8?authuser=0&hl=es-419&g_ep=EgoyMDI2MDkxNS4wIJJjKgBIAVAD&rclk=1"
"Náya Studio Group","099 888 0409","nayastudiogroupec@gmail.com","4.8","73","http://www.xn--nya-ela.com/","sitio_propio","","false","Barbería","Av. Eloy Alfaro 179, 170504 Quito","Bellavista, Quito","https://www.google.com/maps/place/N%C3%A1ya+Studio+Group/data=!4m7!3m6!1s0xae391852d941e321:0xfb0a0bcce100c34b!8m2!3d-0.178828!4d-78.474102!16s%2Fg%2F11ypj_t_pd!19sChIJIeNB2VIYOa4RS8MA4cwLCvs?authuser=0&hl=es-419&g_ep=EgoyMDI2MDkxNS4wIJJjKgBIAVAD&rclk=1"
"Barbería Mr Speed","099 282 0984","contacto@ejemplo.com; +claudebot@anthropic.com","4.7","62","https://barberia-mr-speed.webnode.es/","sitio_propio","","false","Barbería","Calle, Joaquin Sumaita, y y Manuel Lizarzaburu 47-358, Quito","Bellavista, Quito","https://www.google.com/maps/place/Barber%C3%ADa+Mr+Speed/data=!4m7!3m6!1s0x91d5900085f7aa2d:0x37b5e17a06c7579!8m2!3d-0.1503433!4d-78.474571!16s%2Fg%2F11gvrll78k!19sChIJLar3hQCQ1ZEReXVsoBdeewM?authuser=0&hl=es-419&g_ep=EgoyMDI2MDkxNS4wIJJjKgBIAVAD&rclk=1"
"MEN'S BARBER - EL BOSQUE","099 822 0351","","4.8","119","","ninguno","","true","Barbería","Av. Edmundo Carvajal, 170506 Quito","Bellavista, Quito","https://www.google.com/maps/place/MEN%27S+BARBER+-+EL+BOSQUE/data=!4m7!3m6!1s0x91d59ba52a9b5403:0x58e96eb817097066!8m2!3d-0.1606338!4d-78.4929515!16s%2Fg%2F11rql0vbcs!19sChIJA1SbKqWb1ZERZnAJF7hu6Vg?authuser=0&hl=es-419&g_ep=EgoyMDI2MDkxNS4wIJJjKgBIAVAD&rclk=1"
"Gent's club","095 889 9017","","4.9","15","","ninguno","","true","Barbería","Brasil e, Hidalgo de Pinto N42-147, 170104 Quito","Quito Tenis, Quito","https://www.google.com/maps/place/Gent%27s+club/data=!4m7!3m6!1s0x91d59bf26e08aa11:0x96072ea8c41eca04!8m2!3d-0.1639919!4d-78.4896266!16s%2Fg%2F11flkcbx6x!19sChIJEaoIbvKb1ZERBMoexKguB5Y?authuser=0&hl=es-419&g_ep=EgoyMDI2MDkxNS4wIJJjKgBIAVAD&rclk=1"
"Mariah Hair Studio and Barbershop","098 784 3338","","4.5","36","","ninguno","","true","Peluquería","Asunos 5108, 170138 Quito","Quito Tenis, Quito","https://www.google.com/maps/place/Mariah+Hair+Studio+and+Barbershop/data=!4m7!3m6!1s0x91d58f1c4efdc209:0x20c83b774c3e502!8m2!3d-0.1432291!4d-78.4709524!16s%2Fg%2F11h6mzps9n!19sChIJCcL9ThyP1ZERAuXDdLeDDAI?authuser=0&hl=es-419&g_ep=EgoyMDI2MDkxNS4wIJJjKgBIAVAD&rclk=1"
"Emperador Barber Shop","093 962 6116","","4.5","218","","ninguno","","true","Barbería","Ave Emperador Carlos V Oe7-21, 170104 Quito","Quito Tenis, Quito","https://www.google.com/maps/place/Emperador+Barber+Shop/data=!4m7!3m6!1s0x91d585436ab0e599:0xa72c36d8c9e82717!8m2!3d-0.1371957!4d-78.4991274!16s%2Fg%2F11g07xqgmr!19sChIJmeWwakOF1ZERFyfoydg2LKc?authuser=0&hl=es-419&g_ep=EgoyMDI2MDkxNS4wIJJjKgBIAVAD&rclk=1"
"New Station Peluqueria","098 757 0519","","4.7","56","https://www.instagram.com/newstation.ec?r=nametaghttps://www.instagram.com/newstation.ec?r=nametag","solo_red_social","","true","Peluquería","Hernando de Paredes oe215 y, 170120 Quito","Quito Tenis, Quito","https://www.google.com/maps/place/New+Station+Peluqueria/data=!4m7!3m6!1s0x91d58f5f92703125:0xde45ca47ee621676!8m2!3d-0.0903099!4d-78.4744829!16s%2Fg%2F11c1njgb65!19sChIJJTFwkl-P1ZERdhZi7kfKRd4?authuser=0&hl=es-419&g_ep=EgoyMDI2MDkxNS4wIJJjKgBIAVAD&rclk=1"
"Portal Shopping","(02) 396-5211","","4.6","17563","https://portalshopping.com.ec/","sitio_propio","2026","false","Centro comercial","AVENIDAS SIMON BOLIVAR, PANAMERICANA Y, CALLE y Capitán Giovanni Calles 170133, Quito","Quito Tenis, Quito","https://www.google.com/maps/place/Portal+Shopping/data=!4m7!3m6!1s0x91d58f4642cfccbb:0x66e47f01918af6f4!8m2!3d-0.1086582!4d-78.4574453!16s%2Fg%2F11gm9fps9t!19sChIJu8zPQkaP1ZER9PaKkQF_5GY?authuser=0&hl=es-419&g_ep=EgoyMDI2MDkxNS4wIJJjKgBIAVAD&rclk=1"
"EDER SALON & BARBERIA","097 893 2234","","4.9","163","https://ederpeluqueria.com/","sitio_propio","","true","Centro de estética","Av Del Maestro, y y Real Audiencia, 170144 Quito","Quito Tenis, Quito","https://www.google.com/maps/place/EDER+SALON+%26+BARBERIA/data=!4m7!3m6!1s0x91d585176f8ff11d:0xad9f92d90ef5b7db!8m2!3d-0.1241495!4d-78.4859581!16s%2Fg%2F11ppdwvq4p!19sChIJHfGPbxeF1ZER27f1DtmSn60?authuser=0&hl=es-419&g_ep=EgoyMDI2MDkxNS4wIJJjKgBIAVAD&rclk=1"
"Veterinaria Vetgoglio","099 520 9147","veterinariavetgoglio@gmail.com","4.7","27","https://veterinariavetgoglio.com/","sitio_propio","2024","false","Veterinario","Intersección N6C, El Arenal N6-229, 170203 Quito","Quito Tenis, Quito","https://www.google.com/maps/place/Veterinaria+Vetgoglio/data=!4m7!3m6!1s0x91d58f0b8cc37803:0xcd08cce115d6aaab!8m2!3d-0.1059908!4d-78.448498!16s%2Fg%2F1q6jhvnd7!19sChIJA3jDjAuP1ZERq6rWFeHMCM0?authuser=0&hl=es-419&g_ep=EgoyMDI2MDkxNS4wIJJjKgBIAVAD&rclk=1"
"Egos Peluquería by Mayra Molina","098 402 0642","","4.5","291","https://www.egospeluqueria.com/","sitio_propio","","false","Centro de estética","Capitán Ramón Borja, y y Víctor Mideros 170502, 170502 Quito","Quito Tenis, Quito","https://www.google.com/maps/place/Egos+Peluquer%C3%ADa+by+Mayra+Molina/data=!4m7!3m6!1s0x91d58556b6c65469:0x607bf2828c839c61!8m2!3d-0.1407938!4d-78.479994!16s%2Fg%2F11ddyzn2x2!19sChIJaVTGtlaF1ZERYZyDjILye2A?authuser=0&hl=es-419&g_ep=EgoyMDI2MDkxNS4wIJJjKgBIAVAD&rclk=1"
"5th Avenue Peluquería","(02) 246-2031","","4.6","93","","ninguno","","true","Peluquería","Edificio Rosa Matilde, Zamora oe383, 170104 Quito","Quito Tenis, Quito","https://www.google.com/maps/place/5th+Avenue+Peluquer%C3%ADa/data=!4m7!3m6!1s0x91d59aba7d5eea31:0x2b664a0054230cdb!8m2!3d-0.1561972!4d-78.4893851!16s%2Fg%2F1ptyw8hp2!19sChIJMepefbqa1ZER2wwjVABKZis?authuser=0&hl=es-419&g_ep=EgoyMDI2MDkxNS4wIJJjKgBIAVAD&rclk=1"
"Talentos","098 457 0212","","4.5","55","","ninguno","","true","Barbería","Avenida, Lizardo Ruiz, 170301 Quito","Cotocollao, Quito","https://www.google.com/maps/place/Talentos/data=!4m7!3m6!1s0x91d585735835d0cb:0x560bbc1a547a58d2!8m2!3d-0.1145267!4d-78.4971344!16s%2Fg%2F11gnrlsl7f!19sChIJy9A1WHOF1ZER0lh6VBq8C1Y?authuser=0&hl=es-419&g_ep=EgoyMDI2MDkxNS4wIJJjKgBIAVAD&rclk=1"
"Poleth","(02) 229-0832","","4.8","77","","ninguno","","true","Barbería","De la Prensa N62-74, 170103 Quito","Cotocollao, Quito","https://www.google.com/maps/place/Poleth/data=!4m7!3m6!1s0x91d5856c4c9e96e5:0xdfafd3faa8db22f2!8m2!3d-0.1213618!4d-78.4940341!16s%2Fg%2F11grvm4s91!19sChIJ5ZaeTGyF1ZER8iLbqPrTr98?authuser=0&hl=es-419&g_ep=EgoyMDI2MDkxNS4wIJJjKgBIAVAD&rclk=1"
"Peluqueria La Tijera Loca","095 923 8485","","4.4","85","https://en-gb.facebook.com/pg/Tijera-Loca-Cotocollao-1427901767269285/about/?ref=page_internal","solo_red_social","","true","Barbería","Avenida, Lizardo Ruiz, 170301 Quito","Cotocollao, Quito","https://www.google.com/maps/place/Peluqueria+La+Tijera+Loca/data=!4m7!3m6!1s0x91d5857358cf90cf:0x2108ba06a36f2cfa!8m2!3d-0.1145024!4d-78.4968997!16s%2Fg%2F11gv07m9d1!19sChIJz5DPWHOF1ZER-ixvowa6CCE?authuser=0&hl=es-419&g_ep=EgoyMDI2MDkxNS4wIJJjKgBIAVAD&rclk=1"
"New Style","(02) 259-3158","","4.6","11","","ninguno","","true","Barbería","Flavio Alfaro y Norte Oe7-106, 170301 Quito","Cotocollao, Quito","https://www.google.com/maps/place/New+Style/data=!4m7!3m6!1s0x91d5851477f91359:0xf2b05eb6d24a6411!8m2!3d-0.1237681!4d-78.5017159!16s%2Fg%2F11gw37k0g0!19sChIJWRP5dxSF1ZEREWRK0rZesPI?authuser=0&hl=es-419&g_ep=EgoyMDI2MDkxNS4wIJJjKgBIAVAD&rclk=1"
"PELUQUERÍA ITALIANA","(02) 259-7021","","4.7","12","","ninguno","","true","Barbería","Calle Manuel Gala N61-18, 170103 Quito","Cotocollao, Quito","https://www.google.com/maps/place/PELUQUER%C3%8DA+ITALIANA/data=!4m7!3m6!1s0x91d585135e06b543:0xa90d13d7b7ead5cf!8m2!3d-0.1233146!4d-78.4992698!16s%2Fg%2F11ff5jx4jw!19sChIJQ7UGXhOF1ZERz9Xqt9cTDak?authuser=0&hl=es-419&g_ep=EgoyMDI2MDkxNS4wIJJjKgBIAVAD&rclk=1"
"Peluquería Soly","","","4.9","8","","ninguno","","true","Barbería","170103 Quito","Cotocollao, Quito","https://www.google.com/maps/place/Peluquer%C3%ADa+Soly/data=!4m7!3m6!1s0x91d585130166f01b:0x8b33e43103782250!8m2!3d-0.1209058!4d-78.5004925!16s%2Fg%2F11f088ytb8!19sChIJG_BmAROF1ZERUCJ4AzHkM4s?authuser=0&hl=es-419&g_ep=EgoyMDI2MDkxNS4wIJJjKgBIAVAD&rclk=1"
"Navajas Barber-Shop","098 321 9741","","5","7","","ninguno","","true","Barbería","conjunto loyola Torre1, Av. de la Prensa, Quito","Cotocollao, Quito","https://www.google.com/maps/place/Navajas+Barber-Shop/data=!4m7!3m6!1s0x91d58552ce5c7805:0xaa1ae727d1b79e0f!8m2!3d-0.1102853!4d-78.4938589!16s%2Fg%2F11pylb_fwz!19sChIJBXhczlKF1ZERD5630SfnGqo?authuser=0&hl=es-419&g_ep=EgoyMDI2MDkxNS4wIJJjKgBIAVAD&rclk=1"
"Kachos Studio Ec","099 715 3886","","4.6","9","","ninguno","","true","Barbería","Machala, y y Flavio Alfaro, Quito","Cotocollao, Quito","https://www.google.com/maps/place/Kachos+Studio+Ec/data=!4m7!3m6!1s0x91d585f458167459:0xb2c7de542d12a395!8m2!3d-0.1235828!4d-78.4979715!16s%2Fg%2F11fswckrqh!19sChIJWXQWWPSF1ZERlaMSLVTex7I?authuser=0&hl=es-419&g_ep=EgoyMDI2MDkxNS4wIJJjKgBIAVAD&rclk=1"
"Peluqueria Marlen","098 308 5750","","4.5","8","","ninguno","","true","Barbería","Carlos Crespi &, 170103 Quito","Cotocollao, Quito","https://www.google.com/maps/place/Peluqueria+Marlen/data=!4m7!3m6!1s0x91d5856c8c86eb2f:0x36d172f955c3877d!8m2!3d-0.1230148!4d-78.4949621!16s%2Fg%2F11fd6d65r9!19sChIJL-uGjGyF1ZERfYfDVfly0TY?authuser=0&hl=es-419&g_ep=EgoyMDI2MDkxNS4wIJJjKgBIAVAD&rclk=1"
"Barber City Shop San Carlos","093 963 9018","","4.7","9","","ninguno","","true","Barbería","Gral Anda Aguirre y Pedro de Alvarado &, 170104 Quito","Cotocollao, Quito","https://www.google.com/maps/place/Barber+City+Shop+San+Carlos/data=!4m7!3m6!1s0x91d585000ad35a39:0xc118e641a2cb6e4!8m2!3d-0.1317523!4d-78.5008544!16s%2Fg%2F11zjvjqyp4!19sChIJOVrTCgCF1ZER5LYsGmSOEQw?authuser=0&hl=es-419&g_ep=EgoyMDI2MDkxNS4wIJJjKgBIAVAD&rclk=1"
"StudiOazis Spa y Peluquería UNISEX","","","4.4","14","","ninguno","","true","Peluquería","Lc 4, Ca 59, Ángel Ludeña Oe5-296 111, 170138 Quito","Cotocollao, Quito","https://www.google.com/maps/place/StudiOazis+Spa+y+Peluquer%C3%ADa+UNISEX/data=!4m7!3m6!1s0x91d59aa8296db4f1:0x67658da7ed65d4dd!8m2!3d-0.1252624!4d-78.4940607!16s%2Fg%2F11d_x4345r!19sChIJ8bRtKaia1ZER3dRl7aeNZWc?authuser=0&hl=es-419&g_ep=EgoyMDI2MDkxNS4wIJJjKgBIAVAD&rclk=1"
"Peluquería Nuevo Look","(02) 281-0935","","5","26","","ninguno","","true","Barbería","De los Pinos E4-02, Loc 1, 170502 Quito","Cotocollao, Quito","https://www.google.com/maps/place/Peluquer%C3%ADa+Nuevo+Look/data=!4m7!3m6!1s0x91d58550c782b17f:0xe390a8d23d582060!8m2!3d-0.138497!4d-78.4817619!16s%2Fg%2F11gv_p2j39!19sChIJf7GCx1CF1ZERYCBYPdKokOM?authuser=0&hl=es-419&g_ep=EgoyMDI2MDkxNS4wIJJjKgBIAVAD&rclk=1"
"Barberia ZAB","096 149 8825","","4.4","8","https://instagram.com/zab_barberia?igshid=YmMyMTA2M2Y=","solo_red_social","","true","Barbería","Av. Luis G. Tufiño Oe2-14, Quito","Cotocollao, Quito","https://www.google.com/maps/place/Barberia+ZAB/data=!4m7!3m6!1s0x91d585c6ec39041b:0xfcd36df94b0a2a9d!8m2!3d-0.1289705!4d-78.4838678!16s%2Fg%2F11p04gjbjr!19sChIJGwQ57MaF1ZERnSoKS_lt0_w?authuser=0&hl=es-419&g_ep=EgoyMDI2MDkxNS4wIJJjKgBIAVAD&rclk=1"
"Un Nuevo Estilo Barber shop","098 318 8552","","4.8","19","","ninguno","","true","Barbería","Bernardo de Legarda oe17-146, 170528 Quito","Cotocollao, Quito","https://www.google.com/maps/place/Un+Nuevo+Estilo+Barber+shop/data=!4m7!3m6!1s0x91d5851bb3efb815:0xa722c201e4433674!8m2!3d-0.1221021!4d-78.5124313!16s%2Fg%2F11fgm1ycl5!19sChIJFbjvsxuF1ZERdDZD5AHCIqc?authuser=0&hl=es-419&g_ep=EgoyMDI2MDkxNS4wIJJjKgBIAVAD&rclk=1"
"Urbano's Peluquería","098 419 3704","","3.5","8","","ninguno","","true","Barbería","Avenida, Lizardo Ruiz Oe5-72, Quito","Cotocollao, Quito","https://www.google.com/maps/place/Urbano%27s+Peluquer%C3%ADa/data=!4m7!3m6!1s0x91d58574a0081e27:0x245302b6add8f2cc!8m2!3d-0.1144011!4d-78.4965533!16s%2Fg%2F11gtyspfrf!19sChIJJx4IoHSF1ZERzPLYrbYCUyQ?authuser=0&hl=es-419&g_ep=EgoyMDI2MDkxNS4wIJJjKgBIAVAD&rclk=1"
"Peluqueria Alisson el mirador","","","4.8","10","","ninguno","","true","Barbería","VFGR+FMC, 170103 Quito","Cotocollao, Quito","https://www.google.com/maps/place/Peluqueria+Alisson+el+mirador/data=!4m7!3m6!1s0x91d5858c326aa51b:0x56a11b79c982dc79!8m2!3d-0.1238122!4d-78.5083639!16s%2Fg%2F11qphwbh9l!19sChIJG6VqMoyF1ZERedyCyXkboVY?authuser=0&hl=es-419&g_ep=EgoyMDI2MDkxNS4wIJJjKgBIAVAD&rclk=1"
"MEN’S BARBER & ACADEMY - CARCELÉN","098 851 3030","mensuiospa@gmail.com","4.5","129","https://mensecuador.com/","sitio_propio","2026","false","Barbería","WG8H+42Q Milán Plaza, Av. Jaime Roldós Aguilera, 170120 Quito","Carcelén, Quito","https://www.google.com/maps/place/MEN%E2%80%99S+BARBER+%26+ACADEMY+-+CARCEL%C3%89N/data=!4m7!3m6!1s0x91d58f095f6582f1:0x417290590949f2b4!8m2!3d-0.0843896!4d-78.4719135!16s%2Fg%2F11y8zmzrgr!19sChIJ8YJlXwmP1ZERtPJJCVmQckE?authuser=0&hl=es-419&g_ep=EgoyMDI2MDkxNS4wIJJjKgBIAVAD&rclk=1"
"Monark Barber Studio","099 252 0031","daniel.jcastillo83@gmail.com","5","26","https://monarkbarberstudio.setmore.com/","sitio_propio","","false","Barbería","170120 Quito","Carcelén, Quito","https://www.google.com/maps/place/Monark+Barber+Studio/data=!4m7!3m6!1s0x91d58f78738f343b:0x67c93d71ebf5f752!8m2!3d-0.0806573!4d-78.4661405!16s%2Fg%2F11z7gz8znr!19sChIJOzSPc3iP1ZERUvf163E9yWc?authuser=0&hl=es-419&g_ep=EgoyMDI2MDkxNS4wIJJjKgBIAVAD&rclk=1"
"Seven","098 331 3043","","4.6","14","https://www.instagram.com/its.jeanbarber_sv7?igsh=MWl5NnB6eWFwb3BuNA==","solo_red_social","","true","Barbería","Av Jaime Roldos Aguilera av Jaime Roldos Aguilera, y y Francisco del Campo, 170120 Quito","Carcelén, Quito","https://www.google.com/maps/place/Seven/data=!4m7!3m6!1s0x91d58f5de27f22cd:0x9186086fda22f0fa!8m2!3d-0.0880303!4d-78.4760488!16s%2Fg%2F11k3g8vzph!19sChIJzSJ_4l2P1ZER-vAi2m8IhpE?authuser=0&hl=es-419&g_ep=EgoyMDI2MDkxNS4wIJJjKgBIAVAD&rclk=1"
"D' CESAR STYLES Black & White BARBERO'S","099 377 8654","","4.8","81","","ninguno","","true","Barbería","WG6G+667, 170120 Quito","Carcelén, Quito","https://www.google.com/maps/place/D%27+CESAR+STYLES+Black+%26+White+BARBERO%27S/data=!4m7!3m6!1s0x91d58f5f9d38beb7:0xe3523470c35a61be!8m2!3d-0.0894543!4d-78.4744677!16s%2Fg%2F11glyc8453!19sChIJt744nV-P1ZERvmFaw3A0UuM?authuser=0&hl=es-419&g_ep=EgoyMDI2MDkxNS4wIJJjKgBIAVAD&rclk=1"
"PALACIOS R' BARBER","","","4.9","16","","ninguno","","true","Barbería","E 20, N90A y PB E2-129, 170120 Quito","Carcelén, Quito","https://www.google.com/maps/place/PALACIOS+R%27+BARBER/data=!4m7!3m6!1s0x91d58f529e809449:0xf0bacff396b929d1!8m2!3d-0.075849!4d-78.4667882!16s%2Fg%2F11sq0sj5r6!19sChIJSZSAnlKP1ZER0Sm5lvPPuvA?authuser=0&hl=es-419&g_ep=EgoyMDI2MDkxNS4wIJJjKgBIAVAD&rclk=1"
"Time'S Barber Shop","097 910 7604","","4.9","8","","ninguno","","true","Barbería","Calle B, 170120 Quito","Carcelén, Quito","https://www.google.com/maps/place/Time%27S+Barber+Shop/data=!4m7!3m6!1s0x91d58f51c7b1a033:0xe751256b9d1f66b0!8m2!3d-0.0743573!4d-78.4568898!16s%2Fg%2F11mw75k1nd!19sChIJM6Cxx1GP1ZERsGYfnWslUec?authuser=0&hl=es-419&g_ep=EgoyMDI2MDkxNS4wIJJjKgBIAVAD&rclk=1"
"WOOW SPA","098 601 5001","","4.8","13","","ninguno","","true","Spa","Rafael Carvajal 170120, 170120 Quito","Carcelén, Quito","https://www.google.com/maps/place/WOOW+SPA/data=!4m7!3m6!1s0x91d58f6cd7fb7393:0xb4038f410b9c7c9c!8m2!3d-0.0888898!4d-78.4640252!16s%2Fg%2F11qq3c29xj!19sChIJk3P712yP1ZERnHycC0GPA7Q?authuser=0&hl=es-419&g_ep=EgoyMDI2MDkxNS4wIJJjKgBIAVAD&rclk=1"
"CR7 Barberia","096 295 4926","","4.6","10","","ninguno","","true","Barbería","WGFP+W73, Calle F y, Segundo Naranjo, 170120 Quito","Carcelén, Quito","https://www.google.com/maps/place/CR7+Barberia/data=!4m7!3m6!1s0x91d58f5dd3678a01:0x42bd74806ce37df7!8m2!3d-0.0752314!4d-78.4643277!16s%2Fg%2F11rfs0mjc_!19sChIJAYpn012P1ZER933jbIB0vUI?authuser=0&hl=es-419&g_ep=EgoyMDI2MDkxNS4wIJJjKgBIAVAD&rclk=1"
"Faiber","099 550 2961","","5","10","","ninguno","","true","Peluquería","Calle, Francisco del Campo Oe3-87 y, 170302 Quito","Carcelén, Quito","https://www.google.com/maps/place/Faiber/data=!4m7!3m6!1s0x91d58f5f16d9bb75:0xcbd7f44dc140bc7b!8m2!3d-0.088295!4d-78.4732558!16s%2Fg%2F11gvwsmcpr!19sChIJdbvZFl-P1ZERe7xAwU3018s?authuser=0&hl=es-419&g_ep=EgoyMDI2MDkxNS4wIJJjKgBIAVAD&rclk=1"
"Peluqueria Juvenil","099 739 5949","","4.8","17","","ninguno","","true","Peluquería","WG6G+C6V, Rodrigo Muñoz, 170120 Quito","Carcelén, Quito","https://www.google.com/maps/place/Peluqueria+Juvenil/data=!4m7!3m6!1s0x91d58f5f70a93a85:0x3932b9665760d249!8m2!3d-0.0888864!4d-78.47445!16s%2Fg%2F11c52627hl!19sChIJhTqpcF-P1ZERSdJgV2a5Mjk?authuser=0&hl=es-419&g_ep=EgoyMDI2MDkxNS4wIJJjKgBIAVAD&rclk=1"
"Divinas Peluquería Y SPA","(02) 247-2699","","4.4","8","","ninguno","","true","Spa","República Dominicana y Alonso de Jerez N8076, 170120 Quito","Carcelén, Quito","https://www.google.com/maps/place/Divinas+Peluquer%C3%ADa+Y+SPA/data=!4m7!3m6!1s0x91d58f5c26fe9827:0xc3481dad69160409!8m2!3d-0.0885561!4d-78.4692337!16s%2Fg%2F11cp8nb_x4!19sChIJJ5j-JlyP1ZERCQQWaa0dSMM?authuser=0&hl=es-419&g_ep=EgoyMDI2MDkxNS4wIJJjKgBIAVAD&rclk=1"
"Barber Shop El Cuchisiño","096 299 9361","","5","7","","ninguno","","true","Peluquería","Ojo de Tigre, Diamante y y, 170120 Quito","Carcelén, Quito","https://www.google.com/maps/place/Barber+Shop+El+Cuchisi%C3%B1o/data=!4m7!3m6!1s0x91d585f8a0141aff:0xeb9e950dff928fdb!8m2!3d-0.0788695!4d-78.4752684!16s%2Fg%2F11w8qr2td9!19sChIJ_xoUoPiF1ZER24-S_w2Vnus?authuser=0&hl=es-419&g_ep=EgoyMDI2MDkxNS4wIJJjKgBIAVAD&rclk=1"
"Kaprichos Peluqueria","(02) 247-2520","","4.4","20","","ninguno","","true","Centro de estética","Avenida, República Dominicana N82-70, 170120 Quito","Carcelén, Quito","https://www.google.com/maps/place/Kaprichos+Peluqueria/data=!4m7!3m6!1s0x91d58f5bff28cc51:0x37be88fa5c6ff409!8m2!3d-0.0866334!4d-78.4691926!16s%2Fg%2F11g4jh6yr2!19sChIJUcwo_1uP1ZERCfRvXPqIvjc?authuser=0&hl=es-419&g_ep=EgoyMDI2MDkxNS4wIJJjKgBIAVAD&rclk=1"
"Reylin Peluqueria","098 187 1060","","4.9","26","https://www.facebook.com/Reylin-Peluqueria-629454597517687/","solo_red_social","","true","Peluquería","Francisco del campo, y y Av. Jaime Roldós Aguilera, 170120 Quito","Carcelén, Quito","https://www.google.com/maps/place/Reylin+Peluqueria/data=!4m7!3m6!1s0x91d585907d6d5b3b:0x34f7974bb6045291!8m2!3d-0.0880368!4d-78.4758254!16s%2Fg%2F11h75jmx5r!19sChIJO1ttfZCF1ZERkVIEtkuX9zQ?authuser=0&hl=es-419&g_ep=EgoyMDI2MDkxNS4wIJJjKgBIAVAD&rclk=1"
"WILLIAM PELUQUERIA","098 357 4881","","4.5","15","","ninguno","","true","Peluquería","170120 Quito","Carcelén, Quito","https://www.google.com/maps/place/WILLIAM+PELUQUERIA/data=!4m7!3m6!1s0x91d58f63af4549e5:0x87f1ca47b5ae2d84!8m2!3d-0.0761928!4d-78.4673575!16s%2Fg%2F11fhvbg1zp!19sChIJ5UlFr2OP1ZERhC2utUfK8Yc?authuser=0&hl=es-419&g_ep=EgoyMDI2MDkxNS4wIJJjKgBIAVAD&rclk=1"
"MEN'S BARBER & ACADEMY - SOLANDA","098 323 1209","mensuiospa@gmail.com","4.3","12","https://www.mensecuador.com/","sitio_propio","2026","false","Barbería","170606, Quito","Solanda, Quito","https://www.google.com/maps/place/MEN%27S+BARBER+%26+ACADEMY+-+SOLANDA/data=!4m7!3m6!1s0x91d59972cdc53eb9:0x9524dc496b4ac07b!8m2!3d-0.2679639!4d-78.538758!16s%2Fg%2F11yxbqkpjc!19sChIJuT7FzXKZ1ZERe8BKa0ncJJU?authuser=0&hl=es-419&g_ep=EgoyMDI2MDkxNS4wIJJjKgBIAVAD&rclk=1"
"Los Santos BarberShop","097 895 6765","","4.8","14","","ninguno","","true","Barbería","Gaspar Esparza Oe4-108 y, 170606 Quito","Solanda, Quito","https://www.google.com/maps/place/Los+Santos+BarberShop/data=!4m7!3m6!1s0x91d599b8441c1e1f:0x85edbf4698315f2b!8m2!3d-0.2649795!4d-78.537603!16s%2Fg%2F11jx_g9s19!19sChIJHx4cRLiZ1ZERK18xmEa_7YU?authuser=0&hl=es-419&g_ep=EgoyMDI2MDkxNS4wIJJjKgBIAVAD&rclk=1"
"NÁUFRAGO Men’s Barber Club","099 821 9919","","4.9","46","","ninguno","","true","Barbería","Quimag, 170135 Quito","Solanda, Quito","https://www.google.com/maps/place/N%C3%81UFRAGO+Men%E2%80%99s+Barber+Club/data=!4m7!3m6!1s0x91d59b001c796297:0xc34142fd74350577!8m2!3d-0.2747183!4d-78.5402039!16s%2Fg%2F11w9js9b1q!19sChIJl2J5HACb1ZERdwU1dP1CQcM?authuser=0&hl=es-419&g_ep=EgoyMDI2MDkxNS4wIJJjKgBIAVAD&rclk=1"
"Estilo Dominicano Barber Shop","096 901 2855","","4.7","41","https://www.instagram.com/estilodominicanobarbershop?igsh=bGFpNHNkYTRrOG1t","solo_red_social","","true","Peluquería","Av. Solanda, 170131 Quito","Solanda, Quito","https://www.google.com/maps/place/Estilo+Dominicano+Barber+Shop/data=!4m7!3m6!1s0x91d598ea0b3ce07d:0x7191571185b23dbe!8m2!3d-0.2717363!4d-78.5432178!16s%2Fg%2F11grbz0pdm!19sChIJfeA8C-qY1ZERvj2yhRFXkXE?authuser=0&hl=es-419&g_ep=EgoyMDI2MDkxNS4wIJJjKgBIAVAD&rclk=1"
"Barber Shop J&K","098 353 8286","","5","6","","ninguno","","true","Barbería","Juan Barreto S23B, 170131 Quito","Solanda, Quito","https://www.google.com/maps/place/Barber+Shop+J%26K/data=!4m7!3m6!1s0x91d59977a58b262d:0x778905017ed994d2!8m2!3d-0.2717227!4d-78.5408566!16s%2Fg%2F11thpr_mbc!19sChIJLSaLpXeZ1ZER0pTZfgEFiXc?authuser=0&hl=es-419&g_ep=EgoyMDI2MDkxNS4wIJJjKgBIAVAD&rclk=1"
"BravoBarber’S","096 714 8125","","4.4","35","https://www.facebook.com/lapresidencial/","solo_red_social","","true","Barbería","Juan Barreto y Y, 105702 Quito","Solanda, Quito","https://www.google.com/maps/place/BravoBarber%E2%80%99S/data=!4m7!3m6!1s0x91d599a574a8c699:0x35b7c1198bc42eff!8m2!3d-0.2712817!4d-78.5410982!16s%2Fg%2F11rjs6qgxf!19sChIJmcaodKWZ1ZER_y7EixnBtzU?authuser=0&hl=es-419&g_ep=EgoyMDI2MDkxNS4wIJJjKgBIAVAD&rclk=1"
"Barbero Shop Venezuela","099 257 3089","","5","6","","ninguno","","true","Barbería","S24 Oe3-16, 170105 Quito","Solanda, Quito","https://www.google.com/maps/place/Barbero+Shop+Venezuela/data=!4m7!3m6!1s0x91d598eb2342667d:0xd3af540382af46f2!8m2!3d-0.2742792!4d-78.5399049!16s%2Fg%2F11j583vzjj!19sChIJfWZCI-uY1ZER8kavggNUr9M?authuser=0&hl=es-419&g_ep=EgoyMDI2MDkxNS4wIJJjKgBIAVAD&rclk=1"
"HOMBRES PELUQUERÍA","","","4.3","22","","ninguno","","true","Barbería","Jose Antonio Endara, 170101 Quito","Solanda, Quito","https://www.google.com/maps/place/HOMBRES+PELUQUER%C3%8DA/data=!4m7!3m6!1s0x91d599c41b8d8815:0xd1043ae0a8ea89f7!8m2!3d-0.2709398!4d-78.5438789!16s%2Fg%2F11h5vc3snp!19sChIJFYiNG8SZ1ZER94nqqOA6BNE?authuser=0&hl=es-419&g_ep=EgoyMDI2MDkxNS4wIJJjKgBIAVAD&rclk=1"
"Peluquería Kyrios Calle La Jota","099 529 8645","","4.6","8","https://www.facebook.com/kyriospeluqueria/","solo_red_social","","true","Barbería","PFJ6+M39, José María Alemán, 170131 Quito","Solanda, Quito","https://www.google.com/maps/place/Peluquer%C3%ADa+Kyrios+Calle+La+Jota/data=!4m7!3m6!1s0x91d598e91d467429:0xaaf3402076643d99!8m2!3d-0.2683393!4d-78.5397692!16s%2Fg%2F11fyxpz55l!19sChIJKXRGHemY1ZERmT1kdiBA86o?authuser=0&hl=es-419&g_ep=EgoyMDI2MDkxNS4wIJJjKgBIAVAD&rclk=1"
"Lords Barber Shop Estudio","096 976 0725","","4.8","12","https://www.facebook.com/LORDSbarbershop1977/","solo_red_social","","true","Peluquería","Cusubamba, y y Alberto Spencer esquina, 170606 Quito","Solanda, Quito","https://www.google.com/maps/place/Lords+Barber+Shop+Estudio/data=!4m7!3m6!1s0x91d599478fdc7121:0x831fd813f3b303a7!8m2!3d-0.2760674!4d-78.5433338!16s%2Fg%2F11q49wcb5l!19sChIJIXHcj0eZ1ZERpwOz8xPYH4M?authuser=0&hl=es-419&g_ep=EgoyMDI2MDkxNS4wIJJjKgBIAVAD&rclk=1"
"Estetica y Peluqueria Rouus","099 269 3825","","5","11","","ninguno","","true","Peluquería","Av. Cardenal de la Torre 445, 170131 Quito","Solanda, Quito","https://www.google.com/maps/place/Estetica+y+Peluqueria+Rouus/data=!4m7!3m6!1s0x91d599af7a5d7119:0xfa81da2bcc740c99!8m2!3d-0.2674667!4d-78.545663!16s%2Fg%2F11zgm06xrr!19sChIJGXFdeq-Z1ZERmQx0zCvagfo?authuser=0&hl=es-419&g_ep=EgoyMDI2MDkxNS4wIJJjKgBIAVAD&rclk=1"
"The surgeons barbershop","098 467 4121","","5","12","","ninguno","","true","Barbería","PFC4+C7X, 170131 Quito","Solanda, Quito","https://www.google.com/maps/place/The+surgeons+barbershop/data=!4m7!3m6!1s0x91d599e03d011f01:0x7a60e2913901ebf3!8m2!3d-0.2788584!4d-78.544284!16s%2Fg%2F11qbkldnrt!19sChIJAR8BPeCZ1ZER8-sBOZHiYHo?authuser=0&hl=es-419&g_ep=EgoyMDI2MDkxNS4wIJJjKgBIAVAD&rclk=1"
"Dunny Alta Peluquería","098 948 2506","","4.1","34","","ninguno","","true","Peluquería","Av. Solanda y Jose Antonio Endara oe4-228 y, 170606 Quito","Solanda, Quito","https://www.google.com/maps/place/Dunny+Alta+Peluquer%C3%ADa/data=!4m7!3m6!1s0x91d599eafdabd39d:0x80dc28a2ea38891d!8m2!3d-0.2709296!4d-78.5438993!16s%2Fg%2F11fjywq8nr!19sChIJndOr_eqZ1ZERHYk46qIo3IA?authuser=0&hl=es-419&g_ep=EgoyMDI2MDkxNS4wIJJjKgBIAVAD&rclk=1"
"El domi Barber Shop & peluquería","098 861 3194","","5","10","https://www.instagram.com/el.domi_barber?igsh=MWxvYWQ5MzZjZHZsOQ==","solo_red_social","","true","Barbería","Apuela y Cubijies &, 170150 Quito","Solanda, Quito","https://www.google.com/maps/place/El+domi+Barber+Shop+%26+peluquer%C3%ADa/data=!4m7!3m6!1s0x91d5991a5ef98f65:0xfff9260fedc0ddfd!8m2!3d-0.2722797!4d-78.5465951!16s%2Fg%2F11yhyyr58q!19sChIJZY_5XhqZ1ZER_d3A7Q8m-f8?authuser=0&hl=es-419&g_ep=EgoyMDI2MDkxNS4wIJJjKgBIAVAD&rclk=1"
"Alajas Peluqueria y Spa - Sur de Quito - Ajavi","099 521 7451","","4.9","144","","ninguno","","true","Peluquería","Huigra y Av. Ajaví &, 170148 Quito","Solanda, Quito","https://www.google.com/maps/place/Alajas+Peluqueria+y+Spa+-+Sur+de+Quito+-+Ajavi/data=!4m7!3m6!1s0x91d5991b7d6040b1:0x18ac6e51111b1db6!8m2!3d-0.2583694!4d-78.5413309!16s%2Fg%2F11f0l207c3!19sChIJsUBgfRuZ1ZERth0bEVFurBg?authuser=0&hl=es-419&g_ep=EgoyMDI2MDkxNS4wIJJjKgBIAVAD&rclk=1"
"Darshall Studio","098 740 1676","","4.8","622","","ninguno","","true","Spa","José Abarcas, 170131 Quito","Solanda, Quito","https://www.google.com/maps/place/Darshall+Studio/data=!4m7!3m6!1s0x91d599abb679b901:0xf91d0381a215c36e!8m2!3d-0.2686027!4d-78.5401686!16s%2Fg%2F11j37bt3xn!19sChIJAbl5tquZ1ZERbsMVooEDHfk?authuser=0&hl=es-419&g_ep=EgoyMDI2MDkxNS4wIJJjKgBIAVAD&rclk=1"
"Estilizadas Peluqueria","096 839 5428","","5","29","https://www.instagram.com/estilizadas_peluqueria?igsh=YThwM3c1NTJybjF3&utm_source=qr","solo_red_social","","true","Peluquería","OE3F, Lorenzo Flores y S20B S20-61, 999999 Quito","Solanda, Quito","https://www.google.com/maps/place/Estilizadas+Peluqueria/data=!4m7!3m6!1s0x91d599fb3ce0703f:0x4d5c138177e6469d!8m2!3d-0.2707672!4d-78.5378402!16s%2Fg%2F11ybysq3ft!19sChIJP3DgPPuZ1ZERnUbmd4ETXE0?authuser=0&hl=es-419&g_ep=EgoyMDI2MDkxNS4wIJJjKgBIAVAD&rclk=1"
"M.G PELUQUERIA","099 298 5806","","5","8","","ninguno","","true","Peluquería","Av. Solanda, y y Av. Cardenal de la Torre, 170606 Quito","Solanda, Quito","https://www.google.com/maps/place/M.G+PELUQUERIA/data=!4m7!3m6!1s0x91d5998d2335e47f:0x580efaa9b764eeda!8m2!3d-0.2711976!4d-78.5458495!16s%2Fg%2F11ld2rxmzw!19sChIJf-Q1I42Z1ZER2u5kt6n6Dlg?authuser=0&hl=es-419&g_ep=EgoyMDI2MDkxNS4wIJJjKgBIAVAD&rclk=1"
"The Kings Barbershop Quito","096 271 5279","","4.6","139","https://www.facebook.com/the_kingsbarbershop593-103747925559512/","solo_red_social","","true","Barbería","El Canelo, 170148 Quito","Solanda, Quito","https://www.google.com/maps/place/The+Kings+Barbershop+Quito/data=!4m7!3m6!1s0x91d599bde2654ed3:0x3e01bf8f6cbe7716!8m2!3d-0.2537838!4d-78.5344319!16s%2Fg%2F11hdsx_wzq!19sChIJ005l4r2Z1ZERFne-bI-_AT4?authuser=0&hl=es-419&g_ep=EgoyMDI2MDkxNS4wIJJjKgBIAVAD&rclk=1"
"J IMPERIO Spa & Peluqueria","098 712 9322","","3.8","8","https://www.facebook.com/J-Imperio-SPA-NAILS-1932194737073014/?modal=admin_todo_tour","solo_red_social","","true","Peluquería","Calle J y segundo piso, 170131 Quito","Solanda, Quito","https://www.google.com/maps/place/J+IMPERIO+Spa+%26+Peluqueria/data=!4m7!3m6!1s0x91d5992d86cd47df:0xd26d8674b4c19e42!8m2!3d-0.2682855!4d-78.5405304!16s%2Fg%2F11g1mcyf5v!19sChIJ30fNhi2Z1ZERQp7BtHSGbdI?authuser=0&hl=es-419&g_ep=EgoyMDI2MDkxNS4wIJJjKgBIAVAD&rclk=1"
"SOUTH Men’s Barber Shop - QUITUMBE","098 400 9699","","4.3","101","https://instagram.com/mens.south?igshid=MzRlODBiNWFlZA==","solo_red_social","","true","Barbería","Amauta, Oe1N y S35B S3556, Quito","Quitumbe, Quito","https://www.google.com/maps/place/SOUTH+Men%E2%80%99s+Barber+Shop+-+QUITUMBE/data=!4m7!3m6!1s0x91d5a31fa00bce1f:0xb30c7b80beeba139!8m2!3d-0.2966257!4d-78.5448694!16s%2Fg%2F11vkgmc0tj!19sChIJH84LoB-j1ZEROaHrvoB7DLM?authuser=0&hl=es-419&g_ep=EgoyMDI2MDkxNS4wIJJjKgBIAVAD&rclk=1"
"PROBARBER","099 565 5397","","4.6","120","","ninguno","","true","Barbería","Quitumbe s32-61, 170702 Quito","Quitumbe, Quito","https://www.google.com/maps/place/PROBARBER/data=!4m7!3m6!1s0x91d599ca3a97365b:0xe2875768e6dc5f86!8m2!3d-0.2894998!4d-78.5435316!16s%2Fg%2F11jwdmc7nv!19sChIJWzaXOsqZ1ZERhl_c5mhXh-I?authuser=0&hl=es-419&g_ep=EgoyMDI2MDkxNS4wIJJjKgBIAVAD&rclk=1"
"SHARP GLOSS | BARBERÍA","096 887 8828","","4.9","13","https://linktr.ee/sharpgloss","solo_red_social","","true","Barbería","Avenida Quitumbe Ñan, y y Av. Guayanay Ñan, 170146 Quito","Quitumbe, Quito","https://www.google.com/maps/place/SHARP+GLOSS+%7C+BARBER%C3%8DA/data=!4m7!3m6!1s0x91d5a3004f58de27:0x2d6e7fb85ead46f4!8m2!3d-0.3016496!4d-78.550817!16s%2Fg%2F11yq37hc77!19sChIJJ95YTwCj1ZER9EatXrh_bi0?authuser=0&hl=es-419&g_ep=EgoyMDI2MDkxNS4wIJJjKgBIAVAD&rclk=1"
"MONARCA BARBER STUDIO","098 973 0898","info@monarcabarberstudio.online","5","92","https://monarcabarberstudio.online/","sitio_propio","2026","false","Barbería","Av. Llira Ñan, 170146 Quito","Quitumbe, Quito","https://www.google.com/maps/place/MONARCA+BARBER+STUDIO/data=!4m7!3m6!1s0x91d5a301eb03b831:0xfee71af5af241145!8m2!3d-0.2964908!4d-78.5464249!16s%2Fg%2F11z9dwmw23!19sChIJMbgD6wGj1ZERRREkr_Ua5_4?authuser=0&hl=es-419&g_ep=EgoyMDI2MDkxNS4wIJJjKgBIAVAD&rclk=1"
"Karissma Peluquería(Luis Tufiño)","(02) 240-6464","","3.5","232","","ninguno","","true","Peluquería","VGC7+93G, 170138 Quito","Quitumbe, Quito","https://www.google.com/maps/place/Karissma+Peluquer%C3%ADa%28Luis+Tufi%C3%B1o%29/data=!4m7!3m6!1s0x91d58542c86c75b1:0x74dcc670bbbd1c13!8m2!3d-0.1290676!4d-78.4873022!16s%2Fg%2F11c37jstnk!19sChIJsXVsyEKF1ZERExy9u3DG3HQ?authuser=0&hl=es-419&g_ep=EgoyMDI2MDkxNS4wIJJjKgBIAVAD&rclk=1"
"DISTRITO - BARBER STUDIO","","","4.3","11","https://linko.page/barber-studio","sitio_propio","","false","Barbería","Segundo Piso - Amauta, 170146 Quito","Quitumbe, Quito","https://www.google.com/maps/place/DISTRITO+-+BARBER+STUDIO/data=!4m7!3m6!1s0x91d5a3003d3ca121:0xf731b3d8fa409e66!8m2!3d-0.2968843!4d-78.5449537!16s%2Fg%2F11ypryrz3q!19sChIJIaE8PQCj1ZERZp5A-tizMfc?authuser=0&hl=es-419&g_ep=EgoyMDI2MDkxNS4wIJJjKgBIAVAD&rclk=1"
"Freddy Barber Shop","099 987 9800","","4.6","63","","ninguno","","true","Barbería","8 Oe1-245, 170146 Quito","Quitumbe, Quito","https://www.google.com/maps/place/Freddy+Barber+Shop/data=!4m7!3m6!1s0x91d5a21477995673:0xce2af26eb4393406!8m2!3d-0.307557!4d-78.5469866!16s%2Fg%2F11ff55cly8!19sChIJc1aZdxSi1ZERBjQ5tG7yKs4?authuser=0&hl=es-419&g_ep=EgoyMDI2MDkxNS4wIJJjKgBIAVAD&rclk=1"
"Barbershop J & M","","","5","8","","ninguno","","true","Barbería","Quitumbe Ñan, y y George Toledo, 170701 Quito","Quitumbe, Quito","https://www.google.com/maps/place/Barbershop+J+%26+M/data=!4m7!3m6!1s0x91d5a3627599ef75:0xbc08780eadf01679!8m2!3d-0.3215188!4d-78.5538711!16s%2Fg%2F11rsh8sxbv!19sChIJde-ZdWKj1ZEReRbwrQ54CLw?authuser=0&hl=es-419&g_ep=EgoyMDI2MDkxNS4wIJJjKgBIAVAD&rclk=1"
"Golden Barber House","096 192 1353","","4.5","41","","ninguno","","true","Barbería","Jumandi, 170601 Quito","Quitumbe, Quito","https://www.google.com/maps/place/Golden+Barber+House/data=!4m7!3m6!1s0x91d5996e20b41821:0x14d4a035b9b5e7d5!8m2!3d-0.2510581!4d-78.5261934!16s%2Fg%2F11fn4m_t7n!19sChIJIRi0IG6Z1ZER1ee1uTWg1BQ?authuser=0&hl=es-419&g_ep=EgoyMDI2MDkxNS4wIJJjKgBIAVAD&rclk=1"
"BarberÍA Ronald'S","099 387 7457","","4.3","8","","ninguno","","true","Barbería","Avenida Quitumbe Ñan, Oe2, Ciudadela del ejercito S44, 170701 Quito","Quitumbe, Quito","https://www.google.com/maps/place/Barber%C3%8DA+Ronald%27S/data=!4m7!3m6!1s0x91d5a2114fd54765:0xdffaf2be48992b4f!8m2!3d-0.3070004!4d-78.5497647!16s%2Fg%2F11gnpq8znt!19sChIJZUfVTxGi1ZERTyuZSL7y-t8?authuser=0&hl=es-419&g_ep=EgoyMDI2MDkxNS4wIJJjKgBIAVAD&rclk=1"
"Karissma","098 687 6430","","3.9","521","https://www.instagram.com/karissmapeluquerias/?hl=es","solo_red_social","","true","Peluquería","Av. Tomás de Berlanga E527, 170513 Quito","Quitumbe, Quito","https://www.google.com/maps/place/Karissma/data=!4m7!3m6!1s0x91d59aa265a3d68d:0xef13f72e41f79f64!8m2!3d-0.1658357!4d-78.4839838!16s%2Fg%2F11c1nbg2wv!19sChIJjdajZaKa1ZERZJ_3QS73E-8?authuser=0&hl=es-419&g_ep=EgoyMDI2MDkxNS4wIJJjKgBIAVAD&rclk=1"
"SOUTH Men’s Barber Shop - EL RECREO","098 400 9699","","3.9","20","https://book.weibook.co/south-mens-barbershop","sitio_propio","2026","false","Barbería","Inti y Lauro Guerrero OE22-06 y, 170601 Quito","Quitumbe, Quito","https://www.google.com/maps/place/SOUTH+Men%E2%80%99s+Barber+Shop+-+EL+RECREO/data=!4m7!3m6!1s0x91d599379c620d51:0xc6ee3bca907ca48!8m2!3d-0.2502029!4d-78.5258083!16s%2Fg%2F11w4dj3d6s!19sChIJUQ1inDeZ1ZERSMoHqbzjbgw?authuser=0&hl=es-419&g_ep=EgoyMDI2MDkxNS4wIJJjKgBIAVAD&rclk=1"
"La Barbería Club Valle de los Chillos","096 321 7947","","3.8","53","","ninguno","","true","Barbería","PG9M+QW9, Charles Darwin y y, 170801 Quito","Quitumbe, Quito","https://www.google.com/maps/place/La+Barber%C3%ADa+Club+Valle+de+los+Chillos/data=!4m7!3m6!1s0x91d5972fe39a16f7:0xdc720acc41f2aa31!8m2!3d-0.2805924!4d-78.4651405!16s%2Fg%2F11qwt_3tnt!19sChIJ9xaa4y-X1ZERMaryQcwKctw?authuser=0&hl=es-419&g_ep=EgoyMDI2MDkxNS4wIJJjKgBIAVAD&rclk=1"
"23 Barber Shop UIO","099 814 1227","","4.1","42","","ninguno","","true","Barbería","José Joaquín Olmedo &, Quito","Quitumbe, Quito","https://www.google.com/maps/place/23+Barber+Shop+UIO/data=!4m7!3m6!1s0x91d599311f46c0e3:0x81b1c396b395f4d4!8m2!3d-0.2927188!4d-78.4761369!16s%2Fg%2F11t5xmjdw6!19sChIJ48BGHzGZ1ZER1PSVs5bDsYE?authuser=0&hl=es-419&g_ep=EgoyMDI2MDkxNS4wIJJjKgBIAVAD&rclk=1"
"Luly Hair & Makeup Lab","098 748 8836","","4.2","22","","ninguno","","true","Peluquería","S31B OE2, PB y quitumbe, Quito","Quitumbe, Quito","https://www.google.com/maps/place/Luly+Hair+%26+Makeup+Lab/data=!4m7!3m6!1s0x91d598a24093f96b:0x8d2a067f10d99ca!8m2!3d-0.2879099!4d-78.5426149!16s%2Fg%2F11f01pk6zd!19sChIJa_mTQKKY1ZERypkN8Weg0gg?authuser=0&hl=es-419&g_ep=EgoyMDI2MDkxNS4wIJJjKgBIAVAD&rclk=1"
"Peluqueria unisex Lumanasch ️ ‍ ️ ‍ ️","099 138 5333","","4.4","159","","ninguno","","true","Centro de estética","Quitumbe conjuntos paraísos del sur AV Rumichacañan y, Av. Amaru Ñan, Quito","Quitumbe, Quito","https://www.google.com/maps/place/Peluqueria+unisex+Lumanasch+%EF%B8%8F+%E2%80%8D+%EF%B8%8F+%E2%80%8D+%EF%B8%8F/data=!4m7!3m6!1s0x91d598a6f00e34e3:0xcf3bc12a4642f138!8m2!3d-0.2891871!4d-78.5505069!16s%2Fg%2F11b6b4q46n!19sChIJ4zQO8KaY1ZEROPFCRirBO88?authuser=0&hl=es-419&g_ep=EgoyMDI2MDkxNS4wIJJjKgBIAVAD&rclk=1"
"Karissma Cumbaya","098 474 2498","","3.9","490","","ninguno","","true","Peluquería","QHX6+GQQ, 170902 Quito","Quitumbe, Quito","https://www.google.com/maps/place/Karissma+Cumbaya/data=!4m7!3m6!1s0x91d590e7791afd85:0xd73ba02a9529a20b!8m2!3d-0.2011624!4d-78.438004!16s%2Fg%2F11g690697y!19sChIJhf0aeeeQ1ZERC6IplSqgO9c?authuser=0&hl=es-419&g_ep=EgoyMDI2MDkxNS4wIJJjKgBIAVAD&rclk=1"
"Carlos Freites barbershop","098 430 4707","","5","20","","ninguno","","true","Barbería","","Quitumbe, Quito","https://www.google.com/maps/place/Carlos+Freites+barbershop/data=!4m7!3m6!1s0x6aa78df2fc324f4d:0x1ed5251b7a21314a!8m2!3d-0.1865944!4d-78.4305382!16s%2Fg%2F11qgl5n4n4!19sChIJTU8y_PKNp2oRSjEhehsl1R4?authuser=0&hl=es-419&g_ep=EgoyMDI2MDkxNS4wIJJjKgBIAVAD&rclk=1"
"Estética y Peluquería Gabriela Alexandra","098 706 6310","","4.3","6","https://www.instagram.com/gaestetica_peluqueria/","solo_red_social","","true","Tienda de belleza y salud","Bosques de Quitumbe, Av. Cóndor Ñan y, Av. Llira Ñan y 4 Local 12, 170146 Quito","Quitumbe, Quito","https://www.google.com/maps/place/Est%C3%A9tica+y+Peluquer%C3%ADa+Gabriela+Alexandra/data=!4m7!3m6!1s0x91d5a31d10c7bea5:0x409b7cf3a212de7!8m2!3d-0.2982419!4d-78.5480794!16s%2Fg%2F11qzjt2rds!19sChIJpb7HEB2j1ZER5y0hOs-3CQQ?authuser=0&hl=es-419&g_ep=EgoyMDI2MDkxNS4wIJJjKgBIAVAD&rclk=1"
"Karissma Santa Lucía","(02) 601-7815","","4.1","370","http://www.facebook.com/karissmapeluquerias.ec/","solo_red_social","","true","Peluquería","Santa Lucía San Roque, calle F, lote 151 B, S/N Urbanización Lucía 2, 170902 Quito","Quitumbe, Quito","https://www.google.com/maps/place/Karissma+Santa+Luc%C3%ADa/data=!4m7!3m6!1s0x91d590ddac841ed7:0x2aca5a68e2929c89!8m2!3d-0.2037123!4d-78.4379132!16s%2Fg%2F11c5_nb3sh!19sChIJ1x6ErN2Q1ZERiZyS4mhayio?authuser=0&hl=es-419&g_ep=EgoyMDI2MDkxNS4wIJJjKgBIAVAD&rclk=1"
"MEN’S BARBER & ACADEMY - VALLE DE LOS CHILLOS","098 851 3030","mensuiospa@gmail.com","3.6","18","https://mensecuador.com/","sitio_propio","2026","false","Barbería","San Juan de Dios, Quito","Quitumbe, Quito","https://www.google.com/maps/place/MEN%E2%80%99S+BARBER+%26+ACADEMY+-+VALLE+DE+LOS+CHILLOS/data=!4m7!3m6!1s0x91d5bd2948db8aad:0x55aea9c97c89379f!8m2!3d-0.3030224!4d-78.4496177!16s%2Fg%2F11lcd_5sm_!19sChIJrYrbSCm91ZERnzeJfMmprlU?authuser=0&hl=es-419&g_ep=EgoyMDI2MDkxNS4wIJJjKgBIAVAD&rclk=1"
"OnlyPets","098 797 7182","","4.8","17","","ninguno","","true","Peluquería","","Quitumbe, Quito","https://www.google.com/maps/place/OnlyPets/data=!4m7!3m6!1s0x231285034b76ac8d:0x521ab506a2c3c842!8m2!3d-0.1865944!4d-78.4305382!16s%2Fg%2F11mznz3y1p!19sChIJjax2SwOFEiMRQsjDoga1GlI?authuser=0&hl=es-419&g_ep=EgoyMDI2MDkxNS4wIJJjKgBIAVAD&rclk=1"
"VETERINARIA BONI FRENCH PELUQUERÍA CANINA Y FELINA CON OZONO - NUEVA AURORA","098 771 8593","","4.9","216","http://bonifrenchvet.xo.je/","sitio_propio","","false","Veterinario","II PB/Guamani, OE3, Av. Quitumbe Ñan y S47D, Lt- 985, Quito","Quitumbe, Quito","https://www.google.com/maps/place/VETERINARIA+BONI+FRENCH+PELUQUER%C3%8DA+CANINA+Y+FELINA+CON+OZONO+-+NUEVA+AURORA/data=!4m7!3m6!1s0x91d5a36e458ba29b:0x319fb92a0dc831fe!8m2!3d-0.3133833!4d-78.5529802!16s%2Fg%2F11txhsdqbw!19sChIJm6KLRW6j1ZER_jHIDSq5nzE?authuser=0&hl=es-419&g_ep=EgoyMDI2MDkxNS4wIJJjKgBIAVAD&rclk=1"