"nombre","telefono","correo","estrellas","opiniones","pagina_web","clasificacion_sitio","anio_sitio","es_lead","categoria","direccion","zona","maps_url"
"Ls Taller Automotriz","","","4.7","52","","ninguno","","true","Taller de reparación de automóviles","Galo Pl. Lasso N15-216, 170204 Quito","La Mariscal, Quito","https://www.google.com/maps/place/Ls+Taller+Automotriz/data=!4m7!3m6!1s0x91d58f6baa9c422b:0xb39e4cbbac3613b0!8m2!3d-0.0938648!4d-78.4553132!16s%2Fg%2F11gsllk7_c!19sChIJK0KcqmuP1ZERsBM2rLtMnrM?authuser=0&hl=es-419&g_ep=EgoyMDI2MDkxNC4wIJJjKgBIAVAD&rclk=1"
"Servicio Automotriz Salazar S.A.S.","096 906 1497","","4.9","14","","ninguno","","true","Taller de automóviles","Antonio Galindo y Teresa Iza 98 y, 170133 Quito","La Mariscal, Quito","https://www.google.com/maps/place/Servicio+Automotriz+Salazar+S.A.S./data=!4m7!3m6!1s0xa4af3df154695e05:0xaae6472349d4e4b9!8m2!3d-0.1128746!4d-78.4621289!16s%2Fg%2F11sf3_6b4y!19sChIJBV5pVPE9r6QRueTUSSNH5qo?authuser=0&hl=es-419&g_ep=EgoyMDI2MDkxNC4wIJJjKgBIAVAD&rclk=1"
"Taller y Lavadora Automotriz JR Diaz","099 987 5493","","4.6","31","","ninguno","","true","Taller de reparación de automóviles","WG5V+6QQ, 170203 Quito","La Mariscal, Quito","https://www.google.com/maps/place/Taller+y+Lavadora+Automotriz+JR+Diaz/data=!4m7!3m6!1s0x91d58f192b665d25:0xc28a7dd74b0dddbc!8m2!3d-0.0919174!4d-78.4555273!16s%2Fg%2F11g10cwqc2!19sChIJJV1mKxmP1ZERvN0NS9d9isI?authuser=0&hl=es-419&g_ep=EgoyMDI2MDkxNC4wIJJjKgBIAVAD&rclk=1"
"Mecanico automotriz DR","098 927 7197","","4.4","7","","ninguno","","true","Taller mecánico","Av. Eloy Alfaro 74-300, 170120 Quito","La Mariscal, Quito","https://www.google.com/maps/place/Mecanico+automotriz+DR/data=!4m7!3m6!1s0x91d58f76b7c75b45:0x96ebaaa4926ef8e6!8m2!3d-0.1018176!4d-78.4687863!16s%2Fg%2F11fkcz08d5!19sChIJRVvHt3aP1ZER5vhukqSq65Y?authuser=0&hl=es-419&g_ep=EgoyMDI2MDkxNC4wIJJjKgBIAVAD&rclk=1"
"CEMAUTO Centro de Mantenimiento Automotriz","0856795","","4.6","10","","ninguno","","true","Taller de reparación de automóviles","Antonio José de Sucre y, Miguel Carrión y Av. Mariscal Sucre OE6-379 y, Quito","La Mariscal, Quito","https://www.google.com/maps/place/CEMAUTO+Centro+de+Mantenimiento+Automotriz/data=!4m7!3m6!1s0x91d585a1272370fd:0x3a95959c17407880!8m2!3d-0.107326!4d-78.502519!16s%2Fg%2F11f3mb0bgw!19sChIJ_XAjJ6GF1ZERgHhAF5yVlTo?authuser=0&hl=es-419&g_ep=EgoyMDI2MDkxNC4wIJJjKgBIAVAD&rclk=1"
"Centro Automotriz Motors Cars, Mecánica Automotriz, Lubricadora y Lavadora, Auxilio Mecánico","(02) 351-8924","","4.9","9","https://profesionales.gdc.coop/ads/centro-automotriz-motors-cars","sitio_propio","","false","Taller mecánico","Asturias Lote 2 y Alcala Pasaje A, 170204","La Mariscal, Quito","https://www.google.com/maps/place/Centro+Automotriz+Motors+Cars,+Mec%C3%A1nica+Automotriz,+Lubricadora+y+Lavadora,+Auxilio+Mec%C3%A1nico/data=!4m7!3m6!1s0x91d58f1babfb2b09:0xee5e1dd943d94e9e!8m2!3d-0.0891086!4d-78.4451946!16s%2Fg%2F11h_6qx9qn!19sChIJCSv7qxuP1ZERnk7ZQ9kdXu4?authuser=0&hl=es-419&g_ep=EgoyMDI2MDkxNC4wIJJjKgBIAVAD&rclk=1"
"Servicio automotriz lita motors","099 855 9899","","5","6","","ninguno","","true","Taller mecánico","Amalia uriguen, y y Francisco de Albornoz, 170201 Quito","La Mariscal, Quito","https://www.google.com/maps/place/Servicio+automotriz+lita+motors/data=!4m7!3m6!1s0x91d58fedca4a1f4f:0x30632aa4929b8c55!8m2!3d-0.0804231!4d-78.4182578!16s%2Fg%2F11z6nn9vfx!19sChIJTx9Kyu2P1ZERVYybkqQqYzA?authuser=0&hl=es-419&g_ep=EgoyMDI2MDkxNC4wIJJjKgBIAVAD&rclk=1"
"AGUILAR SERVICIO AUTOMOTRIZ","098 331 0007","","4.6","10","","ninguno","","true","Taller de reparación de automóviles","San José de Moran y De las Violetas 142, 170204 Quito","La Mariscal, Quito","https://www.google.com/maps/place/AGUILAR+SERVICIO+AUTOMOTRIZ/data=!4m7!3m6!1s0x91d58fa5a3ba3bf9:0x8c7b938391f58d34!8m2!3d-0.0799161!4d-78.4442695!16s%2Fg%2F11y2h197bm!19sChIJ-Tu6o6WP1ZERNI31kYOTe4w?authuser=0&hl=es-419&g_ep=EgoyMDI2MDkxNC4wIJJjKgBIAVAD&rclk=1"
"Taller Automotriz Multimarca GM MERAKI","099 928 9710","","4.6","13","","ninguno","","true","Taller mecánico","De las Viñas y Cesar Teran Lopez &, 170124 Quito","La Mariscal, Quito","https://www.google.com/maps/place/Taller+Automotriz+Multimarca+GM+MERAKI/data=!4m7!3m6!1s0x91d58fe90a4441bb:0x4649ad8e26c35b84!8m2!3d-0.1345444!4d-78.4642231!16s%2Fg%2F11kj26vm6_!19sChIJu0FECumP1ZERhFvDJo6tSUY?authuser=0&hl=es-419&g_ep=EgoyMDI2MDkxNC4wIJJjKgBIAVAD&rclk=1"
"Taller automotriz ROD DAN","098 229 3988","","5","20","","ninguno","","true","Taller mecánico","Rio quijos, y y Río Mindo, Quito","La Mariscal, Quito","https://www.google.com/maps/place/Taller+automotriz+ROD+DAN/data=!4m7!3m6!1s0x91d58fbac76c6163:0x8d38b1f478c36bab!8m2!3d-0.0984362!4d-78.4537582!16s%2Fg%2F11fgjsw5sj!19sChIJY2Fsx7qP1ZERq2vDePSxOI0?authuser=0&hl=es-419&g_ep=EgoyMDI2MDkxNC4wIJJjKgBIAVAD&rclk=1"
"Taller Automotriz Kraken","099 988 2538","","4.9","17","","ninguno","","true","Taller de reparación de automóviles","Juan Barrezueta, y y Francisco Garcia oe5-169, 170203 Quito","La Mariscal, Quito","https://www.google.com/maps/place/Taller+Automotriz+Kraken/data=!4m7!3m6!1s0x91d585cd9a005791:0xbddba1006b983461!8m2!3d-0.1065868!4d-78.479529!16s%2Fg%2F11k78qbwjp!19sChIJkVcAms2F1ZERYTSYawCh270?authuser=0&hl=es-419&g_ep=EgoyMDI2MDkxNC4wIJJjKgBIAVAD&rclk=1"
"Docars Centro Automotriz","096 719 9112","docarsautomotriz@gmail.com; contacto@ejemplo.com","4.8","6","https://docars-centro-automotriz.webnode.ec/contacto/?_gl=1*1b24bup*_gcl_aw*R0NMLjE3MzY4MDI2NDcuQ2owS0NRaUFrSk84QmhDR0FSSXNBTWtzd3lqSEtIcnBOc0cyaXJXR2tvR19XNHlhMEpldS1ocjVySGZSWG9nSS1uN0ZGQ1hJendNc0RKNGFBZ3l3RUFMd193Y0I.*_gcl_au*MTIzMTgyMTgxMS4xNzM2ODAyNjQ5LjMzMzIzNTQ5Ni4xNzM2ODAyNjg3LjE3MzY4MDI2ODc.","sitio_propio","","false","Taller de reparación de automóviles","El Arenal y Panamericana Nte. 134 y, 170203 Quito","La Mariscal, Quito","https://www.google.com/maps/place/Docars+Centro+Automotriz/data=!4m7!3m6!1s0x91d585e2a156ef09:0x566b0e5445a2a539!8m2!3d-0.106734!4d-78.448258!16s%2Fg%2F11kjg8t58k!19sChIJCe9WoeKF1ZEROaWiRVQOa1Y?authuser=0&hl=es-419&g_ep=EgoyMDI2MDkxNC4wIJJjKgBIAVAD&rclk=1"
"La Luna Centro Automotriz","099 869 9048","","4.9","20","","ninguno","","true","Planchista","Alhambra, 170201 Quito","La Mariscal, Quito","https://www.google.com/maps/place/La+Luna+Centro+Automotriz/data=!4m7!3m6!1s0x91d58f8fc775932f:0xcf5de36a4a157694!8m2!3d-0.091276!4d-78.4453998!16s%2Fg%2F11k62r9x_g!19sChIJL5N1x4-P1ZERlHYVSmrjXc8?authuser=0&hl=es-419&g_ep=EgoyMDI2MDkxNC4wIJJjKgBIAVAD&rclk=1"
"Taller automotriz ""XpressLubeDP""","099 252 1856","","4.7","21","http://xpresslubedp.wixsite.com/xpresslubedp","sitio_propio","2023","false","Taller mecánico","Av La Bota E13-55 y, 170306 Quito","La Mariscal, Quito","https://www.google.com/maps/place/Taller+automotriz+%22XpressLubeDP%22/data=!4m7!3m6!1s0x91d58f9b63d6c061:0x10b6dc7ddbd9b581!8m2!3d-0.1145412!4d-78.4620362!16s%2Fg%2F11cs2h8xsq!19sChIJYcDWY5uP1ZERgbXZ233cthA?authuser=0&hl=es-419&g_ep=EgoyMDI2MDkxNC4wIJJjKgBIAVAD&rclk=1"
"Android Taller Automotriz Multimarca","099 852 1482","","4.7","18","","ninguno","","true","Taller mecánico","Avenida Eloy Alfaro N66-101 entre De los Eucaliptos y, Manuel Ambrosi, 170307 Quito","La Mariscal, Quito","https://www.google.com/maps/place/Android+Taller+Automotriz+Multimarca/data=!4m7!3m6!1s0x91d58f8ecd114f3d:0x933d08bed68775a!8m2!3d-0.1178469!4d-78.4725514!16s%2Fg%2F11h7flktcb!19sChIJPU8RzY6P1ZERWndo7YvQMwk?authuser=0&hl=es-419&g_ep=EgoyMDI2MDkxNC4wIJJjKgBIAVAD&rclk=1"
"S.A.M. Servicio Automotriz Medina","099 290 8507","","4.7","12","","ninguno","","true","Taller de reparación de automóviles","CALLE 23 DE ABRIL , Oe11E, 170208 Quito","La Mariscal, Quito","https://www.google.com/maps/place/S.A.M.+Servicio+Automotriz+Medina/data=!4m7!3m6!1s0x91d58fa42e295029:0xb2dd7e79d3949c23!8m2!3d-0.1149366!4d-78.44444!16s%2Fg%2F11gyxdfjf1!19sChIJKVApLqSP1ZERI5yU03l-3bI?authuser=0&hl=es-419&g_ep=EgoyMDI2MDkxNC4wIJJjKgBIAVAD&rclk=1"
"Calibración de Gases Taller Automotriz dkj","","","4.8","16","https://instagram.com/dkjtools?igshid=ZDc4ODBmNjlmNQ==","solo_red_social","","true","Taller de reparación de automóviles","San Jorge y 170202 6-100, 170202 Quito","La Mariscal, Quito","https://www.google.com/maps/place/Calibraci%C3%B3n+de+Gases+Taller+Automotriz+dkj/data=!4m7!3m6!1s0x91d58f0e33342683:0xc8005ee5f1838752!8m2!3d-0.1016617!4d-78.4438885!16s%2Fg%2F11gslp685d!19sChIJgyY0Mw6P1ZERUoeD8eVeAMg?authuser=0&hl=es-419&g_ep=EgoyMDI2MDkxNC4wIJJjKgBIAVAD&rclk=1"
"Tecnimax Ingeniería Automotriz","099 801 6558","","4.5","32","","ninguno","","true","Taller mecánico","Av Diego Vásquez de Cepeda, 170144 Quito","La Mariscal, Quito","https://www.google.com/maps/place/Tecnimax+Ingenier%C3%ADa+Automotriz/data=!4m7!3m6!1s0x91d5858c7dc0dec5:0xc2a0d9ad9b8fe255!8m2!3d-0.0938627!4d-78.4813087!16s%2Fg%2F11gr6n519y!19sChIJxd7AfYyF1ZERVeKPm63ZoMI?authuser=0&hl=es-419&g_ep=EgoyMDI2MDkxNC4wIJJjKgBIAVAD&rclk=1"
"Llantas Y Servicio Automotriz","096 747 1816","","4.2","10","","ninguno","","true","Taller de reparación de automóviles","Calle, Capitán Giovanni Calles Oe9-112, 170203 Quito","La Mariscal, Quito","https://www.google.com/maps/place/Llantas+Y+Servicio+Automotriz/data=!4m7!3m6!1s0x91d58f120216d71b:0x929ff094efa4bd96!8m2!3d-0.1003051!4d-78.4468433!16s%2Fg%2F11fghc1bb9!19sChIJG9cWAhKP1ZERlr2k75Twn5I?authuser=0&hl=es-419&g_ep=EgoyMDI2MDkxNC4wIJJjKgBIAVAD&rclk=1"
"JS Tecninorte - Repuestos Automotrices Quito","(02) 344-1139","","4.7","43","https://linktr.ee/JSTECNINORTE","solo_red_social","","true","Taller de automóviles","Av. Jaime Roldós Aguilera Oe2-88, 170120 Quito","La Mariscal, Quito","https://www.google.com/maps/place/JS+Tecninorte+-+Repuestos+Automotrices+Quito/data=!4m7!3m6!1s0x91d58f59950db33f:0xb36111991023aac3!8m2!3d-0.0835869!4d-78.4708283!16s%2Fg%2F11gnpkcmtv!19sChIJP7MNlVmP1ZERw6ojEJkRYbM?authuser=0&hl=es-419&g_ep=EgoyMDI2MDkxNC4wIJJjKgBIAVAD&rclk=1"
"AUTOMOTRIZ CM","(02) 229-5125","","4.6","58","","ninguno","","true","Taller de reparación de automóviles","Ramon Chiriboga, 170144 Quito","La Mariscal, Quito","https://www.google.com/maps/place/AUTOMOTRIZ+CM/data=!4m7!3m6!1s0x91d585743326d7ff:0x48d7d6e68e84ed44!8m2!3d-0.1120031!4d-78.4929578!16s%2Fg%2F11bt_htpwx!19sChIJ_9cmM3SF1ZERRO2EjubW10g?authuser=0&hl=es-419&g_ep=EgoyMDI2MDkxNC4wIJJjKgBIAVAD&rclk=1"
"Clean Stage Mecanica Automotriz","099 860 6844","","5","11","","ninguno","","true","Taller mecánico","Quito","La Mariscal, Quito","https://www.google.com/maps/place/Clean+Stage+Mecanica+Automotriz/data=!4m7!3m6!1s0x91d58ff7fd446059:0x63aaf7ec81a0a7c9!8m2!3d-0.1051875!4d-78.4304375!16s%2Fg%2F11fdxktml6!19sChIJWWBE_feP1ZERyaeggez3qmM?authuser=0&hl=es-419&g_ep=EgoyMDI2MDkxNC4wIJJjKgBIAVAD&rclk=1"
"E.B.I.S.A Mecanica Automotriz","(02) 513-2747","","4.7","9","","ninguno","","true","Taller de reparación de automóviles","Calle E3 S/N, 170302 Quito","La Mariscal, Quito","https://www.google.com/maps/place/E.B.I.S.A+Mecanica+Automotriz/data=!4m7!3m6!1s0x91d58f507ca92bd5:0xea5cfcddae36e55e!8m2!3d-0.0817788!4d-78.4663349!16s%2Fg%2F11gnn394y7!19sChIJ1SupfFCP1ZERXuU2rt38XOo?authuser=0&hl=es-419&g_ep=EgoyMDI2MDkxNC4wIJJjKgBIAVAD&rclk=1"
"Grupo Automotriz ""Díaz""","099 899 3927","","4.3","24","","ninguno","","true","Taller mecánico","Carapungo y Jose viteri 315, 170204 Quito","La Mariscal, Quito","https://www.google.com/maps/place/Grupo+Automotriz+%22D%C3%ADaz%22/data=!4m7!3m6!1s0x91d58f465f842423:0x1e4f5d2cabd63e44!8m2!3d-0.1029282!4d-78.4421387!16s%2Fg%2F11h8wnqpy1!19sChIJIySEX0aP1ZERRD7WqyxdTx4?authuser=0&hl=es-419&g_ep=EgoyMDI2MDkxNC4wIJJjKgBIAVAD&rclk=1"
"Hybrid Service","099 875 7928","cleon@hybrid-service.com","4.9","99","https://hybrid-service.com/","sitio_propio","2024","false","Taller de reparación de automóviles","Chediak, 170144 Quito","La Mariscal, Quito","https://www.google.com/maps/place/Hybrid+Service/data=!4m7!3m6!1s0x91d58fd81b1f4471:0x2323449a46be2493!8m2!3d-0.1073254!4d-78.4716733!16s%2Fg%2F11h23m3p63!19sChIJcUQfG9iP1ZERkyS-RppEIyM?authuser=0&hl=es-419&g_ep=EgoyMDI2MDkxNC4wIJJjKgBIAVAD&rclk=1"
"Urgentito Taller Multimarca","098 838 9358","","3.8","68","https://www.urgentitotalleres.com/","sitio_propio","2025","false","Taller mecánico","Diagonal Parkenor, N67, De Los Arupos y Av. Galo Plaza Lasso E1-202 y, 170307 Quito","La Mariscal, Quito","https://www.google.com/maps/place/Urgentito+Taller+Multimarca/data=!4m7!3m6!1s0x91d585ae54a95c57:0x288321a531c3a50f!8m2!3d-0.1121495!4d-78.4776077!16s%2Fg%2F11w_c7b2gf!19sChIJV1ypVK6F1ZERD6XDMaUhgyg?authuser=0&hl=es-419&g_ep=EgoyMDI2MDkxNC4wIJJjKgBIAVAD&rclk=1"
"GONZAUTO Mecánica Automotriz","098 350 5705","","4.9","37","https://www.facebook.com/GONZAUTO.Mecanica.Automotriz/","solo_red_social","","true","Tienda de automovilismo","JUNTO AL UPC PONCEANO ALTO Esquina, 0E2D, Mariano Paredes y N73 72-155, 170310 Quito","La Mariscal, Quito","https://www.google.com/maps/place/GONZAUTO+Mec%C3%A1nica+Automotriz/data=!4m7!3m6!1s0x91d5858b9b7208ab:0x96a703e6c8c70dcd!8m2!3d-0.1011893!4d-78.4810477!16s%2Fg%2F11gn1vtzff!19sChIJqwhym4uF1ZERzQ3HyOYDp5Y?authuser=0&hl=es-419&g_ep=EgoyMDI2MDkxNC4wIJJjKgBIAVAD&rclk=1"
"GREEN GARAGE - HIBRIDOS Y ELÉCTRICOS Taller Automotriz","098 729 6556","","4.7","35","","ninguno","","true","Taller mecánico","AV CUARZO, Y y Granate, 170302 Quito","La Mariscal, Quito","https://www.google.com/maps/place/GREEN+GARAGE+-+HIBRIDOS+Y+EL%C3%89CTRICOS+Taller+Automotriz/data=!4m7!3m6!1s0x91d58f314bf09a33:0x28d886e08cc23cca!8m2!3d-0.0793739!4d-78.4720853!16s%2Fg%2F11jg0j52qq!19sChIJM5rwSzGP1ZERyjzCjOCG2Cg?authuser=0&hl=es-419&g_ep=EgoyMDI2MDkxNC4wIJJjKgBIAVAD&rclk=1"
"MULTISERVICIO AUTOMOTRIZ PUNTO NORTE","096 846 6197","multiservicio.norte@gmail.com; davidarias360@hotmail.com","4.5","38","https://davidarias360da.wixsite.com/misitio","sitio_propio","","false","Taller de reparación de automóviles","Av, Capitán Giovanni Calles y Av. Cacha &, 170201 Quito","La Mariscal, Quito","https://www.google.com/maps/place/MULTISERVICIO+AUTOMOTRIZ+PUNTO+NORTE/data=!4m7!3m6!1s0x91d58fe79fd266f7:0x661b26b17fd06cc4!8m2!3d-0.0897038!4d-78.4296798!16s%2Fg%2F11qqzjfr_f!19sChIJ92bSn-eP1ZERxGzQf7EmG2Y?authuser=0&hl=es-419&g_ep=EgoyMDI2MDkxNC4wIJJjKgBIAVAD&rclk=1"
"Auto Works","098 460 8504","info@autoworks.com","4.9","55","https://auto-works-quito-amj9jzv.gamma.site/","sitio_propio","","false","Taller de automóviles","Av. Eloy Alfaro 6414 y, 170144 Quito","La Mariscal, Quito","https://www.google.com/maps/place/Auto+Works/data=!4m7!3m6!1s0x91d58f1c6b72ad0b:0xf40c0dbc52b736fd!8m2!3d-0.1220594!4d-78.4713945!16s%2Fg%2F11tp6w0fkm!19sChIJC61yaxyP1ZER_Ta3UrwNDPQ?authuser=0&hl=es-419&g_ep=EgoyMDI2MDkxNC4wIJJjKgBIAVAD&rclk=1"
"Taller Los Pinos Servicio Automotriz","099 759 8855","","4.8","78","","ninguno","","true","Taller mecánico","Juan Garzón 65-27, 170103 Quito","La Mariscal, Quito","https://www.google.com/maps/place/Taller+Los+Pinos+Servicio+Automotriz/data=!4m7!3m6!1s0x91d5850d2d2b2c5f:0xcbb5557674e9703d!8m2!3d-0.1168221!4d-78.4980504!16s%2Fg%2F11cllh2rp1!19sChIJXywrLQ2F1ZERPXDpdHZVtcs?authuser=0&hl=es-419&g_ep=EgoyMDI2MDkxNC4wIJJjKgBIAVAD&rclk=1"
"Macro Auto","099 981 1336","","4.8","44","","ninguno","","true","Taller de reparación de automóviles","Av Diego Vásquez de Cepeda y Oe3K 70, 170303 Quito","La Mariscal, Quito","https://www.google.com/maps/place/Macro+Auto/data=!4m7!3m6!1s0x91d58561ca05a6c1:0x12b5a541ffbf43dd!8m2!3d-0.1054696!4d-78.4836316!16s%2Fg%2F11rt_d66rh!19sChIJwaYFymGF1ZER3UO__0GltRI?authuser=0&hl=es-419&g_ep=EgoyMDI2MDkxNC4wIJJjKgBIAVAD&rclk=1"
"LSCAR TALLER AUTOMOTRIZ","099 730 3992","","4.8","26","","ninguno","","true","Taller de automóviles","Avigiras ESQ, 170124 Quito","La Mariscal, Quito","https://www.google.com/maps/place/LSCAR+TALLER+AUTOMOTRIZ/data=!4m7!3m6!1s0x91d58f7896e833cf:0x6fa88ccd8e089c83!8m2!3d-0.1364847!4d-78.4645593!16s%2Fg%2F11h29nq8r4!19sChIJzzPolniP1ZERg5wIjs2MqG8?authuser=0&hl=es-419&g_ep=EgoyMDI2MDkxNC4wIJJjKgBIAVAD&rclk=1"
"Mecanica automotriz Autocare","098 771 4114","","4.6","24","https://www.facebook.com/AutocareTalleres","solo_red_social","","true","Taller mecánico","Av Manuel cordova galarza, y y N91, 170308 Quito","La Mariscal, Quito","https://www.google.com/maps/place/Mecanica+automotriz+Autocare/data=!4m7!3m6!1s0x91d585fe6e9964b7:0x8ce0470789c64a9a!8m2!3d-0.0747084!4d-78.479874!16s%2Fg%2F11gwsdc13n!19sChIJt2SZbv6F1ZERmkrGiQdH4Iw?authuser=0&hl=es-419&g_ep=EgoyMDI2MDkxNC4wIJJjKgBIAVAD&rclk=1"
"Taller Automotriz Especialista Ronny","099 492 6771","","5","10","","ninguno","","true","Taller de reparación de automóviles","64 Nazacota Puento, OE2D y Chanduy OE2167, 170301 Quito","La Mariscal, Quito","https://www.google.com/maps/place/Taller+Automotriz+Especialista+Ronny/data=!4m7!3m6!1s0x91d585044128ad99:0xb877411a4d23ac2b!8m2!3d-0.120154!4d-78.4832432!16s%2Fg%2F11k553y8gl!19sChIJma0oQQSF1ZERK6wjTRpBd7g?authuser=0&hl=es-419&g_ep=EgoyMDI2MDkxNC4wIJJjKgBIAVAD&rclk=1"
"Mecánica - MAO Mantenimiento Automotriz Ortega - Norte","098 406 6067","","4.8","67","http://www.mao.ec/","sitio_propio","","true","Taller de reparación de automóviles","De los Jazmines 55-76, 170513 Quito","La Mariscal, Quito","https://www.google.com/maps/place/Mec%C3%A1nica+-+MAO+Mantenimiento+Automotriz+Ortega+-+Norte/data=!4m7!3m6!1s0x91d58ffe3dc65405:0xb0318dee8cdbff8d!8m2!3d-0.1341804!4d-78.4716364!16s%2Fg%2F11s4_g_vpp!19sChIJBVTGPf6P1ZERjf_bjO6NMbA?authuser=0&hl=es-419&g_ep=EgoyMDI2MDkxNC4wIJJjKgBIAVAD&rclk=1"
"Taller Automotriz Servikars","(02) 328-0605","","4.6","30","https://instagram.com/servikars?r=nametag","solo_red_social","","true","Taller de reparación de automóviles","N56-186 y esquina, Av. 6 de Diciembre y De las Anonas &, Quito","La Mariscal, Quito","https://www.google.com/maps/place/Taller+Automotriz+Servikars/data=!4m7!3m6!1s0x91d58ff607a00f6b:0x3134cf52af56ef3e!8m2!3d-0.1328054!4d-78.4746867!16s%2Fg%2F11cjj97m1k!19sChIJaw-gB_aP1ZERPu9Wr1LPNDE?authuser=0&hl=es-419&g_ep=EgoyMDI2MDkxNC4wIJJjKgBIAVAD&rclk=1"
"AUTOCHEC","098 000 4636","","4.8","12","","ninguno","","true","Comercio","Av. Eloy Alfaro 72-156, 170144 Quito","La Mariscal, Quito","https://www.google.com/maps/place/AUTOCHEC/data=!4m7!3m6!1s0x91d58f8123c8215f:0x995ade75159dc5ea!8m2!3d-0.1038606!4d-78.4707734!16s%2Fg%2F11flhrdz_x!19sChIJXyHII4GP1ZER6sWdFXXeWpk?authuser=0&hl=es-419&g_ep=EgoyMDI2MDkxNC4wIJJjKgBIAVAD&rclk=1"
"La Casa del Sensor - Electricidad y Mecánica Automotriz","099 653 2623","","4.6","21","https://www.facebook.com/Soluciones-mecatr%C3%B3nicas-del-automovil-353090595538592/","solo_red_social","","true","Taller de reparación de automóviles","Sierra Morena, y y Alcalá Esquina, 170204 Quito","La Mariscal, Quito","https://www.google.com/maps/place/La+Casa+del+Sensor+-+Electricidad+y+Mec%C3%A1nica+Automotriz/data=!4m7!3m6!1s0x91d58f1e207555c9:0x77416220988bdfc4!8m2!3d-0.0924263!4d-78.4446413!16s%2Fg%2F11h714lxnt!19sChIJyVV1IB6P1ZERxN-LmCBiQXc?authuser=0&hl=es-419&g_ep=EgoyMDI2MDkxNC4wIJJjKgBIAVAD&rclk=1"
"Marin Matic Taller Industrial","099 202 6529","","5","14","","ninguno","","true","Taller de reparación de automóviles","Alejandro Ludema, de los aceitunos,Quito-Ecuador 170203, 170144 Quito","La Mariscal, Quito","https://www.google.com/maps/place/Marin+Matic+Taller+Industrial/data=!4m7!3m6!1s0x91d58f8ff9d4f93d:0x745bd23c9fe18c57!8m2!3d-0.1128086!4d-78.4763999!16s%2Fg%2F11vx7bk9b4!19sChIJPfnU-Y-P1ZERV4zhnzzSW3Q?authuser=0&hl=es-419&g_ep=EgoyMDI2MDkxNC4wIJJjKgBIAVAD&rclk=1"
"Tulcan Motors | Taller Automotriz","098 337 1496","","4.7","7","","ninguno","","true","Taller de reparación de automóviles","Leonidas Proaño, Quito","La Mariscal, Quito","https://www.google.com/maps/place/Tulcan+Motors+%7C+Taller+Automotriz/data=!4m7!3m6!1s0x91d58fc18357caab:0x98cb627b358044e!8m2!3d-0.1074404!4d-78.4331649!16s%2Fg%2F11sj2xh319!19sChIJq8pXg8GP1ZERTgRYsye2jAk?authuser=0&hl=es-419&g_ep=EgoyMDI2MDkxNC4wIJJjKgBIAVAD&rclk=1"
"Servicio Automotriz y Moto Spa","15114800","","4.4","8","","ninguno","","true","Taller mecánico","Av. Jaime Roldós Aguilera E2-155, 170302 Quito","La Mariscal, Quito","https://www.google.com/maps/place/Servicio+Automotriz+y+Moto+Spa/data=!4m7!3m6!1s0x91d58f5a71c3f099:0x6c79d0723a60117b!8m2!3d-0.0829508!4d-78.4671807!16s%2Fg%2F11fd_p_rl6!19sChIJmfDDcVqP1ZERexFgOnLQeWw?authuser=0&hl=es-419&g_ep=EgoyMDI2MDkxNC4wIJJjKgBIAVAD&rclk=1"
"V8 Mecánica Automotriz","099 797 3204","","4.3","13","http://www.facebook.com/v8meca","solo_red_social","","true","Taller de reparación de automóviles","170144, Quito - Ecuador","La Mariscal, Quito","https://www.google.com/maps/place/V8+Mec%C3%A1nica+Automotriz/data=!4m7!3m6!1s0x91d58582d319fd85:0xbb1b812b158fa941!8m2!3d-0.1079011!4d-78.486312!16s%2Fg%2F11c1qqsjd9!19sChIJhf0Z04KF1ZERQamPFSuBG7s?authuser=0&hl=es-419&g_ep=EgoyMDI2MDkxNC4wIJJjKgBIAVAD&rclk=1"
"Mecanica Automotriz Taller Maldonado en Quito","099 879 7932","","4.2","43","https://www.facebook.com/MecanicaMaldonado/","solo_red_social","","true","Taller de reparación de automóviles","Domingo Segura 6581 y, 170301 Quito","La Mariscal, Quito","https://www.google.com/maps/place/Mecanica+Automotriz+Taller+Maldonado+en+Quito/data=!4m7!3m6!1s0x91d5857159bea027:0x63eab0e5c4391e18!8m2!3d-0.1149198!4d-78.4920192!16s%2Fg%2F1hhgdhmct!19sChIJJ6C-WXGF1ZERGB45xOWw6mM?authuser=0&hl=es-419&g_ep=EgoyMDI2MDkxNC4wIJJjKgBIAVAD&rclk=1"
"Automotriz Fiat","098 718 0515","","4.6","15","","ninguno","","true","Taller mecánico","Av. Jaime Roldós Aguilera E1 -90, 170302 Quito","La Mariscal, Quito","https://www.google.com/maps/place/Automotriz+Fiat/data=!4m7!3m6!1s0x91d58f5a0d092f0b:0xd1a3a386fa1030c4!8m2!3d-0.0828011!4d-78.468248!16s%2Fg%2F11gr26kkyq!19sChIJCy8JDVqP1ZERxDAQ-oajo9E?authuser=0&hl=es-419&g_ep=EgoyMDI2MDkxNC4wIJJjKgBIAVAD&rclk=1"
"Grupo Automotriz Pozo","098 060 1125","","4.8","39","","ninguno","","true","Taller de reparación de automóviles","Agusín Yerovi, y y Fray Leonardo Murialdo S/N, 170514 Quito","La Mariscal, Quito","https://www.google.com/maps/place/Grupo+Automotriz+Pozo/data=!4m7!3m6!1s0x91d58ff2a26011eb:0x4de62954ae80a328!8m2!3d-0.1291875!4d-78.4643125!16s%2Fg%2F11fd6d871n!19sChIJ6xFgovKP1ZERKKOArlQp5k0?authuser=0&hl=es-419&g_ep=EgoyMDI2MDkxNC4wIJJjKgBIAVAD&rclk=1"
"SERVICIO AUTOMOTRIZ JIMENEZ - LADA & MULTIMARCA","099 980 7606","","4.6","54","","ninguno","","true","Taller mecánico","Francisco de Rumihurco y San Francisco de Rumiurcu, 170301 Quito","La Mariscal, Quito","https://www.google.com/maps/place/SERVICIO+AUTOMOTRIZ+JIMENEZ+-+LADA+%26+MULTIMARCA/data=!4m7!3m6!1s0x91d585176d0e4541:0x79926434f69baa85!8m2!3d-0.1074412!4d-78.4976035!16s%2Fg%2F11ng5_w6dw!19sChIJQUUObReF1ZERhaqb9jRkknk?authuser=0&hl=es-419&g_ep=EgoyMDI2MDkxNC4wIJJjKgBIAVAD&rclk=1"
"Urbancar","098 763 2976","info@urban-car.com; infoseminuevos@urban-car.com; mitaller@urban-car.com","4.1","128","https://urbancarautos.com/","sitio_propio","2024","false","Taller de automóviles","Av. Simón Bolívar, 170133 Quito","La Mariscal, Quito","https://www.google.com/maps/place/Urbancar/data=!4m7!3m6!1s0x91d58f0ab54e2b5d:0x704eb8e93b1a4ec0!8m2!3d-0.1105274!4d-78.458459!16s%2Fg%2F11c6lx85n_!19sChIJXStOtQqP1ZERwE4aO-m4TnA?authuser=0&hl=es-419&g_ep=EgoyMDI2MDkxNC4wIJJjKgBIAVAD&rclk=1"
"Cruz Autocenter Eurotaller, Mecánica Automotriz Quito","098 714 7293","","4.7","87","","ninguno","","true","Taller de reparación de automóviles","José H. Figueroa, y y Gral. José María Guerrero, 170103 Quito","La Mariscal, Quito","https://www.google.com/maps/place/Cruz+Autocenter+Eurotaller,+Mec%C3%A1nica+Automotriz+Quito/data=!4m7!3m6!1s0x91d585e6ed10f439:0x2a71d22fd7ce7e32!8m2!3d-0.1185278!4d-78.49739!16s%2Fg%2F11jv71n8tv!19sChIJOfQQ7eaF1ZERMn7O1y_ScSo?authuser=0&hl=es-419&g_ep=EgoyMDI2MDkxNC4wIJJjKgBIAVAD&rclk=1"
"R&P Servicio Automotriz","099 752 4776","mario.ramos@rypautomotriz.com; mail@correo.com; mario.ramos@rypservicioautomotriz.com","4.9","56","http://www.rypservicioautomotriz.com/","sitio_propio","","false","Planchista","Av. Galo Plaza Lasso 57-108, 170134 Quito","La Mariscal, Quito","https://www.google.com/maps/place/R%26P+Servicio+Automotriz/data=!4m7!3m6!1s0x91d585a181364931:0xd5d81757e3028311!8m2!3d-0.1325075!4d-78.4813677!16s%2Fg%2F11f3twgbrx!19sChIJMUk2gaGF1ZEREYMC41cX2NU?authuser=0&hl=es-419&g_ep=EgoyMDI2MDkxNC4wIJJjKgBIAVAD&rclk=1"
"Instituto LENDAN SAME ingenieros Automotrices","096 355 8566","","4","9","","ninguno","","true","Centro educativo","Gonzalo Correa Escobar y N75 N74-388 Y, 170144 Quito","La Mariscal, Quito","https://www.google.com/maps/place/Instituto+LENDAN+SAME+ingenieros+Automotrices/data=!4m7!3m6!1s0x91d585e46921c6f5:0x3c2c8346ef5a96ac!8m2!3d-0.1002419!4d-78.4683493!16s%2Fg%2F11tjm18lcf!19sChIJ9cYhaeSF1ZERrJZa70aDLDw?authuser=0&hl=es-419&g_ep=EgoyMDI2MDkxNC4wIJJjKgBIAVAD&rclk=1"
"TALLERES SIAMOTORS, Reparación y Mantenimiento Automotriz","099 257 6718","","4.8","53","https://talleresiamotors.com/","sitio_propio","2024","false","Taller mecánico","Pje. N3A 238, 170202 Quito","La Mariscal, Quito","https://www.google.com/maps/place/TALLERES+SIAMOTORS,+Reparaci%C3%B3n+y+Mantenimiento+Automotriz/data=!4m7!3m6!1s0x91d58fd04c200a77:0xe628bef8f7a07f32!8m2!3d-0.1000246!4d-78.4257504!16s%2Fg%2F11fqxb60vl!19sChIJdwogTNCP1ZERMn-g9_i-KOY?authuser=0&hl=es-419&g_ep=EgoyMDI2MDkxNC4wIJJjKgBIAVAD&rclk=1"
"Mecánica X-DRIVE Ingeniería Automotriz","098 110 7777","","4.9","10","","ninguno","","true","Taller mecánico","Panamericana Nte. Oe8 -83, 170208 Quito","La Mariscal, Quito","https://www.google.com/maps/place/Mec%C3%A1nica+X-DRIVE+Ingenier%C3%ADa+Automotriz/data=!4m7!3m6!1s0x91d58ff96e7178c7:0x9a749aa2022759!8m2!3d-0.1059413!4d-78.4342832!16s%2Fg%2F11n26jdrzv!19sChIJx3hxbvmP1ZERWScCopp0mgA?authuser=0&hl=es-419&g_ep=EgoyMDI2MDkxNC4wIJJjKgBIAVAD&rclk=1"
"TALLERES FAMUS MECÁNICA AUTOMOTRIZ EN GENERAL Y AUXILIO MECÁNICO","099 467 9870","","4.7","6","","ninguno","","true","Taller de reparación de automóviles","Sta. Elena 125, 170124 Quito","La Mariscal, Quito","https://www.google.com/maps/place/TALLERES+FAMUS+MEC%C3%81NICA+AUTOMOTRIZ+EN+GENERAL+Y+AUXILIO+MEC%C3%81NICO/data=!4m7!3m6!1s0x91d58fe0e8bf0ea1:0xef643ce8b498b289!8m2!3d-0.1278542!4d-78.4502392!16s%2Fg%2F11n04k1t4d!19sChIJoQ6_6OCP1ZERibKYtOg8ZO8?authuser=0&hl=es-419&g_ep=EgoyMDI2MDkxNC4wIJJjKgBIAVAD&rclk=1"
"GoldCar's Detailing, Paint & Protec Films","099 292 8922","","4.8","36","","ninguno","","true","Servicio de lavado de coches","Capitán Giovanni Calles y El Vergel, 170301 Quito","La Mariscal, Quito","https://www.google.com/maps/place/GoldCar%27s+Detailing,+Paint+%26+Protec+Films/data=!4m7!3m6!1s0x91d58565ce8d1d11:0x85409dd420a7c3d9!8m2!3d-0.1015349!4d-78.4486182!16s%2Fg%2F11n724ms_m!19sChIJER2NzmWF1ZER2cOnINSdQIU?authuser=0&hl=es-419&g_ep=EgoyMDI2MDkxNC4wIJJjKgBIAVAD&rclk=1"
"Automotriz Baez","(02) 259-8939","","4.6","40","","ninguno","","true","Taller de reparación de automóviles","Pablo Palacios N67-38, 170301 Quito","La Mariscal, Quito","https://www.google.com/maps/place/Automotriz+Baez/data=!4m7!3m6!1s0x91d585b5e9b9acc7:0xdac99e7b83c283ee!8m2!3d-0.1113426!4d-78.4922984!16s%2Fg%2F11g4dhq3tl!19sChIJx6y56bWF1ZER7oPCg3ueydo?authuser=0&hl=es-419&g_ep=EgoyMDI2MDkxNC4wIJJjKgBIAVAD&rclk=1"
"Garner Espinosa C.A. Quito","099 473 7502","garner@garner.com.ec","4.4","148","http://www.garner.com.ec/","sitio_propio","","false","Comercio","Av. Eloy Alfaro y Antonio Basantes N73-22 y, 170317 Quito","La Mariscal, Quito","https://www.google.com/maps/place/Garner+Espinosa+C.A.+Quito/data=!4m7!3m6!1s0x91d58f7c10f8c8ad:0x26182df74e7ab702!8m2!3d-0.1045446!4d-78.4706963!16s%2Fg%2F11bw3djjqw!19sChIJrcj4EHyP1ZERArd6TvctGCY?authuser=0&hl=es-419&g_ep=EgoyMDI2MDkxNC4wIJJjKgBIAVAD&rclk=1"
"Electricidad Automotriz Quimbiulco","096 264 6304","","4.1","37","https://bit.ly/ElectQuimbiulco","sitio_propio","","false","Tienda de repuestos para automóviles","Av. Capitán Geovanni Calles S/N, 170203 Quito","La Mariscal, Quito","https://www.google.com/maps/place/Electricidad+Automotriz+Quimbiulco/data=!4m7!3m6!1s0x91d58f0da7745c23:0x1ac2f3d065dfcdd0!8m2!3d-0.1021998!4d-78.4495406!16s%2Fg%2F11gzplnkt5!19sChIJI1x0pw2P1ZER0M3fZdDzwho?authuser=0&hl=es-419&g_ep=EgoyMDI2MDkxNC4wIJJjKgBIAVAD&rclk=1"
"Servicio Automotriz EP","099 370 4134","","4.5","23","","ninguno","","true","Taller de automóviles","De las Uvas E17-21 Y, 170124 Quito","La Mariscal, Quito","https://www.google.com/maps/place/Servicio+Automotriz+EP/data=!4m7!3m6!1s0x91d58fe8b90355f9:0x594785171d982e2f!8m2!3d-0.1363486!4d-78.4571879!16s%2Fg%2F11byz7cz2t!19sChIJ-VUDueiP1ZERLy6YHReFR1k?authuser=0&hl=es-419&g_ep=EgoyMDI2MDkxNC4wIJJjKgBIAVAD&rclk=1"
"BLUE HOUSE TALLER FORD","","info@bluehouse-ec.com","4.6","61","https://bluehouse-ec.com/","sitio_propio","2023","false","Taller de reparación de automóviles","De Los Eucaliptos y De Los Cipreses E4-20, 170307 Quito","La Mariscal, Quito","https://www.google.com/maps/place/BLUE+HOUSE+TALLER+FORD/data=!4m7!3m6!1s0x91d58f8781d892dd:0xe07a4bdf9f21a2cd!8m2!3d-0.116688!4d-78.474958!16s%2Fg%2F11g6x5xqg7!19sChIJ3ZLYgYeP1ZERzaIhn99LeuA?authuser=0&hl=es-419&g_ep=EgoyMDI2MDkxNC4wIJJjKgBIAVAD&rclk=1"
"MECANICA AUTOMOTRIZ ""TECNISERVICE""","099 030 7640","","4.7","32","","ninguno","","true","Taller mecánico","170201 Quito","La Mariscal, Quito","https://www.google.com/maps/place/MECANICA+AUTOMOTRIZ+%22TECNISERVICE%22/data=!4m7!3m6!1s0x91d58f15a18ca9fb:0x2cf97a25364157e8!8m2!3d-0.0923357!4d-78.4239621!16s%2Fg%2F11gxmmtcc3!19sChIJ-6mMoRWP1ZER6FdBNiV6-Sw?authuser=0&hl=es-419&g_ep=EgoyMDI2MDkxNC4wIJJjKgBIAVAD&rclk=1"
"Taller de Marcas Chinas","","","4.2","42","","ninguno","","true","Taller de reparación de automóviles","Leonardo Murialdo E8-78 y, Av. 6 de Diciembre, 170138 Quito","La Mariscal, Quito","https://www.google.com/maps/place/Taller+de+Marcas+Chinas/data=!4m7!3m6!1s0x91d58f2e23807123:0xd2b4decbdf3bde1e!8m2!3d-0.1311399!4d-78.4749403!16s%2Fg%2F11gy3h19tx!19sChIJI3GAIy6P1ZERHt4738vetNI?authuser=0&hl=es-419&g_ep=EgoyMDI2MDkxNC4wIJJjKgBIAVAD&rclk=1"
"TECNIMOTOR Mecánica Automotriz, Scanner, Baterias, ABC Motor","098 723 8574","","4.6","16","https://pymes.gdc.coop/ads/mecanica-tecnimotor","sitio_propio","","false","Taller mecánico","Barrio Aguirre, Punin y Capitán Giovanni Calles N5-154 y, 170201 Quito","La Mariscal, Quito","https://www.google.com/maps/place/TECNIMOTOR+Mec%C3%A1nica+Automotriz,+Scanner,+Baterias,+ABC+Motor/data=!4m7!3m6!1s0x91d58f1fde02bbe5:0x77f5b94b22621958!8m2!3d-0.0928129!4d-78.4299185!16s%2Fg%2F11cl_l51d4!19sChIJ5bsC3h-P1ZERWBliIku59Xc?authuser=0&hl=es-419&g_ep=EgoyMDI2MDkxNC4wIJJjKgBIAVAD&rclk=1"
"Taller Automotriz KmXpert","098 730 8315","","5","10","https://www.facebook.com/KmXpert/","solo_red_social","","true","Taller de automóviles","Calle A OE2-126, 170303 Quito","La Mariscal, Quito","https://www.google.com/maps/place/Taller+Automotriz+KmXpert/data=!4m7!3m6!1s0x91d5991b2b703727:0xcf066258800083fd!8m2!3d-0.1205248!4d-78.4886737!16s%2Fg%2F11m6g357fk!19sChIJJzdwKxuZ1ZER_YMAgFhiBs8?authuser=0&hl=es-419&g_ep=EgoyMDI2MDkxNC4wIJJjKgBIAVAD&rclk=1"
"Taller De Electricidad E Inyeccion Electronica Automotriz","099 446 0706","","4.5","14","","ninguno","","true","Taller de reparación de automóviles","Av. John F. Kennedy S/N, 170301 Quito","La Mariscal, Quito","https://www.google.com/maps/place/Taller+De+Electricidad+E+Inyeccion+Electronica+Automotriz/data=!4m7!3m6!1s0x91d5859df6afdb25:0x4e8a9fbc750e47b3!8m2!3d-0.1096694!4d-78.491244!16s%2Fg%2F11fd6d8tzm!19sChIJJduv9p2F1ZERs0cOdbyfik4?authuser=0&hl=es-419&g_ep=EgoyMDI2MDkxNC4wIJJjKgBIAVAD&rclk=1"
"Saga Motors Taller Automotriz","098 374 6223","","4.4","12","","ninguno","","true","Taller de automóviles","Av. Cacha, 170201 Quito","La Mariscal, Quito","https://www.google.com/maps/place/Saga+Motors+Taller+Automotriz/data=!4m7!3m6!1s0x91d58f274772a709:0x457b2d4e84f0e44!8m2!3d-0.0861421!4d-78.4310548!16s%2Fg%2F11gzs1f87q!19sChIJCadyRyeP1ZERRA5P6NSyVwQ?authuser=0&hl=es-419&g_ep=EgoyMDI2MDkxNC4wIJJjKgBIAVAD&rclk=1"
"MEXSA® Tecnicentro y Servicio Automotriz","095 968 9244","info@mexsa.net","4.4","42","http://www.mexsa.net/","sitio_propio","2024","false","Taller de automóviles","Los Pinos y Humberto Martinez, 170138 Quito","La Mariscal, Quito","https://www.google.com/maps/place/MEXSA%C2%AE+Tecnicentro+y+Servicio+Automotriz/data=!4m7!3m6!1s0x91d58504269e02fb:0x51ee4de335fc23cd!8m2!3d-0.1381833!4d-78.4810856!16s%2Fg%2F11qnl11_92!19sChIJ-wKeJgSF1ZERzSP8NeNN7lE?authuser=0&hl=es-419&g_ep=EgoyMDI2MDkxNC4wIJJjKgBIAVAD&rclk=1"
"Servicio Automotriz GM","099 040 2143","info@tallerautomotrizgm.com","4.6","28","https://www.tallerautomotrizgm.com/","sitio_propio","2025","false","Taller mecánico","Asunos 52-04, 170138 Quito","La Mariscal, Quito","https://www.google.com/maps/place/Servicio+Automotriz+GM/data=!4m7!3m6!1s0x91d58ffeb6322f6d:0xf68ffa2d5528a979!8m2!3d-0.1423098!4d-78.4708789!16s%2Fg%2F11ffl_8ppr!19sChIJbS8ytv6P1ZEReakoVS36j_Y?authuser=0&hl=es-419&g_ep=EgoyMDI2MDkxNC4wIJJjKgBIAVAD&rclk=1"
"TECNICENTRO J.A TALLER AUTOMOTRIZ","099 707 1181","","4","12","","ninguno","","true","Servicio de alineación de ruedas","Carlos Mantilla Oe3-154, 170204 Quito","La Mariscal, Quito","https://www.google.com/maps/place/TECNICENTRO+J.A+TALLER+AUTOMOTRIZ/data=!4m7!3m6!1s0x91d58f2468eff463:0x657a2dbc0781de4a!8m2!3d-0.0857911!4d-78.4377161!16s%2Fg%2F11ffv1cyfx!19sChIJY_TvaCSP1ZERSt6BB7wtemU?authuser=0&hl=es-419&g_ep=EgoyMDI2MDkxNC4wIJJjKgBIAVAD&rclk=1"
"Disauto","099 391 3670","importadoradisauto@gmail.com","4.3","141","http://www.disauto.ec/","sitio_propio","2026","false","Tienda de repuestos para automóviles","Disauto Centro Automotriz, 170208 Quito","La Mariscal, Quito","https://www.google.com/maps/place/Disauto/data=!4m7!3m6!1s0x91d58f0629b18175:0x7a66776b5b57ad79!8m2!3d-0.1070065!4d-78.4412572!16s%2Fg%2F1pv6ymrb4!19sChIJdYGxKQaP1ZERea1XW2t3Zno?authuser=0&hl=es-419&g_ep=EgoyMDI2MDkxNC4wIJJjKgBIAVAD&rclk=1"
"Ls Taller Automotriz","","","4.7","52","","ninguno","","true","Taller de reparación de automóviles","Galo Pl. Lasso N15-216, 170204 Quito","Centro Histórico, Quito","https://www.google.com/maps/place/Ls+Taller+Automotriz/data=!4m7!3m6!1s0x91d58f6baa9c422b:0xb39e4cbbac3613b0!8m2!3d-0.0938648!4d-78.4553132!16s%2Fg%2F11gsllk7_c!19sChIJK0KcqmuP1ZERsBM2rLtMnrM?authuser=0&hl=es-419&g_ep=EgoyMDI2MDkxNS4wIJJjKgBIAVAD&rclk=1"
"Mecanica Automotriz Taller Maldonado en Quito","099 879 7932","","4.2","43","https://www.facebook.com/MecanicaMaldonado/","solo_red_social","","true","Taller de reparación de automóviles","Domingo Segura 6581 y, 170301 Quito","Centro Histórico, Quito","https://www.google.com/maps/place/Mecanica+Automotriz+Taller+Maldonado+en+Quito/data=!4m7!3m6!1s0x91d5857159bea027:0x63eab0e5c4391e18!8m2!3d-0.1149198!4d-78.4920192!16s%2Fg%2F1hhgdhmct!19sChIJJ6C-WXGF1ZERGB45xOWw6mM?authuser=0&hl=es-419&g_ep=EgoyMDI2MDkxNS4wIJJjKgBIAVAD&rclk=1"
"Servicio Automotriz Salazar S.A.S.","096 906 1497","","4.9","14","","ninguno","","true","Taller de automóviles","Antonio Galindo y Teresa Iza 98 y, 170133 Quito","Centro Histórico, Quito","https://www.google.com/maps/place/Servicio+Automotriz+Salazar+S.A.S./data=!4m7!3m6!1s0xa4af3df154695e05:0xaae6472349d4e4b9!8m2!3d-0.1128746!4d-78.4621289!16s%2Fg%2F11sf3_6b4y!19sChIJBV5pVPE9r6QRueTUSSNH5qo?authuser=0&hl=es-419&g_ep=EgoyMDI2MDkxNS4wIJJjKgBIAVAD&rclk=1"
"La Luna Centro Automotriz","099 869 9048","","4.9","20","","ninguno","","true","Planchista","Alhambra, 170201 Quito","Centro Histórico, Quito","https://www.google.com/maps/place/La+Luna+Centro+Automotriz/data=!4m7!3m6!1s0x91d58f8fc775932f:0xcf5de36a4a157694!8m2!3d-0.091276!4d-78.4453998!16s%2Fg%2F11k62r9x_g!19sChIJL5N1x4-P1ZERlHYVSmrjXc8?authuser=0&hl=es-419&g_ep=EgoyMDI2MDkxNS4wIJJjKgBIAVAD&rclk=1"
"Mundo Automotriz Rojas","(02) 242-4180","","4.6","12","","ninguno","","true","Taller de reparación de automóviles","Calle, Río Capelo Oe13-110, 170204 Quito","Centro Histórico, Quito","https://www.google.com/maps/place/Mundo+Automotriz+Rojas/data=!4m7!3m6!1s0x91d58f729d16847b:0x843faef07157d00b!8m2!3d-0.1007304!4d-78.454488!16s%2Fg%2F11ffpcq645!19sChIJe4QWnXKP1ZERC9BXcfCuP4Q?authuser=0&hl=es-419&g_ep=EgoyMDI2MDkxNS4wIJJjKgBIAVAD&rclk=1"
"Centro Automotriz Motors Cars, Mecánica Automotriz, Lubricadora y Lavadora, Auxilio Mecánico","(02) 351-8924","","4.9","9","https://profesionales.gdc.coop/ads/centro-automotriz-motors-cars","sitio_propio","","false","Taller mecánico","Asturias Lote 2 y Alcala Pasaje A, 170204","Centro Histórico, Quito","https://www.google.com/maps/place/Centro+Automotriz+Motors+Cars,+Mec%C3%A1nica+Automotriz,+Lubricadora+y+Lavadora,+Auxilio+Mec%C3%A1nico/data=!4m7!3m6!1s0x91d58f1babfb2b09:0xee5e1dd943d94e9e!8m2!3d-0.0891086!4d-78.4451946!16s%2Fg%2F11h_6qx9qn!19sChIJCSv7qxuP1ZERnk7ZQ9kdXu4?authuser=0&hl=es-419&g_ep=EgoyMDI2MDkxNS4wIJJjKgBIAVAD&rclk=1"
"Taller y Lavadora Automotriz JR Diaz","099 987 5493","","4.6","31","","ninguno","","true","Taller de reparación de automóviles","WG5V+6QQ, 170203 Quito","Centro Histórico, Quito","https://www.google.com/maps/place/Taller+y+Lavadora+Automotriz+JR+Diaz/data=!4m7!3m6!1s0x91d58f192b665d25:0xc28a7dd74b0dddbc!8m2!3d-0.0919174!4d-78.4555273!16s%2Fg%2F11g10cwqc2!19sChIJJV1mKxmP1ZERvN0NS9d9isI?authuser=0&hl=es-419&g_ep=EgoyMDI2MDkxNS4wIJJjKgBIAVAD&rclk=1"
"Centro Automotriz Master","(02) 321-4210","","4.5","49","","ninguno","","true","Taller de reparación de automóviles","Santa Rosa Oe6-12, 170521 Quito","Centro Histórico, Quito","https://www.google.com/maps/place/Centro+Automotriz+Master/data=!4m7!3m6!1s0x91d59b221ab7d22f:0x5f1eeaf7df0074ea!8m2!3d-0.2042059!4d-78.5064442!16s%2Fg%2F11fl78dj6r!19sChIJL9K3GiKb1ZER6nQA3_fqHl8?authuser=0&hl=es-419&g_ep=EgoyMDI2MDkxNS4wIJJjKgBIAVAD&rclk=1"
"Mecánica Automotriz MantenCar Ec","098 405 8558","","4.9","29","https://www.instagram.com/mantencar_ec/?next=%2F","solo_red_social","","true","Ingeniero mecánico","New York 65, 170103 Quito","Centro Histórico, Quito","https://www.google.com/maps/place/Mec%C3%A1nica+Automotriz+MantenCar+Ec/data=!4m7!3m6!1s0x91d59b426850c01d:0x93bdcafb9f61458a!8m2!3d-0.2078206!4d-78.5088293!16s%2Fg%2F11jfsbg8w9!19sChIJHcBQaEKb1ZERikVhn_vKvZM?authuser=0&hl=es-419&g_ep=EgoyMDI2MDkxNS4wIJJjKgBIAVAD&rclk=1"
"Taller automotriz ROD DAN","098 229 3988","","5","20","","ninguno","","true","Taller mecánico","Rio quijos, y y Río Mindo, Quito","Centro Histórico, Quito","https://www.google.com/maps/place/Taller+automotriz+ROD+DAN/data=!4m7!3m6!1s0x91d58fbac76c6163:0x8d38b1f478c36bab!8m2!3d-0.0984362!4d-78.4537582!16s%2Fg%2F11fgjsw5sj!19sChIJY2Fsx7qP1ZERq2vDePSxOI0?authuser=0&hl=es-419&g_ep=EgoyMDI2MDkxNS4wIJJjKgBIAVAD&rclk=1"
"MECÁNICO A DOMICILIO ""JOE GARAGE"" Quito-Ecuador","099 887 0813","","4.7","15","https://youtube.com/@superjoseph92?si=W_1Vn90PgYF78_5U","sitio_propio","","false","Taller de reparación de automóviles","170203 Quito","Centro Histórico, Quito","https://www.google.com/maps/place/MEC%C3%81NICO+A+DOMICILIO+%22JOE+GARAGE%22+Quito-Ecuador/data=!4m7!3m6!1s0x91d58f6e94b63de3:0x976fbbcbc0bb0cc7!8m2!3d-0.0935033!4d-78.4514507!16s%2Fg%2F11fsx12rds!19sChIJ4z22lG6P1ZERxwy7wMu7b5c?authuser=0&hl=es-419&g_ep=EgoyMDI2MDkxNS4wIJJjKgBIAVAD&rclk=1"
"Android Taller Automotriz Multimarca","099 852 1482","","4.7","18","","ninguno","","true","Taller mecánico","Avenida Eloy Alfaro N66-101 entre De los Eucaliptos y, Manuel Ambrosi, 170307 Quito","Centro Histórico, Quito","https://www.google.com/maps/place/Android+Taller+Automotriz+Multimarca/data=!4m7!3m6!1s0x91d58f8ecd114f3d:0x933d08bed68775a!8m2!3d-0.1178469!4d-78.4725514!16s%2Fg%2F11h7flktcb!19sChIJPU8RzY6P1ZERWndo7YvQMwk?authuser=0&hl=es-419&g_ep=EgoyMDI2MDkxNS4wIJJjKgBIAVAD&rclk=1"
"Mecanico automotriz DR","098 927 7197","","4.4","7","","ninguno","","true","Taller mecánico","Av. Eloy Alfaro 74-300, 170120 Quito","Centro Histórico, Quito","https://www.google.com/maps/place/Mecanico+automotriz+DR/data=!4m7!3m6!1s0x91d58f76b7c75b45:0x96ebaaa4926ef8e6!8m2!3d-0.1018176!4d-78.4687863!16s%2Fg%2F11fkcz08d5!19sChIJRVvHt3aP1ZER5vhukqSq65Y?authuser=0&hl=es-419&g_ep=EgoyMDI2MDkxNS4wIJJjKgBIAVAD&rclk=1"
"Servicio Automotriz Bolaños","099 938 4462","","4.9","21","","ninguno","","true","Taller mecánico","Barrio y Av. Eloy Alfaro, 170133 Quito","Centro Histórico, Quito","https://www.google.com/maps/place/Servicio+Automotriz+Bola%C3%B1os/data=!4m7!3m6!1s0x91d58f861beb9b4b:0x220d31759e88abb1!8m2!3d-0.1185496!4d-78.4705681!16s%2Fg%2F11f5dgtyrx!19sChIJS5vrG4aP1ZERsauInnUxDSI?authuser=0&hl=es-419&g_ep=EgoyMDI2MDkxNS4wIJJjKgBIAVAD&rclk=1"
"AUTOSERVICIOS VELASTEGUI, Mecanica Automotriz, Alineacion y Balanceo, ABC Frenos, Vulcanizadora","098 538 0470","","4.7","12","https://autoserviciosvelastegui.amawebs.com/","sitio_propio","2026","false","Taller de automóviles","170201, 170133 Quito","Centro Histórico, Quito","https://www.google.com/maps/place/AUTOSERVICIOS+VELASTEGUI,+Mecanica+Automotriz,+Alineacion+y+Balanceo,+ABC+Frenos,+Vulcanizadora/data=!4m7!3m6!1s0x91d58f901810055b:0x61120c343ac62023!8m2!3d-0.1158076!4d-78.4449229!16s%2Fg%2F11vspfd5qz!19sChIJWwUQGJCP1ZERIyDGOjQMEmE?authuser=0&hl=es-419&g_ep=EgoyMDI2MDkxNS4wIJJjKgBIAVAD&rclk=1"
"Taller J.R","(02) 282-3153","","4.8","8","","ninguno","","true","Taller de reparación de automóviles","El Arenal N6-229, 170203 Quito","Centro Histórico, Quito","https://www.google.com/maps/place/Taller+J.R/data=!4m7!3m6!1s0x91d58f0b92fbcdb1:0x2cc45920c14fd729!8m2!3d-0.1060383!4d-78.4483817!16s%2Fg%2F11ffpbkxtd!19sChIJsc37kguP1ZERKddPwSBZxCw?authuser=0&hl=es-419&g_ep=EgoyMDI2MDkxNS4wIJJjKgBIAVAD&rclk=1"
"GONZAUTO Mecánica Automotriz","098 350 5705","","4.9","37","https://www.facebook.com/GONZAUTO.Mecanica.Automotriz/","solo_red_social","","true","Tienda de automovilismo","JUNTO AL UPC PONCEANO ALTO Esquina, 0E2D, Mariano Paredes y N73 72-155, 170310 Quito","Centro Histórico, Quito","https://www.google.com/maps/place/GONZAUTO+Mec%C3%A1nica+Automotriz/data=!4m7!3m6!1s0x91d5858b9b7208ab:0x96a703e6c8c70dcd!8m2!3d-0.1011893!4d-78.4810477!16s%2Fg%2F11gn1vtzff!19sChIJqwhym4uF1ZERzQ3HyOYDp5Y?authuser=0&hl=es-419&g_ep=EgoyMDI2MDkxNS4wIJJjKgBIAVAD&rclk=1"
"Taller Automotriz Kraken","099 988 2538","","4.9","17","","ninguno","","true","Taller de reparación de automóviles","Juan Barrezueta, y y Francisco Garcia oe5-169, 170203 Quito","Centro Histórico, Quito","https://www.google.com/maps/place/Taller+Automotriz+Kraken/data=!4m7!3m6!1s0x91d585cd9a005791:0xbddba1006b983461!8m2!3d-0.1065868!4d-78.479529!16s%2Fg%2F11k78qbwjp!19sChIJkVcAms2F1ZERYTSYawCh270?authuser=0&hl=es-419&g_ep=EgoyMDI2MDkxNS4wIJJjKgBIAVAD&rclk=1"
"SEMA Ingeniería Automotriz","095 984 8255","","3.8","8","","ninguno","","true","Taller de reparación de automóviles","Jesús del Gran Poder, 170144 Quito","Centro Histórico, Quito","https://www.google.com/maps/place/SEMA+Ingenier%C3%ADa+Automotriz/data=!4m7!3m6!1s0x91d58f1d379f294d:0xbf85783ab211ef62!8m2!3d-0.1086798!4d-78.4635372!16s%2Fg%2F11py4sz7yy!19sChIJTSmfNx2P1ZERYu8Rsjp4hb8?authuser=0&hl=es-419&g_ep=EgoyMDI2MDkxNS4wIJJjKgBIAVAD&rclk=1"
"Hybrid Service","099 875 7928","cleon@hybrid-service.com","4.9","99","https://hybrid-service.com/","sitio_propio","2024","false","Taller de reparación de automóviles","Chediak, 170144 Quito","Centro Histórico, Quito","https://www.google.com/maps/place/Hybrid+Service/data=!4m7!3m6!1s0x91d58fd81b1f4471:0x2323449a46be2493!8m2!3d-0.1073254!4d-78.4716733!16s%2Fg%2F11h23m3p63!19sChIJcUQfG9iP1ZERkyS-RppEIyM?authuser=0&hl=es-419&g_ep=EgoyMDI2MDkxNS4wIJJjKgBIAVAD&rclk=1"
"Llantas Y Servicio Automotriz","096 747 1816","","4.2","10","","ninguno","","true","Taller de reparación de automóviles","Calle, Capitán Giovanni Calles Oe9-112, 170203 Quito","Centro Histórico, Quito","https://www.google.com/maps/place/Llantas+Y+Servicio+Automotriz/data=!4m7!3m6!1s0x91d58f120216d71b:0x929ff094efa4bd96!8m2!3d-0.1003051!4d-78.4468433!16s%2Fg%2F11fghc1bb9!19sChIJG9cWAhKP1ZERlr2k75Twn5I?authuser=0&hl=es-419&g_ep=EgoyMDI2MDkxNS4wIJJjKgBIAVAD&rclk=1"
"Taller Los Pinos Servicio Automotriz","099 759 8855","","4.8","78","","ninguno","","true","Taller mecánico","Juan Garzón 65-27, 170103 Quito","Centro Histórico, Quito","https://www.google.com/maps/place/Taller+Los+Pinos+Servicio+Automotriz/data=!4m7!3m6!1s0x91d5850d2d2b2c5f:0xcbb5557674e9703d!8m2!3d-0.1168221!4d-78.4980504!16s%2Fg%2F11cllh2rp1!19sChIJXywrLQ2F1ZERPXDpdHZVtcs?authuser=0&hl=es-419&g_ep=EgoyMDI2MDkxNS4wIJJjKgBIAVAD&rclk=1"
"V&S Servicios Automotrices","098 753 3549","","4.8","32","","ninguno","","true","Taller de reparación de automóviles","California Alta Entre Liquenes, y y Las Algas, 170149 Quito","Centro Histórico, Quito","https://www.google.com/maps/place/V%26S+Servicios+Automotrices/data=!4m7!3m6!1s0x91d58fb472618435:0xbd3f024659e55bf9!8m2!3d-0.1469833!4d-78.4673825!16s%2Fg%2F11h8500hr_!19sChIJNYRhcrSP1ZER-VvlWUYCP70?authuser=0&hl=es-419&g_ep=EgoyMDI2MDkxNS4wIJJjKgBIAVAD&rclk=1"
"G MOTORS-Lavadora, Mecánica, Lubricadora y Tecnicentro Automotriz","098 728 3753","","5","21","","ninguno","","true","Taller de reparación de automóviles","Francisco de Izazaga 45-148, 170138 Quito","Centro Histórico, Quito","https://www.google.com/maps/place/G+MOTORS-Lavadora,+Mec%C3%A1nica,+Lubricadora+y+Tecnicentro+Automotriz/data=!4m7!3m6!1s0x91d59b0037715621:0x466a16183374e2ed!8m2!3d-0.1571095!4d-78.4785075!16s%2Fg%2F11n4tr1qt0!19sChIJIVZxNwCb1ZER7eJ0MxgWakY?authuser=0&hl=es-419&g_ep=EgoyMDI2MDkxNS4wIJJjKgBIAVAD&rclk=1"
"Macro Auto","099 981 1336","","4.8","44","","ninguno","","true","Taller de reparación de automóviles","Av Diego Vásquez de Cepeda y Oe3K 70, 170303 Quito","Centro Histórico, Quito","https://www.google.com/maps/place/Macro+Auto/data=!4m7!3m6!1s0x91d58561ca05a6c1:0x12b5a541ffbf43dd!8m2!3d-0.1054696!4d-78.4836316!16s%2Fg%2F11rt_d66rh!19sChIJwaYFymGF1ZER3UO__0GltRI?authuser=0&hl=es-419&g_ep=EgoyMDI2MDkxNS4wIJJjKgBIAVAD&rclk=1"
"AUTOCHEC","098 000 4636","","4.8","12","","ninguno","","true","Comercio","Av. Eloy Alfaro 72-156, 170144 Quito","Centro Histórico, Quito","https://www.google.com/maps/place/AUTOCHEC/data=!4m7!3m6!1s0x91d58f8123c8215f:0x995ade75159dc5ea!8m2!3d-0.1038606!4d-78.4707734!16s%2Fg%2F11flhrdz_x!19sChIJXyHII4GP1ZER6sWdFXXeWpk?authuser=0&hl=es-419&g_ep=EgoyMDI2MDkxNS4wIJJjKgBIAVAD&rclk=1"
"Maestro Del Golpe","098 376 3365","","5","6","","ninguno","","true","Taller de reparación de automóviles","Galo Pl. Lasso S/N, 170204 Quito","Centro Histórico, Quito","https://www.google.com/maps/place/Maestro+Del+Golpe/data=!4m7!3m6!1s0x91d58f6a7df5eaad:0xa6a7c60f0fef7752!8m2!3d-0.091824!4d-78.4553067!16s%2Fg%2F11gtg77z5t!19sChIJrer1fWqP1ZERUnfvDw_Gp6Y?authuser=0&hl=es-419&g_ep=EgoyMDI2MDkxNS4wIJJjKgBIAVAD&rclk=1"
"TALLERES SIAMOTORS, Reparación y Mantenimiento Automotriz","099 257 6718","","4.8","53","https://talleresiamotors.com/","sitio_propio","2024","false","Taller mecánico","Pje. N3A 238, 170202 Quito","Centro Histórico, Quito","https://www.google.com/maps/place/TALLERES+SIAMOTORS,+Reparaci%C3%B3n+y+Mantenimiento+Automotriz/data=!4m7!3m6!1s0x91d58fd04c200a77:0xe628bef8f7a07f32!8m2!3d-0.1000246!4d-78.4257504!16s%2Fg%2F11fqxb60vl!19sChIJdwogTNCP1ZERMn-g9_i-KOY?authuser=0&hl=es-419&g_ep=EgoyMDI2MDkxNS4wIJJjKgBIAVAD&rclk=1"
"Cruz Autocenter Eurotaller, Mecánica Automotriz Quito","098 714 7293","","4.7","87","","ninguno","","true","Taller de reparación de automóviles","José H. Figueroa, y y Gral. José María Guerrero, 170103 Quito","Centro Histórico, Quito","https://www.google.com/maps/place/Cruz+Autocenter+Eurotaller,+Mec%C3%A1nica+Automotriz+Quito/data=!4m7!3m6!1s0x91d585e6ed10f439:0x2a71d22fd7ce7e32!8m2!3d-0.1185278!4d-78.49739!16s%2Fg%2F11jv71n8tv!19sChIJOfQQ7eaF1ZERMn7O1y_ScSo?authuser=0&hl=es-419&g_ep=EgoyMDI2MDkxNS4wIJJjKgBIAVAD&rclk=1"
"Grupo Automotriz Pozo","098 060 1125","","4.8","39","","ninguno","","true","Taller de reparación de automóviles","Agusín Yerovi, y y Fray Leonardo Murialdo S/N, 170514 Quito","Centro Histórico, Quito","https://www.google.com/maps/place/Grupo+Automotriz+Pozo/data=!4m7!3m6!1s0x91d58ff2a26011eb:0x4de62954ae80a328!8m2!3d-0.1291875!4d-78.4643125!16s%2Fg%2F11fd6d871n!19sChIJ6xFgovKP1ZERKKOArlQp5k0?authuser=0&hl=es-419&g_ep=EgoyMDI2MDkxNS4wIJJjKgBIAVAD&rclk=1"
"Electricidad Automotriz Quimbiulco","096 264 6304","","4.1","37","https://bit.ly/ElectQuimbiulco","sitio_propio","","false","Tienda de repuestos para automóviles","Av. Capitán Geovanni Calles S/N, 170203 Quito","Centro Histórico, Quito","https://www.google.com/maps/place/Electricidad+Automotriz+Quimbiulco/data=!4m7!3m6!1s0x91d58f0da7745c23:0x1ac2f3d065dfcdd0!8m2!3d-0.1021998!4d-78.4495406!16s%2Fg%2F11gzplnkt5!19sChIJI1x0pw2P1ZER0M3fZdDzwho?authuser=0&hl=es-419&g_ep=EgoyMDI2MDkxNS4wIJJjKgBIAVAD&rclk=1"
"MULTISERVICIO AUTOMOTRIZ PUNTO NORTE","096 846 6197","multiservicio.norte@gmail.com; davidarias360@hotmail.com","4.5","38","https://davidarias360da.wixsite.com/misitio","sitio_propio","","false","Taller de reparación de automóviles","Av, Capitán Giovanni Calles y Av. Cacha &, 170201 Quito","Centro Histórico, Quito","https://www.google.com/maps/place/MULTISERVICIO+AUTOMOTRIZ+PUNTO+NORTE/data=!4m7!3m6!1s0x91d58fe79fd266f7:0x661b26b17fd06cc4!8m2!3d-0.0897038!4d-78.4296798!16s%2Fg%2F11qqzjfr_f!19sChIJ92bSn-eP1ZERxGzQf7EmG2Y?authuser=0&hl=es-419&g_ep=EgoyMDI2MDkxNS4wIJJjKgBIAVAD&rclk=1"
"Servicio Automotriz GM","099 040 2143","info@tallerautomotrizgm.com","4.6","28","https://www.tallerautomotrizgm.com/","sitio_propio","2025","false","Taller mecánico","Asunos 52-04, 170138 Quito","Centro Histórico, Quito","https://www.google.com/maps/place/Servicio+Automotriz+GM/data=!4m7!3m6!1s0x91d58ffeb6322f6d:0xf68ffa2d5528a979!8m2!3d-0.1423098!4d-78.4708789!16s%2Fg%2F11ffl_8ppr!19sChIJbS8ytv6P1ZEReakoVS36j_Y?authuser=0&hl=es-419&g_ep=EgoyMDI2MDkxNS4wIJJjKgBIAVAD&rclk=1"
"Urgentito Taller Multimarca","098 838 9358","","3.8","68","https://www.urgentitotalleres.com/","sitio_propio","2025","false","Taller mecánico","Diagonal Parkenor, N67, De Los Arupos y Av. Galo Plaza Lasso E1-202 y, 170307 Quito","Centro Histórico, Quito","https://www.google.com/maps/place/Urgentito+Taller+Multimarca/data=!4m7!3m6!1s0x91d585ae54a95c57:0x288321a531c3a50f!8m2!3d-0.1121495!4d-78.4776077!16s%2Fg%2F11w_c7b2gf!19sChIJV1ypVK6F1ZERD6XDMaUhgyg?authuser=0&hl=es-419&g_ep=EgoyMDI2MDkxNS4wIJJjKgBIAVAD&rclk=1"
"Calibración de Gases Taller Automotriz dkj","","","4.8","16","https://instagram.com/dkjtools?igshid=ZDc4ODBmNjlmNQ==","solo_red_social","","true","Taller de reparación de automóviles","San Jorge y 170202 6-100, 170202 Quito","Centro Histórico, Quito","https://www.google.com/maps/place/Calibraci%C3%B3n+de+Gases+Taller+Automotriz+dkj/data=!4m7!3m6!1s0x91d58f0e33342683:0xc8005ee5f1838752!8m2!3d-0.1016617!4d-78.4438885!16s%2Fg%2F11gslp685d!19sChIJgyY0Mw6P1ZERUoeD8eVeAMg?authuser=0&hl=es-419&g_ep=EgoyMDI2MDkxNS4wIJJjKgBIAVAD&rclk=1"
"Tecnimax Ingeniería Automotriz","099 801 6558","","4.5","32","","ninguno","","true","Taller mecánico","Av Diego Vásquez de Cepeda, 170144 Quito","Centro Histórico, Quito","https://www.google.com/maps/place/Tecnimax+Ingenier%C3%ADa+Automotriz/data=!4m7!3m6!1s0x91d5858c7dc0dec5:0xc2a0d9ad9b8fe255!8m2!3d-0.0938627!4d-78.4813087!16s%2Fg%2F11gr6n519y!19sChIJxd7AfYyF1ZERVeKPm63ZoMI?authuser=0&hl=es-419&g_ep=EgoyMDI2MDkxNS4wIJJjKgBIAVAD&rclk=1"
"SERVICIO AUTOMOTRIZ JIMENEZ - LADA & MULTIMARCA","099 980 7606","","4.6","54","","ninguno","","true","Taller mecánico","Francisco de Rumihurco y San Francisco de Rumiurcu, 170301 Quito","Centro Histórico, Quito","https://www.google.com/maps/place/SERVICIO+AUTOMOTRIZ+JIMENEZ+-+LADA+%26+MULTIMARCA/data=!4m7!3m6!1s0x91d585176d0e4541:0x79926434f69baa85!8m2!3d-0.1074412!4d-78.4976035!16s%2Fg%2F11ng5_w6dw!19sChIJQUUObReF1ZERhaqb9jRkknk?authuser=0&hl=es-419&g_ep=EgoyMDI2MDkxNS4wIJJjKgBIAVAD&rclk=1"
"DMA CENTRO DE COLISIONES","(02) 280-4707","","4","32","","ninguno","","true","Taller de reparación de automóviles","170138 Quito","Centro Histórico, Quito","https://www.google.com/maps/place/DMA+CENTRO+DE+COLISIONES/data=!4m7!3m6!1s0x91d58ff4d6099b19:0x909f290be2002629!8m2!3d-0.1284355!4d-78.4722894!16s%2Fg%2F11gd_2zqyx!19sChIJGZsJ1vSP1ZERKSYA4gspn5A?authuser=0&hl=es-419&g_ep=EgoyMDI2MDkxNS4wIJJjKgBIAVAD&rclk=1"
"TECNICENTRO J.A TALLER AUTOMOTRIZ","099 707 1181","","4","12","","ninguno","","true","Servicio de alineación de ruedas","Carlos Mantilla Oe3-154, 170204 Quito","Centro Histórico, Quito","https://www.google.com/maps/place/TECNICENTRO+J.A+TALLER+AUTOMOTRIZ/data=!4m7!3m6!1s0x91d58f2468eff463:0x657a2dbc0781de4a!8m2!3d-0.0857911!4d-78.4377161!16s%2Fg%2F11ffv1cyfx!19sChIJY_TvaCSP1ZERSt6BB7wtemU?authuser=0&hl=es-419&g_ep=EgoyMDI2MDkxNS4wIJJjKgBIAVAD&rclk=1"
"Centro Automotriz Hyundai","(02) 601-4477","","4.5","27","","ninguno","","true","Taller mecánico","Pedro Guerrero, 170133 Quito","Centro Histórico, Quito","https://www.google.com/maps/place/Centro+Automotriz+Hyundai/data=!4m7!3m6!1s0x91d58ff3748881c1:0xcb4dd37c9ef20166!8m2!3d-0.129256!4d-78.4623524!16s%2Fg%2F11gmyxx4w2!19sChIJwYGIdPOP1ZERZgHynnzTTcs?authuser=0&hl=es-419&g_ep=EgoyMDI2MDkxNS4wIJJjKgBIAVAD&rclk=1"
"Disauto","099 391 3670","importadoradisauto@gmail.com","4.3","141","http://www.disauto.ec/","sitio_propio","2026","false","Tienda de repuestos para automóviles","Disauto Centro Automotriz, 170208 Quito","Centro Histórico, Quito","https://www.google.com/maps/place/Disauto/data=!4m7!3m6!1s0x91d58f0629b18175:0x7a66776b5b57ad79!8m2!3d-0.1070065!4d-78.4412572!16s%2Fg%2F1pv6ymrb4!19sChIJdYGxKQaP1ZERea1XW2t3Zno?authuser=0&hl=es-419&g_ep=EgoyMDI2MDkxNS4wIJJjKgBIAVAD&rclk=1"
"EUROCENTRO AUTOMOTRIZ","098 985 5646","","4.6","10","","ninguno","","true","Taller mecánico","De los Nogales y Manuel Lizarzaburu, 170138 Quito","Centro Histórico, Quito","https://www.google.com/maps/place/EUROCENTRO+AUTOMOTRIZ/data=!4m7!3m6!1s0x91d59130ea2ba9cd:0x7465e12aa31ffea7!8m2!3d-0.151734!4d-78.4687966!16s%2Fg%2F11h3sn2spf!19sChIJzakr6jCR1ZERp_4foyrhZXQ?authuser=0&hl=es-419&g_ep=EgoyMDI2MDkxNS4wIJJjKgBIAVAD&rclk=1"
"Garner Espinosa C.A. Quito","099 473 7502","","4.4","148","http://www.garner.com.ec/","sitio_propio","","true","Comercio","Av. Eloy Alfaro y Antonio Basantes N73-22 y, 170317 Quito","Centro Histórico, Quito","https://www.google.com/maps/place/Garner+Espinosa+C.A.+Quito/data=!4m7!3m6!1s0x91d58f7c10f8c8ad:0x26182df74e7ab702!8m2!3d-0.1045446!4d-78.4706963!16s%2Fg%2F11bw3djjqw!19sChIJrcj4EHyP1ZERArd6TvctGCY?authuser=0&hl=es-419&g_ep=EgoyMDI2MDkxNS4wIJJjKgBIAVAD&rclk=1"
"BLUE HOUSE TALLER FORD","","info@bluehouse-ec.com","4.6","61","https://bluehouse-ec.com/","sitio_propio","2023","false","Taller de reparación de automóviles","De Los Eucaliptos y De Los Cipreses E4-20, 170307 Quito","Centro Histórico, Quito","https://www.google.com/maps/place/BLUE+HOUSE+TALLER+FORD/data=!4m7!3m6!1s0x91d58f8781d892dd:0xe07a4bdf9f21a2cd!8m2!3d-0.116688!4d-78.474958!16s%2Fg%2F11g6x5xqg7!19sChIJ3ZLYgYeP1ZERzaIhn99LeuA?authuser=0&hl=es-419&g_ep=EgoyMDI2MDkxNS4wIJJjKgBIAVAD&rclk=1"
"Taller Automotriz Servikars","(02) 328-0605","","4.6","30","https://instagram.com/servikars?r=nametag","solo_red_social","","true","Taller de reparación de automóviles","N56-186 y esquina, Av. 6 de Diciembre y De las Anonas &, Quito","Centro Histórico, Quito","https://www.google.com/maps/place/Taller+Automotriz+Servikars/data=!4m7!3m6!1s0x91d58ff607a00f6b:0x3134cf52af56ef3e!8m2!3d-0.1328054!4d-78.4746867!16s%2Fg%2F11cjj97m1k!19sChIJaw-gB_aP1ZERPu9Wr1LPNDE?authuser=0&hl=es-419&g_ep=EgoyMDI2MDkxNS4wIJJjKgBIAVAD&rclk=1"
"El Genio del Golpe","099 813 2258","","4","145","","ninguno","","true","Taller de reparación de automóviles","Av Diego Vásquez de Cepeda, 170144 Quito","Centro Histórico, Quito","https://www.google.com/maps/place/El+Genio+del+Golpe/data=!4m7!3m6!1s0x91d5858464d6eebb:0xdfeaa19306dd50fc!8m2!3d-0.1047127!4d-78.4830202!16s%2Fg%2F11c3k2zq8t!19sChIJu-7WZISF1ZER_FDdBpOh6t8?authuser=0&hl=es-419&g_ep=EgoyMDI2MDkxNS4wIJJjKgBIAVAD&rclk=1"
"Mecánica - MAO Mantenimiento Automotriz Ortega - Norte","098 406 6067","","4.8","67","http://www.mao.ec/","sitio_propio","","true","Taller de reparación de automóviles","De los Jazmines 55-76, 170513 Quito","Centro Histórico, Quito","https://www.google.com/maps/place/Mec%C3%A1nica+-+MAO+Mantenimiento+Automotriz+Ortega+-+Norte/data=!4m7!3m6!1s0x91d58ffe3dc65405:0xb0318dee8cdbff8d!8m2!3d-0.1341804!4d-78.4716364!16s%2Fg%2F11s4_g_vpp!19sChIJBVTGPf6P1ZERjf_bjO6NMbA?authuser=0&hl=es-419&g_ep=EgoyMDI2MDkxNS4wIJJjKgBIAVAD&rclk=1"
"Tulcan Motors | Taller Automotriz","098 337 1496","","4.7","7","","ninguno","","true","Taller de reparación de automóviles","Leonidas Proaño, Quito","Centro Histórico, Quito","https://www.google.com/maps/place/Tulcan+Motors+%7C+Taller+Automotriz/data=!4m7!3m6!1s0x91d58fc18357caab:0x98cb627b358044e!8m2!3d-0.1074404!4d-78.4331649!16s%2Fg%2F11sj2xh319!19sChIJq8pXg8GP1ZERTgRYsye2jAk?authuser=0&hl=es-419&g_ep=EgoyMDI2MDkxNS4wIJJjKgBIAVAD&rclk=1"
"CST Centro de Soluciones Técnicas taller mecánico automotriz","099 813 4805","","5","6","","ninguno","","true","Persona de mantenimiento","593, 170501 Quito","Centro Histórico, Quito","https://www.google.com/maps/place/CST+Centro+de+Soluciones+T%C3%A9cnicas+taller+mec%C3%A1nico+automotriz/data=!4m7!3m6!1s0x91d58f86d498e1b1:0x7923b534ca82802d!8m2!3d-0.1301978!4d-78.4682838!16s%2Fg%2F11vzq162pw!19sChIJseGY1IaP1ZERLYCCyjS1I3k?authuser=0&hl=es-419&g_ep=EgoyMDI2MDkxNS4wIJJjKgBIAVAD&rclk=1"
"Centro Automotriz Norte Multimarca","098 608 9721","","4.5","20","","ninguno","","true","Taller mecánico","VH55+FMR, Quito","Centro Histórico, Quito","https://www.google.com/maps/place/Centro+Automotriz+Norte+Multimarca/data=!4m7!3m6!1s0x91d58f8cc2a55131:0x934044ed72a43768!8m2!3d-0.1412721!4d-78.4408643!16s%2Fg%2F11j64wk__7!19sChIJMVGlwoyP1ZERaDekcu1EQJM?authuser=0&hl=es-419&g_ep=EgoyMDI2MDkxNS4wIJJjKgBIAVAD&rclk=1"
"Centro De Servicio Automotriz","099 340 4791","","3.9","8","","ninguno","","true","Taller de reparación de automóviles","Calle Luis Viteri, Carapungo S2-32, 170208 Quito","Centro Histórico, Quito","https://www.google.com/maps/place/Centro+De+Servicio+Automotriz/data=!4m7!3m6!1s0x91d58efee97e9445:0xc642850852d2db59!8m2!3d-0.1066448!4d-78.4256595!16s%2Fg%2F11gtgbl8r6!19sChIJRZR-6f6O1ZERWdvSUgiFQsY?authuser=0&hl=es-419&g_ep=EgoyMDI2MDkxNS4wIJJjKgBIAVAD&rclk=1"
"MECANICA AUTOMOTRIZ, INGENIERIA AUTOMOTRIZ RJ","099 563 0664","","4.7","10","https://profesionales.gdc.coop/ads/ingenieriaautomotrizrj","sitio_propio","","false","Taller mecánico","VG5G+266, 170131 Quito","Centro Histórico, Quito","https://www.google.com/maps/place/MECANICA+AUTOMOTRIZ,+INGENIERIA+AUTOMOTRIZ+RJ/data=!4m7!3m6!1s0x91d5995b991ccedf:0xa0ac3fcb01ae8c86!8m2!3d-0.1424576!4d-78.4744913!16s%2Fg%2F11f613888h!19sChIJ384cmVuZ1ZERhoyuAcs_rKA?authuser=0&hl=es-419&g_ep=EgoyMDI2MDkxNS4wIJJjKgBIAVAD&rclk=1"
"ZONACAR Centro de Mantenimiento Automotriz","096 887 8918","","5","6","","ninguno","","true","Taller de reparación de automóviles","Calle Carapungo Oe10-27 y García Moreno Llano Grande, 170208","Centro Histórico, Quito","https://www.google.com/maps/place/ZONACAR+Centro+de+Mantenimiento+Automotriz/data=!4m7!3m6!1s0x91d58f8394ffdd09:0x167e202ef0579b80!8m2!3d-0.1161704!4d-78.4367802!16s%2Fg%2F11ldrvzg7r!19sChIJCd3_lIOP1ZERgJtX8C4gfhY?authuser=0&hl=es-419&g_ep=EgoyMDI2MDkxNS4wIJJjKgBIAVAD&rclk=1"
"GoldCar's Detailing, Paint & Protec Films","099 292 8922","","4.8","36","","ninguno","","true","Servicio de lavado de coches","Capitán Giovanni Calles y El Vergel, 170301 Quito","Centro Histórico, Quito","https://www.google.com/maps/place/GoldCar%27s+Detailing,+Paint+%26+Protec+Films/data=!4m7!3m6!1s0x91d58565ce8d1d11:0x85409dd420a7c3d9!8m2!3d-0.1015349!4d-78.4486182!16s%2Fg%2F11n724ms_m!19sChIJER2NzmWF1ZER2cOnINSdQIU?authuser=0&hl=es-419&g_ep=EgoyMDI2MDkxNS4wIJJjKgBIAVAD&rclk=1"
"MECÁNICA AUTOMOTRIZ FERNANCAR OREJUELA","099 057 0720","","4.8","18","https://www.facebook.com/Fernancar-447792895340675/","solo_red_social","","true","Taller de reparación de automóviles","Joaquín Sumaita y De las Cucardas n49-245 y, 170504 Quito","Centro Histórico, Quito","https://www.google.com/maps/place/MEC%C3%81NICA+AUTOMOTRIZ+FERNANCAR+OREJUELA/data=!4m7!3m6!1s0x91d59000220951d1:0xbf281c66bc95bdd2!8m2!3d-0.1463569!4d-78.4734669!16s%2Fg%2F11csb2j89g!19sChIJ0VEJIgCQ1ZER0r2VvGYcKL8?authuser=0&hl=es-419&g_ep=EgoyMDI2MDkxNS4wIJJjKgBIAVAD&rclk=1"
"R&P Servicio Automotriz","099 752 4776","mario.ramos@rypautomotriz.com; mail@correo.com; mario.ramos@rypservicioautomotriz.com","4.9","56","http://www.rypservicioautomotriz.com/","sitio_propio","","false","Planchista","Av. Galo Plaza Lasso 57-108, 170134 Quito","Centro Histórico, Quito","https://www.google.com/maps/place/R%26P+Servicio+Automotriz/data=!4m7!3m6!1s0x91d585a181364931:0xd5d81757e3028311!8m2!3d-0.1325075!4d-78.4813677!16s%2Fg%2F11f3twgbrx!19sChIJMUk2gaGF1ZEREYMC41cX2NU?authuser=0&hl=es-419&g_ep=EgoyMDI2MDkxNS4wIJJjKgBIAVAD&rclk=1"
"LSCAR TALLER AUTOMOTRIZ","099 730 3992","","4.8","26","","ninguno","","true","Taller de automóviles","Avigiras ESQ, 170124 Quito","Centro Histórico, Quito","https://www.google.com/maps/place/LSCAR+TALLER+AUTOMOTRIZ/data=!4m7!3m6!1s0x91d58f7896e833cf:0x6fa88ccd8e089c83!8m2!3d-0.1364847!4d-78.4645593!16s%2Fg%2F11h29nq8r4!19sChIJzzPolniP1ZERg5wIjs2MqG8?authuser=0&hl=es-419&g_ep=EgoyMDI2MDkxNS4wIJJjKgBIAVAD&rclk=1"
"EQMOTORS TALLER AUTOMOTRIZ","099 459 5255","","4.9","54","","ninguno","","true","Taller de automóviles","Sector, Av. Eloy Alfaro N50-118 y, 170149 Quito","Centro Histórico, Quito","https://www.google.com/maps/place/EQMOTORS+TALLER+AUTOMOTRIZ/data=!4m7!3m6!1s0x91d5903aa08b62bb:0xc84ef8a22cb32ce!8m2!3d-0.1464431!4d-78.469169!16s%2Fg%2F11c1v1wclq!19sChIJu2KLoDqQ1ZERzjLLIorvhAw?authuser=0&hl=es-419&g_ep=EgoyMDI2MDkxNS4wIJJjKgBIAVAD&rclk=1"
"TECNIMOTOR Mecánica Automotriz, Scanner, Baterias, ABC Motor","098 723 8574","","4.6","16","https://pymes.gdc.coop/ads/mecanica-tecnimotor","sitio_propio","","false","Taller mecánico","Barrio Aguirre, Punin y Capitán Giovanni Calles N5-154 y, 170201 Quito","Centro Histórico, Quito","https://www.google.com/maps/place/TECNIMOTOR+Mec%C3%A1nica+Automotriz,+Scanner,+Baterias,+ABC+Motor/data=!4m7!3m6!1s0x91d58f1fde02bbe5:0x77f5b94b22621958!8m2!3d-0.0928129!4d-78.4299185!16s%2Fg%2F11cl_l51d4!19sChIJ5bsC3h-P1ZERWBliIku59Xc?authuser=0&hl=es-419&g_ep=EgoyMDI2MDkxNS4wIJJjKgBIAVAD&rclk=1"
"CAMService Tecniford , Taller automotriz a domicilio Quito.","096 279 9019","","4.7","68","","ninguno","","true","Taller de reparación de automóviles","a la embajada americana, Av. de los Guayacanes, y y Avigiras, 170514 Quito","Centro Histórico, Quito","https://www.google.com/maps/place/CAMService+Tecniford+,+Taller+automotriz+a+domicilio+Quito./data=!4m7!3m6!1s0x91d58ff08a54784d:0xb561048c2bdc3b5a!8m2!3d-0.1370352!4d-78.4669349!16s%2Fg%2F11b6gglzd5!19sChIJTXhUivCP1ZERWjvcK4wEYbU?authuser=0&hl=es-419&g_ep=EgoyMDI2MDkxNS4wIJJjKgBIAVAD&rclk=1"
"Marin Matic Taller Industrial","099 202 6529","","5","14","","ninguno","","true","Taller de reparación de automóviles","Alejandro Ludema, de los aceitunos,Quito-Ecuador 170203, 170144 Quito","Centro Histórico, Quito","https://www.google.com/maps/place/Marin+Matic+Taller+Industrial/data=!4m7!3m6!1s0x91d58f8ff9d4f93d:0x745bd23c9fe18c57!8m2!3d-0.1128086!4d-78.4763999!16s%2Fg%2F11vx7bk9b4!19sChIJPfnU-Y-P1ZERV4zhnzzSW3Q?authuser=0&hl=es-419&g_ep=EgoyMDI2MDkxNS4wIJJjKgBIAVAD&rclk=1"
"Centro Automotriz Peugeot","(02) 259-4156","","4.6","13","","ninguno","","true","Taller de reparación de automóviles","Calle y José H. Figueroa Oe5-281, 170301 Quito","Centro Histórico, Quito","https://www.google.com/maps/place/Centro+Automotriz+Peugeot/data=!4m7!3m6!1s0x91d5850d546c9d3d:0x6e2ef8711232a7d6!8m2!3d-0.118752!4d-78.4981831!16s%2Fg%2F11gr6wdn2t!19sChIJPZ1sVA2F1ZER1qcyEnH4Lm4?authuser=0&hl=es-419&g_ep=EgoyMDI2MDkxNS4wIJJjKgBIAVAD&rclk=1"
"Taller de Marcas Chinas","","","4.2","42","","ninguno","","true","Taller de reparación de automóviles","Leonardo Murialdo E8-78 y, Av. 6 de Diciembre, 170138 Quito","Centro Histórico, Quito","https://www.google.com/maps/place/Taller+de+Marcas+Chinas/data=!4m7!3m6!1s0x91d58f2e23807123:0xd2b4decbdf3bde1e!8m2!3d-0.1311399!4d-78.4749403!16s%2Fg%2F11gy3h19tx!19sChIJI3GAIy6P1ZERHt4738vetNI?authuser=0&hl=es-419&g_ep=EgoyMDI2MDkxNS4wIJJjKgBIAVAD&rclk=1"
"SETAMER","(02) 241-0382","","4.6","53","http://www.setamer.com/","sitio_propio","","false","Servicio de reparación de sistemas eléctricos para automóviles","Av. 6 de Diciembre n53167, 170138 Quito","Centro Histórico, Quito","https://www.google.com/maps/place/SETAMER/data=!4m7!3m6!1s0x91d58ff83c90874d:0x841f1ec3e1296d61!8m2!3d-0.1379381!4d-78.4736528!16s%2Fg%2F12hkkylg5!19sChIJTYeQPPiP1ZERYW0p4cMeH4Q?authuser=0&hl=es-419&g_ep=EgoyMDI2MDkxNS4wIJJjKgBIAVAD&rclk=1"
"Mecanica automotriz Autocare","098 771 4114","","4.6","24","https://www.facebook.com/AutocareTalleres","solo_red_social","","true","Taller mecánico","Av Manuel cordova galarza, y y N91, 170308 Quito","Centro Histórico, Quito","https://www.google.com/maps/place/Mecanica+automotriz+Autocare/data=!4m7!3m6!1s0x91d585fe6e9964b7:0x8ce0470789c64a9a!8m2!3d-0.0747084!4d-78.479874!16s%2Fg%2F11gwsdc13n!19sChIJt2SZbv6F1ZERmkrGiQdH4Iw?authuser=0&hl=es-419&g_ep=EgoyMDI2MDkxNS4wIJJjKgBIAVAD&rclk=1"
"Taller De Electricidad E Inyeccion Electronica Automotriz","099 446 0706","","4.5","14","","ninguno","","true","Taller de reparación de automóviles","Av. John F. Kennedy S/N, 170301 Quito","Centro Histórico, Quito","https://www.google.com/maps/place/Taller+De+Electricidad+E+Inyeccion+Electronica+Automotriz/data=!4m7!3m6!1s0x91d5859df6afdb25:0x4e8a9fbc750e47b3!8m2!3d-0.1096694!4d-78.491244!16s%2Fg%2F11fd6d8tzm!19sChIJJduv9p2F1ZERs0cOdbyfik4?authuser=0&hl=es-419&g_ep=EgoyMDI2MDkxNS4wIJJjKgBIAVAD&rclk=1"
"Taller Automotriz multimarca Toyosam","099 992 5296","","4.4","51","","ninguno","","true","Taller de reparación de automóviles","Cuero y Caicedo y Versalles oe2-66 y, 170520 Quito","Centro Histórico, Quito","https://www.google.com/maps/place/Taller+Automotriz+multimarca+Toyosam/data=!4m7!3m6!1s0x91d59a664cde45e7:0x34c693cc56dffea9!8m2!3d-0.1908233!4d-78.4950969!16s%2Fg%2F11clsj5lc_!19sChIJ50XeTGaa1ZERqf7fVsyTxjQ?authuser=0&hl=es-419&g_ep=EgoyMDI2MDkxNS4wIJJjKgBIAVAD&rclk=1"
"Instituto LENDAN SAME ingenieros Automotrices","096 355 8566","","4","9","","ninguno","","true","Centro educativo","Gonzalo Correa Escobar y N75 N74-388 Y, 170144 Quito","Centro Histórico, Quito","https://www.google.com/maps/place/Instituto+LENDAN+SAME+ingenieros+Automotrices/data=!4m7!3m6!1s0x91d585e46921c6f5:0x3c2c8346ef5a96ac!8m2!3d-0.1002419!4d-78.4683493!16s%2Fg%2F11tjm18lcf!19sChIJ9cYhaeSF1ZERrJZa70aDLDw?authuser=0&hl=es-419&g_ep=EgoyMDI2MDkxNS4wIJJjKgBIAVAD&rclk=1"
"DR. NUSS TALLER AUTOMOTRIZ","097 877 1528","","4.8","16","https://www.facebook.com/Talleresdrnuss/","solo_red_social","","true","Taller de reparación de vehículos todoterreno","Cristóbal De Ayala 51-09 y, 170138 Quito","Centro Histórico, Quito","https://www.google.com/maps/place/DR.+NUSS+TALLER+AUTOMOTRIZ/data=!4m7!3m6!1s0x91d591aecc3464c5:0x5573260e35d0214a!8m2!3d-0.144006!4d-78.4706443!16s%2Fg%2F11fk1k62hy!19sChIJxWQ0zK6R1ZERSiHQNQ4mc1U?authuser=0&hl=es-419&g_ep=EgoyMDI2MDkxNS4wIJJjKgBIAVAD&rclk=1"
"Repuestos Automotrices Guaranda Figueroa - Carapungo","(02) 201-0126","","4.2","71","http://www.repuestosautomotrices.com/","sitio_propio","","true","Proveedor de repuestos de carrocería de automóviles","Capitán Giovanni Calles, 170203 Quito","Centro Histórico, Quito","https://www.google.com/maps/place/Repuestos+Automotrices+Guaranda+Figueroa+-+Carapungo/data=!4m7!3m6!1s0x91d58f0d1f69c21f:0xab2715386e2eaf5!8m2!3d-0.1029771!4d-78.4513085!16s%2Fg%2F11dxlcy9s3!19sChIJH8JpHw2P1ZER9erihlNxsgo?authuser=0&hl=es-419&g_ep=EgoyMDI2MDkxNS4wIJJjKgBIAVAD&rclk=1"
"GREEN GARAGE - HIBRIDOS Y ELÉCTRICOS Taller Automotriz","098 729 6556","","4.7","35","","ninguno","","true","Taller mecánico","AV CUARZO, Y y Granate, 170302 Quito","Centro Histórico, Quito","https://www.google.com/maps/place/GREEN+GARAGE+-+HIBRIDOS+Y+EL%C3%89CTRICOS+Taller+Automotriz/data=!4m7!3m6!1s0x91d58f314bf09a33:0x28d886e08cc23cca!8m2!3d-0.0793739!4d-78.4720853!16s%2Fg%2F11jg0j52qq!19sChIJM5rwSzGP1ZERyjzCjOCG2Cg?authuser=0&hl=es-419&g_ep=EgoyMDI2MDkxNS4wIJJjKgBIAVAD&rclk=1"
"Trancapalancas Echeverría | Taller Automotriz","099 939 7790","","4.1","14","","ninguno","","true","Taller mecánico","Av del Maestro OE1-148, 170144 Quito","Centro Histórico, Quito","https://www.google.com/maps/place/Trancapalancas+Echeverr%C3%ADa+%7C+Taller+Automotriz/data=!4m7!3m6!1s0x91d585e834f87603:0xdbe031fbf7b73aaa!8m2!3d-0.1257707!4d-78.4816904!16s%2Fg%2F11h4q3vlq9!19sChIJA3b4NOiF1ZERqjq39_sx4Ns?authuser=0&hl=es-419&g_ep=EgoyMDI2MDkxNS4wIJJjKgBIAVAD&rclk=1"
"Mecánica Automotriz JPMK","099 541 8676","","4.7","37","","ninguno","","true","Taller de automóviles","Cádiz, y y Vizcaya, 170143 Quito","La Floresta, Quito","https://www.google.com/maps/place/Mec%C3%A1nica+Automotriz+JPMK/data=!4m7!3m6!1s0x91d59a05ede3cd5d:0x42ece6e57a92ad28!8m2!3d-0.2102161!4d-78.4807271!16s%2Fg%2F11g4c0plgb!19sChIJXc3j7QWa1ZERKK2SeuXm7EI?authuser=0&hl=es-419&g_ep=EgoyMDI2MDkxNS4wIJJjKgBIAVAD&rclk=1"
"Taller automotriz ""XpressLubeDP""","099 252 1856","","4.7","21","http://xpresslubedp.wixsite.com/xpresslubedp","sitio_propio","2023","false","Taller mecánico","Av La Bota E13-55 y, 170306 Quito","La Floresta, Quito","https://www.google.com/maps/place/Taller+automotriz+%22XpressLubeDP%22/data=!4m7!3m6!1s0x91d58f9b63d6c061:0x10b6dc7ddbd9b581!8m2!3d-0.1145412!4d-78.4620362!16s%2Fg%2F11cs2h8xsq!19sChIJYcDWY5uP1ZERgbXZ233cthA?authuser=0&hl=es-419&g_ep=EgoyMDI2MDkxNS4wIJJjKgBIAVAD&rclk=1"
"Taller Automotriz Especialista Ronny","099 492 6771","","5","10","","ninguno","","true","Taller de reparación de automóviles","64 Nazacota Puento, OE2D y Chanduy OE2167, 170301 Quito","La Floresta, Quito","https://www.google.com/maps/place/Taller+Automotriz+Especialista+Ronny/data=!4m7!3m6!1s0x91d585044128ad99:0xb877411a4d23ac2b!8m2!3d-0.120154!4d-78.4832432!16s%2Fg%2F11k553y8gl!19sChIJma0oQQSF1ZERK6wjTRpBd7g?authuser=0&hl=es-419&g_ep=EgoyMDI2MDkxNS4wIJJjKgBIAVAD&rclk=1"
"V8 Mecánica Automotriz","099 797 3204","","4.3","13","http://www.facebook.com/v8meca","solo_red_social","","true","Taller de reparación de automóviles","170144, Quito - Ecuador","La Floresta, Quito","https://www.google.com/maps/place/V8+Mec%C3%A1nica+Automotriz/data=!4m7!3m6!1s0x91d58582d319fd85:0xbb1b812b158fa941!8m2!3d-0.1079011!4d-78.486312!16s%2Fg%2F11c1qqsjd9!19sChIJhf0Z04KF1ZERQamPFSuBG7s?authuser=0&hl=es-419&g_ep=EgoyMDI2MDkxNS4wIJJjKgBIAVAD&rclk=1"
"Auto Works","098 460 8504","info@autoworks.com","4.9","55","https://auto-works-quito-amj9jzv.gamma.site/","sitio_propio","","false","Taller de automóviles","Av. Eloy Alfaro 6414 y, 170144 Quito","La Floresta, Quito","https://www.google.com/maps/place/Auto+Works/data=!4m7!3m6!1s0x91d58f1c6b72ad0b:0xf40c0dbc52b736fd!8m2!3d-0.1220594!4d-78.4713945!16s%2Fg%2F11tp6w0fkm!19sChIJC61yaxyP1ZER_Ta3UrwNDPQ?authuser=0&hl=es-419&g_ep=EgoyMDI2MDkxNS4wIJJjKgBIAVAD&rclk=1"
"AUTOMOTRIZ CM","(02) 229-5125","","4.6","58","","ninguno","","true","Taller de reparación de automóviles","Ramon Chiriboga, 170144 Quito","La Floresta, Quito","https://www.google.com/maps/place/AUTOMOTRIZ+CM/data=!4m7!3m6!1s0x91d585743326d7ff:0x48d7d6e68e84ed44!8m2!3d-0.1120031!4d-78.4929578!16s%2Fg%2F11bt_htpwx!19sChIJ_9cmM3SF1ZERRO2EjubW10g?authuser=0&hl=es-419&g_ep=EgoyMDI2MDkxNS4wIJJjKgBIAVAD&rclk=1"
"JS Tecninorte - Repuestos Automotrices Quito","(02) 344-1139","","4.7","43","https://linktr.ee/JSTECNINORTE","solo_red_social","","true","Taller de automóviles","Av. Jaime Roldós Aguilera Oe2-88, 170120 Quito","La Floresta, Quito","https://www.google.com/maps/place/JS+Tecninorte+-+Repuestos+Automotrices+Quito/data=!4m7!3m6!1s0x91d58f59950db33f:0xb36111991023aac3!8m2!3d-0.0835869!4d-78.4708283!16s%2Fg%2F11gnpkcmtv!19sChIJP7MNlVmP1ZERw6ojEJkRYbM?authuser=0&hl=es-419&g_ep=EgoyMDI2MDkxNS4wIJJjKgBIAVAD&rclk=1"
"S.A.M. Servicio Automotriz Medina","099 290 8507","","4.7","12","","ninguno","","true","Taller de reparación de automóviles","CALLE 23 DE ABRIL , Oe11E, 170208 Quito","La Floresta, Quito","https://www.google.com/maps/place/S.A.M.+Servicio+Automotriz+Medina/data=!4m7!3m6!1s0x91d58fa42e295029:0xb2dd7e79d3949c23!8m2!3d-0.1149366!4d-78.44444!16s%2Fg%2F11gyxdfjf1!19sChIJKVApLqSP1ZERI5yU03l-3bI?authuser=0&hl=es-419&g_ep=EgoyMDI2MDkxNS4wIJJjKgBIAVAD&rclk=1"
"GRUPO FULL ENGINE SERVICIO AUTOMOTRIZ MULTIMARCA","(02) 240-7228","","4.6","41","","ninguno","","true","Taller de reparación de automóviles","De Los Alamos, E11 445, De los Guayabos, Quito","La Floresta, Quito","https://www.google.com/maps/place/GRUPO+FULL+ENGINE+SERVICIO+AUTOMOTRIZ+MULTIMARCA/data=!4m7!3m6!1s0x91d58f905457130d:0xc495e30332424de2!8m2!3d-0.1437835!4d-78.4666656!16s%2Fg%2F11f615gkv0!19sChIJDRNXVJCP1ZER4k1CMgPjlcQ?authuser=0&hl=es-419&g_ep=EgoyMDI2MDkxNS4wIJJjKgBIAVAD&rclk=1"
"Taller Automotriz Multimarca GM MERAKI","099 928 9710","","4.6","13","","ninguno","","true","Taller mecánico","De las Viñas y Cesar Teran Lopez &, 170124 Quito","La Floresta, Quito","https://www.google.com/maps/place/Taller+Automotriz+Multimarca+GM+MERAKI/data=!4m7!3m6!1s0x91d58fe90a4441bb:0x4649ad8e26c35b84!8m2!3d-0.1345444!4d-78.4642231!16s%2Fg%2F11kj26vm6_!19sChIJu0FECumP1ZERhFvDJo6tSUY?authuser=0&hl=es-419&g_ep=EgoyMDI2MDkxNS4wIJJjKgBIAVAD&rclk=1"
"MC Automotriz","(02) 253-5643","","4.3","99","http://www.mcautomotriz.com.ec/","sitio_propio","","false","Taller mecánico","Huachi N63-290 y, José H. Figueroa y Figueroa N63-290, 170103 Quito","La Floresta, Quito","https://www.google.com/maps/place/MC+Automotriz/data=!4m7!3m6!1s0x91d5851286d78f4d:0xca52ef47f659bcb2!8m2!3d-0.1193028!4d-78.5005676!16s%2Fg%2F12cplmy1t!19sChIJTY_XhhKF1ZERsrxZ9kfvUso?authuser=0&hl=es-419&g_ep=EgoyMDI2MDkxNS4wIJJjKgBIAVAD&rclk=1"
"Talleres Lothar Ranft","(02) 249-3430","info@lotharranft.com","4.6","61","http://www.lotharranft.com/","sitio_propio","2025","false","Taller mecánico","Av. Occidental, El y Reventador N70 421 y, 170134 Quito","La Floresta, Quito","https://www.google.com/maps/place/Talleres+Lothar+Ranft/data=!4m7!3m6!1s0x91d585a737376e4f:0x98ff65e8124ad7f!8m2!3d-0.1082619!4d-78.504227!16s%2Fg%2F11cmtynngv!19sChIJT243N6eF1ZERf60kgV72jwk?authuser=0&hl=es-419&g_ep=EgoyMDI2MDkxNS4wIJJjKgBIAVAD&rclk=1"
"E.B.I.S.A Mecanica Automotriz","(02) 513-2747","","4.7","9","","ninguno","","true","Taller de reparación de automóviles","Calle E3 S/N, 170302 Quito","La Floresta, Quito","https://www.google.com/maps/place/E.B.I.S.A+Mecanica+Automotriz/data=!4m7!3m6!1s0x91d58f507ca92bd5:0xea5cfcddae36e55e!8m2!3d-0.0817788!4d-78.4663349!16s%2Fg%2F11gnn394y7!19sChIJ1SupfFCP1ZERXuU2rt38XOo?authuser=0&hl=es-419&g_ep=EgoyMDI2MDkxNS4wIJJjKgBIAVAD&rclk=1"
"Mundo Motriz","099 884 7605","","3.9","408","https://mundomotriz.com.ec/","sitio_propio","2018","true","Taller de reparación de automóviles","Av. Eloy Alfaro y De las Anonas &, 170513 Quito","La Floresta, Quito","https://www.google.com/maps/place/Mundo+Motriz/data=!4m7!3m6!1s0x91d58ff43cd93f7f:0x35598cb9cc2aeb48!8m2!3d-0.1320782!4d-78.471343!16s%2Fg%2F11cn0qrv7k!19sChIJfz_ZPPSP1ZERSOsqzLmMWTU?authuser=0&hl=es-419&g_ep=EgoyMDI2MDkxNS4wIJJjKgBIAVAD&rclk=1"
"La France","(02) 247-5543","","4.6","75","","ninguno","","true","Taller de reparación de automóviles","José Amesaba, 170144 Quito","La Floresta, Quito","https://www.google.com/maps/place/La+France/data=!4m7!3m6!1s0x91d58564c9da8527:0x92e88fddf044f057!8m2!3d-0.119415!4d-78.482139!16s%2Fg%2F11c2qhtnl2!19sChIJJ4XayWSF1ZERV_BE8N2P6JI?authuser=0&hl=es-419&g_ep=EgoyMDI2MDkxNS4wIJJjKgBIAVAD&rclk=1"
"AGUILAR SERVICIO AUTOMOTRIZ","098 331 0007","","4.6","10","","ninguno","","true","Taller de reparación de automóviles","San José de Moran y De las Violetas 142, 170204 Quito","La Floresta, Quito","https://www.google.com/maps/place/AGUILAR+SERVICIO+AUTOMOTRIZ/data=!4m7!3m6!1s0x91d58fa5a3ba3bf9:0x8c7b938391f58d34!8m2!3d-0.0799161!4d-78.4442695!16s%2Fg%2F11y2h197bm!19sChIJ-Tu6o6WP1ZERNI31kYOTe4w?authuser=0&hl=es-419&g_ep=EgoyMDI2MDkxNS4wIJJjKgBIAVAD&rclk=1"
"MEXSA® Tecnicentro y Servicio Automotriz","095 968 9244","info@mexsa.net","4.4","42","http://www.mexsa.net/","sitio_propio","2024","false","Taller de automóviles","Los Pinos y Humberto Martinez, 170138 Quito","La Floresta, Quito","https://www.google.com/maps/place/MEXSA%C2%AE+Tecnicentro+y+Servicio+Automotriz/data=!4m7!3m6!1s0x91d58504269e02fb:0x51ee4de335fc23cd!8m2!3d-0.1381833!4d-78.4810856!16s%2Fg%2F11qnl11_92!19sChIJ-wKeJgSF1ZERzSP8NeNN7lE?authuser=0&hl=es-419&g_ep=EgoyMDI2MDkxNS4wIJJjKgBIAVAD&rclk=1"
"Saga Motors Taller Automotriz","098 374 6223","","4.4","12","","ninguno","","true","Taller de automóviles","Av. Cacha, 170201 Quito","La Floresta, Quito","https://www.google.com/maps/place/Saga+Motors+Taller+Automotriz/data=!4m7!3m6!1s0x91d58f274772a709:0x457b2d4e84f0e44!8m2!3d-0.0861421!4d-78.4310548!16s%2Fg%2F11gzs1f87q!19sChIJCadyRyeP1ZERRA5P6NSyVwQ?authuser=0&hl=es-419&g_ep=EgoyMDI2MDkxNS4wIJJjKgBIAVAD&rclk=1"
"Clinicars Ford Quito","099 577 0911","","4.3","24","https://www.facebook.com/ClinicarsFordQuito","solo_red_social","","true","Taller mecánico","Real Audiencia, y y Nazacota Puento, Quito","La Floresta, Quito","https://www.google.com/maps/place/Clinicars+Ford+Quito/data=!4m7!3m6!1s0x91d58571dd7fc1df:0x25bae438f117bc65!8m2!3d-0.1200933!4d-78.4834472!16s%2Fg%2F11s3csvmpk!19sChIJ38F_3XGF1ZERZbwX8TjkuiU?authuser=0&hl=es-419&g_ep=EgoyMDI2MDkxNS4wIJJjKgBIAVAD&rclk=1"
"IngeMotors- Ingenieria Técnica Automotriz","099 106 5291","ingemotorsuio@gmail.com","4.9","63","http://ingemotors.com/","sitio_propio","","false","Taller de reparación de automóviles","N50A y De las Toronjas, 170138 Quito","La Floresta, Quito","https://www.google.com/maps/place/IngeMotors-+Ingenieria+T%C3%A9cnica+Automotriz/data=!4m7!3m6!1s0x91d59183d745a627:0x3bc175faaeab1f89!8m2!3d-0.1466901!4d-78.4702107!16s%2Fg%2F11kvf3n4n7!19sChIJJ6ZF14OR1ZERiR-rrvp1wTs?authuser=0&hl=es-419&g_ep=EgoyMDI2MDkxNS4wIJJjKgBIAVAD&rclk=1"
"Taller Automotriz Sprint Car Wash","(02) 281-1963","","4.6","55","","ninguno","","true","Taller de automóviles","170124 Quito","La Floresta, Quito","https://www.google.com/maps/place/Taller+Automotriz+Sprint+Car+Wash/data=!4m7!3m6!1s0x91d58fc25c8c9f53:0x4e214bc2ee8be959!8m2!3d-0.1328292!4d-78.4685566!16s%2Fg%2F11h3bf_twf!19sChIJU5-MXMKP1ZERWemL7sJLIU4?authuser=0&hl=es-419&g_ep=EgoyMDI2MDkxNS4wIJJjKgBIAVAD&rclk=1"
"Servicio Automotriz y Moto Spa","15114800","","4.4","8","","ninguno","","true","Taller mecánico","Av. Jaime Roldós Aguilera E2-155, 170302 Quito","La Floresta, Quito","https://www.google.com/maps/place/Servicio+Automotriz+y+Moto+Spa/data=!4m7!3m6!1s0x91d58f5a71c3f099:0x6c79d0723a60117b!8m2!3d-0.0829508!4d-78.4671807!16s%2Fg%2F11fd_p_rl6!19sChIJmfDDcVqP1ZERexFgOnLQeWw?authuser=0&hl=es-419&g_ep=EgoyMDI2MDkxNS4wIJJjKgBIAVAD&rclk=1"
"Taller Automotriz Andrés Motors","099 904 4903","","4.8","24","","ninguno","","true","Taller de reparación de automóviles","Giovanni Calles, 170201 Quito","La Floresta, Quito","https://www.google.com/maps/place/Taller+Automotriz+Andr%C3%A9s+Motors/data=!4m7!3m6!1s0x91d5a3d4dc4c03ef:0xa13adbe09f59dc42!8m2!3d-0.0851499!4d-78.4209262!16s%2Fg%2F11mv_5b80j!19sChIJ7wNM3NSj1ZERQtxZn-DbOqE?authuser=0&hl=es-419&g_ep=EgoyMDI2MDkxNS4wIJJjKgBIAVAD&rclk=1"
"Taller Automotriz KmXpert","098 730 8315","","5","10","https://www.facebook.com/KmXpert/","solo_red_social","","true","Taller de automóviles","Calle A OE2-126, 170303 Quito","La Floresta, Quito","https://www.google.com/maps/place/Taller+Automotriz+KmXpert/data=!4m7!3m6!1s0x91d5991b2b703727:0xcf066258800083fd!8m2!3d-0.1205248!4d-78.4886737!16s%2Fg%2F11m6g357fk!19sChIJJzdwKxuZ1ZER_YMAgFhiBs8?authuser=0&hl=es-419&g_ep=EgoyMDI2MDkxNS4wIJJjKgBIAVAD&rclk=1"
"Movi Auto","099 822 6056","","4.8","61","","ninguno","","true","Taller de reparación de automóviles","Nuño de Valderrama 242 y, Fray Bartolomé de las Casas esquina, 170508 Quito","La Floresta, Quito","https://www.google.com/maps/place/Movi+Auto/data=!4m7!3m6!1s0x91d59a91fec8c68b:0xd4edd0d553e79319!8m2!3d-0.188285!4d-78.5033112!16s%2Fg%2F11crygkcr6!19sChIJi8bI_pGa1ZERGZPnU9XQ7dQ?authuser=0&hl=es-419&g_ep=EgoyMDI2MDkxNS4wIJJjKgBIAVAD&rclk=1"
"Talleres Pautomotriz, Soluciones Electronicas, Mecanica Automotriz, Servicio de Scanner","099 230 9851","","4.9","7","https://tallerespautomotriz.amawebs.com/","sitio_propio","2026","false","Taller mecánico","170202 Quito","La Floresta, Quito","https://www.google.com/maps/place/Talleres+Pautomotriz,+Soluciones+Electronicas,+Mecanica+Automotriz,+Servicio+de+Scanner/data=!4m7!3m6!1s0x91d58f8cc78ce483:0x72c1237891f5d316!8m2!3d-0.1000801!4d-78.4298384!16s%2Fg%2F11gh2w60jc!19sChIJg-SMx4yP1ZERFtP1kXgjwXI?authuser=0&hl=es-419&g_ep=EgoyMDI2MDkxNS4wIJJjKgBIAVAD&rclk=1"
"SERVICIOS AUTOMOTRICES LGARCES","256-9995","","4.8","27","","ninguno","","true","Taller de reparación de automóviles","Bartolome de las casas OE 1-71 y, Av. 10 de Agosto, 170520 Quito","La Floresta, Quito","https://www.google.com/maps/place/SERVICIOS+AUTOMOTRICES+LGARCES/data=!4m7!3m6!1s0x91d59b8c528b1f51:0xd6a520ef4292a469!8m2!3d-0.1934737!4d-78.4949052!16s%2Fg%2F11jk9bf094!19sChIJUR-LUoyb1ZERaaSSQu8gpdY?authuser=0&hl=es-419&g_ep=EgoyMDI2MDkxNS4wIJJjKgBIAVAD&rclk=1"
"Enderezada y Pintura Automoción Ordoñez","098 747 8151","","4.5","19","https://autordonez.my.canva.site/","sitio_propio","","false","Planchista","Calle Jaime Roldós Aguilera, L y Capitán Giovanni Calles 7 y, 170202 Quito","González Suárez, Quito","https://www.google.com/maps/place/Enderezada+y+Pintura+Automoci%C3%B3n+Ordo%C3%B1ez/data=!4m7!3m6!1s0x91d58f8a949b8dd3:0x2ffa376466d50064!8m2!3d-0.1032122!4d-78.4502351!16s%2Fg%2F11l5dzf2bn!19sChIJ042blIqP1ZERZADVZmQ3-i8?authuser=0&hl=es-419&g_ep=EgoyMDI2MDkxNS4wIJJjKgBIAVAD&rclk=1"
"NoboAuto ""El Kiko""","097 960 7592","","4.9","11","","ninguno","","true","Taller mecánico","170203, Quito","González Suárez, Quito","https://www.google.com/maps/place/NoboAuto+%22El+Kiko%22/data=!4m7!3m6!1s0x91d58f0da47b6621:0x19c592607d1c7679!8m2!3d-0.1023838!4d-78.4491958!16s%2Fg%2F11fzf2_h56!19sChIJIWZ7pA2P1ZEReXYcfWCSxRk?authuser=0&hl=es-419&g_ep=EgoyMDI2MDkxNS4wIJJjKgBIAVAD&rclk=1"
"Docars Centro Automotriz","096 719 9112","docarsautomotriz@gmail.com; contacto@ejemplo.com","4.8","6","https://docars-centro-automotriz.webnode.ec/contacto/?_gl=1*1b24bup*_gcl_aw*R0NMLjE3MzY4MDI2NDcuQ2owS0NRaUFrSk84QmhDR0FSSXNBTWtzd3lqSEtIcnBOc0cyaXJXR2tvR19XNHlhMEpldS1ocjVySGZSWG9nSS1uN0ZGQ1hJendNc0RKNGFBZ3l3RUFMd193Y0I.*_gcl_au*MTIzMTgyMTgxMS4xNzM2ODAyNjQ5LjMzMzIzNTQ5Ni4xNzM2ODAyNjg3LjE3MzY4MDI2ODc.","sitio_propio","","false","Taller de reparación de automóviles","El Arenal y Panamericana Nte. 134 y, 170203 Quito","González Suárez, Quito","https://www.google.com/maps/place/Docars+Centro+Automotriz/data=!4m7!3m6!1s0x91d585e2a156ef09:0x566b0e5445a2a539!8m2!3d-0.106734!4d-78.448258!16s%2Fg%2F11kjg8t58k!19sChIJCe9WoeKF1ZEROaWiRVQOa1Y?authuser=0&hl=es-419&g_ep=EgoyMDI2MDkxNS4wIJJjKgBIAVAD&rclk=1"
"Tecnicentro Formula Automotriz","096 861 5766","","3.9","7","","ninguno","","true","Taller mecánico","AVENIDA PANAMERICANA No: Oe 10-300 y, El Arenal, Quito","González Suárez, Quito","https://www.google.com/maps/place/Tecnicentro+Formula+Automotriz/data=!4m7!3m6!1s0x91d58f564b526069:0x613a93dcd6fcc328!8m2!3d-0.1075709!4d-78.4518212!16s%2Fg%2F11fjb694b2!19sChIJaWBSS1aP1ZERKMP81tyTOmE?authuser=0&hl=es-419&g_ep=EgoyMDI2MDkxNS4wIJJjKgBIAVAD&rclk=1"
"Grupo Automotriz ""Díaz""","099 899 3927","","4.3","24","","ninguno","","true","Taller mecánico","Carapungo y Jose viteri 315, 170204 Quito","González Suárez, Quito","https://www.google.com/maps/place/Grupo+Automotriz+%22D%C3%ADaz%22/data=!4m7!3m6!1s0x91d58f465f842423:0x1e4f5d2cabd63e44!8m2!3d-0.1029282!4d-78.4421387!16s%2Fg%2F11h8wnqpy1!19sChIJIySEX0aP1ZERRD7WqyxdTx4?authuser=0&hl=es-419&g_ep=EgoyMDI2MDkxNS4wIJJjKgBIAVAD&rclk=1"
"Enderezada Pintura Automotriz AutoSpace","099 761 7572","","4.9","107","","ninguno","","true","Taller de reparación de automóviles","Av. Isidro Ayora y Avenida Clemente Yerovi Indaburu &, 170302 Quito","González Suárez, Quito","https://www.google.com/maps/place/Enderezada+Pintura+Automotriz+AutoSpace/data=!4m7!3m6!1s0x91d58f676223a691:0xd9b58c2224bb48b2!8m2!3d-0.0918634!4d-78.4677397!16s%2Fg%2F11dylq_hx2!19sChIJkaYjYmeP1ZERski7JCKMtdk?authuser=0&hl=es-419&g_ep=EgoyMDI2MDkxNS4wIJJjKgBIAVAD&rclk=1"
"Urbancar","098 763 2976","info@urban-car.com; infoseminuevos@urban-car.com; mitaller@urban-car.com","4.1","128","https://urbancarautos.com/","sitio_propio","2024","false","Taller de automóviles","Av. Simón Bolívar, 170133 Quito","González Suárez, Quito","https://www.google.com/maps/place/Urbancar/data=!4m7!3m6!1s0x91d58f0ab54e2b5d:0x704eb8e93b1a4ec0!8m2!3d-0.1105274!4d-78.458459!16s%2Fg%2F11c6lx85n_!19sChIJXStOtQqP1ZERwE4aO-m4TnA?authuser=0&hl=es-419&g_ep=EgoyMDI2MDkxNS4wIJJjKgBIAVAD&rclk=1"
"VR. Diagnóstico Automotriz","095 945 9167","","4.8","8","","ninguno","","true","Taller de reparación de automóviles","N77C, 170120 Quito","González Suárez, Quito","https://www.google.com/maps/place/VR.+Diagn%C3%B3stico+Automotriz/data=!4m7!3m6!1s0x91d58f0067d94965:0xedf47d4c9a1cb915!8m2!3d-0.0920864!4d-78.4682192!16s%2Fg%2F11rfp7_prh!19sChIJZUnZZwCP1ZERFbkcmkx99O0?authuser=0&hl=es-419&g_ep=EgoyMDI2MDkxNS4wIJJjKgBIAVAD&rclk=1"
"MEXID REPUESTOS ELÉCTRICOS","096 288 5178","","4.9","14","https://es-la.facebook.com/Repuestosmexid/","solo_red_social","","true","Tienda de repuestos para automóviles","Carihuairazo Oe11-156, 170204 Quito","González Suárez, Quito","https://www.google.com/maps/place/MEXID+REPUESTOS+EL%C3%89CTRICOS/data=!4m7!3m6!1s0x91d58f14966b7239:0x6088101fc3aa2030!8m2!3d-0.095298!4d-78.4509498!16s%2Fg%2F11gslhbn67!19sChIJOXJrlhSP1ZERMCCqwx8QiGA?authuser=0&hl=es-419&g_ep=EgoyMDI2MDkxNS4wIJJjKgBIAVAD&rclk=1"
"Distribuidora Automotriz Bolaños ""Calderon""","(02) 282-1505","","4.3","13","","ninguno","","true","Tienda de repuestos para automóviles","Panamericana Nte., 170203 Quito","González Suárez, Quito","https://www.google.com/maps/place/Distribuidora+Automotriz+Bola%C3%B1os+%22Calderon%22/data=!4m7!3m6!1s0x91d58f0a55b56fb9:0x1c1948111f9e630f!8m2!3d-0.1076902!4d-78.4493024!16s%2Fg%2F11gh01lrj6!19sChIJuW-1VQqP1ZERD2OeHxFIGRw?authuser=0&hl=es-419&g_ep=EgoyMDI2MDkxNS4wIJJjKgBIAVAD&rclk=1"
"Mansuera Carapungo","(02) 242-8488","","4.1","141","https://www.mansuera.com/","sitio_propio","","false","Tienda de repuestos para automóviles","Panamericana Norte KM 11, OE 11-174 y, Alfonso Moncayo, 170203 Quito","González Suárez, Quito","https://www.google.com/maps/place/Mansuera+Carapungo/data=!4m7!3m6!1s0x91d58ffc41829d4f:0x537a5ab7ee6cadc9!8m2!3d-0.1081398!4d-78.4521116!16s%2Fg%2F11j2fnvykg!19sChIJT52CQfyP1ZERya1s7rdaelM?authuser=0&hl=es-419&g_ep=EgoyMDI2MDkxNS4wIJJjKgBIAVAD&rclk=1"
"TALLERES FAMUS MECÁNICA AUTOMOTRIZ EN GENERAL Y AUXILIO MECÁNICO","099 467 9870","","4.7","6","","ninguno","","true","Taller de reparación de automóviles","Sta. Elena 125, 170124 Quito","González Suárez, Quito","https://www.google.com/maps/place/TALLERES+FAMUS+MEC%C3%81NICA+AUTOMOTRIZ+EN+GENERAL+Y+AUXILIO+MEC%C3%81NICO/data=!4m7!3m6!1s0x91d58fe0e8bf0ea1:0xef643ce8b498b289!8m2!3d-0.1278542!4d-78.4502392!16s%2Fg%2F11n04k1t4d!19sChIJoQ6_6OCP1ZERibKYtOg8ZO8?authuser=0&hl=es-419&g_ep=EgoyMDI2MDkxNS4wIJJjKgBIAVAD&rclk=1"
"AUTOLUJOS Mobile Car Shop","098 422 2097","","4.9","29","","ninguno","","true","Proveedor de alarmas de coche","Carlos Mantilla y Capitán Giovanni Calles Oe7-566 y, 170120 Quito","González Suárez, Quito","https://www.google.com/maps/place/AUTOLUJOS+Mobile+Car+Shop/data=!4m7!3m6!1s0x91d58f5037b67191:0x723b95a877142036!8m2!3d-0.0981072!4d-78.4450369!16s%2Fg%2F11p0wr442h!19sChIJkXG2N1CP1ZERNiAUd6iVO3I?authuser=0&hl=es-419&g_ep=EgoyMDI2MDkxNS4wIJJjKgBIAVAD&rclk=1"
"Centro de mantenimiento automotriz S&S","099 251 1735","","4.7","7","","ninguno","","true","Taller de reparación de automóviles","WGJX+VX8, De los Narcisos, y y De los Tilos, 170205 Quito","González Suárez, Quito","https://www.google.com/maps/place/Centro+de+mantenimiento+automotriz+S%26S/data=!4m7!3m6!1s0x91d58921c009ec41:0xf93c6657f6b00a5d!8m2!3d-0.0678467!4d-78.4500481!16s%2Fg%2F11fp2ds1b0!19sChIJQewJwCGJ1ZERXQqw9ldmPPk?authuser=0&hl=es-419&g_ep=EgoyMDI2MDkxNS4wIJJjKgBIAVAD&rclk=1"
"Tecnividrio 2000 s.a.","099 041 8806","","4","30","http://www.tecnividrio.com.ec/","sitio_propio","","true","Taller de cristales para automóviles","Av. Galo Plaza Lasso N74-583, 170303 Quito","González Suárez, Quito","https://www.google.com/maps/place/Tecnividrio+2000+s.a./data=!4m7!3m6!1s0x91d58f6375a50ca9:0x2e7e00c85b5b460d!8m2!3d-0.0981777!4d-78.4709091!16s%2Fg%2F11cs1sjd1f!19sChIJqQyldWOP1ZERDUZbW8gAfi4?authuser=0&hl=es-419&g_ep=EgoyMDI2MDkxNS4wIJJjKgBIAVAD&rclk=1"
"Servicio Automotriz Los Nogales","099 890 3212","","4.8","12","","ninguno","","true","Taller de reparación de automóviles","Los Nogales y, De Los Chamburos N49-11, 170149 Quito","González Suárez, Quito","https://www.google.com/maps/place/Servicio+Automotriz+Los+Nogales/data=!4m7!3m6!1s0x91d591747f3b2c9f:0x54406f653087c063!8m2!3d-0.1502801!4d-78.4681786!16s%2Fg%2F11fd3qlbg5!19sChIJnyw7f3SR1ZERY8CHMGVvQFQ?authuser=0&hl=es-419&g_ep=EgoyMDI2MDkxNS4wIJJjKgBIAVAD&rclk=1"
"AUTOLINEAR TALLER AUTOMOTRIZ, MULTIMARCAS","096 053 9434","","4.5","24","https://pymes.gdc.coop/ads/autolinear-taller-automotriz","sitio_propio","","false","Servicio de alineación de ruedas","https://maps.app.goo.gl/7iiUXacHUFS5SnwA9?g_st=awb, Quinta Avenida, 170307 Quito","González Suárez, Quito","https://www.google.com/maps/place/AUTOLINEAR+TALLER+AUTOMOTRIZ,+MULTIMARCAS/data=!4m7!3m6!1s0x91d58fef7e87a529:0x5bc2499d78d96b27!8m2!3d-0.0766171!4d-78.4531091!16s%2Fg%2F11jg89_syf!19sChIJKaWHfu-P1ZERJ2vZeJ1Jwls?authuser=0&hl=es-419&g_ep=EgoyMDI2MDkxNS4wIJJjKgBIAVAD&rclk=1"
"BE CAR - Auto Servicio gonzalo","(02) 259-5726","","4.5","37","","ninguno","","true","Taller de reparación de automóviles","VGH5+7HH, Shiripuno, 170144 Quito","González Suárez, Quito","https://www.google.com/maps/place/BE+CAR+-+Auto+Servicio+gonzalo/data=!4m7!3m6!1s0x91d5856e8de55553:0x1be9c2a05fd51681!8m2!3d-0.1218224!4d-78.491029!16s%2Fg%2F11ddyk6h7r!19sChIJU1XljW6F1ZERgRbVX6DC6Rs?authuser=0&hl=es-419&g_ep=EgoyMDI2MDkxNS4wIJJjKgBIAVAD&rclk=1"
"Taller Automotriz","099 889 2776","","4.5","10","","ninguno","","true","Taller de reparación de automóviles","QGRR+CV6, Ruta Viva, 170157 Quito","Cumbayá, Quito","https://www.google.com/maps/place/Taller+Automotriz/data=!4m7!3m6!1s0x91d5910c8c9459bd:0x4d4d6d162dd6af85!8m2!3d-0.2089745!4d-78.4578523!16s%2Fg%2F11r89dwdxx!19sChIJvVmUjAyR1ZERha_WLRZtTU0?authuser=0&hl=es-419&g_ep=EgoyMDI2MDkxNS4wIJJjKgBIAVAD&rclk=1"
"Torque Taller (Mecánica Automotriz)","093 995 0529","","4.6","43","","ninguno","","true","Taller de reparación de automóviles","Gral. Eloy Alfaro, 170902 Quito","Cumbayá, Quito","https://www.google.com/maps/place/Torque+Taller+%28Mec%C3%A1nica+Automotriz%29/data=!4m7!3m6!1s0x91d590c346aa2e1f:0x122d49735e50f47e!8m2!3d-0.2051886!4d-78.4418722!16s%2Fg%2F11b7jld2jl!19sChIJHy6qRsOQ1ZERfvRQXnNJLRI?authuser=0&hl=es-419&g_ep=EgoyMDI2MDkxNS4wIJJjKgBIAVAD&rclk=1"
"Taller COKY MOTOR (Mecánica Automotriz)","099 975 0983","","4.5","113","https://sites.google.com/view/cokymotor/inicio","sitio_propio","","false","Taller mecánico","De Las Rieles, Y y Calle de los Olivos, 170157","Cumbayá, Quito","https://www.google.com/maps/place/Taller+COKY+MOTOR+%28Mec%C3%A1nica+Automotriz%29/data=!4m7!3m6!1s0x91d591c2ff3b7205:0x9b3446ae2c35f2d4!8m2!3d-0.2045285!4d-78.4555946!16s%2Fg%2F11f8gvgnk1!19sChIJBXI7_8KR1ZER1PI1LK5GNJs?authuser=0&hl=es-419&g_ep=EgoyMDI2MDkxNS4wIJJjKgBIAVAD&rclk=1"
"Mecánica Automotriz Henry","098 308 3300","","4.8","10","","ninguno","","true","Taller mecánico","Av, 170157 Quito","Cumbayá, Quito","https://www.google.com/maps/place/Mec%C3%A1nica+Automotriz+Henry/data=!4m7!3m6!1s0x91d591628d8b4fb5:0x6a21392fb18c3cda!8m2!3d-0.1973113!4d-78.4541775!16s%2Fg%2F11jfryrjq7!19sChIJtU-LjWKR1ZER2jyMsS85IWo?authuser=0&hl=es-419&g_ep=EgoyMDI2MDkxNS4wIJJjKgBIAVAD&rclk=1"
"Same Automotriz","098 770 5121","","4.8","8","","ninguno","","true","Taller mecánico","QGRQ+RWV, 170157 Quito","Cumbayá, Quito","https://www.google.com/maps/place/Same+Automotriz/data=!4m7!3m6!1s0x91d591fa32a4c31d:0xc2b5a0d49653d60a!8m2!3d-0.2078999!4d-78.4601892!16s%2Fg%2F11h033pqwy!19sChIJHcOkMvqR1ZERCtZTltSgtcI?authuser=0&hl=es-419&g_ep=EgoyMDI2MDkxNS4wIJJjKgBIAVAD&rclk=1"
"Mecánica J&J Taller Automotriz","099 595 4883","","4.2","10","https://wa.link/7tlvin","sitio_propio","","false","Taller de reparación de automóviles","Gral. Eloy Alfaro, 170157 Quito","Cumbayá, Quito","https://www.google.com/maps/place/Mec%C3%A1nica+J%26J+Taller+Automotriz/data=!4m7!3m6!1s0x91d59126e12c25ad:0x6a703d5b5b18dcc8!8m2!3d-0.2078976!4d-78.4447732!16s%2Fg%2F11fwzh1ddk!19sChIJrSUs4SaR1ZERyNwYW1s9cGo?authuser=0&hl=es-419&g_ep=EgoyMDI2MDkxNS4wIJJjKgBIAVAD&rclk=1"
"TALLER MECANICO AUTOTECNIA","(02) 356-7071","","4.9","9","","ninguno","","true","Taller de reparación de automóviles","QHW5+M9F, C. Aurora Estrada, 170902 Quito","Cumbayá, Quito","https://www.google.com/maps/place/TALLER+MECANICO+AUTOTECNIA/data=!4m7!3m6!1s0x91d590c2ce2ff915:0x819c527f62f3362!8m2!3d-0.2033106!4d-78.4415809!16s%2Fg%2F11g86jj8ww!19sChIJFfkvzsKQ1ZERYjMv9ifFGQg?authuser=0&hl=es-419&g_ep=EgoyMDI2MDkxNS4wIJJjKgBIAVAD&rclk=1"
"Mecánica Automotriz Nico Motors","096 391 8708","","4.4","8","","ninguno","","true","Taller de reparación de automóviles","Quito - Cumbayá Joaquín Gallegos Lara QHV4+J2J y, 170904 Quito","Cumbayá, Quito","https://www.google.com/maps/place/Mec%C3%A1nica+Automotriz+Nico+Motors/data=!4m7!3m6!1s0x91d5910464317e19:0x8ee42a65838a104f!8m2!3d-0.2057129!4d-78.4449248!16s%2Fg%2F11j4bpqfg8!19sChIJGX4xZASR1ZERTxCKg2Uq5I4?authuser=0&hl=es-419&g_ep=EgoyMDI2MDkxNS4wIJJjKgBIAVAD&rclk=1"
"Taller Automotriz La Primavera","(02) 289-3342","","4.4","7","","ninguno","","true","Taller de automóviles","QHRF+X84, Av. Oswaldo Guayasamín, 170901 Quito","Cumbayá, Quito","https://www.google.com/maps/place/Taller+Automotriz+La+Primavera/data=!4m7!3m6!1s0x91d59126e3cf2f4d:0xc5125563f8998036!8m2!3d-0.2076087!4d-78.4266848!16s%2Fg%2F11fd3gj3j7!19sChIJTS_P4yaR1ZERNoCZ-GNVEsU?authuser=0&hl=es-419&g_ep=EgoyMDI2MDkxNS4wIJJjKgBIAVAD&rclk=1"
"Ferrari Auto detailing - servicio de limpieza de autos (Mecánica Automotriz)","096 279 3971","automotrizferrari@hotmail.com","4.3","59","https://automotrizferrari.com/","sitio_propio","","false","Taller de reparación de automóviles","RH34+X2, Av. Oswaldo Guayasamín, 170901 Quito","Cumbayá, Quito","https://www.google.com/maps/place/Ferrari+Auto+detailing+-+servicio+de+limpieza+de+autos+%28Mec%C3%A1nica+Automotriz%29/data=!4m7!3m6!1s0x91d5915732a9bb7f:0x8cf1c85775590e66!8m2!3d-0.1950625!4d-78.4449375!16s%2Fg%2F11hrj_f7hp!19sChIJf7upMleR1ZERZg5ZdVfI8Yw?authuser=0&hl=es-419&g_ep=EgoyMDI2MDkxNS4wIJJjKgBIAVAD&rclk=1"
"Centro de Servicio Renault cumbaya","096 960 4015","","4.3","87","","ninguno","","true","Taller de reparación de automóviles","QHVF+73J, Av. Oswaldo Guayasamín, 170513 Quito","Cumbayá, Quito","https://www.google.com/maps/place/Centro+de+Servicio+Renault+cumbaya/data=!4m7!3m6!1s0x91d590740b54ebf3:0xc23a3d4b50fd5e3!8m2!3d-0.2067893!4d-78.4273568!16s%2Fg%2F11ckvbxjx6!19sChIJ8-tUC3SQ1ZER49UPtdSjIww?authuser=0&hl=es-419&g_ep=EgoyMDI2MDkxNS4wIJJjKgBIAVAD&rclk=1"
"TU CHIP AUTO (Llaves con Chip y Remotos)","096 333 0300","","5","6","https://sites.google.com/view/tuchipauto/inicio","sitio_propio","","false","Taller de reparación de automóviles","Calle de las Rieles, y y Calle de los Olivos","Cumbayá, Quito","https://www.google.com/maps/place/TU+CHIP+AUTO+%28Llaves+con+Chip+y+Remotos%29/data=!4m7!3m6!1s0x91d5912141b3b62d:0x25d8b52a62843931!8m2!3d-0.2044472!4d-78.4556699!16s%2Fg%2F11x8y5nyr5!19sChIJLbazQSGR1ZERMTmEYiq12CU?authuser=0&hl=es-419&g_ep=EgoyMDI2MDkxNS4wIJJjKgBIAVAD&rclk=1"
"Automotores Continental Cumbayá","1800 141 414","","4.3","266","http://www.automotorescontinental.com/?utm_source=google&utm_medium=banner&utm_id=business","sitio_propio","","false","Concesionario Chevrolet","Av. Oswaldo Guayasamín, 170157 Quito","Cumbayá, Quito","https://www.google.com/maps/place/Automotores+Continental+Cumbay%C3%A1/data=!4m7!3m6!1s0x91d591bb8c9de9ff:0xa350e4fa3a7bea7b!8m2!3d-0.1965656!4d-78.4415869!16s%2Fg%2F11c1sjndhp!19sChIJ_-mdjLuR1ZERe-p7OvrkUKM?authuser=0&hl=es-419&g_ep=EgoyMDI2MDkxNS4wIJJjKgBIAVAD&rclk=1"
"Auto Ruta YBC","099 302 2129","autorutaybc@gmail.com","4.7","27","https://sites.google.com/view/autorutaybc/inicio","sitio_propio","","false","Taller mecánico","De las Magnolias 167, 170184 Quito","Cumbayá, Quito","https://www.google.com/maps/place/Auto+Ruta+YBC/data=!4m7!3m6!1s0x91d59119ee248735:0xf756a279693a082!8m2!3d-0.2177746!4d-78.4329067!16s%2Fg%2F11hzgpq8nl!19sChIJNYck7hmR1ZERgqCTlidqdQ8?authuser=0&hl=es-419&g_ep=EgoyMDI2MDkxNS4wIJJjKgBIAVAD&rclk=1"
"Tecnova Cumbayá - Bosch","098 337 6365","usuario@ejemplo.com","4.7","29","http://tecnova.com.ec/","sitio_propio","","false","Taller de reparación de automóviles","Av. Oswaldo Guayasamín, y y Pje. El Valle, 170901 Quito","Cumbayá, Quito","https://www.google.com/maps/place/Tecnova+Cumbay%C3%A1+-+Bosch/data=!4m7!3m6!1s0x91d59168ebd47ee5:0x6d7e573e09df162f!8m2!3d-0.2074604!4d-78.4270506!16s%2Fg%2F11qbh3tkqp!19sChIJ5X7U62iR1ZERLxbfCT5Xfm0?authuser=0&hl=es-419&g_ep=EgoyMDI2MDkxNS4wIJJjKgBIAVAD&rclk=1"
"Talleres Don Polo","096 264 8594","","4.5","21","","ninguno","","true","Taller de reparación de automóviles","170157 Quito","Cumbayá, Quito","https://www.google.com/maps/place/Talleres+Don+Polo/data=!4m7!3m6!1s0x91d590d451afe88d:0x6de280b9d98ac2b5!8m2!3d-0.2173231!4d-78.4329522!16s%2Fg%2F11g6htjx_9!19sChIJjeivUdSQ1ZERtcKK2bmA4m0?authuser=0&hl=es-419&g_ep=EgoyMDI2MDkxNS4wIJJjKgBIAVAD&rclk=1"
"Autocor Cumbaya","099 043 6699","datospersonales@autocor.com.ec","4.4","66","https://www.autocor.com.ec/","sitio_propio","2026","false","Concesionario de automóviles","Av. Oswaldo Guayasamín, 170157 Quito","Cumbayá, Quito","https://www.google.com/maps/place/Autocor+Cumbaya/data=!4m7!3m6!1s0x91d5918c91b19dd1:0x1bbeb727fdd7d3ce!8m2!3d-0.206237!4d-78.433618!16s%2Fg%2F11vwwykyxm!19sChIJ0Z2xkYyR1ZERztPX_Se3vhs?authuser=0&hl=es-419&g_ep=EgoyMDI2MDkxNS4wIJJjKgBIAVAD&rclk=1"
"Ambacar Cumbayá","(02) 322-2098","nombre@email.com","4.1","29","https://www.ambacar.com/","sitio_propio","","false","Concesionario de automóviles","C. C. Paseo San Francisco, Av. Interoceánica, y y Francisco de Orellana, 170517 Quito","Cumbayá, Quito","https://www.google.com/maps/place/Ambacar+Cumbay%C3%A1/data=!4m7!3m6!1s0x91d591998c401d2d:0x9ac93d2b06360788!8m2!3d-0.1991213!4d-78.4367827!16s%2Fg%2F11gwm9k5cc!19sChIJLR1AjJmR1ZERiAc2Bis9yZo?authuser=0&hl=es-419&g_ep=EgoyMDI2MDkxNS4wIJJjKgBIAVAD&rclk=1"
"AutoWash","099 283 0065","","4.4","20","","ninguno","","true","Taller de automóviles","wilson fabian cueva pillajo y ruta viva Septima Transversal, y y Ruta Viva, 170157 Quito","Cumbayá, Quito","https://www.google.com/maps/place/AutoWash/data=!4m7!3m6!1s0x91d5911fd88c5895:0xda704b3dfceb0b9c!8m2!3d-0.2216834!4d-78.4205158!16s%2Fg%2F11d_7wyq61!19sChIJlViM2B-R1ZERnAvr_D1LcNo?authuser=0&hl=es-419&g_ep=EgoyMDI2MDkxNS4wIJJjKgBIAVAD&rclk=1"
"Kia - Asiauto Cumbayá","1700 542 542","","4","174","https://www.kia.com/ec/shopping-tools/find-a-dealer.html","sitio_propio","2021","true","Concesionario Kia","Av. Interoceánica y Toscana (frente al Hospital de los Valles CUMBAYA, 170904","Cumbayá, Quito","https://www.google.com/maps/place/Kia+-+Asiauto+Cumbay%C3%A1/data=!4m7!3m6!1s0x91d590e6642ac251:0x42a67843d1cf740b!8m2!3d-0.2094373!4d-78.4255612!16s%2Fg%2F11cs5rq0yl!19sChIJUcIqZOaQ1ZERC3TP0UN4pkI?authuser=0&hl=es-419&g_ep=EgoyMDI2MDkxNS4wIJJjKgBIAVAD&rclk=1"
"Genius Motors","099 294 6151","","4.6","10","","ninguno","","true","Taller de reparación de automóviles","Av. Oswaldo Guaysamin, y y Av. Simón Bolívar, 170120 Quito","Cumbayá, Quito","https://www.google.com/maps/place/Genius+Motors/data=!4m7!3m6!1s0x91d591da6de1605d:0x2f446f61b69ab159!8m2!3d-0.1908668!4d-78.4538488!16s%2Fg%2F11y2pz71hw!19sChIJXWDhbdqR1ZERWbGatmFvRC8?authuser=0&hl=es-419&g_ep=EgoyMDI2MDkxNS4wIJJjKgBIAVAD&rclk=1"
"Elite Taller ford y Chevrolet Quito","099 253 2465","","4.8","21","","ninguno","","true","Taller mecánico","Barrio San Francisco de Tanda, Pasaje Merchán y Av. Leonidas Proaño, Llote 610, 170157","Cumbayá, Quito","https://www.google.com/maps/place/Elite+Taller+ford+y+Chevrolet+Quito/data=!4m7!3m6!1s0x91d591e209b04db9:0xf346c2e06f342b94!8m2!3d-0.1802241!4d-78.439303!16s%2Fg%2F11jlf22hrd!19sChIJuU2wCeKR1ZERlCs0b-DCRvM?authuser=0&hl=es-419&g_ep=EgoyMDI2MDkxNS4wIJJjKgBIAVAD&rclk=1"
"AUTOVALLEY","(02) 237-0559","","3.8","108","","ninguno","","true","Taller de automóviles","QHMV+888, 170184 Quito","Cumbayá, Quito","https://www.google.com/maps/place/AUTOVALLEY/data=!4m7!3m6!1s0x91d591358ac8d125:0xe77652eebdb56010!8m2!3d-0.2167155!4d-78.406662!16s%2Fg%2F1yg585yr0!19sChIJJdHIijWR1ZEREGC1ve5Sduc?authuser=0&hl=es-419&g_ep=EgoyMDI2MDkxNS4wIJJjKgBIAVAD&rclk=1"
"Window Films Cumbayá","099 858 1707","info@windowfilms.com.ec","4.1","16","https://windowfilms.com.ec/","sitio_propio","2025","false","Proveedor de accesorios para afinación automotriz","Rosita, Calle S8F, Pje. Segundo Salazar y Nápoles E5-205 y, 170901 Quito","Cumbayá, Quito","https://www.google.com/maps/place/Window+Films+Cumbay%C3%A1/data=!4m7!3m6!1s0x91d591fca9308229:0x48150f22f15a9942!8m2!3d-0.2174622!4d-78.4317498!16s%2Fg%2F11vrx13l5w!19sChIJKYIwqfyR1ZERQpla8SIPFUg?authuser=0&hl=es-419&g_ep=EgoyMDI2MDkxNS4wIJJjKgBIAVAD&rclk=1"
"Autofenix - Taller de servicio autorizado y multimarca en Tumbaco / Cumbayá","096 404 2042","usuario@dominio.com","3.9","135","http://www.autofenix.com.ec/posventa","sitio_propio","2026","false","Taller de reparación de automóviles","Av. Oswaldo Guayasamín E6-269, 170184 Quito","Cumbayá, Quito","https://www.google.com/maps/place/Autofenix+-+Taller+de+servicio+autorizado+y+multimarca+en+Tumbaco+%2F+Cumbay%C3%A1/data=!4m7!3m6!1s0x91d590ef603c45cd:0x6f5b6c8e7429e3ea!8m2!3d-0.2104916!4d-78.4161758!16s%2Fg%2F1hdyxywq9!19sChIJzUU8YO-Q1ZER6uMpdI5sW28?authuser=0&hl=es-419&g_ep=EgoyMDI2MDkxNS4wIJJjKgBIAVAD&rclk=1"
"Servicio Automotriz Panchi","(02) 224-0166","","4.9","36","","ninguno","","true","Taller mecánico","De Las Margaritas, 170138 Quito","Cumbayá, Quito","https://www.google.com/maps/place/Servicio+Automotriz+Panchi/data=!4m7!3m6!1s0x91d59007e38e4867:0x62bc9d5f047edb4a!8m2!3d-0.1552325!4d-78.4743782!16s%2Fg%2F11g8vs44rg!19sChIJZ0iO4weQ1ZERStt-BF-dvGI?authuser=0&hl=es-419&g_ep=EgoyMDI2MDkxNS4wIJJjKgBIAVAD&rclk=1"
"Mecánica Tecni Auto Tumbaco","099 048 0646","","4.4","16","","ninguno","","true","Taller de reparación de automóviles","170184 Quito","Cumbayá, Quito","https://www.google.com/maps/place/Mec%C3%A1nica+Tecni+Auto+Tumbaco/data=!4m7!3m6!1s0x91d5914bbbff2cd7:0x1939102897ed0fc3!8m2!3d-0.2143214!4d-78.4078088!16s%2Fg%2F1ydpvbpfg!19sChIJ1yz_u0uR1ZERww_tlygQORk?authuser=0&hl=es-419&g_ep=EgoyMDI2MDkxNS4wIJJjKgBIAVAD&rclk=1"
"Taller COKY MOTOR (Mecánica Automotriz)","099 287 1504","cokymotors@gmail.com; cumbaya@cokymotor.com; tumbaco@cokymotor.com","5","49","https://cokymotor.com/","sitio_propio","","false","Taller mecánico","Río Agoyan, 170184 Quito","Cumbayá, Quito","https://www.google.com/maps/place/Taller+COKY+MOTOR+%28Mec%C3%A1nica+Automotriz%29/data=!4m7!3m6!1s0x91d593c4e9a27153:0x9eda4859aacce014!8m2!3d-0.206771!4d-78.3813192!16s%2Fg%2F11rsc1y5xd!19sChIJU3Gi6cST1ZERFODMqllI2p4?authuser=0&hl=es-419&g_ep=EgoyMDI2MDkxNS4wIJJjKgBIAVAD&rclk=1"
"Taller automotriz Mega Taller Ec","099 902 0557","","4.7","50","https://megatallerec.netlify.app/","sitio_propio","","false","Taller de automóviles","170184 Quito","Cumbayá, Quito","https://www.google.com/maps/place/Taller+automotriz+Mega+Taller+Ec/data=!4m7!3m6!1s0x91d5911cc47a6c73:0x10cc32f8b0349349!8m2!3d-0.2128179!4d-78.3872939!16s%2Fg%2F11jz9_jsb9!19sChIJc2x6xByR1ZERSZM0sPgyzBA?authuser=0&hl=es-419&g_ep=EgoyMDI2MDkxNS4wIJJjKgBIAVAD&rclk=1"
"Mecanica Automotriz y Laboratorio Diesel Check Engine PLUS","099 254 7180","","4.7","38","http://www.checkengineplus.com/","sitio_propio","","true","Taller mecánico","Av. 10 de Agosto N45-125, 170512 Quito","Cumbayá, Quito","https://www.google.com/maps/place/Mecanica+Automotriz+y+Laboratorio+Diesel+Check+Engine+PLUS/data=!4m7!3m6!1s0x91d59b633a525849:0x46b4928b4cdb78d2!8m2!3d-0.1574757!4d-78.4855621!16s%2Fg%2F11ll3625h2!19sChIJSVhSOmOb1ZER0njbTIuStEY?authuser=0&hl=es-419&g_ep=EgoyMDI2MDkxNS4wIJJjKgBIAVAD&rclk=1"
"Ambacar Tumbaco","(02) 237-4864","nombre@email.com","4.1","52","http://www.ambacar.ec/","sitio_propio","","false","Concesionario de automóviles","Av.Interoceanica #3000 y, Rodrigo Nuñez, 170902","Cumbayá, Quito","https://www.google.com/maps/place/Ambacar+Tumbaco/data=!4m7!3m6!1s0x91d5918031ac27f5:0xe4bfd5fa85e58cc1!8m2!3d-0.2119417!4d-78.4122702!16s%2Fg%2F11j0vzgfrn!19sChIJ9SesMYCR1ZERwYzlhfrVv-Q?authuser=0&hl=es-419&g_ep=EgoyMDI2MDkxNS4wIJJjKgBIAVAD&rclk=1"
"Mecanica nayon","099 812 0640","","4.7","9","https://m.facebook.com/profile.php/?id=100011178757737","solo_red_social","","true","Taller mecánico","170170 Quito","Cumbayá, Quito","https://www.google.com/maps/place/Mecanica+nayon/data=!4m7!3m6!1s0x91d5914ab42e0947:0xcb101e7bdced3056!8m2!3d-0.162518!4d-78.4456467!16s%2Fg%2F11ljtb4jgg!19sChIJRwkutEqR1ZERVjDt3HseEMs?authuser=0&hl=es-419&g_ep=EgoyMDI2MDkxNS4wIJJjKgBIAVAD&rclk=1"
"CERAUTO Taller Automotriz Multimarca","(02) 224-6806","","4.2","70","","ninguno","","true","Comercio","Bernardo Delgado E14-397 y Las Palmeras","Cumbayá, Quito","https://www.google.com/maps/place/CERAUTO+Taller+Automotriz+Multimarca/data=!4m7!3m6!1s0x91d59005ceaefc7d:0xd0186fe403f2f944!8m2!3d-0.1540125!4d-78.466143!16s%2Fg%2F11clsz_qzx!19sChIJffyuzgWQ1ZERRPnyA-RvGNA?authuser=0&hl=es-419&g_ep=EgoyMDI2MDkxNS4wIJJjKgBIAVAD&rclk=1"
"Quito Car Custom","(02) 334-2895","sperez@quitocarcustom.com","4.6","54","http://www.quitocarcustom.com/","sitio_propio","","false","Taller de chapa y pintura","e11- y, Río Coca & De Los Colimes, Quito","Cumbayá, Quito","https://www.google.com/maps/place/Quito+Car+Custom/data=!4m7!3m6!1s0x91d59aa068fa0aab:0x40506f91313774e3!8m2!3d-0.1639588!4d-78.4730674!16s%2Fg%2F11c0ppqsrr!19sChIJqwr6aKCa1ZER43Q3MZFvUEA?authuser=0&hl=es-419&g_ep=EgoyMDI2MDkxNS4wIJJjKgBIAVAD&rclk=1"
"QUITO GOLPES","099 554 5543","","4.4","164","https://walink.co/9539f2","sitio_propio","","false","Taller mecánico","Av. América 0E3-149 Y, 170118 Quito","Cumbayá, Quito","https://www.google.com/maps/place/QUITO+GOLPES/data=!4m7!3m6!1s0x91d59b6e90a5e3bf:0x61897e56b6f693a2!8m2!3d-0.1965669!4d-78.4992574!16s%2Fg%2F11gjxkfwgc!19sChIJv-OlkG6b1ZERopP2tlZ-iWE?authuser=0&hl=es-419&g_ep=EgoyMDI2MDkxNS4wIJJjKgBIAVAD&rclk=1"
"Mecanica Automotriz Tumbaco","099 696 1557","","4.6","9","","ninguno","","true","Taller mecánico","Tumbaco el arena Vía interoceánica, y y Río San Pedro, 170184 Quito","Tumbaco, Quito","https://www.google.com/maps/place/Mecanica+Automotriz+Tumbaco/data=!4m7!3m6!1s0x91d59323d9d42e7f:0xf238157f1d7d4978!8m2!3d-0.2022512!4d-78.3752623!16s%2Fg%2F11jn_vz_ww!19sChIJfy7U2SOT1ZEReEl9HX8VOPI?authuser=0&hl=es-419&g_ep=EgoyMDI2MDkxNS4wIJJjKgBIAVAD&rclk=1"
"MECANICA TECNICENTRO AUTOMOTRIZ AUTO TIRE TUMBACO","099 099 4953","","3.1","14","","ninguno","","true","Taller de automóviles","C. Guayaquil, 170184 Quito","Tumbaco, Quito","https://www.google.com/maps/place/MECANICA+TECNICENTRO+AUTOMOTRIZ+AUTO+TIRE+TUMBACO/data=!4m7!3m6!1s0x91d5914c57948d51:0x32fdae27ad4f7e5b!8m2!3d-0.2174411!4d-78.3991325!16s%2Fg%2F11f3jx_l3n!19sChIJUY2UV0yR1ZERW35PrSeu_TI?authuser=0&hl=es-419&g_ep=EgoyMDI2MDkxNS4wIJJjKgBIAVAD&rclk=1"
"Servicio Automotriz ""EL ARENAL""","098 801 0865","","4.6","19","","ninguno","","true","Taller mecánico","Pje. Interoceanica, 170184 Quito","Tumbaco, Quito","https://www.google.com/maps/place/Servicio+Automotriz+%22EL+ARENAL%22/data=!4m7!3m6!1s0x91d59372813ad185:0x2bfc43abcdccd4a5!8m2!3d-0.2047404!4d-78.3784472!16s%2Fg%2F11j3s68wcc!19sChIJhdE6gXKT1ZERpdTMzatD_Cs?authuser=0&hl=es-419&g_ep=EgoyMDI2MDkxNS4wIJJjKgBIAVAD&rclk=1"
"STEVE LAND AUTOREPARACIONES","099 136 5513","","4","21","","ninguno","","true","Taller de reparación de automóviles","Frente al, Estadio de Tumbaco, Francisco de Orellana y Pje. Ruminahui 920 y, 170184 Quito","Tumbaco, Quito","https://www.google.com/maps/place/STEVE+LAND+AUTOREPARACIONES/data=!4m7!3m6!1s0x91d591365a3d8df1:0xaad561aa3ccc95e0!8m2!3d-0.2110776!4d-78.4079486!16s%2Fg%2F11f3xzn7kv!19sChIJ8Y09WjaR1ZER4JXMPKph1ao?authuser=0&hl=es-419&g_ep=EgoyMDI2MDkxNS4wIJJjKgBIAVAD&rclk=1"
"Total Fix","098 443 2002","","3.9","39","https://instagram.com/totalfix?utm_medium=copy_link","solo_red_social","","true","Taller de reparación de automóviles","Av. Oswaldo Guayasamín, 170184 Quito","Tumbaco, Quito","https://www.google.com/maps/place/Total+Fix/data=!4m7!3m6!1s0x91d5911eec82c5b5:0xd39e16825fabae99!8m2!3d-0.2171369!4d-78.4018859!16s%2Fg%2F11q8v_kd2s!19sChIJtcWC7B6R1ZERma6rX4IWntM?authuser=0&hl=es-419&g_ep=EgoyMDI2MDkxNS4wIJJjKgBIAVAD&rclk=1"
"Spa Automotriz S.A","095 871 7108","","4.8","11","","ninguno","","true","Taller de automóviles","QHMX+6G3, C. Guayaquil, 170184 Quito","Tumbaco, Quito","https://www.google.com/maps/place/Spa+Automotriz+S.A/data=!4m7!3m6!1s0x91d5910d7167fdf3:0xadd64e2bfdacd2c4!8m2!3d-0.2169972!4d-78.4012072!16s%2Fg%2F11sh5kzs93!19sChIJ8_1ncQ2R1ZERxNKs_StO1q0?authuser=0&hl=es-419&g_ep=EgoyMDI2MDkxNS4wIJJjKgBIAVAD&rclk=1"
"QMotors Autoservice","098 728 4340","","4.8","41","","ninguno","","true","Taller de automóviles","De los cipreces, 170903 Quito","Tumbaco, Quito","https://www.google.com/maps/place/QMotors+Autoservice/data=!4m7!3m6!1s0x91d597b865559f2b:0x1e0b32c7e29a4649!8m2!3d-0.2217634!4d-78.4003859!16s%2Fg%2F11smlsxrlt!19sChIJK59VZbiX1ZERSUaa4scyCx4?authuser=0&hl=es-419&g_ep=EgoyMDI2MDkxNS4wIJJjKgBIAVAD&rclk=1"
"New Car su auto como nuevo","098 844 6447","","4.6","23","https://www.facebook.com/New-CAR-Su-auto-como-nuevo-875428815803679/?ref=br_rs","solo_red_social","","true","Taller de reparación de automóviles","QJM2+7PC, 170184 Quito","Tumbaco, Quito","https://www.google.com/maps/place/New+Car+su+auto+como+nuevo/data=!4m7!3m6!1s0x91d5914db398b39b:0x19b2d4c25a964b48!8m2!3d-0.2168118!4d-78.3982373!16s%2Fg%2F11f2vb2wwj!19sChIJm7OYs02R1ZERSEuWWsLUshk?authuser=0&hl=es-419&g_ep=EgoyMDI2MDkxNS4wIJJjKgBIAVAD&rclk=1"
"Tecni Auto Taller Automotriz","099 801 1261","","4.5","24","","ninguno","","true","Taller de reparación de automóviles","Manuela Garaycoa, 170184 Quito","Tumbaco, Quito","https://www.google.com/maps/place/Tecni+Auto+Taller+Automotriz/data=!4m7!3m6!1s0x91d593e0d6afff07:0x343747ae63d43556!8m2!3d-0.2035732!4d-78.3788021!16s%2Fg%2F11c7wd9prm!19sChIJB_-v1uCT1ZERVjXUY65HNzQ?authuser=0&hl=es-419&g_ep=EgoyMDI2MDkxNS4wIJJjKgBIAVAD&rclk=1"
"Centro Automotriz JOCK CARS","098 416 1579","","5","6","http://www.jockcars.com/","sitio_propio","","true","Taller de reparación de automóviles","170184 Quito","Tumbaco, Quito","https://www.google.com/maps/place/Centro+Automotriz+JOCK+CARS/data=!4m7!3m6!1s0x91d591b5e4fc9b85:0xad0518c6e71e3f18!8m2!3d-0.2117344!4d-78.4039376!16s%2Fg%2F11lt4f5whg!19sChIJhZv85LWR1ZERGD8e58YYBa0?authuser=0&hl=es-419&g_ep=EgoyMDI2MDkxNS4wIJJjKgBIAVAD&rclk=1"
"MECANICA AUTOMOTRIZ EL PANAZO","099 355 1766","","4.5","18","","ninguno","","true","Ingeniero mecánico","170184 Quito","Tumbaco, Quito","https://www.google.com/maps/place/MECANICA+AUTOMOTRIZ+EL+PANAZO/data=!4m7!3m6!1s0x91d59134ed93a0b5:0xbd06ed14006f3b6a!8m2!3d-0.2181732!4d-78.4109554!16s%2Fg%2F11fy_3qgc_!19sChIJtaCT7TSR1ZERajtvABTtBr0?authuser=0&hl=es-419&g_ep=EgoyMDI2MDkxNS4wIJJjKgBIAVAD&rclk=1"
"Taller Automotriz PCJ","098 916 5116","","4.9","8","","ninguno","","true","Taller de reparación de automóviles","Tumbaco barrio la villa vega frente a la gasolinera P&S Quito, 170184","Tumbaco, Quito","https://www.google.com/maps/place/Taller+Automotriz+PCJ/data=!4m7!3m6!1s0x91d591984821651b:0x58109a3d27e65334!8m2!3d-0.2124251!4d-78.387284!16s%2Fg%2F11lfp77ckb!19sChIJG2UhSJiR1ZERNFPmJz2aEFg?authuser=0&hl=es-419&g_ep=EgoyMDI2MDkxNS4wIJJjKgBIAVAD&rclk=1"
"Taller Automotriz Multimarcas G.P","098 717 8708","","4.5","13","","ninguno","","true","Taller mecánico","QJHH+H5V, 170184 Quito","Tumbaco, Quito","https://www.google.com/maps/place/Taller+Automotriz+Multimarcas+G.P/data=!4m7!3m6!1s0x91d594086d4a213b:0x7dc43ef37251c39a!8m2!3d-0.221014!4d-78.3720731!16s%2Fg%2F11hbtf1hsj!19sChIJOyFKbQiU1ZERmsNRcvM-xH0?authuser=0&hl=es-419&g_ep=EgoyMDI2MDkxNS4wIJJjKgBIAVAD&rclk=1"
"TALLERES & AUTOMOTORES Q","099 872 3984","","4.4","13","","ninguno","","true","Taller mecánico","VIA INTEROCEANICA OE 3 -19 Y, Humberto Salvador y GUERRA, 170184 Quito","Tumbaco, Quito","https://www.google.com/maps/place/TALLERES+%26+AUTOMOTORES+Q/data=!4m7!3m6!1s0x91d591bb969ad4ad:0x4cbce132073c16c9!8m2!3d-0.2138133!4d-78.4088265!16s%2Fg%2F11fgm1sgl_!19sChIJrdSalruR1ZERyRY8BzLhvEw?authuser=0&hl=es-419&g_ep=EgoyMDI2MDkxNS4wIJJjKgBIAVAD&rclk=1"
"AutoPrimeMotors","098 953 4070","","4.9","10","https://www.facebook.com/MathNaoAutoReady/","solo_red_social","","true","Taller de automóviles","Gonzalo Pizarro 13-85, 170902 Quito","Tumbaco, Quito","https://www.google.com/maps/place/AutoPrimeMotors/data=!4m7!3m6!1s0x91d5916a5b30c407:0x61a62ad66509f943!8m2!3d-0.2041959!4d-78.4002627!16s%2Fg%2F11lt5dqfm3!19sChIJB8QwW2qR1ZERQ_kJZdYqpmE?authuser=0&hl=es-419&g_ep=EgoyMDI2MDkxNS4wIJJjKgBIAVAD&rclk=1"
"Taller automotriz GreenWash","099 508 8750","","5","16","","ninguno","","true","Taller de reparación de automóviles","Gonzalo Pizarro, 170184 Quito","Tumbaco, Quito","https://www.google.com/maps/place/Taller+automotriz+GreenWash/data=!4m7!3m6!1s0x91d593e151cef17d:0x1b8e642e1701a786!8m2!3d-0.2159855!4d-78.4048913!16s%2Fg%2F11d_wzymnl!19sChIJffHOUeGT1ZERhqcBFy5kjhs?authuser=0&hl=es-419&g_ep=EgoyMDI2MDkxNS4wIJJjKgBIAVAD&rclk=1"
"MECÁNICA AUTOMOTRIZ “GONZALEZ TIRE CENTER”","(02) 204-4643","","4.4","19","","ninguno","","true","Taller de revisión de automóviles","Av. Oswaldo Guayasamín y Barbara Alfaro &, 170184 Quito","Tumbaco, Quito","https://www.google.com/maps/place/MEC%C3%81NICA+AUTOMOTRIZ+%E2%80%9CGONZALEZ+TIRE+CENTER%E2%80%9D/data=!4m7!3m6!1s0x91d593e23548dbf1:0x9e2ad6d6eaeb8d4c!8m2!3d-0.2079582!4d-78.3824646!16s%2Fg%2F11gf624pwm!19sChIJ8dtINeKT1ZERTI3r6tbWKp4?authuser=0&hl=es-419&g_ep=EgoyMDI2MDkxNS4wIJJjKgBIAVAD&rclk=1"
"Fullstandard","(02) 237-6886","","4.8","38","https://www.facebook.com/FullStandardEc/?ref=aymt_homepage_panel","solo_red_social","","true","Taller de automóviles","E28C, 170184 Quito","Tumbaco, Quito","https://www.google.com/maps/place/Fullstandard/data=!4m7!3m6!1s0x91d5914db6d44b35:0xb5a5a1165c5ff737!8m2!3d-0.2167119!4d-78.3978594!16s%2Fg%2F11fyx98bqb!19sChIJNUvUtk2R1ZERN_dfXBahpbU?authuser=0&hl=es-419&g_ep=EgoyMDI2MDkxNS4wIJJjKgBIAVAD&rclk=1"
"Mecánica Automotriz y Mecatrónica","093 994 8769","","3.7","6","","ninguno","","true","Taller de reparación de automóviles","QJX2+M78, 170184 Quito","Tumbaco, Quito","https://www.google.com/maps/place/Mec%C3%A1nica+Automotriz+y+Mecatr%C3%B3nica/data=!4m7!3m6!1s0x91d59100fe78bffb:0x3125d3950f681da0!8m2!3d-0.2008451!4d-78.3992841!16s%2Fg%2F11hdrwt1s4!19sChIJ-794_gCR1ZERoB1oD5XTJTE?authuser=0&hl=es-419&g_ep=EgoyMDI2MDkxNS4wIJJjKgBIAVAD&rclk=1"
"KRC MOTORS TALLER AUTOMOTRIZ","(02) 205-3118","","5","14","https://krcmotorsec.com/","sitio_propio","","true","Taller de reparación de automóviles","Domingo Rengifo, y y Av. Universitaria N696, 170184 Quito","Tumbaco, Quito","https://www.google.com/maps/place/KRC+MOTORS+TALLER+AUTOMOTRIZ/data=!4m7!3m6!1s0x91d593f9b2102f83:0xe16ded148a7b10ef!8m2!3d-0.2176799!4d-78.3755565!16s%2Fg%2F11b6p6b_h2!19sChIJgy8QsvmT1ZER7xB7ihTtbeE?authuser=0&hl=es-419&g_ep=EgoyMDI2MDkxNS4wIJJjKgBIAVAD&rclk=1"
"El Genio Del Golpe","095 870 2926","","4.3","41","","ninguno","","true","Taller de reparación de automóviles","Av Interoceanica numeración S3, 170903 Quito","Tumbaco, Quito","https://www.google.com/maps/place/El+Genio+Del+Golpe/data=!4m7!3m6!1s0x91d59130cb780fcf:0x94ea44a9f19b6d05!8m2!3d-0.2119347!4d-78.4127388!16s%2Fg%2F11grr4h3_2!19sChIJzw94yzCR1ZERBW2b8alE6pQ?authuser=0&hl=es-419&g_ep=EgoyMDI2MDkxNS4wIJJjKgBIAVAD&rclk=1"
"Wincha Plataforma y Auxilio mecánico Gersford en Tumbaco","099 936 3767","","5","33","https://www.facebook.com/profile.php?id=100066489788701&mibextid=ZbWKwL","solo_red_social","","true","Taller de reparación de automóviles","170184 Quito","Tumbaco, Quito","https://www.google.com/maps/place/Wincha+Plataforma+y+Auxilio+mec%C3%A1nico+Gersford+en+Tumbaco/data=!4m7!3m6!1s0x91d5910f86c26c15:0xe24ae47c31407918!8m2!3d-0.2040432!4d-78.3805745!16s%2Fg%2F11q8yhfsmg!19sChIJFWzChg-R1ZERGHlAMXzkSuI?authuser=0&hl=es-419&g_ep=EgoyMDI2MDkxNS4wIJJjKgBIAVAD&rclk=1"
"Autorepairsa - Taller especializado Ford","(02) 237-9939","","4.8","6","","ninguno","","true","Taller mecánico","Francisco de Orellana, 170184 Quito","Tumbaco, Quito","https://www.google.com/maps/place/Autorepairsa+-+Taller+especializado+Ford/data=!4m7!3m6!1s0x91d59120c9559fa5:0x8d1ad1a739d8cdae!8m2!3d-0.2111216!4d-78.4079218!16s%2Fg%2F11cjj0c_4z!19sChIJpZ9VySCR1ZERrs3YOafRGo0?authuser=0&hl=es-419&g_ep=EgoyMDI2MDkxNS4wIJJjKgBIAVAD&rclk=1"
"Dicar","098 813 3173","info@dicar.ec","4.4","11","http://www.dicar.ec/","sitio_propio","","false","Taller de chapa y pintura","Av. Oswaldo Guayasamín OE2-276, 170902 Quito","Tumbaco, Quito","https://www.google.com/maps/place/Dicar/data=!4m7!3m6!1s0x91d5913647d19337:0x10ccff548ebe9f88!8m2!3d-0.2134869!4d-78.4087832!16s%2Fg%2F11gzs19fp7!19sChIJN5PRRzaR1ZERiJ--jlT_zBA?authuser=0&hl=es-419&g_ep=EgoyMDI2MDkxNS4wIJJjKgBIAVAD&rclk=1"
"Mecanica Olmedo Bros","098 477 1042","","4.7","15","","ninguno","","true","Taller de reparación de automóviles","QJMG+QFR, Unnamed Road, 170184 Quito","Tumbaco, Quito","https://www.google.com/maps/place/Mecanica+Olmedo+Bros/data=!4m7!3m6!1s0x91d593218247200b:0x6001697cae1e301e!8m2!3d-0.2155036!4d-78.3738466!16s%2Fg%2F11f6yb7djc!19sChIJCyBHgiGT1ZERHjAernxpAWA?authuser=0&hl=es-419&g_ep=EgoyMDI2MDkxNS4wIJJjKgBIAVAD&rclk=1"
"CARFIX MOTORSPORT","099 834 2614","","4.6","14","https://www.facebook.com/carfixmotorsport","solo_red_social","","true","Taller de automóviles","Manuel Cañola &, Pasaje Sin Número Esquina, Quito","Tumbaco, Quito","https://www.google.com/maps/place/CARFIX+MOTORSPORT/data=!4m7!3m6!1s0x91d5911fd94133ad:0x8147d31ca1f9a60b!8m2!3d-0.2160489!4d-78.399115!16s%2Fg%2F11f15kz70z!19sChIJrTNB2R-R1ZERC6b5oRzTR4E?authuser=0&hl=es-419&g_ep=EgoyMDI2MDkxNS4wIJJjKgBIAVAD&rclk=1"
"DC Garage","096 909 4087","","5","35","","ninguno","","true","Taller de reparación de automóviles","170902 Quito","Tumbaco, Quito","https://www.google.com/maps/place/DC+Garage/data=!4m7!3m6!1s0x91d591d1909a4971:0x3c6dd873e48fed37!8m2!3d-0.2156863!4d-78.4171433!16s%2Fg%2F11mdn9gtjd!19sChIJcUmakNGR1ZERN-2P5HPYbTw?authuser=0&hl=es-419&g_ep=EgoyMDI2MDkxNS4wIJJjKgBIAVAD&rclk=1"
"Taller mecánico Tecnicentro MC","099 059 7959","","4.7","6","https://taller-mecanico-inteligencia-automotriz.negocio.site/?utm_source=gmb&utm_medium=referral","sitio_propio","","false","Taller de automóviles","170184, Quito","Tumbaco, Quito","https://www.google.com/maps/place/Taller+mec%C3%A1nico+Tecnicentro+MC/data=!4m7!3m6!1s0x91d59153c3aa96cd:0x5b3f48e5e473b4a8!8m2!3d-0.2163331!4d-78.3915714!16s%2Fg%2F11d_d0xl9k!19sChIJzZaqw1OR1ZERqLRz5OVIP1s?authuser=0&hl=es-419&g_ep=EgoyMDI2MDkxNS4wIJJjKgBIAVAD&rclk=1"
"JGR MOTRIZ-TALLER MULTIMARCA","099 166 2518","","4.6","8","","ninguno","","true","Taller mecánico","Av. Oswaldo Guayasamín 7-171, 170184 Quito","Tumbaco, Quito","https://www.google.com/maps/place/JGR+MOTRIZ-TALLER+MULTIMARCA/data=!4m7!3m6!1s0x91d58f5f17a765a3:0x387480b2a17b8593!8m2!3d-0.2075874!4d-78.3824965!16s%2Fg%2F11hyl4x3sf!19sChIJo2WnF1-P1ZERk4V7obKAdDg?authuser=0&hl=es-419&g_ep=EgoyMDI2MDkxNS4wIJJjKgBIAVAD&rclk=1"
"Lavadora y Mecánica K.D CARS","099 868 6256","","4.6","10","","ninguno","","true","Taller mecánico","Gonzalo Pizarro y Pozo Patagua, Quito","Tumbaco, Quito","https://www.google.com/maps/place/Lavadora+y+Mec%C3%A1nica+K.D+CARS/data=!4m7!3m6!1s0x91d591bee364146b:0x39defed05beebce2!8m2!3d-0.2021966!4d-78.3997089!16s%2Fg%2F11k5r876zf!19sChIJaxRk476R1ZER4rzuW9D-3jk?authuser=0&hl=es-419&g_ep=EgoyMDI2MDkxNS4wIJJjKgBIAVAD&rclk=1"
"Super Freno Tumbaco","099 509 8272","","4.6","49","http://www.superfrenoecuador.com/","sitio_propio","2026","false","Taller mecánico","E28C Y, C. Boyaca, 170184 Quito","Tumbaco, Quito","https://www.google.com/maps/place/Super+Freno+Tumbaco/data=!4m7!3m6!1s0x91d59193359a844f:0xf1255818a9d3a29f!8m2!3d-0.2143016!4d-78.3902601!16s%2Fg%2F11h650j_ft!19sChIJT4SaNZOR1ZERn6LTqRhYJfE?authuser=0&hl=es-419&g_ep=EgoyMDI2MDkxNS4wIJJjKgBIAVAD&rclk=1"
"Pintucar service autodetailing Pintura y Enderezada","099 530 2657","","4.7","7","https://www.facebook.com/tallerespintucar/","solo_red_social","","true","Pintura de automóviles","C. Guayaquil y Av. Oswaldo Guayasamín &, 170184 Quito","Tumbaco, Quito","https://www.google.com/maps/place/Pintucar+service+autodetailing+Pintura+y+Enderezada/data=!4m7!3m6!1s0x91d5912cf734235b:0x2b913da495f388a2!8m2!3d-0.2169674!4d-78.3995013!16s%2Fg%2F11pd7cw1x_!19sChIJWyM09yyR1ZERoojzlaQ9kSs?authuser=0&hl=es-419&g_ep=EgoyMDI2MDkxNS4wIJJjKgBIAVAD&rclk=1"
"PROPAINTEC","099 870 0957","","5","9","","ninguno","","true","Taller de reparación de automóviles","QHRV+7R7 Pineda Community, Gonzalo Díaz de Pineda, 170184 Quito","Tumbaco, Quito","https://www.google.com/maps/place/PROPAINTEC/data=!4m7!3m6!1s0x91d59179907f5911:0xf8d82e0b387defa7!8m2!3d-0.209345!4d-78.4054439!16s%2Fg%2F11rttr7t2n!19sChIJEVl_kHmR1ZERp-99OAsu2Pg?authuser=0&hl=es-419&g_ep=EgoyMDI2MDkxNS4wIJJjKgBIAVAD&rclk=1"
"Insignia Automotriz","098 774 0728","","4.9","9","","ninguno","","true","Taller de automóviles","Pasaje San Pedro S/N y, Av. Universitaria, 170184 Quito","Tumbaco, Quito","https://www.google.com/maps/place/Insignia+Automotriz/data=!4m7!3m6!1s0x91d5931de96a4297:0x456635055317eed8!8m2!3d-0.2194638!4d-78.3710951!16s%2Fg%2F11s61zxsgv!19sChIJl0Jq6R2T1ZER2O4XUwU1ZkU?authuser=0&hl=es-419&g_ep=EgoyMDI2MDkxNS4wIJJjKgBIAVAD&rclk=1"
"JETSA SERVICIOS AUTOMOTRICES","099 445 7528","","5","7","","ninguno","","true","Taller mecánico","Vicente Rocafuerte N 2-58 y, Antonio José de Sucre, 170902 Quito","Tumbaco, Quito","https://www.google.com/maps/place/JETSA+SERVICIOS+AUTOMOTRICES/data=!4m7!3m6!1s0x91d591d4e63524e3:0x2265ab993b2cc56e!8m2!3d-0.2103067!4d-78.4050076!16s%2Fg%2F11hzccyhv0!19sChIJ4yQ15tSR1ZERbsUsO5mrZSI?authuser=0&hl=es-419&g_ep=EgoyMDI2MDkxNS4wIJJjKgBIAVAD&rclk=1"
"SAB Servicio Automotriz Barriga","","","5","8","","ninguno","","true","Taller de reparación de automóviles","QJR6+P7C, Rosa Zárate, 170184 Quito","Tumbaco, Quito","https://www.google.com/maps/place/SAB+Servicio+Automotriz+Barriga/data=!4m7!3m6!1s0x91d5912a956e8615:0x941644d94221ed50!8m2!3d-0.2081986!4d-78.3893522!16s%2Fg%2F11ssqjcvgb!19sChIJFYZulSqR1ZERUO0hQtlEFpQ?authuser=0&hl=es-419&g_ep=EgoyMDI2MDkxNS4wIJJjKgBIAVAD&rclk=1"
"Grupo Tire Experts","(02) 237-9611","info@gte.com.ec; ventas.lachone@gte.com.ec; erika.remache@gte.com.ec; ventas.unitaxis@gte.com.ec; ventas1.elinca@gte.com.ec; sofia.corrales@gte.com.ec; ventas.garner@gte.com.ec; andres.cruz@gte.com.ec; ventas.condado@gte.com.ec; ventas.tumbaco@gte.com.ec; monica.valencia@gte.com.ec; vanessa.romero@gte.com.ec; ventas.quevedo2@gte.com.ec; ricardo.naranjo@gte.com.ec; ventas.babahoyo2@gte.com.ec; mauricio.quitian@gte.com.ec; geovanny.corrales@gte.com.ec; abraham.toasa@gte.com.ec","4.2","37","https://gte.com.ec/","sitio_propio","","false","Taller de reparación de automóviles","QHQP+P6V, Federico González Suárez, 170184 Quito","Tumbaco, Quito","https://www.google.com/maps/place/Grupo+Tire+Experts/data=!4m7!3m6!1s0x91d5913a75fb93bd:0x4219b893335e2766!8m2!3d-0.2106499!4d-78.4144627!16s%2Fg%2F11btwr8h5h!19sChIJvZP7dTqR1ZERZideM5O4GUI?authuser=0&hl=es-419&g_ep=EgoyMDI2MDkxNS4wIJJjKgBIAVAD&rclk=1"
"AUTO FRÍO, Aire Acondicionado Automotriz, Técnico Calefación y Ventilación","099 917 3565","","4.3","25","https://pymes.gdc.coop/ads/auto-frio-aire-acondicionado/","sitio_propio","","false","Taller mecánico","Abdón Calderón, 170184 Quito","Tumbaco, Quito","https://www.google.com/maps/place/AUTO+FR%C3%8DO,+Aire+Acondicionado+Automotriz,+T%C3%A9cnico+Calefaci%C3%B3n+y+Ventilaci%C3%B3n/data=!4m7!3m6!1s0x91d5914877e70575:0x299f07b6a0c00c4d!8m2!3d-0.2108661!4d-78.4044678!16s%2Fg%2F11hcj3g61g!19sChIJdQXnd0iR1ZERTQzAoLYHnyk?authuser=0&hl=es-419&g_ep=EgoyMDI2MDkxNS4wIJJjKgBIAVAD&rclk=1"
"RAPI-FRENOS","(02) 237-3058","","3.7","138","","ninguno","","true","Taller de automóviles","QHMR+W8F, 170184 Quito","Tumbaco, Quito","https://www.google.com/maps/place/RAPI-FRENOS/data=!4m7!3m6!1s0x91d59136797a1d39:0x9f4e6d45ce1ebff0!8m2!3d-0.2151874!4d-78.4092129!16s%2Fg%2F11c5zvlh77!19sChIJOR16eTaR1ZER8L8ezkVtTp8?authuser=0&hl=es-419&g_ep=EgoyMDI2MDkxNS4wIJJjKgBIAVAD&rclk=1"
"Four Wheels Garage","098 425 8873","","5","9","https://instagram.com/fourwheelsgarageec?utm_medium=copy_link","solo_red_social","","true","Taller de reparación de vehículos todoterreno","Av. Oswaldo Guayasamín, 170903 Quito","Tumbaco, Quito","https://www.google.com/maps/place/Four+Wheels+Garage/data=!4m7!3m6!1s0x91d5913e2e3fd269:0x85fa5d4a5e5cbc27!8m2!3d-0.2169225!4d-78.3972992!16s%2Fg%2F11rn95z80z!19sChIJadI_Lj6R1ZERJ7xcXkpd-oU?authuser=0&hl=es-419&g_ep=EgoyMDI2MDkxNS4wIJJjKgBIAVAD&rclk=1"
"Tumbaco Motors","096 804 4371","","4.2","84","","ninguno","","true","Tienda de repuestos para automóviles","QJP7+V3G P&S, E28C, 170184 Quito","Tumbaco, Quito","https://www.google.com/maps/place/Tumbaco+Motors/data=!4m7!3m6!1s0x91d591570537e9b9:0xa6581f2637a3f0e3!8m2!3d-0.2124033!4d-78.3877253!16s%2Fg%2F11bccgmpm9!19sChIJuek3BVeR1ZER4_CjNyYfWKY?authuser=0&hl=es-419&g_ep=EgoyMDI2MDkxNS4wIJJjKgBIAVAD&rclk=1"
"Guaranda Figueroa Tumbaco","(02) 237-8242","s&#101;&#114;&#118;ici&#111;a&#108;&#99;&#108;&#105;&#101;&#110;te&#64;r&#101;p&#117;esto&#115;&#103;&#117;ara&#110;&#100;&#97;&#102;&#105;&#103;&#117;&#101;&#114;oa&#46;c&#111;&#109;","4.2","168","http://www.gfautomotriz.com/","sitio_propio","","false","Proveedor de repuestos de carrocería de automóviles","Km 17½, Av. Oswaldo Guayasamín, 170175 Quito","Tumbaco, Quito","https://www.google.com/maps/place/Guaranda+Figueroa+Tumbaco/data=!4m7!3m6!1s0x91d591577666a203:0x189c41f6e3fac19c!8m2!3d-0.2115088!4d-78.3872222!16s%2Fg%2F11g6xwzvv8!19sChIJA6JmdleR1ZERnMH64_ZBnBg?authuser=0&hl=es-419&g_ep=EgoyMDI2MDkxNS4wIJJjKgBIAVAD&rclk=1"
"Lubri Servicios SO, Mecanica Automotríz, Lavadora y Lubricadora de Autos,","(02) 237-4706","","4.4","8","http://lubriserviciosso.amawebs.com/","sitio_propio","2026","false","Servicio de lavado de coches","QJQ7+MJC, Av. Universitaria, 170902 Quito","Tumbaco, Quito","https://www.google.com/maps/place/Lubri+Servicios+SO,+Mecanica+Automotr%C3%ADz,+Lavadora+y+Lubricadora+de+Autos,/data=!4m7!3m6!1s0x91d591578c003d2d:0xd9c34ccfab8b1f4a!8m2!3d-0.2108078!4d-78.3859957!16s%2Fg%2F11ffm50j06!19sChIJLT0AjFeR1ZERSh-Lq89Mw9k?authuser=0&hl=es-419&g_ep=EgoyMDI2MDkxNS4wIJJjKgBIAVAD&rclk=1"
"Tapiceria Automotriz EVERICARS","096 900 3970","","4.1","11","","ninguno","","true","Tapicería para automóviles","Norberto Salazar, y y Gonzalo Meneses, 170902 Quito","Tumbaco, Quito","https://www.google.com/maps/place/Tapiceria+Automotriz+EVERICARS/data=!4m7!3m6!1s0x91d59144064ea53d:0x13e2883b1309f0ec!8m2!3d-0.2075486!4d-78.3991948!16s%2Fg%2F11ffm59t7w!19sChIJPaVOBkSR1ZER7PAJEzuI4hM?authuser=0&hl=es-419&g_ep=EgoyMDI2MDkxNS4wIJJjKgBIAVAD&rclk=1"
"Rodarepuestos Tumbaco","(02) 237-8650","","4.4","23","","ninguno","","true","Tienda de repuestos para automóviles","QJM2+9WG, Federico González Suárez, 170903 Quito","Tumbaco, Quito","https://www.google.com/maps/place/Rodarepuestos+Tumbaco/data=!4m7!3m6!1s0x91d5914db833a2a5:0x9b13b0b184f4da55!8m2!3d-0.2165668!4d-78.3976704!16s%2Fg%2F11gw35gdd8!19sChIJpaIzuE2R1ZERVdr0hLGwE5s?authuser=0&hl=es-419&g_ep=EgoyMDI2MDkxNS4wIJJjKgBIAVAD&rclk=1"
"AZ LLANTAS TUMBACO","099 385 6305","","4.3","10","","ninguno","","true","Tienda de neumáticos","Av. Oswaldo Guayasamín, 170903 Quito","Tumbaco, Quito","https://www.google.com/maps/place/AZ+LLANTAS+TUMBACO/data=!4m7!3m6!1s0x91d59157058800d3:0xecfe65f2e0f7e2a5!8m2!3d-0.2123133!4d-78.3876593!16s%2Fg%2F11f124533s!19sChIJ0wCIBVeR1ZERpeL34PJl_uw?authuser=0&hl=es-419&g_ep=EgoyMDI2MDkxNS4wIJJjKgBIAVAD&rclk=1"
"Tecnoscape Tumbaco","099 711 6622","","4.4","32","","ninguno","","true","Taller de reparación de automóviles","Gaspar de Carvajal y Pje. Jamil Mahuad, 170902 Quito","Tumbaco, Quito","https://www.google.com/maps/place/Tecnoscape+Tumbaco/data=!4m7!3m6!1s0x91d590e0e77e598f:0x89c723f0052f4986!8m2!3d-0.2157393!4d-78.4035299!16s%2Fg%2F11f1244glr!19sChIJj1l-5-CQ1ZERhkkvBfAjx4k?authuser=0&hl=es-419&g_ep=EgoyMDI2MDkxNS4wIJJjKgBIAVAD&rclk=1"
"Distribuidora GM Lubricantes","099 386 8782","","4.4","16","https://www.facebook.com/GMlubricantes/","solo_red_social","","true","Servicio de cambio de aceite","QJP6+WRF, Quito Tumbaco, av. Interoceanica sector la, Villa Vega, 170184 Quito","Tumbaco, Quito","https://www.google.com/maps/place/Distribuidora+GM+Lubricantes/data=!4m7!3m6!1s0x91d591432a98d1f7:0x664911e65651385a!8m2!3d-0.2126994!4d-78.3879554!16s%2Fg%2F11g0fky5_s!19sChIJ99GYKkOR1ZERWjhRVuYRSWY?authuser=0&hl=es-419&g_ep=EgoyMDI2MDkxNS4wIJJjKgBIAVAD&rclk=1"
"Mansuera Tumbaco","(02) 264-4273","","4.5","76","http://www.mansuera.com/","sitio_propio","","false","Tienda de repuestos para automóviles","Av. Interoceánica Oe4-67 KM 14,5 y eloy alfaro (frente a Petrocomercial), 170184 Quito","Tumbaco, Quito","https://www.google.com/maps/place/Mansuera+Tumbaco/data=!4m7!3m6!1s0x91d5919aff5e6957:0x5bfd90cd558df20b!8m2!3d-0.212878!4d-78.410941!16s%2Fg%2F11glc2px8b!19sChIJV2le_5qR1ZERC_KNVc2Q_Vs?authuser=0&hl=es-419&g_ep=EgoyMDI2MDkxNS4wIJJjKgBIAVAD&rclk=1"
"Reparación Cajas Automáticas,Enderezado y Pintura, Scanner , Alineación, Limpieza de Inyectores,ABCMotor,ABC frenos.","099 673 9308","","5","12","","ninguno","","true","Taller de automóviles","Sector el Complejo, Escalón Tumbaco, 170157 Quito","Tumbaco, Quito","https://www.google.com/maps/place/Reparaci%C3%B3n+Cajas+Autom%C3%A1ticas,Enderezado+y+Pintura,+Scanner+,+Alineaci%C3%B3n,+Limpieza+de+Inyectores,ABCMotor,ABC+frenos./data=!4m7!3m6!1s0x91d5912455fc30f7:0xafe43f6d5e677b17!8m2!3d-0.2164835!4d-78.3915257!16s%2Fg%2F11t3d7j5qv!19sChIJ9zD8VSSR1ZERF3tnXm0_5K8?authuser=0&hl=es-419&g_ep=EgoyMDI2MDkxNS4wIJJjKgBIAVAD&rclk=1"
"AutoK Autoservicios Camacho","(02) 389-5350","","4.7","42","http://www.autok.ec/","sitio_propio","","false","Taller de reparación de automóviles","Peaje Av. Interocéanica, Interoceánica, Quito","Tumbaco, Quito","https://www.google.com/maps/place/AutoK+Autoservicios+Camacho/data=!4m7!3m6!1s0x91d593e96f31b31f:0xa3bf8fb92cb8856!8m2!3d-0.2046591!4d-78.3680419!16s%2Fg%2F11fylsyb9n!19sChIJH7Mxb-mT1ZERVojLkvv4Owo?authuser=0&hl=es-419&g_ep=EgoyMDI2MDkxNS4wIJJjKgBIAVAD&rclk=1"
"Hyundai Trustmotor - El Inca","098 543 9056","","4.5","15","https://www.hyundai.com.ec/","sitio_propio","","true","Concesionario Hyundai","Av. El Inca y Av. 10 de Agosto &, 170138 Quito","Tumbaco, Quito","https://www.google.com/maps/place/Hyundai+Trustmotor+-+El+Inca/data=!4m7!3m6!1s0x91d59b007100ce23:0x5b45bfda946890d!8m2!3d-0.160118!4d-78.485902!16s%2Fg%2F11x0frjml_!19sChIJI84AcQCb1ZERDYlGqf1btAU?authuser=0&hl=es-419&g_ep=EgoyMDI2MDkxNS4wIJJjKgBIAVAD&rclk=1"
"STEAMTEC ECUADOR","098 385 6639","ventas@steamtececuador.com","4.3","11","https://steamtececuador.com/","sitio_propio","2026","false","Importador de equipos","Rosa Zárate, 170184 Quito","Tumbaco, Quito","https://www.google.com/maps/place/STEAMTEC+ECUADOR/data=!4m7!3m6!1s0x91d5912aa54f2d65:0xa2fc87be76cc48b5!8m2!3d-0.2082827!4d-78.3958633!16s%2Fg%2F11sn_4l8_t!19sChIJZS1PpSqR1ZERtUjMdr6H_KI?authuser=0&hl=es-419&g_ep=EgoyMDI2MDkxNS4wIJJjKgBIAVAD&rclk=1"
"Taller Automotriz Álvarez","099 294 9038","","4.7","6","","ninguno","","true","Taller de reparación de automóviles","QJWJ+3RX, Avenida Interoceánica, S/N, 170905 Quito","Tumbaco, Quito","https://www.google.com/maps/place/Taller+Automotriz+%C3%81lvarez/data=!4m7!3m6!1s0x91d593e9662044ed:0x87c85d9a3d4e401!8m2!3d-0.2047658!4d-78.3678993!16s%2Fg%2F11gtcxbfgs!19sChIJ7UQgZumT1ZERAeTUo9mFfAg?authuser=0&hl=es-419&g_ep=EgoyMDI2MDkxNS4wIJJjKgBIAVAD&rclk=1"
"Repuestos Ford Tumbaco","098 397 8528","","4.5","6","","ninguno","","true","Tienda de repuestos para automóviles","E28C 23, 170184 Quito","Tumbaco, Quito","https://www.google.com/maps/place/Repuestos+Ford+Tumbaco/data=!4m7!3m6!1s0x91d593accc41ccf1:0x784023c26f768400!8m2!3d-0.2073386!4d-78.3817362!16s%2Fg%2F11nlch6yp2!19sChIJ8cxBzKyT1ZERAIR2b8IjQHg?authuser=0&hl=es-419&g_ep=EgoyMDI2MDkxNS4wIJJjKgBIAVAD&rclk=1"
"Repuestos Peugeot Jaime Páez RP","099 592 8993","jpaezrp@hotmail.com","4.5","11","http://www.peugeotjpaez.com/","sitio_propio","","false","Tienda de repuestos para automóviles","Tumbaco. Av Interoceanica, Oe4-82 Y Rodrigo Nuñez Junto a la gasolinera Petrocomercial Macelino, 170903 Quito","Tumbaco, Quito","https://www.google.com/maps/place/Repuestos+Peugeot+Jaime+P%C3%A1ez+RP/data=!4m7!3m6!1s0x91d5913719d26d6f:0xc9a59caf5ea29310!8m2!3d-0.2124048!4d-78.4110311!16s%2Fg%2F11f64cryyh!19sChIJb23SGTeR1ZEREJOiXq-cpck?authuser=0&hl=es-419&g_ep=EgoyMDI2MDkxNS4wIJJjKgBIAVAD&rclk=1"
"Taller Electrico Automotriz","099 832 5556","","4.8","8","","ninguno","","true","Servicio de reparación de sistemas eléctricos para automóviles","Avenida 10 de Agosto, La Carolina N35-54, 170102 Quito, Pichincha","La Carolina, Quito","https://www.google.com/maps/place/Taller+Electrico+Automotriz/data=!4m7!3m6!1s0x91d59a88dc313c1b:0x4a34b5909bbfbff7!8m2!3d-0.1795935!4d-78.4889841!16s%2Fg%2F11f7665vfw!19sChIJGzwx3Iia1ZER97-_m5C1NEo?authuser=0&hl=es-419&g_ep=EgoyMDI2MDkxNS4wIJJjKgBIAVAD&rclk=1"
"Mecánica Automotriz | Taller Mecánico California","(02) 224-4557","","4.5","11","https://www.facebook.com/profile.php?id=100067028211731","solo_red_social","","true","Taller mecánico","Yugoeslavia N34-180, 170515 Quito","La Carolina, Quito","https://www.google.com/maps/place/Mec%C3%A1nica+Automotriz+%7C+Taller+Mec%C3%A1nico+California/data=!4m7!3m6!1s0x91d59a627acb7ea5:0x644b08f8d6781e64!8m2!3d-0.1837705!4d-78.490002!16s%2Fg%2F11gr5zj62_!19sChIJpX7LemKa1ZERZB541vgIS2Q?authuser=0&hl=es-419&g_ep=EgoyMDI2MDkxNS4wIJJjKgBIAVAD&rclk=1"
"TALLER AUTOMOTRIZ PIT ZONE Aire acondicionado y mantenimiento automotriz","099 430 7464","","5","269","","ninguno","","true","Servicio de reparación de aire acondicionado","Av. 10 de Agosto y Av. Río Coca N44-64 y, 170501 Quito","La Carolina, Quito","https://www.google.com/maps/place/TALLER+AUTOMOTRIZ+PIT+ZONE+Aire+acondicionado+y+mantenimiento+automotriz/data=!4m7!3m6!1s0x91d59ba80c634897:0x581cfbb095c4632e!8m2!3d-0.1608514!4d-78.4854376!16s%2Fg%2F11n0cn2g42!19sChIJl0hjDKib1ZERLmPElbD7HFg?authuser=0&hl=es-419&g_ep=EgoyMDI2MDkxNS4wIJJjKgBIAVAD&rclk=1"
"CHEMALI ESTEBAN Automecánica - JEEP -FORD - MULTIMARCA","099 904 4884","","4.7","100","","ninguno","","true","Taller de automóviles","Joaquin Auz N37-192 y, 170507 Quito","La Carolina, Quito","https://www.google.com/maps/place/CHEMALI+ESTEBAN+Automec%C3%A1nica+-+JEEP+-FORD+-+MULTIMARCA/data=!4m7!3m6!1s0x91d59a90037acd15:0x94ba3aa517af801!8m2!3d-0.1737012!4d-78.48713!16s%2Fg%2F11fyx57t_9!19sChIJFc16A5Ca1ZERAfh6UaqjSwk?authuser=0&hl=es-419&g_ep=EgoyMDI2MDkxNS4wIJJjKgBIAVAD&rclk=1"
"Ultraservicios ingeniería automotriz.","096 837 3612","","4.4","54","","ninguno","","true","Taller de automóviles","junto a Centro Comercial La Y, Av. América y Av. 10 de Agosto N39-390 y, 170508 Quito","La Carolina, Quito","https://www.google.com/maps/place/Ultraservicios+ingenier%C3%ADa+automotriz./data=!4m7!3m6!1s0x91d59a974f15790d:0xbf5d7fa893030f37!8m2!3d-0.1686133!4d-78.4873534!16s%2Fg%2F11g6xs45g4!19sChIJDXkVT5ea1ZERNw8Dk6h_Xb8?authuser=0&hl=es-419&g_ep=EgoyMDI2MDkxNS4wIJJjKgBIAVAD&rclk=1"
"King Star Centro Especializado Automotriz - Expertos en Mantener tu Auto","096 971 0307","","4.7","29","","ninguno","","true","Taller de reparación de automóviles","Av. 10 de Agosto, y y Juan Pablo Sanz, 170507 Quito","La Carolina, Quito","https://www.google.com/maps/place/King+Star+Centro+Especializado+Automotriz+-+Expertos+en+Mantener+tu+Auto/data=!4m7!3m6!1s0x91d59be5efcb71fb:0x4d075bc13513eec6!8m2!3d-0.1806026!4d-78.489312!16s%2Fg%2F11sx4s7mzf!19sChIJ-3HL7-Wb1ZERxu4TNcFbB00?authuser=0&hl=es-419&g_ep=EgoyMDI2MDkxNS4wIJJjKgBIAVAD&rclk=1"
"MACTELL SERVICIO AUTOMOTRIZ","229-3210","","4.8","32","https://oneclic.app/mactell-servicio-automotriz","sitio_propio","","false","Taller mecánico","Sabanilla N13-80, y, 170103 Quito","La Carolina, Quito","https://www.google.com/maps/place/MACTELL+SERVICIO+AUTOMOTRIZ/data=!4m7!3m6!1s0x91d585d52b49917b:0x96d27afefaa021c5!8m2!3d-0.1216101!4d-78.4993838!16s%2Fg%2F11gslq9njz!19sChIJe5FJK9WF1ZERxSGg-v560pY?authuser=0&hl=es-419&g_ep=EgoyMDI2MDkxNS4wIJJjKgBIAVAD&rclk=1"
"APEX Servicio Automotriz","096 770 6599","","4.7","19","https://instagram.com/apexuio/","solo_red_social","","true","Taller de reparación de automóviles","Av. de las Palmeras y De Los Capulies &, 170138 Quito","La Carolina, Quito","https://www.google.com/maps/place/APEX+Servicio+Automotriz/data=!4m7!3m6!1s0x91d59108f715626b:0x4caf773619d661f2!8m2!3d-0.1559223!4d-78.4694562!16s%2Fg%2F11r7sy2yd7!19sChIJa2IV9wiR1ZER8mHWGTZ3r0w?authuser=0&hl=es-419&g_ep=EgoyMDI2MDkxNS4wIJJjKgBIAVAD&rclk=1"
"Ecotech Servicio Automotriz","099 872 0820","","4.8","42","","ninguno","","true","Taller de reparación de automóviles","De Las Frutillas E10-82 y, 170502 Quito","La Carolina, Quito","https://www.google.com/maps/place/Ecotech+Servicio+Automotriz/data=!4m7!3m6!1s0x91d58fdf9d5264b3:0x207779e14dcfaf4a!8m2!3d-0.1451439!4d-78.4718435!16s%2Fg%2F11h7g4ybxv!19sChIJs2RSnd-P1ZERSq_PTeF5dyA?authuser=0&hl=es-419&g_ep=EgoyMDI2MDkxNS4wIJJjKgBIAVAD&rclk=1"
"Mecanica Automotriz a Diesel, Repuestos Thermo King, Taller a Diesel","098 717 9336","","4.6","7","","ninguno","","true","Taller de reparación de motores diésel","Giovanni Calles Lascano Oe5-103, 170203 Quito","La Carolina, Quito","https://www.google.com/maps/place/Mecanica+Automotriz+a+Diesel,+Repuestos+Thermo+King,+Taller+a+Diesel/data=!4m7!3m6!1s0x91d58f1926f0d253:0xe8a1c6f974381dc7!8m2!3d-0.0939139!4d-78.4363613!16s%2Fg%2F11gszdyqds!19sChIJU9LwJhmP1ZERxx04dPnGoeg?authuser=0&hl=es-419&g_ep=EgoyMDI2MDkxNS4wIJJjKgBIAVAD&rclk=1"
"TECNICENTRO Automotriz KM y Servicio de Wincha y Plataforma, Mecánica Automotriz, Alineación y Balanceo","098 465 1502","klevermartinez2@gmail.com; test@tes.com","4.5","13","https://tecnicentro-automotriz-km.amawebs.com/","sitio_propio","2026","false","Taller de revisión de automóviles","De los Huiragchuros, Zabala, y y De los Jilgueros, 170207","La Carolina, Quito","https://www.google.com/maps/place/TECNICENTRO+Automotriz+KM+y+Servicio+de+Wincha+y+Plataforma,+Mec%C3%A1nica+Automotriz,+Alineaci%C3%B3n+y+Balanceo/data=!4m7!3m6!1s0x91d58f7e3aac68d5:0x59f7078c6a2bd969!8m2!3d-0.0788831!4d-78.4150768!16s%2Fg%2F11g1p1lhrc!19sChIJ1WisOn6P1ZERadkraowH91k?authuser=0&hl=es-419&g_ep=EgoyMDI2MDkxNS4wIJJjKgBIAVAD&rclk=1"
"Comercializadora Navas Taller Automotriz","099 319 7312","","4.9","16","http://www.comercializadoranavas.amawebs.com/","sitio_propio","","false","Taller mecánico","Isaac Albéniz E2-54, 170150 Quito","La Carolina, Quito","https://www.google.com/maps/place/Comercializadora+Navas+Taller+Automotriz/data=!4m7!3m6!1s0x91d59b0e4de9d5b7:0x913de9587fb303a5!8m2!3d-0.1533611!4d-78.4823286!16s%2Fg%2F11ff55jxdf!19sChIJt9XpTQ6b1ZERpQOzf1jpPZE?authuser=0&hl=es-419&g_ep=EgoyMDI2MDkxNS4wIJJjKgBIAVAD&rclk=1"
"Servicentro Automotriz - El Labrador","","","4.5","85","","ninguno","","true","Taller de reparación de automóviles","Av. Río Amazonas 6540 Y, 170138 Quito","La Carolina, Quito","https://www.google.com/maps/place/Servicentro+Automotriz+-+El+Labrador/data=!4m7!3m6!1s0x91d59aa51276d8e1:0xead019864fe2e219!8m2!3d-0.1572778!4d-78.4844205!16s%2Fg%2F11ggbdjrq7!19sChIJ4dh2EqWa1ZERGeLiT4YZ0Oo?authuser=0&hl=es-419&g_ep=EgoyMDI2MDkxNS4wIJJjKgBIAVAD&rclk=1"
"AUTO ESPECIALIDADES","099 884 7017","autoesp@gmail.com","4.2","53","http://www.autoespecialidades.com.ec/","sitio_propio","","false","Taller de reparación de automóviles","Av. Galo Plaza Lasso y Capitan Alfonso Yepez N57-77 y, 170512 Quito","La Carolina, Quito","https://www.google.com/maps/place/AUTO+ESPECIALIDADES/data=!4m7!3m6!1s0x91d5855a14dcf17b:0x80e2f0f040fbab24!8m2!3d-0.135979!4d-78.4824534!16s%2Fg%2F11ckr598qg!19sChIJe_HcFFqF1ZERJKv7QPDw4oA?authuser=0&hl=es-419&g_ep=EgoyMDI2MDkxNS4wIJJjKgBIAVAD&rclk=1"
"Master Star Centro Automotriz - Mantenimiento Preventivo Correctivo","098 902 9666","","4.3","253","http://mstarcarwash.com/","sitio_propio","2026","false","Taller de automóviles","Av. de los Shyris &, 170138 Quito","La Carolina, Quito","https://www.google.com/maps/place/Master+Star+Centro+Automotriz+-+Mantenimiento+Preventivo+Correctivo/data=!4m7!3m6!1s0x91d58ff8b2e8cd83:0xde4cd69263438616!8m2!3d-0.1632068!4d-78.4784187!16s%2Fg%2F11c1wx2kg4!19sChIJg83osviP1ZERFoZDY5LWTN4?authuser=0&hl=es-419&g_ep=EgoyMDI2MDkxNS4wIJJjKgBIAVAD&rclk=1"
"Quantic Motors","098 436 3414","","5","6","","ninguno","","true","Taller de reparación de automóviles","De las frutillas Capitán, Juan Alzuro y Joaquín Sumaita, 170502 Quito","La Carolina, Quito","https://www.google.com/maps/place/Quantic+Motors/data=!4m7!3m6!1s0x91d58fbc7e15d77d:0xb11c42822c7fab4f!8m2!3d-0.1451608!4d-78.4720772!16s%2Fg%2F11lsx8y44_!19sChIJfdcVfryP1ZERT6t_LIJCHLE?authuser=0&hl=es-419&g_ep=EgoyMDI2MDkxNS4wIJJjKgBIAVAD&rclk=1"
"TECNIMACHINE INGENIERIA AUTOMOTRIZ","099 946 6532","","4.9","29","","ninguno","","true","Taller de automóviles","Av. 10 de Agosto N44-342 Y, 170501 Quito","La Carolina, Quito","https://www.google.com/maps/place/TECNIMACHINE+INGENIERIA+AUTOMOTRIZ/data=!4m7!3m6!1s0x91d59becc60645c1:0x600a50b6f2e7e1aa!8m2!3d-0.158395!4d-78.4850739!16s%2Fg%2F11pzywj_m5!19sChIJwUUGxuyb1ZERquHn8rZQCmA?authuser=0&hl=es-419&g_ep=EgoyMDI2MDkxNS4wIJJjKgBIAVAD&rclk=1"
"TALLER AUTOMOTRIZ HONDA MOTOR..(Ángel Rocha) INGENIERIA AUTOMOTRIZ","098 770 1776","","4.1","32","","ninguno","","true","Taller de reparación de automóviles","El Labrador, Av. Galo Plaza Lasso 109, 170512 Quito","La Carolina, Quito","https://www.google.com/maps/place/TALLER+AUTOMOTRIZ+HONDA+MOTOR..%28%C3%81ngel+Rocha%29+INGENIERIA+AUTOMOTRIZ/data=!4m7!3m6!1s0x91d59aad285960ff:0x91109d75650f17c0!8m2!3d-0.1468184!4d-78.483903!16s%2Fg%2F11bwkfyqk1!19sChIJ_2BZKK2a1ZERwBcPZXWdEJE?authuser=0&hl=es-419&g_ep=EgoyMDI2MDkxNS4wIJJjKgBIAVAD&rclk=1"
"Mecanica Automotriz Dejaza","099 147 9827","","3.6","21","https://www.facebook.com/tecnicentroautomotrizdejaza","solo_red_social","","true","Taller de reparación de automóviles","Av. Carlos Mantilla, y y La Rotonda, 170203 Quito","La Carolina, Quito","https://www.google.com/maps/place/Mecanica+Automotriz+Dejaza/data=!4m7!3m6!1s0x91d588d2245ecca7:0xc369567b208f19da!8m2!3d-0.0737539!4d-78.4346194!16s%2Fg%2F11hblcy08m!19sChIJp8xeJNKI1ZER2hmPIHtWacM?authuser=0&hl=es-419&g_ep=EgoyMDI2MDkxNS4wIJJjKgBIAVAD&rclk=1"
"LLANTAS QUITO TECNI LIDER Talleres - Taller Automotriz","095 866 5645","","4.8","46","","ninguno","","true","Tienda de neumáticos","E Iturralde y Av. de la Prensa OE-367, 170144 Quito","La Carolina, Quito","https://www.google.com/maps/place/LLANTAS+QUITO+TECNI+LIDER+Talleres+-+Taller+Automotriz/data=!4m7!3m6!1s0x91d585bab40b87fd:0xfb112a5c416dba3!8m2!3d-0.1421487!4d-78.4917801!16s%2Fg%2F11tjx8rlq0!19sChIJ_YcLtLqF1ZERo9sWxKUSsQ8?authuser=0&hl=es-419&g_ep=EgoyMDI2MDkxNS4wIJJjKgBIAVAD&rclk=1"
"Tecnicentro Automotriz Ramón Alvarez ENDEREZADA DE CHASIS Y COMPACTOS","099 761 4705","","4.6","51","","ninguno","","true","Taller de reparación de automóviles","De Los Viñedos, 170507 Quito","Iñaquito, Quito","https://www.google.com/maps/place/Tecnicentro+Automotriz+Ram%C3%B3n+Alvarez+ENDEREZADA+DE+CHASIS+Y+COMPACTOS/data=!4m7!3m6!1s0x91d59009c4c25eef:0xeb3787ffcb61c107!8m2!3d-0.1588959!4d-78.4745394!16s%2Fg%2F11g6nh2hzd!19sChIJ717CxAmQ1ZERB8Fhy_-HN-s?authuser=0&hl=es-419&g_ep=EgoyMDI2MDkxNS4wIJJjKgBIAVAD&rclk=1"
"CheckPoint Automotriz","098 714 4249","info@checkpoint-ec.com","4.7","33","http://www.checkpoint-ec.com/","sitio_propio","","false","Taller mecánico","De Los Colimes y Av. Río Coca N43-187 y, 170503 Quito","Iñaquito, Quito","https://www.google.com/maps/place/CheckPoint+Automotriz/data=!4m7!3m6!1s0x91d5900aca5bc163:0xe826af75238cd520!8m2!3d-0.1644952!4d-78.4727858!16s%2Fg%2F11csr1qxp6!19sChIJY8FbygqQ1ZERINWMI3WvJug?authuser=0&hl=es-419&g_ep=EgoyMDI2MDkxNS4wIJJjKgBIAVAD&rclk=1"
"""Autotrónica Meleti"" Electricidad y Electrónica Automotriz Multimarca","099 959 7676","","4.8","30","https://wa.link/zgcz80","sitio_propio","","false","Servicio de reparación de sistemas eléctricos para automóviles","De los Tulipanes y Av. de las Palmeras E10-411, 170138 Quito","Iñaquito, Quito","https://www.google.com/maps/place/%22Autotr%C3%B3nica+Meleti%22+Electricidad+y+Electr%C3%B3nica+Automotriz+Multimarca/data=!4m7!3m6!1s0x91d59009f69fe067:0x2516bf2dc8d94686!8m2!3d-0.1599599!4d-78.4742717!16s%2Fg%2F11gzs3tmjp!19sChIJZ-Cf9gmQ1ZERhkbZyC2_FiU?authuser=0&hl=es-419&g_ep=EgoyMDI2MDkxNS4wIJJjKgBIAVAD&rclk=1"
"Mecánica automotriz Autolex servicio mecánico","099 462 9101","","4.5","19","","ninguno","","true","Taller mecánico","Rosa Campuzano, 170134 Quito","Iñaquito, Quito","https://www.google.com/maps/place/Mec%C3%A1nica+automotriz+Autolex+servicio+mec%C3%A1nico/data=!4m7!3m6!1s0x91d585437d4cbadf:0x64dd5477b8fe057c!8m2!3d-0.1041766!4d-78.4856858!16s%2Fg%2F11f7lznb0s!19sChIJ37pMfUOF1ZERfAX-uHdU3WQ?authuser=0&hl=es-419&g_ep=EgoyMDI2MDkxNS4wIJJjKgBIAVAD&rclk=1"
"Auto Garage","099 863 4248","","5","40","https://bit.ly/Autogarageservicios","sitio_propio","","false","Pintura de automóviles","Av Diego Vásquez de Cepeda, 170310 Quito","Iñaquito, Quito","https://www.google.com/maps/place/Auto+Garage/data=!4m7!3m6!1s0x91d585848e25f0f5:0xd0f0adf4517edc1a!8m2!3d-0.0985657!4d-78.4830109!16s%2Fg%2F11tjhr0w8x!19sChIJ9fAljoSF1ZERGtx-UfSt8NA?authuser=0&hl=es-419&g_ep=EgoyMDI2MDkxNS4wIJJjKgBIAVAD&rclk=1"
"Automotriz Chicaiza","099 865 3907","","4.9","16","","ninguno","","true","Taller de reparación de automóviles","Avenida Flavio Alfaro y Norte N60-82, 170301 Quito","Iñaquito, Quito","https://www.google.com/maps/place/Automotriz+Chicaiza/data=!4m7!3m6!1s0x91d5856b63dd6991:0xdc1d6f1cfcf5d319!8m2!3d-0.1237798!4d-78.4961108!16s%2Fg%2F11grvjz6p6!19sChIJkWndY2uF1ZERGdP1_BxvHdw?authuser=0&hl=es-419&g_ep=EgoyMDI2MDkxNS4wIJJjKgBIAVAD&rclk=1"
"Automotriz occidental","(02) 259-1503","","4.8","14","","ninguno","","true","Taller de reparación de automóviles","Ángel Ludeña Oe6-164, 170301 Quito","Iñaquito, Quito","https://www.google.com/maps/place/Automotriz+occidental/data=!4m7!3m6!1s0x91d585156f8b2339:0x37c6d7108edb6767!8m2!3d-0.1275723!4d-78.4999766!16s%2Fg%2F11ffl_rh46!19sChIJOSOLbxWF1ZERZ2fbjhDXxjc?authuser=0&hl=es-419&g_ep=EgoyMDI2MDkxNS4wIJJjKgBIAVAD&rclk=1"
"Tecnicentro R&M","099 250 7735","","4.3","26","","ninguno","","true","Taller mecánico","Av. John F. Kennedy, 170144 Quito","Iñaquito, Quito","https://www.google.com/maps/place/Tecnicentro+R%26M/data=!4m7!3m6!1s0x91d58591143637df:0x37993c9f41196b7d!8m2!3d-0.1103138!4d-78.4918253!16s%2Fg%2F11hycy2p71!19sChIJ3zc2FJGF1ZERfWsZQZ88mTc?authuser=0&hl=es-419&g_ep=EgoyMDI2MDkxNS4wIJJjKgBIAVAD&rclk=1"
"Brint Auto","(02) 259-8904","","4.1","56","","ninguno","","true","Taller de reparación de automóviles","Pedro de Alvarado 2160, 170103 Quito","Iñaquito, Quito","https://www.google.com/maps/place/Brint+Auto/data=!4m7!3m6!1s0x91d58513e9ff1999:0xfc11817593e47c51!8m2!3d-0.1223277!4d-78.5027174!16s%2Fg%2F119v2pcy7!19sChIJmRn_6ROF1ZERUXzkk3WBEfw?authuser=0&hl=es-419&g_ep=EgoyMDI2MDkxNS4wIJJjKgBIAVAD&rclk=1"
"AZ MOTORS - Centro de Colisiones","098 414 0946","","4.6","34","","ninguno","","true","Taller de automóviles","Ramon Chiriboga 67-75, 170144 Quito","Iñaquito, Quito","https://www.google.com/maps/place/AZ+MOTORS+-+Centro+de+Colisiones/data=!4m7!3m6!1s0x91d5857bb7abef13:0x263f273b42cd5cfa!8m2!3d-0.1107457!4d-78.490906!16s%2Fg%2F11f542y0sk!19sChIJE--rt3uF1ZER-lzNQjsnPyY?authuser=0&hl=es-419&g_ep=EgoyMDI2MDkxNS4wIJJjKgBIAVAD&rclk=1"
"Merauto","098 368 4416","","4.6","27","","ninguno","","true","Taller de reparación de automóviles","Julio Teodoro Salem 437, 170138 Quito","Iñaquito, Quito","https://www.google.com/maps/place/Merauto/data=!4m7!3m6!1s0x91d585660f59f235:0x21e4407e508be70a!8m2!3d-0.1371348!4d-78.4801483!16s%2Fg%2F11ndw5rmp0!19sChIJNfJZD2aF1ZERCueLUH5A5CE?authuser=0&hl=es-419&g_ep=EgoyMDI2MDkxNS4wIJJjKgBIAVAD&rclk=1"
"MECANICA AUTOMOTRIZ ""TECNISERVICE""","099 030 7640","","4.7","32","","ninguno","","true","Taller mecánico","170201 Quito","Iñaquito, Quito","https://www.google.com/maps/place/MECANICA+AUTOMOTRIZ+%22TECNISERVICE%22/data=!4m7!3m6!1s0x91d58f15a18ca9fb:0x2cf97a25364157e8!8m2!3d-0.0923357!4d-78.4239621!16s%2Fg%2F11gxmmtcc3!19sChIJ-6mMoRWP1ZER6FdBNiV6-Sw?authuser=0&hl=es-419&g_ep=EgoyMDI2MDkxNS4wIJJjKgBIAVAD&rclk=1"
"Servicio Automotriz Figueroa","099 844 9680","","4.8","34","","ninguno","","true","Taller mecánico","170134 Quito","Iñaquito, Quito","https://www.google.com/maps/place/Servicio+Automotriz+Figueroa/data=!4m7!3m6!1s0x91d585d359dd6349:0x42af4192a652cad1!8m2!3d-0.0989468!4d-78.5132728!16s%2Fg%2F11h10vfj67!19sChIJSWPdWdOF1ZER0cpSppJBr0I?authuser=0&hl=es-419&g_ep=EgoyMDI2MDkxNS4wIJJjKgBIAVAD&rclk=1"
"TECAUTO Tecnología Automotriz","098 446 3748","","4.4","38","","ninguno","","true","Taller de reparación de automóviles","Víctor Mideros N54-152, 170513 Quito","Iñaquito, Quito","https://www.google.com/maps/place/TECAUTO+Tecnolog%C3%ADa+Automotriz/data=!4m7!3m6!1s0x91d58559f9c1cbf7:0x96c023124b58d4e7!8m2!3d-0.1368039!4d-78.4806153!16s%2Fg%2F11gv_42l4x!19sChIJ98vB-VmF1ZER59RYSxIjwJY?authuser=0&hl=es-419&g_ep=EgoyMDI2MDkxNS4wIJJjKgBIAVAD&rclk=1"
"Automotriz Pozo","(02) 253-0960","","4.4","12","","ninguno","","true","Taller de reparación de automóviles","Nazareth y Chuquisaca &, 170144 Quito","Iñaquito, Quito","https://www.google.com/maps/place/Automotriz+Pozo/data=!4m7!3m6!1s0x91d5856965ae3565:0xf33ec011a7978f7a!8m2!3d-0.1221892!4d-78.4898175!16s%2Fg%2F11gt__g6jt!19sChIJZTWuZWmF1ZEReo-XpxHAPvM?authuser=0&hl=es-419&g_ep=EgoyMDI2MDkxNS4wIJJjKgBIAVAD&rclk=1"
"Solo Coches (Taller Vehículos)","099 602 4350","contacto@ejemplo.com","4.9","33","http://solo-coches.webnode.es/","sitio_propio","","false","Taller de reparación de automóviles","José Herboso y Gonzalo Benítez OE-246 y, 170104 Quito","Iñaquito, Quito","https://www.google.com/maps/place/Solo+Coches+%28Taller+Veh%C3%ADculos%29/data=!4m7!3m6!1s0x91d5854c92feb813:0x95a3573d3f8321eb!8m2!3d-0.1418312!4d-78.4932994!16s%2Fg%2F11c0zxg25b!19sChIJE7j-kkyF1ZER6yGDPz1Xo5U?authuser=0&hl=es-419&g_ep=EgoyMDI2MDkxNS4wIJJjKgBIAVAD&rclk=1"
"TECNOLOGIA AUTOMOTRIZ","099 878 3280","","4.8","17","https://tecnologiautomotriz.wixsite.com/website","sitio_propio","","false","Taller de reparación de automóviles","Avenida Machala y Juan Saamano N55-17 y, 170511 Quito","Iñaquito, Quito","https://www.google.com/maps/place/TECNOLOGIA+AUTOMOTRIZ/data=!4m7!3m6!1s0x91d58548084ba245:0x65c7118c5f562858!8m2!3d-0.1377035!4d-78.4970383!16s%2Fg%2F11g8w9gkl0!19sChIJRaJLCEiF1ZERWChWX4wRx2U?authuser=0&hl=es-419&g_ep=EgoyMDI2MDkxNS4wIJJjKgBIAVAD&rclk=1"
"AUTOCHECK","098 738 8750","","4.7","89","","ninguno","","true","Taller mecánico","De los Pinos, 170138 Quito","Iñaquito, Quito","https://www.google.com/maps/place/AUTOCHECK/data=!4m7!3m6!1s0x91d58550b4969a67:0xe2c2b2f250307061!8m2!3d-0.1381657!4d-78.4806704!16s%2Fg%2F11c1s2tw5f!19sChIJZ5qWtFCF1ZERYXAwUPKywuI?authuser=0&hl=es-419&g_ep=EgoyMDI2MDkxNS4wIJJjKgBIAVAD&rclk=1"
"Taller Mecánico VELA MOTORS Ingeniería Mecánica AUTOMOTRIZ","099 155 3393","","4.7","46","","ninguno","","true","Taller de reparación de automóviles","170104 Quito","Iñaquito, Quito","https://www.google.com/maps/place/Taller+Mec%C3%A1nico+VELA+MOTORS+Ingenier%C3%ADa+Mec%C3%A1nica+AUTOMOTRIZ/data=!4m7!3m6!1s0x91d59bfd5c237ecd:0x54da2f53e55aa8af!8m2!3d-0.1474126!4d-78.4984599!16s%2Fg%2F11g1mdjvb5!19sChIJzX4jXP2b1ZERr6ha5VMv2lQ?authuser=0&hl=es-419&g_ep=EgoyMDI2MDkxNS4wIJJjKgBIAVAD&rclk=1"
"Autoservice Ingenieria Automotriz","099 850 7059","","5","7","","ninguno","","true","Taller mecánico","VGW5+577, Quito","Iñaquito, Quito","https://www.google.com/maps/place/Autoservice+Ingenieria+Automotriz/data=!4m7!3m6!1s0x91d585834c2a4219:0x17820808254721af!8m2!3d-0.1045897!4d-78.4918324!16s%2Fg%2F11fnh54d96!19sChIJGUIqTIOF1ZERryFHJQgIghc?authuser=0&hl=es-419&g_ep=EgoyMDI2MDkxNS4wIJJjKgBIAVAD&rclk=1"
"Motor Service Ingenieria Automotriz","098 489 7648","","4.8","18","","ninguno","","true","Taller de reparación de automóviles","Pedro de Alvarado &, 170103 Quito","Bellavista, Quito","https://www.google.com/maps/place/Motor+Service+Ingenieria+Automotriz/data=!4m7!3m6!1s0x91d585d50487de83:0xae69babbf7627268!8m2!3d-0.1213909!4d-78.5025939!16s%2Fg%2F11fj6jx6x8!19sChIJg96HBNWF1ZERaHJi97u6aa4?authuser=0&hl=es-419&g_ep=EgoyMDI2MDkxNS4wIJJjKgBIAVAD&rclk=1"
"DTC Mantenimiento Automotriz","096 298 1921","","4.8","93","https://www.facebook.com/DTCMantenimientoAutomotriz","solo_red_social","","true","Taller de automóviles","SAN CARLOS Rigoberto Heredia, y y Vallejo Larrea, Quito","Bellavista, Quito","https://www.google.com/maps/place/DTC+Mantenimiento+Automotriz/data=!4m7!3m6!1s0x91d59b466ccb0349:0x9f576fec02eedaf6!8m2!3d-0.122455!4d-78.5031939!16s%2Fg%2F11qg3c906x!19sChIJSQPLbEab1ZER9truAuxvV58?authuser=0&hl=es-419&g_ep=EgoyMDI2MDkxNS4wIJJjKgBIAVAD&rclk=1"
"SAVA MOTOR (Servicio Automotriz Volkswagen Audi)","098 312 9544","","4.9","12","","ninguno","","true","Taller de reparación de automóviles","De los Chigualcanes y E16E, 170124 Quito","Bellavista, Quito","https://www.google.com/maps/place/SAVA+MOTOR+%28Servicio+Automotriz+Volkswagen+Audi%29/data=!4m7!3m6!1s0x91d58fb586ebb0b7:0xbdc53d0c7d43a84f!8m2!3d-0.1438895!4d-78.4596634!16s%2Fg%2F11lg44gwm2!19sChIJt7DrhrWP1ZERT6hDfQw9xb0?authuser=0&hl=es-419&g_ep=EgoyMDI2MDkxNS4wIJJjKgBIAVAD&rclk=1"
"La Casa del Sensor - Electricidad y Mecánica Automotriz","099 653 2623","","4.6","21","https://www.facebook.com/Soluciones-mecatr%C3%B3nicas-del-automovil-353090595538592/","solo_red_social","","true","Taller de reparación de automóviles","Sierra Morena, y y Alcalá Esquina, 170204 Quito","Quito Tenis, Quito","https://www.google.com/maps/place/La+Casa+del+Sensor+-+Electricidad+y+Mec%C3%A1nica+Automotriz/data=!4m7!3m6!1s0x91d58f1e207555c9:0x77416220988bdfc4!8m2!3d-0.0924263!4d-78.4446413!16s%2Fg%2F11h714lxnt!19sChIJyVV1IB6P1ZERxN-LmCBiQXc?authuser=0&hl=es-419&g_ep=EgoyMDI2MDkxNS4wIJJjKgBIAVAD&rclk=1"
"Mecánica Automotriz Quito Norte Bicentenario | Lexus Car Shopping Av Brasil | Auto Lujo | capacitación","098 888 1080","support@now.site","5","13","https://lexuscarshopping.now.site/","sitio_propio","","false","Taller de reparación de automóviles","Av. Brasil y Tte. Homero Salas 50121y, 170511 Quito","Quito Tenis, Quito","https://www.google.com/maps/place/Mec%C3%A1nica+Automotriz+Quito+Norte+Bicentenario+%7C+Lexus+Car+Shopping+Av+Brasil+%7C+Auto+Lujo+%7C+capacitaci%C3%B3n/data=!4m7!3m6!1s0x91d585b9926b762b:0x889fa97fe78a42bc!8m2!3d-0.146243!4d-78.4932298!16s%2Fg%2F11vyrcfcxk!19sChIJK3ZrkrmF1ZERvEKK53-pn4g?authuser=0&hl=es-419&g_ep=EgoyMDI2MDkxNS4wIJJjKgBIAVAD&rclk=1"
"Tecmotriz","099 500 5080","","4.3","6","","ninguno","","true","Taller de reparación de automóviles","Oe1D y Francisco LLangarima N6151, 170502 Quito","Quito Tenis, Quito","https://www.google.com/maps/place/Tecmotriz/data=!4m7!3m6!1s0x91d58f819361d7e3:0x104277c1f963ec40!8m2!3d-0.1255118!4d-78.4828032!16s%2Fg%2F11tdmvj63l!19sChIJ49dhk4GP1ZERQOxj-cF3QhA?authuser=0&hl=es-419&g_ep=EgoyMDI2MDkxNS4wIJJjKgBIAVAD&rclk=1"
"TRG TECNISERVICIOS MULTIMARCA","098 730 7492","","4.8","15","","ninguno","","true","Taller de reparación de automóviles","Isla San Cristóbal 9, 170138 Quito","Quito Tenis, Quito","https://www.google.com/maps/place/TRG+TECNISERVICIOS+MULTIMARCA/data=!4m7!3m6!1s0x91d59bdaf1344b75:0x4dec156455a911e9!8m2!3d-0.161175!4d-78.4814978!16s%2Fg%2F11jvgm1n7k!19sChIJdUs08dqb1ZER6RGpVWQV7E0?authuser=0&hl=es-419&g_ep=EgoyMDI2MDkxNS4wIJJjKgBIAVAD&rclk=1"
"Mecanica Automotriz Quito","098 389 2784","","4.4","8","","ninguno","","true","Taller de reparación de automóviles","RG43+QVR, 170102 Quito","Quito Tenis, Quito","https://www.google.com/maps/place/Mecanica+Automotriz+Quito/data=!4m7!3m6!1s0x91d59b04a61d75f7:0x74d165c56216fe91!8m2!3d-0.1930206!4d-78.4953516!16s%2Fg%2F11f631z34l!19sChIJ93UdpgSb1ZERkf4WYsVl0XQ?authuser=0&hl=es-419&g_ep=EgoyMDI2MDkxNS4wIJJjKgBIAVAD&rclk=1"
"RD mecanica automotriz","099 257 3044","contacto@ejemplo.com","4.8","32","http://rdmecanicaautomotriz.webnode.ec/","sitio_propio","","false","Taller de automóviles","593 92573044","Quito Tenis, Quito","https://www.google.com/maps/place/RD+mecanica+automotriz/data=!4m7!3m6!1s0x91d58598770eea79:0xc1072f299af92ef5!8m2!3d-0.1395787!4d-78.5066539!16s%2Fg%2F11j01wsbxb!19sChIJeeoOd5iF1ZER9S75mikvB8E?authuser=0&hl=es-419&g_ep=EgoyMDI2MDkxNS4wIJJjKgBIAVAD&rclk=1"
"TOBAMOTORS Renault","099 251 7493","","4.7","226","https://es-la.facebook.com/tobamotorsrenault/","solo_red_social","","true","Taller mecánico","170144 Quito","Quito Tenis, Quito","https://www.google.com/maps/place/TOBAMOTORS+Renault/data=!4m7!3m6!1s0x91d585761a50311f:0x753ebb04beffb99e!8m2!3d-0.1102745!4d-78.4913142!16s%2Fg%2F11g6bk20r9!19sChIJHzFQGnaF1ZERnrn_vgS7PnU?authuser=0&hl=es-419&g_ep=EgoyMDI2MDkxNS4wIJJjKgBIAVAD&rclk=1"
"Automotriz DM especializados en Renault","099 446 4404","","4.4","9","","ninguno","","true","Taller de reparación de automóviles","El Chinchinal E10-153, 170138 Quito","Quito Tenis, Quito","https://www.google.com/maps/place/Automotriz+DM+especializados+en+Renault/data=!4m7!3m6!1s0x91d59aa75d304883:0x89ccfe43dbc7f602!8m2!3d-0.1592019!4d-78.47588!16s%2Fg%2F11gnsgns9m!19sChIJg0gwXaea1ZERAvbH20P-zIk?authuser=0&hl=es-419&g_ep=EgoyMDI2MDkxNS4wIJJjKgBIAVAD&rclk=1"
"Heavy Glass - Centro de Colisiones Automotriz","(02) 240-4724","","4.6","60","","ninguno","","true","Taller de reparación de automóviles","De Los Guabos, 170138 Quito","Quito Tenis, Quito","https://www.google.com/maps/place/Heavy+Glass+-+Centro+de+Colisiones+Automotriz/data=!4m7!3m6!1s0x91d5900ab08bdf6d:0x96cc2ecec8e4d97a!8m2!3d-0.1532821!4d-78.4734394!16s%2Fg%2F11bx1sr_dc!19sChIJbd-LsAqQ1ZERetnkyM4uzJY?authuser=0&hl=es-419&g_ep=EgoyMDI2MDkxNS4wIJJjKgBIAVAD&rclk=1"
"ServiWagen Taller Automotriz Electrónico","099 274 9325","","4.7","14","","ninguno","","true","Taller de reparación de automóviles","Zaparos y Ingapirca N52-143 e, 170104 Quito","Quito Tenis, Quito","https://www.google.com/maps/place/ServiWagen+Taller+Automotriz+Electr%C3%B3nico/data=!4m7!3m6!1s0x91d58535f1f878bd:0x1d054bb52a72ba63!8m2!3d-0.1430569!4d-78.4986183!16s%2Fg%2F11c5j7d2pr!19sChIJvXj48TWF1ZERY7pyKrVLBR0?authuser=0&hl=es-419&g_ep=EgoyMDI2MDkxNS4wIJJjKgBIAVAD&rclk=1"
"Mecánica Automotriz HIQ","099 588 9455","","4.7","26","https://www.instagram.com/mecanica.hiq/","solo_red_social","","true","Taller mecánico","Carlos, Francisco Guarderas y Jorge Páez 47-457, 170104 Quito","Quito Tenis, Quito","https://www.google.com/maps/place/Mec%C3%A1nica+Automotriz+HIQ/data=!4m7!3m6!1s0x91d59b5c02c76653:0xda20ee1de533135!8m2!3d-0.1521769!4d-78.4919!16s%2Fg%2F11fmllbhbl!19sChIJU2bHAlyb1ZERNTFT3uEOog0?authuser=0&hl=es-419&g_ep=EgoyMDI2MDkxNS4wIJJjKgBIAVAD&rclk=1"
"Globaltech Equipamiento Automotriz","(02) 229-4640","ventas@globaltech-car.com","4.4","72","https://globaltech-car.com/","sitio_propio","","false","Importador de equipos","Luis Napoleón Dillon 102, 170315 Quito","Quito Tenis, Quito","https://www.google.com/maps/place/Globaltech+Equipamiento+Automotriz/data=!4m7!3m6!1s0x91d5856b2788a035:0x2e3cc5c9e3a00724!8m2!3d-0.1258636!4d-78.4970814!16s%2Fg%2F11b6_f3yrf!19sChIJNaCIJ2uF1ZERJAeg48nFPC4?authuser=0&hl=es-419&g_ep=EgoyMDI2MDkxNS4wIJJjKgBIAVAD&rclk=1"
"Taller Automotriz Multimarcas ""VOLCAR""","099 252 9191","","4.7","15","","ninguno","","true","Taller de reparación de automóviles","Avenida Galo Plaza Lasso, e, #E 317, Isaac Albéniz, 170503 Quito","Quito Tenis, Quito","https://www.google.com/maps/place/Taller+Automotriz+Multimarcas+%22VOLCAR%22/data=!4m7!3m6!1s0x91d59aaed0fb683f:0x1760563977c83eb4!8m2!3d-0.1529699!4d-78.4813557!16s%2Fg%2F11ggz30pfc!19sChIJP2j70K6a1ZERtD7IdzlWYBc?authuser=0&hl=es-419&g_ep=EgoyMDI2MDkxNS4wIJJjKgBIAVAD&rclk=1"
"RC MOTORS - Mecanica Automotriz en Quito","096 425 2001","","5","9","","ninguno","","true","Taller de reparación de automóviles","junto a la Unidad Educativa Sagrados Corazones de Rumipamba, Atahualpa, y y Av. 10 de Agosto, 170147 Quito","Quito Tenis, Quito","https://www.google.com/maps/place/RC+MOTORS+-+Mecanica+Automotriz+en+Quito/data=!4m7!3m6!1s0x91d59b8eb153277f:0xdbb1f050f3168921!8m2!3d-0.1840609!4d-78.4917831!16s%2Fg%2F11xyp1j39t!19sChIJfydTsY6b1ZERIYkW81Dwsds?authuser=0&hl=es-419&g_ep=EgoyMDI2MDkxNS4wIJJjKgBIAVAD&rclk=1"
"Mecanica ""El Gato""","(02) 229-4764","","4.8","19","","ninguno","","true","Taller de automóviles","José H. Figueroa y Norte Oe5-104, 170301 Quito","Cotocollao, Quito","https://www.google.com/maps/place/Mecanica+%22El+Gato%22/data=!4m7!3m6!1s0x91d58572be78ff3f:0xb36b76a50addc4a7!8m2!3d-0.1182065!4d-78.4967659!16s%2Fg%2F11gty_wjjl!19sChIJP_94vnKF1ZERp8TdCqV2a7M?authuser=0&hl=es-419&g_ep=EgoyMDI2MDkxNS4wIJJjKgBIAVAD&rclk=1"
"Talleres Master","(02) 229-0483","","4.8","12","","ninguno","","true","Taller de reparación de automóviles","Machala N67-38, 170103 Quito","Cotocollao, Quito","https://www.google.com/maps/place/Talleres+Master/data=!4m7!3m6!1s0x91d5850b6729eeb3:0x999a6c41ef3334f!8m2!3d-0.1140956!4d-78.4995262!16s%2Fg%2F11grbv1h9q!19sChIJs-4pZwuF1ZERTzPzHsSmmQk?authuser=0&hl=es-419&g_ep=EgoyMDI2MDkxNS4wIJJjKgBIAVAD&rclk=1"
"RAmotors Ingeniería Automotriz","098 612 3715","","4.8","13","","ninguno","","true","Taller de reparación de automóviles","Francisco Pacheco 63203, 170102 Quito","Cotocollao, Quito","https://www.google.com/maps/place/RAmotors+Ingenier%C3%ADa+Automotriz/data=!4m7!3m6!1s0x91d585ec3846bb53:0xf98c1d3e9fdecf3!8m2!3d-0.1195871!4d-78.4998939!16s%2Fg%2F11x8rzw27v!19sChIJU7tGOOyF1ZER8-z96dPBmA8?authuser=0&hl=es-419&g_ep=EgoyMDI2MDkxNS4wIJJjKgBIAVAD&rclk=1"
"AR Motors Centro Integral Automotriz","099 600 0888","","4.9","7","https://www.facebook.com/armotors.uio/","solo_red_social","","true","Planchista","Francisco Pacheco 63-203, 170301 Quito","Cotocollao, Quito","https://www.google.com/maps/place/AR+Motors+Centro+Integral+Automotriz/data=!4m7!3m6!1s0x91d58559b97d9867:0x1b5943000bc93d66!8m2!3d-0.119587!4d-78.4998868!16s%2Fg%2F11mbz6qyjl!19sChIJZ5h9uVmF1ZERZj3JCwBDWRs?authuser=0&hl=es-419&g_ep=EgoyMDI2MDkxNS4wIJJjKgBIAVAD&rclk=1"
"TecnoLopez","098 406 8864","","4.7","43","http://www.facebook.com/TecnoLopezEcuador","solo_red_social","","true","Taller de automóviles","Gral. José María Guerrero y Cap. Hugo Reyes 191, 170103 Quito","Cotocollao, Quito","https://www.google.com/maps/place/TecnoLopez/data=!4m7!3m6!1s0x91d5856b3de65705:0xc7dd8982cf9f55f5!8m2!3d-0.1251212!4d-78.4964621!16s%2Fg%2F11ggg585md!19sChIJBVfmPWuF1ZER9VWfz4KJ3cc?authuser=0&hl=es-419&g_ep=EgoyMDI2MDkxNS4wIJJjKgBIAVAD&rclk=1"
"Autoservicio Cotocollao","098 678 3703","","4.6","7","","ninguno","","true","Taller de revisión de automóviles","Gral. José María Guerrero 125, 170103 Quito","Cotocollao, Quito","https://www.google.com/maps/place/Autoservicio+Cotocollao/data=!4m7!3m6!1s0x91d585f92ac01761:0x5700328ba10ae371!8m2!3d-0.1150947!4d-78.4975432!16s%2Fg%2F11g0lfmhk_!19sChIJYRfAKvmF1ZERceMKoYsyAFc?authuser=0&hl=es-419&g_ep=EgoyMDI2MDkxNS4wIJJjKgBIAVAD&rclk=1"
"Mecanica Automotriz Maiquez","","","4.3","10","","ninguno","","true","Taller de reparación de automóviles","VFGP+973, N60, Quito","Cotocollao, Quito","https://www.google.com/maps/place/Mecanica+Automotriz+Maiquez/data=!4m7!3m6!1s0x91d5854493627d2f:0x44d64da58e97c0cd!8m2!3d-0.1241093!4d-78.5143423!16s%2Fg%2F11rxykhp67!19sChIJL31ik0SF1ZERzcCXjqVN1kQ?authuser=0&hl=es-419&g_ep=EgoyMDI2MDkxNS4wIJJjKgBIAVAD&rclk=1"
"GARAGE DANIELS SERVICIO AUTOMOTRIZ","096 366 7323","","4.9","9","https://www.facebook.com/DanielsGarageUIO","solo_red_social","","true","Taller de automóviles","Oe17B y N56D &, 170103 Quito","Cotocollao, Quito","https://www.google.com/maps/place/GARAGE+DANIELS+SERVICIO+AUTOMOTRIZ/data=!4m7!3m6!1s0x91d585ab0e08220b:0x29879ea74646712f!8m2!3d-0.1294675!4d-78.5159167!16s%2Fg%2F11q93fpl9y!19sChIJCyIIDquF1ZERL3FGRqeehyk?authuser=0&hl=es-419&g_ep=EgoyMDI2MDkxNS4wIJJjKgBIAVAD&rclk=1"
"SERVICIO AUTOMOTRIZ MULTIMARCA AUTO LIFE","098 444 2555","","5","7","https://www.facebook.com/AUTO-LIFE-1938965726152299","solo_red_social","","true","Taller mecánico","Rio Bigal OE8-57, 170305 Quito","Cotocollao, Quito","https://www.google.com/maps/place/SERVICIO+AUTOMOTRIZ+MULTIMARCA+AUTO+LIFE/data=!4m7!3m6!1s0x91d5853b44c0d6f9:0xeb6da12f277b6a18!8m2!3d-0.1105233!4d-78.5065573!16s%2Fg%2F11n842mztl!19sChIJ-dbARDuF1ZERGGp7Jy-hbes?authuser=0&hl=es-419&g_ep=EgoyMDI2MDkxNS4wIJJjKgBIAVAD&rclk=1"
"Servicio Automotriz Fix Car","","","4.5","10","","ninguno","","true","Taller de reparación de automóviles","Nazareth Oe4-54 & De Las Dalias, 170303 Quito","Cotocollao, Quito","https://www.google.com/maps/place/Servicio+Automotriz+Fix+Car/data=!4m7!3m6!1s0x91d5856eeef9f683:0x236013418d1d134a!8m2!3d-0.1219678!4d-78.4900393!16s%2Fg%2F11g9q293fc!19sChIJg_b57m6F1ZERShMdjUETYCM?authuser=0&hl=es-419&g_ep=EgoyMDI2MDkxNS4wIJJjKgBIAVAD&rclk=1"
"Taller Multimarca KERS AUTOS","099 894 1418","","4.9","20","","ninguno","","true","Taller mecánico","Antonio Jose de Sucre Y, Rio Peripa 2, 170134 Quito","Cotocollao, Quito","https://www.google.com/maps/place/Taller+Multimarca+KERS+AUTOS/data=!4m7!3m6!1s0x91d58512b3a9a11f:0xae3a9e1100cc5778!8m2!3d-0.1101648!4d-78.5045263!16s%2Fg%2F11h4c3wgsq!19sChIJH6GpsxKF1ZEReFfMABGeOq4?authuser=0&hl=es-419&g_ep=EgoyMDI2MDkxNS4wIJJjKgBIAVAD&rclk=1"
"Automotriz Baez","(02) 259-8939","","4.6","40","","ninguno","","true","Taller de reparación de automóviles","Pablo Palacios N67-38, 170301 Quito","Cotocollao, Quito","https://www.google.com/maps/place/Automotriz+Baez/data=!4m7!3m6!1s0x91d585b5e9b9acc7:0xdac99e7b83c283ee!8m2!3d-0.1113426!4d-78.4922984!16s%2Fg%2F11g4dhq3tl!19sChIJx6y56bWF1ZER7oPCg3ueydo?authuser=0&hl=es-419&g_ep=EgoyMDI2MDkxNS4wIJJjKgBIAVAD&rclk=1"
"Centro Automotriz VOLSKWAGEN","(02) 259-6615","","4.3","11","","ninguno","","true","Taller mecánico","VFJV+445, Bernardo de Legarda, 170103 Quito","Cotocollao, Quito","https://www.google.com/maps/place/Centro+Automotriz+VOLSKWAGEN/data=!4m7!3m6!1s0x91d5851030849483:0xc219423e0955f4ad!8m2!3d-0.1197327!4d-78.5071456!16s%2Fg%2F11d_71xpjd!19sChIJg5SEMBCF1ZERrfRVCT5CGcI?authuser=0&hl=es-419&g_ep=EgoyMDI2MDkxNS4wIJJjKgBIAVAD&rclk=1"
"RB MOTORS Soluciones Automotrices","096 233 4488","","4.8","6","","ninguno","","true","Taller de reparación de automóviles","Saraguro 248, 170144 Quito","Cotocollao, Quito","https://www.google.com/maps/place/RB+MOTORS+Soluciones+Automotrices/data=!4m7!3m6!1s0x91d585fd44f2cbbd:0x4c00e25771b3d6bc!8m2!3d-0.1214526!4d-78.4929959!16s%2Fg%2F11sy3qrpv1!19sChIJvcvyRP2F1ZERvNazcVfiAEw?authuser=0&hl=es-419&g_ep=EgoyMDI2MDkxNS4wIJJjKgBIAVAD&rclk=1"
"Tecnicentro ""Carcelén"" vulcanizadora alineación y balanceo","099 340 2754","","4.5","33","","ninguno","","true","Taller de automóviles","Isidro Ayora N84-155, 170302 Quito","Carcelén, Quito","https://www.google.com/maps/place/Tecnicentro+%22Carcel%C3%A9n%22+vulcanizadora+alineaci%C3%B3n+y+balanceo/data=!4m7!3m6!1s0x91d58f5a5ba82769:0xd0eada9822157ca6!8m2!3d-0.0838542!4d-78.467243!16s%2Fg%2F11fcp85jjm!19sChIJaSeoW1qP1ZERpnwVIpja6tA?authuser=0&hl=es-419&g_ep=EgoyMDI2MDkxNS4wIJJjKgBIAVAD&rclk=1"
"Spa Auto Carcelen","","","4.6","89","","ninguno","","true","Planchista","WG8H+89M, 170120 Quito","Carcelén, Quito","https://www.google.com/maps/place/Spa+Auto+Carcelen/data=!4m7!3m6!1s0x91d58fed9ba33771:0x33ee24cb9945b15c!8m2!3d-0.0841744!4d-78.4715693!16s%2Fg%2F11g2zkrg8g!19sChIJcTejm-2P1ZERXLFFmcsk7jM?authuser=0&hl=es-419&g_ep=EgoyMDI2MDkxNS4wIJJjKgBIAVAD&rclk=1"
"Mecánica Automotriz ORBEAUTO","096 900 0082","","4.4","8","","ninguno","","true","Taller de reparación de automóviles","Juan Campozano y pasaje N83A N83-51 Y, 170120 Quito","Carcelén, Quito","https://www.google.com/maps/place/Mec%C3%A1nica+Automotriz+ORBEAUTO/data=!4m7!3m6!1s0x91d58552faf45a99:0x975bfe673a1e24f!8m2!3d-0.0856254!4d-78.4771448!16s%2Fg%2F11lf8vb5j8!19sChIJmVr0-lKF1ZERT-Khc-a_dQk?authuser=0&hl=es-419&g_ep=EgoyMDI2MDkxNS4wIJJjKgBIAVAD&rclk=1"
"Talleres Montero","(02) 280-3166","","4.7","6","","ninguno","","true","Taller de automóviles","Av. Isidro Ayora N84-136, 170120 Quito","Carcelén, Quito","https://www.google.com/maps/place/Talleres+Montero/data=!4m7!3m6!1s0x91d58f5a59a07585:0x4382d7f52bc952bc!8m2!3d-0.0838834!4d-78.4669289!16s%2Fg%2F11gr26kmx0!19sChIJhXWgWVqP1ZERvFLJK_XXgkM?authuser=0&hl=es-419&g_ep=EgoyMDI2MDkxNS4wIJJjKgBIAVAD&rclk=1"
"Autotronic Performance","098 140 0398","","4.7","10","https://www.facebook.com/Autotronicperformance/?__xts__[0]=68.ARC2GNZ2XS5YalVooe_7q7zMHedziZUyeNqoihv3zmmzaLBaovdq","solo_red_social","","true","Taller de reparación de automóviles","170302 Quito","Carcelén, Quito","https://www.google.com/maps/place/Autotronic+Performance/data=!4m7!3m6!1s0x91d58f27e7f68c21:0xdffb615dedf07001!8m2!3d-0.086091!4d-78.4741842!16s%2Fg%2F11rbfq3q_q!19sChIJIYz25yeP1ZERAXDw7V1h-98?authuser=0&hl=es-419&g_ep=EgoyMDI2MDkxNS4wIJJjKgBIAVAD&rclk=1"
"L&G Mundo Automotor","099 953 8595","","4.2","11","","ninguno","","true","Taller de reparación de automóviles","Calle N92, S/N, 170302 Quito","Carcelén, Quito","https://www.google.com/maps/place/L%26G+Mundo+Automotor/data=!4m7!3m6!1s0x91d58f4d68f4a2ad:0x2ff9e38a1080a519!8m2!3d-0.074471!4d-78.4630227!16s%2Fg%2F11ffm1_cn8!19sChIJraL0aE2P1ZERGaWAEIrj-S8?authuser=0&hl=es-419&g_ep=EgoyMDI2MDkxNS4wIJJjKgBIAVAD&rclk=1"
"Repuestos y Taller automotriz A&B","099 872 4369","","5","8","","ninguno","","true","Tienda de repuestos para automóviles","Calle E3 y N90, 170120 Quito","Carcelén, Quito","https://www.google.com/maps/place/Repuestos+y+Taller+automotriz+A%26B/data=!4m7!3m6!1s0x91d58f2c025c2471:0x6478395ada7e97ae!8m2!3d-0.0766155!4d-78.465806!16s%2Fg%2F11qnq_6ffn!19sChIJcSRcAiyP1ZERrpd-2lo5eGQ?authuser=0&hl=es-419&g_ep=EgoyMDI2MDkxNS4wIJJjKgBIAVAD&rclk=1"
"Automotriz Fiat","098 718 0515","","4.6","15","","ninguno","","true","Taller mecánico","Av. Jaime Roldós Aguilera E1 -90, 170302 Quito","Carcelén, Quito","https://www.google.com/maps/place/Automotriz+Fiat/data=!4m7!3m6!1s0x91d58f5a0d092f0b:0xd1a3a386fa1030c4!8m2!3d-0.0828011!4d-78.468248!16s%2Fg%2F11gr26kkyq!19sChIJCy8JDVqP1ZERxDAQ-oajo9E?authuser=0&hl=es-419&g_ep=EgoyMDI2MDkxNS4wIJJjKgBIAVAD&rclk=1"
"Clean Stage Mecanica Automotriz","099 860 6844","","5","11","","ninguno","","true","Taller mecánico","Quito","Carcelén, Quito","https://www.google.com/maps/place/Clean+Stage+Mecanica+Automotriz/data=!4m7!3m6!1s0x91d58ff7fd446059:0x63aaf7ec81a0a7c9!8m2!3d-0.1051875!4d-78.4304375!16s%2Fg%2F11fdxktml6!19sChIJWWBE_feP1ZERyaeggez3qmM?authuser=0&hl=es-419&g_ep=EgoyMDI2MDkxNS4wIJJjKgBIAVAD&rclk=1"
"TECNICAJAS ARCAS","097 869 5556","","4.3","18","","ninguno","","true","Taller de reparación de automóviles","Av. Jaime Roldós Aguilera, 170120 Quito","Carcelén, Quito","https://www.google.com/maps/place/TECNICAJAS+ARCAS/data=!4m7!3m6!1s0x91d58fb8f9ed7e09:0xb82d776b8362d697!8m2!3d-0.0876005!4d-78.4762612!16s%2Fg%2F11jfryvgyl!19sChIJCX7t-biP1ZERl9Zig2t3Lbg?authuser=0&hl=es-419&g_ep=EgoyMDI2MDkxNS4wIJJjKgBIAVAD&rclk=1"
"Vulcaline Diego de Vásquez","093 904 1611","","4.4","31","","ninguno","","true","Taller de automóviles","Av. Diego de Vásquez N78-410 y 170120, Mariano Paredes, Quito","Carcelén, Quito","https://www.google.com/maps/place/Vulcaline+Diego+de+V%C3%A1squez/data=!4m7!3m6!1s0x91d5858c7fb4363f:0xa0963e275884e7ae!8m2!3d-0.0938425!4d-78.4810496!16s%2Fg%2F11bwf6wfl3!19sChIJPza0f4yF1ZERrueEWCc-lqA?authuser=0&hl=es-419&g_ep=EgoyMDI2MDkxNS4wIJJjKgBIAVAD&rclk=1"
"Diesel Engine","099 254 7180","","4.3","6","","ninguno","","true","Taller mecánico","Perimetral lote 273, 170302 Quito","Carcelén, Quito","https://www.google.com/maps/place/Diesel+Engine/data=!4m7!3m6!1s0x91d58fd3f9975e47:0x6c906a4169256fd2!8m2!3d-0.0793489!4d-78.4708927!16s%2Fg%2F11jppyvlsn!19sChIJR16X-dOP1ZER0m8laUFqkGw?authuser=0&hl=es-419&g_ep=EgoyMDI2MDkxNS4wIJJjKgBIAVAD&rclk=1"
"Talleres Epimotors","(02) 502-1113","","4.4","27","","ninguno","","true","Taller de automóviles","Carlos Mantilla y Alhambra Oe6-90 y, 170204 Quito","Carcelén, Quito","https://www.google.com/maps/place/Talleres+Epimotors/data=!4m7!3m6!1s0x91d58f3d5801d961:0xf7411965e9c04ff1!8m2!3d-0.091725!4d-78.441952!16s%2Fg%2F11c3vj3ggh!19sChIJYdkBWD2P1ZER8U_A6WUZQfc?authuser=0&hl=es-419&g_ep=EgoyMDI2MDkxNS4wIJJjKgBIAVAD&rclk=1"
"Hivimar","(02) 373-1900","","4.7","10","http://www.hivimar.com/","sitio_propio","","true","Tienda de repuestos para automóviles","Joaquín Mancheno, y y Manuel Najas, 170303 Quito","Carcelén, Quito","https://www.google.com/maps/place/Hivimar/data=!4m7!3m6!1s0x91d5850b5aea89cb:0x115f3ff2c8f85abe!8m2!3d-0.0965988!4d-78.4762934!16s%2Fg%2F11n0pq2d4v!19sChIJy4nqWguF1ZERvlr4yPI_XxE?authuser=0&hl=es-419&g_ep=EgoyMDI2MDkxNS4wIJJjKgBIAVAD&rclk=1"
"Taller automotriz Ballesteros y Pazmiño - Especialista Hyundai Sur de Quito","098 991 3557","talleresbyp@gmail.com","4.6","114","http://www.mecanicasurdequito.com/","sitio_propio","","false","Taller de automóviles","Chumunde Oe5-389 y, 170148 Quito","Solanda, Quito","https://www.google.com/maps/place/Taller+automotriz+Ballesteros+y+Pazmi%C3%B1o+-+Especialista+Hyundai+Sur+de+Quito/data=!4m7!3m6!1s0x91d598dcb9617a2b:0x9fda20ff3bb34bd9!8m2!3d-0.2651108!4d-78.5480297!16s%2Fg%2F11gbwzvsz8!19sChIJK3phudyY1ZER2UuzO_8g2p8?authuser=0&hl=es-419&g_ep=EgoyMDI2MDkxNS4wIJJjKgBIAVAD&rclk=1"
"Mecánica Automotriz Sur de Quito: LEON MOTORS (Ingeniería Automotríz)","099 562 9786","","5","54","","ninguno","","true","Taller de reparación de automóviles","Chantilin &, 170148 Quito","Solanda, Quito","https://www.google.com/maps/place/Mec%C3%A1nica+Automotriz+Sur+de+Quito:+LEON+MOTORS+%28Ingenier%C3%ADa+Automotr%C3%ADz%29/data=!4m7!3m6!1s0x91d598e14004584f:0x86277d3f7b9ab4e8!8m2!3d-0.2634206!4d-78.5453586!16s%2Fg%2F11hck2g_nw!19sChIJT1gEQOGY1ZER6LSaez99J4Y?authuser=0&hl=es-419&g_ep=EgoyMDI2MDkxNS4wIJJjKgBIAVAD&rclk=1"
"taller de mecanica tecnologia automotriz","099 603 6791","","4.5","18","","ninguno","","true","Taller mecánico","PFG5+3GC, Unnamed Road, 170131 Quito","Solanda, Quito","https://www.google.com/maps/place/taller+de+mecanica+tecnologia+automotriz/data=!4m7!3m6!1s0x91d599c12c5967f7:0x96fc7912ca541d49!8m2!3d-0.2748061!4d-78.54122!16s%2Fg%2F11fd71_jph!19sChIJ92dZLMGZ1ZERSR1UyhJ5_JY?authuser=0&hl=es-419&g_ep=EgoyMDI2MDkxNS4wIJJjKgBIAVAD&rclk=1"
"TALLER MECÀNICO FIAT UNO","099 032 6987","","4.8","6","","ninguno","","true","Taller mecánico","VGF8+QVP, 170144 Quito","Solanda, Quito","https://www.google.com/maps/place/TALLER+MEC%C3%80NICO+FIAT+UNO/data=!4m7!3m6!1s0x91d5850ddd80cf0b:0xb08b19b70c01acec!8m2!3d-0.1255313!4d-78.4828091!16s%2Fg%2F11kytjmz6c!19sChIJC8-A3Q2F1ZER7KwBDLcZi7A?authuser=0&hl=es-419&g_ep=EgoyMDI2MDkxNS4wIJJjKgBIAVAD&rclk=1"
"Llanticentro Quito","098 616 9056","","4.4","83","https://llanticentro.ec/","sitio_propio","","false","Tienda de neumáticos","N72 y Av Diego Vásquez de Cepeda 104, 170301 Quito","Solanda, Quito","https://www.google.com/maps/place/Llanticentro+Quito/data=!4m7!3m6!1s0x91d585859a9c6de7:0xf1525e23ee2b0950!8m2!3d-0.1011319!4d-78.4831565!16s%2Fg%2F11c30tw2fv!19sChIJ522cmoWF1ZERUAkr7iNeUvE?authuser=0&hl=es-419&g_ep=EgoyMDI2MDkxNS4wIJJjKgBIAVAD&rclk=1"
"Servicios Automotrices JD","098 652 8830","diegointriago001@gmail.com","4.7","243","http://www.serviciosautomotricesjd.com/","sitio_propio","2026","false","Taller de reparación de automóviles","Isla Sta. Cruz 145, 170812 Quito","Solanda, Quito","https://www.google.com/maps/place/Servicios+Automotrices+JD/data=!4m7!3m6!1s0x91d59a18c5f2ada9:0xa4eaf5701f7b99fb!8m2!3d-0.2527021!4d-78.4805329!16s%2Fg%2F11fd6fczk7!19sChIJqa3yxRia1ZER-5l7H3D16qQ?authuser=0&hl=es-419&g_ep=EgoyMDI2MDkxNS4wIJJjKgBIAVAD&rclk=1"
"MGA GARAGE","099 703 5423","info@mgagarage.com","4.6","109","http://mgagarage.com/","sitio_propio","2015","true","Taller de chapa y pintura","De los Naranjos, 170503 Quito","Solanda, Quito","https://www.google.com/maps/place/MGA+GARAGE/data=!4m7!3m6!1s0x91d5914a4e0cea41:0xd77ddea8649fbdd9!8m2!3d-0.1645385!4d-78.466678!16s%2Fg%2F11j038kdqj!19sChIJQeoMTkqR1ZER2b2fZKjefdc?authuser=0&hl=es-419&g_ep=EgoyMDI2MDkxNS4wIJJjKgBIAVAD&rclk=1"
"MotorCheck","(02) 244-2977","","4.6","85","","ninguno","","true","Taller de reparación de automóviles","C. B N48-133, 170132 Quito","Solanda, Quito","https://www.google.com/maps/place/MotorCheck/data=!4m7!3m6!1s0x91d59aca0d0b7d15:0xba254fc983742cf4!8m2!3d-0.1500859!4d-78.4985769!16s%2Fg%2F11fdw5z9fc!19sChIJFX0LDcqa1ZER9Cx0g8lPJbo?authuser=0&hl=es-419&g_ep=EgoyMDI2MDkxNS4wIJJjKgBIAVAD&rclk=1"
"Mecanica Automotriz Andres Sur de Quito","096 915 1578","","4.4","18","","ninguno","","true","Taller mecánico","Galo Molina 257-207, 170111 Quito","Solanda, Quito","https://www.google.com/maps/place/Mecanica+Automotriz+Andres+Sur+de+Quito/data=!4m7!3m6!1s0x91d599f8c70a8dcd:0xb85fedd91799d00e!8m2!3d-0.2515505!4d-78.5288126!16s%2Fg%2F11r_v64nhy!19sChIJzY0Kx_iZ1ZERDtCZF9ntX7g?authuser=0&hl=es-419&g_ep=EgoyMDI2MDkxNS4wIJJjKgBIAVAD&rclk=1"
"SERVIAUTO","099 816 3131","","4.2","66","","ninguno","","true","Taller de reparación de automóviles","De los Tulipanes y Av. 6 de Diciembre E10-42, 170503 Quito","Solanda, Quito","https://www.google.com/maps/place/SERVIAUTO/data=!4m7!3m6!1s0x91d59b3301cff301:0xb583a1e75dbf5026!8m2!3d-0.1602442!4d-78.4764639!16s%2Fg%2F11g1pxtlv2!19sChIJAfPPATOb1ZERJlC_Xeehg7U?authuser=0&hl=es-419&g_ep=EgoyMDI2MDkxNS4wIJJjKgBIAVAD&rclk=1"
"Mecánica - MAO Mantenimiento Automotriz Ortega - Sur","098 406 6067","","4.7","434","http://www.mao.ec/","sitio_propio","","true","Taller de reparación de automóviles","Cusubamba, 170131 Quito","Solanda, Quito","https://www.google.com/maps/place/Mec%C3%A1nica+-+MAO+Mantenimiento+Automotriz+Ortega+-+Sur/data=!4m7!3m6!1s0x91d598c0434900ed:0x1e9a2fe915790188!8m2!3d-0.2739004!4d-78.5455647!16s%2Fg%2F11c32lswss!19sChIJ7QBJQ8CY1ZERiAF5Fekvmh4?authuser=0&hl=es-419&g_ep=EgoyMDI2MDkxNS4wIJJjKgBIAVAD&rclk=1"
"Repuestos automotrices Electroauto Frank","099 905 0197","","4.7","14","","ninguno","","true","Servicio de reparación de sistemas eléctricos para automóviles","De los Guabos, Y y Pedro Izquierdo E10-137, 170502 Quito","Solanda, Quito","https://www.google.com/maps/place/Repuestos+automotrices+Electroauto+Frank/data=!4m7!3m6!1s0x91d59aaaa10b4e5f:0x8aa3014cb93d2b36!8m2!3d-0.1532316!4d-78.4739541!16s%2Fg%2F11gphl9fls!19sChIJX04Loaqa1ZERNis9uUwBo4o?authuser=0&hl=es-419&g_ep=EgoyMDI2MDkxNS4wIJJjKgBIAVAD&rclk=1"
"PIT STOP ""Servicio Automotriz""","099 652 7734","","4.8","36","","ninguno","","true","Taller de reparación de automóviles","Cerro Hermoso, 170603 Quito","Solanda, Quito","https://www.google.com/maps/place/PIT+STOP+%22Servicio+Automotriz%22/data=!4m7!3m6!1s0x91d59998eef95c8d:0x7898eb7d1d620444!8m2!3d-0.2430183!4d-78.5163831!16s%2Fg%2F11hfhs0tkz!19sChIJjVz57piZ1ZERRARiHX3rmHg?authuser=0&hl=es-419&g_ep=EgoyMDI2MDkxNS4wIJJjKgBIAVAD&rclk=1"
"Handband Centro de Servicio Automotriz","099 912 3486","","5","26","https://www.facebook.com/profile.php?id=100057636812480&mibextid=b06tZ0","solo_red_social","","true","Taller de reparación de automóviles","Avenida Mariscal Sucre, Quitumbe y S37E, Quito","Solanda, Quito","https://www.google.com/maps/place/Handband+Centro+de+Servicio+Automotriz/data=!4m7!3m6!1s0x91d5a20731a1ffbd:0x57c0a8da4d2eeac5!8m2!3d-0.2951501!4d-78.5599302!16s%2Fg%2F11gjwg4h7j!19sChIJvf-hMQei1ZERxeouTdqowFc?authuser=0&hl=es-419&g_ep=EgoyMDI2MDkxNS4wIJJjKgBIAVAD&rclk=1"
"MULTISERVICIOS AUTOMOTRICES JM, Alineación y Balanceo, Mecánica Automotriz, Servicio de Winchas, Plataforma Autocargable","099 163 5018","jcgallog@gmail.com","4.6","15","https://multiservicios-automotricesjm.amawebs.com/","sitio_propio","2026","false","Taller mecánico","Santa Rita,Quito 170131 Cusubamba OE4-240 Entre Apuela, y y Rumichaca, 170131 Quito","Solanda, Quito","https://www.google.com/maps/place/MULTISERVICIOS+AUTOMOTRICES+JM,+Alineaci%C3%B3n+y+Balanceo,+Mec%C3%A1nica+Automotriz,+Servicio+de+Winchas,+Plataforma+Autocargable/data=!4m7!3m6!1s0x91d598c0f8802fb3:0xf5715b41d2969a91!8m2!3d-0.2732691!4d-78.5461615!16s%2Fg%2F11hbgj9g_p!19sChIJsy-A-MCY1ZERkZqW0kFbcfU?authuser=0&hl=es-419&g_ep=EgoyMDI2MDkxNS4wIJJjKgBIAVAD&rclk=1"
"TECNICENTRO AUTOMOTRIZ GAVILANES","096 903 1190","","5","30","","ninguno","","true","Taller de reparación de automóviles","Av. Quitumbe Ñan, y y S33D, 170146 Quito","Solanda, Quito","https://www.google.com/maps/place/TECNICENTRO+AUTOMOTRIZ+GAVILANES/data=!4m7!3m6!1s0x91d599894e2062b7:0xc26368aba56d4489!8m2!3d-0.2904498!4d-78.5453003!16s%2Fg%2F11q9tpv3k4!19sChIJt2IgTomZ1ZERiURtpatoY8I?authuser=0&hl=es-419&g_ep=EgoyMDI2MDkxNS4wIJJjKgBIAVAD&rclk=1"
"DG Motors Taller Automotríz Quito sur","098 304 3275","","4.3","13","","ninguno","","true","Taller de reparación de automóviles","PFVH+9Q6, James Sivewrigth, 170121 Quito","Solanda, Quito","https://www.google.com/maps/place/DG+Motors+Taller+Automotr%C3%ADz+Quito+sur/data=!4m7!3m6!1s0x91d59900422e8681:0xfa65b981e53b63ee!8m2!3d-0.2565834!4d-78.520605!16s%2Fg%2F11x95l27__!19sChIJgYYuQgCZ1ZER7mM75YG5Zfo?authuser=0&hl=es-419&g_ep=EgoyMDI2MDkxNS4wIJJjKgBIAVAD&rclk=1"
"Electricidad Automotriz Sánchez","","","4.3","18","","ninguno","","true","Taller de reparación de automóviles","170148 Quito","Solanda, Quito","https://www.google.com/maps/place/Electricidad+Automotriz+S%C3%A1nchez/data=!4m7!3m6!1s0x91d598ed444ef1b7:0xac481826e00c0307!8m2!3d-0.2744389!4d-78.532956!16s%2Fg%2F11hd7dq5l7!19sChIJt_FORO2Y1ZERBwMM4CYYSKw?authuser=0&hl=es-419&g_ep=EgoyMDI2MDkxNS4wIJJjKgBIAVAD&rclk=1"
"Hyundai Lanzoty","(02) 394-7740","","4.1","20","https://www.hyundai.com.ec/","sitio_propio","","true","Concesionario Hyundai","Av. Morán Valverde, y y Av. Tnte. Hugo Ortiz, 170702 Quito","Solanda, Quito","https://www.google.com/maps/place/Hyundai+Lanzoty/data=!4m7!3m6!1s0x91d59999553c1f3f:0x80b00df4451a2085!8m2!3d-0.283859!4d-78.542786!16s%2Fg%2F11l1yl8nf_!19sChIJPx88VZmZ1ZERhSAaRfQNsIA?authuser=0&hl=es-419&g_ep=EgoyMDI2MDkxNS4wIJJjKgBIAVAD&rclk=1"
"Mansuera Carapungo","(02) 242-8488","","4.1","140","https://www.mansuera.com/","sitio_propio","","false","Tienda de repuestos para automóviles","Panamericana Norte KM 11, OE 11-174 y, Alfonso Moncayo, 170203 Quito","Solanda, Quito","https://www.google.com/maps/place/Mansuera+Carapungo/data=!4m7!3m6!1s0x91d58ffc41829d4f:0x537a5ab7ee6cadc9!8m2!3d-0.10814!4d-78.452112!16s%2Fg%2F11j2fnvykg!19sChIJT52CQfyP1ZERya1s7rdaelM?authuser=0&hl=es-419&g_ep=EgoyMDI2MDkxNS4wIJJjKgBIAVAD&rclk=1"
"Servicio Automotriz J-L","","","5","9","","ninguno","","true","Taller de reparación de automóviles","PFMC+FM9, 170148 Quito","Solanda, Quito","https://www.google.com/maps/place/Servicio+Automotriz+J-L/data=!4m7!3m6!1s0x91d598f09ba0f561:0xc4063362e16c2507!8m2!3d-0.2663414!4d-78.5282772!16s%2Fg%2F11f4l6wz99!19sChIJYfWgm_CY1ZERByVs4WIzBsQ?authuser=0&hl=es-419&g_ep=EgoyMDI2MDkxNS4wIJJjKgBIAVAD&rclk=1"
"Autoservicios del Sur","","","4.7","26","https://www.facebook.com/Autoservicios-Del-Sur-Mec%C3%A1nica-Automotriz-862634580503586/","solo_red_social","","true","Taller mecánico","Ecuador 593, 170142 Quito","Solanda, Quito","https://www.google.com/maps/place/Autoservicios+del+Sur/data=!4m7!3m6!1s0x91d599620a9b5a91:0xcd390ad57bb57795!8m2!3d-0.2632915!4d-78.5473741!16s%2Fg%2F11gj0ymsq0!19sChIJkVqbCmKZ1ZERlXe1e9UKOc0?authuser=0&hl=es-419&g_ep=EgoyMDI2MDkxNS4wIJJjKgBIAVAD&rclk=1"
"Mecanica Automotriz J.A.M","","","4.4","25","","ninguno","","true","Taller de reparación de automóviles","PC5R+97M, 170105 Quito","Solanda, Quito","https://www.google.com/maps/place/Mecanica+Automotriz+J.A.M/data=!4m7!3m6!1s0x91d598a99ea3e653:0x80379131d0593bc!8m2!3d-0.2915452!4d-78.5593338!16s%2Fg%2F11c6cqwfjd!19sChIJU-ajnqmY1ZERvJMFHRN5Awg?authuser=0&hl=es-419&g_ep=EgoyMDI2MDkxNS4wIJJjKgBIAVAD&rclk=1"
"Automotriz del Valle www.tallerautomotriz.ec","096 169 4455","info@tallerautomotriz.ec","4.9","27","http://www.tallerautomotriz.ec/","sitio_propio","","false","Taller mecánico","Los Tilos &, Quito","Solanda, Quito","https://www.google.com/maps/place/Automotriz+del+Valle+www.tallerautomotriz.ec/data=!4m7!3m6!1s0x91d5bd9981589021:0x6f0837aed474faac!8m2!3d-0.3176812!4d-78.4599543!16s%2Fg%2F11mn1cj3f9!19sChIJIZBYgZm91ZERrPp01K43CG8?authuser=0&hl=es-419&g_ep=EgoyMDI2MDkxNS4wIJJjKgBIAVAD&rclk=1"
"Mecanica Automotriz ""La Dolorosa""","(02) 273-3092","","4.2","23","","ninguno","","true","Taller de reparación de automóviles","Sigsipamba S19-15, 170139 Quito","Solanda, Quito","https://www.google.com/maps/place/Mecanica+Automotriz+%22La+Dolorosa%22/data=!4m7!3m6!1s0x91d598f3505900d7:0xe3edb27657080730!8m2!3d-0.2745507!4d-78.5268387!16s%2Fg%2F11gpj4b13l!19sChIJ1wBZUPOY1ZERMAcIV3ay7eM?authuser=0&hl=es-419&g_ep=EgoyMDI2MDkxNS4wIJJjKgBIAVAD&rclk=1"
"AUTOMECANICA EN GENERAL (AMG) | Taller mecánico - automotriz - electromecánico","098 783 5692","","4.6","57","","ninguno","","true","Taller de automóviles","Julian Estrella y Manuel Coronado, 170105 Quito","Solanda, Quito","https://www.google.com/maps/place/AUTOMECANICA+EN+GENERAL+%28AMG%29+%7C+Taller+mec%C3%A1nico+-+automotriz+-+electromec%C3%A1nico/data=!4m7!3m6!1s0x91d598b7b0d3d1f7:0x9599d46ea195f2d7!8m2!3d-0.2766295!4d-78.5570375!16s%2Fg%2F11gbk42fw_!19sChIJ99HTsLeY1ZER1_KVoW7UmZU?authuser=0&hl=es-419&g_ep=EgoyMDI2MDkxNS4wIJJjKgBIAVAD&rclk=1"
"Ingenieria Automotriz Gonzalez, Taller Mecánico Quito","098 404 0985","","4.6","19","","ninguno","","true","Taller de automóviles","El Pangui y, Serapio Japerabi y OE51 S13 - 36 y, Quito","Solanda, Quito","https://www.google.com/maps/place/Ingenieria+Automotriz+Gonzalez,+Taller+Mec%C3%A1nico+Quito/data=!4m7!3m6!1s0x91d599eb4f5dfc6b:0x2db1444ba47e0ccd!8m2!3d-0.2583288!4d-78.5348937!16s%2Fg%2F11h045wjt1!19sChIJa_xdT-uZ1ZERzQx-pEtEsS0?authuser=0&hl=es-419&g_ep=EgoyMDI2MDkxNS4wIJJjKgBIAVAD&rclk=1"
"Mecanica Automotriz","099 544 2070","","4.8","6","","ninguno","","true","Taller de reparación de automóviles","Monte Olivo y 81, Mayorista S22, 170606 Quito","Solanda, Quito","https://www.google.com/maps/place/Mecanica+Automotriz/data=!4m7!3m6!1s0x91d59892e5584eef:0xe5f7fe85665875db!8m2!3d-0.276031!4d-78.5363188!16s%2Fg%2F11gpnc9yx6!19sChIJ705Y5ZKY1ZER23VYZoX-9-U?authuser=0&hl=es-419&g_ep=EgoyMDI2MDkxNS4wIJJjKgBIAVAD&rclk=1"
"MECANICA AUTOMOTRIZ VOLKSWAGEN","098 449 5064","","4.8","28","","ninguno","","true","Taller de automóviles","QF6H+C2P, 170111 Quito","Solanda, Quito","https://www.google.com/maps/place/MECANICA+AUTOMOTRIZ+VOLKSWAGEN/data=!4m7!3m6!1s0x91d5991979221f49:0x7464e7f89962badd!8m2!3d-0.2389004!4d-78.5224249!16s%2Fg%2F11g1l6rb58!19sChIJSR8ieRmZ1ZER3bpimfjnZHQ?authuser=0&hl=es-419&g_ep=EgoyMDI2MDkxNS4wIJJjKgBIAVAD&rclk=1"
"CENTRO AUTOMOTRIZ INTERCONTINENTAL","099 405 0793","","3.5","11","","ninguno","","true","Taller mecánico","QGR3+RX2, 170143 Quito","Solanda, Quito","https://www.google.com/maps/place/CENTRO+AUTOMOTRIZ+INTERCONTINENTAL/data=!4m7!3m6!1s0x91d59b25e2ef38dd:0x6eed686a88efc068!8m2!3d-0.2079806!4d-78.4951016!16s%2Fg%2F11hz0h1x9w!19sChIJ3Tjv4iWb1ZERaMDviGpo7W4?authuser=0&hl=es-419&g_ep=EgoyMDI2MDkxNS4wIJJjKgBIAVAD&rclk=1"
"Centro automotriz ""Mega auto""","093 923 8960","","4.8","6","","ninguno","","true","Taller mecánico","Cusubamba, y y C-2, Quito","Solanda, Quito","https://www.google.com/maps/place/Centro+automotriz+%22Mega+auto%22/data=!4m7!3m6!1s0x91d5998a1614070d:0xe6b5d32e23bda326!8m2!3d-0.2758856!4d-78.5428061!16s%2Fg%2F11txhcs_yl!19sChIJDQcUFoqZ1ZERJqO9Iy7TteY?authuser=0&hl=es-419&g_ep=EgoyMDI2MDkxNS4wIJJjKgBIAVAD&rclk=1"
"REINDAUTO CÍA. LTDA.","(02) 253-0004","info@reindauto.com.ec","4.5","33","http://www.reindauto.com/","sitio_propio","","false","Ferretería","VGH4+QGW, Sabanilla, y y Av. de la Prensa, 170301 Quito","Solanda, Quito","https://www.google.com/maps/place/REINDAUTO+C%C3%8DA.+LTDA./data=!4m7!3m6!1s0x91d5856dc75f42db:0x58bfb9af3b0a6a19!8m2!3d-0.1205045!4d-78.4936633!16s%2Fg%2F11ff55vc71!19sChIJ20Jfx22F1ZERGWoKO6-5v1g?authuser=0&hl=es-419&g_ep=EgoyMDI2MDkxNS4wIJJjKgBIAVAD&rclk=1"
"Mecánica y Electricidad Automotriz","098 462 6339","","4.6","12","","ninguno","","true","Taller de reparación de automóviles","Malimpia Oe4-298, 170131 Quito","Solanda, Quito","https://www.google.com/maps/place/Mec%C3%A1nica+y+Electricidad+Automotriz/data=!4m7!3m6!1s0x91d598c1dc39ab01:0x21f7fe050741353f!8m2!3d-0.272409!4d-78.5489176!16s%2Fg%2F11gvszs71r!19sChIJAas53MGY1ZERPzVBBwX-9yE?authuser=0&hl=es-419&g_ep=EgoyMDI2MDkxNS4wIJJjKgBIAVAD&rclk=1"
"TALLER AUTOMOTRIZ QUIMBITA","097 934 7803","","4.5","11","","ninguno","","true","Taller mecánico","EC170119","Solanda, Quito","https://www.google.com/maps/place/TALLER+AUTOMOTRIZ+QUIMBITA/data=!4m7!3m6!1s0x91d59906f976377b:0x798fc246e25c61c0!8m2!3d-0.2502024!4d-78.524068!16s%2Fg%2F11fcnpdtq7!19sChIJezd2-QaZ1ZERwGFc4kbCj3k?authuser=0&hl=es-419&g_ep=EgoyMDI2MDkxNS4wIJJjKgBIAVAD&rclk=1"
"Mecanica Automotriz Heredia","(02) 262-6718","","4.8","41","","ninguno","","true","Taller mecánico","PCXX+84R, Francisco Angutia, 170142 Quito","Solanda, Quito","https://www.google.com/maps/place/Mecanica+Automotriz+Heredia/data=!4m7!3m6!1s0x91d5996c56f51be3:0x9421d7105e7a0e12!8m2!3d-0.2516427!4d-78.5522363!16s%2Fg%2F11j2135m17!19sChIJ4xv1VmyZ1ZEREg56XhDXIZQ?authuser=0&hl=es-419&g_ep=EgoyMDI2MDkxNS4wIJJjKgBIAVAD&rclk=1"
"Mecanica Automotriz Pilicita","098 377 2455","","4.9","48","","ninguno","","true","Taller mecánico","Javier Eguiguren S12-67, 170121 Quito","Solanda, Quito","https://www.google.com/maps/place/Mecanica+Automotriz+Pilicita/data=!4m7!3m6!1s0x91d5992e38dd3aa7:0xe0f5fef04dadcfd9!8m2!3d-0.2567517!4d-78.5213427!16s%2Fg%2F11h889h88r!19sChIJpzrdOC6Z1ZER2c-tTfD-9eA?authuser=0&hl=es-419&g_ep=EgoyMDI2MDkxNS4wIJJjKgBIAVAD&rclk=1"
"Tecnicentro Automotriz ""LDM""","098 734 6298","","4.9","14","","ninguno","","true","Taller de reparación de automóviles","Guamote 17-53, 170139 Quito","Solanda, Quito","https://www.google.com/maps/place/Tecnicentro+Automotriz+%22LDM%22/data=!4m7!3m6!1s0x91d598f3ecd9d53d:0xf0de7b380192f20a!8m2!3d-0.2717427!4d-78.5271242!16s%2Fg%2F11gp391p8q!19sChIJPdXZ7POY1ZERCvKSATh73vA?authuser=0&hl=es-419&g_ep=EgoyMDI2MDkxNS4wIJJjKgBIAVAD&rclk=1"
"RINAUTO INGENIERÍA AUTOMOTRIZ","099 574 0559","","4.7","94","https://www.facebook.com/TECNICENTRO-HARD-TIRE-1616633011783901/?fb_dtsg_ag=AdyWw97dn_fDiFUXwLBMHBcJ5Xz6MvTGC3dwvUxyod14CQ:AdzRQSkBEY52fc4JVgT49vIYQXN30ico9X8ZCOxn07rZMA","solo_red_social","","true","Taller de reparación de automóviles","Av. Quitumbe Ñan, 170146 Quito","Quitumbe, Quito","https://www.google.com/maps/place/RINAUTO+INGENIER%C3%8DA+AUTOMOTRIZ/data=!4m7!3m6!1s0x91d5a3a9c9ca5a23:0xa6c481dbe858dff!8m2!3d-0.3119417!4d-78.5528378!16s%2Fg%2F11g3zcj5qy!19sChIJI1rKyamj1ZER_42Fvh1IbAo?authuser=0&hl=es-419&g_ep=EgoyMDI2MDkxNS4wIJJjKgBIAVAD&rclk=1"
"Motriz Del Valle","099 588 8994","","4.8","10","","ninguno","","true","Taller de reparación de automóviles","VILLA SOLIDARIDAD QUITUMBE, S42 E1-72, 170146 Quito","Quitumbe, Quito","https://www.google.com/maps/place/Motriz+Del+Valle/data=!4m7!3m6!1s0x91d5a5508f7544f7:0x4045e4e5eb3e99ed!8m2!3d-0.3022824!4d-78.5406535!16s%2Fg%2F11qp46ssqh!19sChIJ90R1j1Cl1ZER7Zk-6-XkRUA?authuser=0&hl=es-419&g_ep=EgoyMDI2MDkxNS4wIJJjKgBIAVAD&rclk=1"
"Servicio Automotriz Champion","098 775 2469","","4.5","10","","ninguno","","true","Taller de reparación de automóviles","MCRX+34F, Avenida Quitumbe Ñan, Ciudadela Del Ejercito, 170701 Quito","Quitumbe, Quito","https://www.google.com/maps/place/Servicio+Automotriz+Champion/data=!4m7!3m6!1s0x91d5a217aa18b9cd:0xd5b753bc9306f783!8m2!3d-0.3098097!4d-78.5522186!16s%2Fg%2F11hdmm3nds!19sChIJzbkYqhei1ZERg_cGk7xTt9U?authuser=0&hl=es-419&g_ep=EgoyMDI2MDkxNS4wIJJjKgBIAVAD&rclk=1"
"Electronic Motor - Mecanica Automotriz en Quito","099 843 3223","","4.9","7","","ninguno","","true","Taller de reparación de automóviles","Quitumbe, Av. Morán Valverde OE3-410 Rumuchaca, 170150 Quito","Quitumbe, Quito","https://www.google.com/maps/place/Electronic+Motor+-+Mecanica+Automotriz+en+Quito/data=!4m7!3m6!1s0x91d599170e2ee687:0x671eb6f9ba9319!8m2!3d-0.2814494!4d-78.5469111!16s%2Fg%2F11hdw1kwbs!19sChIJh-YuDheZ1ZERGZO6-bYeZwA?authuser=0&hl=es-419&g_ep=EgoyMDI2MDkxNS4wIJJjKgBIAVAD&rclk=1"
"Automotriz Champion","099 571 4276","","4.4","101","","ninguno","","true","Taller de reparación de automóviles","Amauta y C. 5 &, 170146 Quito","Quitumbe, Quito","https://www.google.com/maps/place/Automotriz+Champion/data=!4m7!3m6!1s0x91d5a20b6d10c80d:0xfbe9132c349943d0!8m2!3d-0.297158!4d-78.5453726!16s%2Fg%2F11gbk1tzny!19sChIJDcgQbQui1ZER0EOZNCwT6fs?authuser=0&hl=es-419&g_ep=EgoyMDI2MDkxNS4wIJJjKgBIAVAD&rclk=1"
"TALLER AUTOMOTRIZ AUTOALIANZA","099 555 7966","","5","10","https://www.tiktok.com/@autoalianzataa?_t=8jjzyeGq7rq&_r=1","solo_red_social","","true","Taller mecánico","Rumichaca ñan lote b5, Av. Rumichaca Ñan B5, 170146 Quito","Quitumbe, Quito","https://www.google.com/maps/place/TALLER+AUTOMOTRIZ+AUTOALIANZA/data=!4m7!3m6!1s0x91d5a357f6062c2f:0xf77bafc34ac7da41!8m2!3d-0.295207!4d-78.5517603!16s%2Fg%2F11h391pvkg!19sChIJLywG9lej1ZERQdrHSsOve_c?authuser=0&hl=es-419&g_ep=EgoyMDI2MDkxNS4wIJJjKgBIAVAD&rclk=1"