"nombre","telefono","correo","estrellas","opiniones","pagina_web","clasificacion_sitio","anio_sitio","es_lead","categoria","direccion","zona","maps_url"
"Miskay","098 794 6373","miskayrest@hotmail.com","4.6","1082","https://miskay.ec/en/","sitio_propio","","false","Restaurante ecuatoriano","Joaquín Pinto E6-43, 170524 Quito","La Mariscal, Quito","https://www.google.com/maps/place/Miskay/data=!4m7!3m6!1s0x91d59a136f67b1c5:0x841bb6a04c974ebd!8m2!3d-0.2030392!4d-78.4915043!16s%2Fg%2F11c706r_c0!19sChIJxbFnbxOa1ZERvU6XTKC2G4Q?authuser=0&hl=es-419&g_ep=EgoyMDI2MDkxNC4wIJJjKgBIAVAD&rclk=1"
"Tripas de la Mariscal comida tipica Ecuatoriana","099 208 0756","","4.5","129","","ninguno","","true","Restaurante","Prensa y, Juan Galarza, 170148 Quito","La Mariscal, Quito","https://www.google.com/maps/place/Tripas+de+la+Mariscal+comida+tipica+Ecuatoriana/data=!4m7!3m6!1s0x91d599f93862e44f:0x3bf8ec77bdb9d544!8m2!3d-0.1617296!4d-78.4876369!16s%2Fg%2F11r_l4wpd4!19sChIJT-RiOPmZ1ZERRNW5vXfs-Ds?authuser=0&hl=es-419&g_ep=EgoyMDI2MDkxNC4wIJJjKgBIAVAD&rclk=1"
"RINCON PAISA - PARRILLADAS","","","4.9","19","","ninguno","","true","Restaurante de carnes asadas","Quito Carlos Mantilla, y y Av. Simón Bolívar, 170206 Quito","La Mariscal, Quito","https://www.google.com/maps/place/RINCON+PAISA+-+PARRILLADAS/data=!4m7!3m6!1s0x91d58faaf0203b91:0x59026ca072ff47c5!8m2!3d-0.0759578!4d-78.4350318!16s%2Fg%2F11kb_bsbs1!19sChIJkTsg8KqP1ZERxUf_cqBsAlk?authuser=0&hl=es-419&g_ep=EgoyMDI2MDkxNC4wIJJjKgBIAVAD&rclk=1"
"La Mariscal","099 286 6551","","4.3","41","","ninguno","","true","Restaurante ecuatoriano","QGV5+9CH, Av. Gral. Ignacio de Veintimilla, 170143 Quito","La Mariscal, Quito","https://www.google.com/maps/place/La+Mariscal/data=!4m7!3m6!1s0x91d59a1474b274a3:0x2e900934d907ae76!8m2!3d-0.2065706!4d-78.4913973!16s%2Fg%2F11g4dh9l79!19sChIJo3SydBSa1ZERdq4H2TQJkC4?authuser=0&hl=es-419&g_ep=EgoyMDI2MDkxNC4wIJJjKgBIAVAD&rclk=1"
"Achiote Ecuador - Cuisine","099 338 8489","reservaciones@achiote.com.ec; contact@mysite.com","4.7","751","http://achiote.com.ec/","sitio_propio","2026","false","Restaurante ecuatoriano","Juan Rodríguez 282, 170524 Quito","La Mariscal, Quito","https://www.google.com/maps/place/Achiote+Ecuador+-+Cuisine/data=!4m7!3m6!1s0x91d59a1328648779:0x5a200f747566c4c4!8m2!3d-0.2021066!4d-78.4895434!16s%2Fg%2F11bwc4661k!19sChIJeYdkKBOa1ZERxMRmdXQPIFo?authuser=0&hl=es-419&g_ep=EgoyMDI2MDkxNC4wIJJjKgBIAVAD&rclk=1"
"Fairuz Restaurante UIO","(02) 222-0800","","4.8","4485","https://www.fairuzrestauranteuio.com/","sitio_propio","","false","Restaurante árabe","Av. 6 de Diciembre, 170143 Quito","La Mariscal, Quito","https://www.google.com/maps/place/Fairuz+Restaurante+UIO/data=!4m7!3m6!1s0x91d59a13f2fff6c3:0x922b59a778f94d9c!8m2!3d-0.2051631!4d-78.4917063!16s%2Fg%2F11bwkl04p8!19sChIJw_b_8hOa1ZERnE35eKdZK5I?authuser=0&hl=es-419&g_ep=EgoyMDI2MDkxNC4wIJJjKgBIAVAD&rclk=1"
"Leku Quito","099 716 1998","info@lekuquito.com","4.9","45","http://www.lekuquito.com/","sitio_propio","","false","Restaurante","Pasaje N24J, e y Av. Isabel la Católica, 170525 Quito","La Mariscal, Quito","https://www.google.com/maps/place/Leku+Quito/data=!4m7!3m6!1s0x91d59b00752571b9:0x34ca26d43fdd2b11!8m2!3d-0.2051963!4d-78.4827768!16s%2Fg%2F11yqnls0fj!19sChIJuXEldQCb1ZERESvdP9QmyjQ?authuser=0&hl=es-419&g_ep=EgoyMDI2MDkxNC4wIJJjKgBIAVAD&rclk=1"
"Manducare Grill Restaurante","099 600 5522","","4.8","105","https://manducaregrill.com/","sitio_propio","2026","false","Restaurante","Frente al KFC, FYBECA, Pintulac, Av Diego Vásquez de Cepeda N77-670, 170310 Quito","La Mariscal, Quito","https://www.google.com/maps/place/Manducare+Grill+Restaurante/data=!4m7!3m6!1s0x91d58f9c91f338f7:0xe58053c98d4f58e!8m2!3d-0.0916873!4d-78.4730041!16s%2Fg%2F11t6l0mmx9!19sChIJ9zjzkZyP1ZERjvXUmDwFWA4?authuser=0&hl=es-419&g_ep=EgoyMDI2MDkxNC4wIJJjKgBIAVAD&rclk=1"
"Marcando El Camino","(02) 452-6330","info@marcandoelcamino.ec; reservas@marcandoelcamino.ec","4.7","1228","https://marcandoelcamino.ec/","sitio_propio","2024","false","Restaurante ecuatoriano","José Tamayo 23-75, 170523 Quito","La Mariscal, Quito","https://www.google.com/maps/place/Marcando+El+Camino/data=!4m7!3m6!1s0x91d59b2cab91c47d:0x8ee8028557325097!8m2!3d-0.2066529!4d-78.4901934!16s%2Fg%2F11gxtb7t6z!19sChIJfcSRqyyb1ZERl1AyV4UC6I4?authuser=0&hl=es-419&g_ep=EgoyMDI2MDkxNC4wIJJjKgBIAVAD&rclk=1"
"Beef Sport Grill Bar","099 565 1968","","3.7","28","","ninguno","","true","Restaurante americano","Carlos Mantilla y, C. Diego Midero y Mideros, 170206 Quito","La Mariscal, Quito","https://www.google.com/maps/place/Beef+Sport+Grill+Bar/data=!4m7!3m6!1s0x91d58fc48d997275:0x5a619992cea5e18c!8m2!3d-0.0689818!4d-78.4334255!16s%2Fg%2F11lkhkfrzv!19sChIJdXKZjcSP1ZERjOGlzpKZYVo?authuser=0&hl=es-419&g_ep=EgoyMDI2MDkxNC4wIJJjKgBIAVAD&rclk=1"
"La Hacienda","099 557 5359","","4.6","281","","ninguno","","true","Restaurante","Av. Manuel Córdova Galarza, 170134 Quito","La Mariscal, Quito","https://www.google.com/maps/place/La+Hacienda/data=!4m7!3m6!1s0x91d589c7b118583d:0xd9bcc394d7a2eb7b!8m2!3d-0.0702674!4d-78.4708753!16s%2Fg%2F11jpcd4fmd!19sChIJPVgYsceJ1ZERe-ui15TDvNk?authuser=0&hl=es-419&g_ep=EgoyMDI2MDkxNC4wIJJjKgBIAVAD&rclk=1"
"Asados SAN CARLOS","099 817 7984","","4.4","19","","ninguno","","true","Restaurante familiar","Carlos Mantilla y Guapulo &, 170206 Quito","La Mariscal, Quito","https://www.google.com/maps/place/Asados+SAN+CARLOS/data=!4m7!3m6!1s0x91d5897cb700aa9b:0x6c8dd90d7f600cd0!8m2!3d-0.0715249!4d-78.4339712!16s%2Fg%2F11q2t35lkk!19sChIJm6oAt3yJ1ZER0Axgfw3ZjWw?authuser=0&hl=es-419&g_ep=EgoyMDI2MDkxNC4wIJJjKgBIAVAD&rclk=1"
"Somos Ecuador Restaurante","099 800 3622","info@somos.rest; experience@somos.rest","4.9","3278","http://www.somos.rest/?utm_source=google&utm_medium=wix_google_business_profile&utm_campaign=17875309638607583749","sitio_propio","","false","Restaurante ecuatoriano","Av. Eloy Alfaro N34-421, 170504 Quito","La Mariscal, Quito","https://www.google.com/maps/place/Somos+Ecuador+Restaurante/data=!4m7!3m6!1s0x91d59b558de798cf:0xf810e099a48a864a!8m2!3d-0.1826782!4d-78.4759904!16s%2Fg%2F11l8glkhv5!19sChIJz5jnjVWb1ZERSoaKpJngEPg?authuser=0&hl=es-419&g_ep=EgoyMDI2MDkxNC4wIJJjKgBIAVAD&rclk=1"
"Las Menestras De La Almagro","(02) 601-3016","","4.5","2968","","ninguno","","true","Restaurante ecuatoriano","Diego de Almagro N24-139, 170517 Quito","La Mariscal, Quito","https://www.google.com/maps/place/Las+Menestras+De+La+Almagro/data=!4m7!3m6!1s0x91d59a6d6eeb9b4d:0x6e4e564108456580!8m2!3d-0.2034271!4d-78.4904111!16s%2Fg%2F11b6gn3x3r!19sChIJTZvrbm2a1ZERgGVFCEFWTm4?authuser=0&hl=es-419&g_ep=EgoyMDI2MDkxNC4wIJJjKgBIAVAD&rclk=1"
"Restaurante - La Hueca de Peter","099 800 4207","","4.6","160","https://www.instagram.com/lahuecadepeter/","solo_red_social","","true","Restaurante de comida rápida","Capitán Giovanni Calles, 170133 Quito","La Mariscal, Quito","https://www.google.com/maps/place/Restaurante+-+La+Hueca+de+Peter/data=!4m7!3m6!1s0x91d58ff7a67e6603:0x8b58dd2f75a4448b!8m2!3d-0.0899006!4d-78.4296435!16s%2Fg%2F11rffftk1x!19sChIJA2Z-pveP1ZERi0SkdS_dWIs?authuser=0&hl=es-419&g_ep=EgoyMDI2MDkxNC4wIJJjKgBIAVAD&rclk=1"
"Parrilladas Enmanuel","096 377 1285","","4.9","51","","ninguno","","true","Restaurante","Jaime Roldos Aguilera 15-149, 170203 Quito","La Mariscal, Quito","https://www.google.com/maps/place/Parrilladas+Enmanuel/data=!4m7!3m6!1s0x91d58f09bee90a21:0x713fd05f9e3aac30!8m2!3d-0.0950372!4d-78.4496308!16s%2Fg%2F11tfmv2zy4!19sChIJIQrpvgmP1ZERMKw6nl_QP3E?authuser=0&hl=es-419&g_ep=EgoyMDI2MDkxNC4wIJJjKgBIAVAD&rclk=1"
"Casa del Árbol Coffee & Food","096 109 5565","","4.8","96","","ninguno","","true","Restaurante","WH62+963, Francisco Robles, Y y Otto Arosemena, 170203 Quito","La Mariscal, Quito","https://www.google.com/maps/place/Casa+del+%C3%81rbol+Coffee+%26+Food/data=!4m7!3m6!1s0x91d58f2b90c49795:0xd6665fb1fb318adb!8m2!3d-0.0891195!4d-78.4494439!16s%2Fg%2F11m_jglws0!19sChIJlZfEkCuP1ZER24ox-7FfZtY?authuser=0&hl=es-419&g_ep=EgoyMDI2MDkxNC4wIJJjKgBIAVAD&rclk=1"
"Mayflower Carapungo","(02) 393-1700","soportejustoapp@getjusto.com\; bodegam25@mayflower.com.ec; bodegam23@mayflower.com.ec; bodegam45@mayflower.com.ec; bodegam19@mayflower.com.ec; bodegam50@mayflower.com.ec; bodegam47@mayflower.com.ec; bodegam37@mayflower.com.ec; bodegam46@mayflower.com.ec; bodegam7@mayflower.com.ec; bodegam52@mayflower.com.ec; bodegam54@mayflower.com.ec; bodegam49@mayflower.com.ec; bodegam11@mayflower.com.ec; bodegam39@mayflower.com.ec; bodegam28@mayflower.com.ec; bodegam43@mayflower.com.ec; bodegam5@mayflower.com.ec; bodegam42@mayflower.com.ec; bodegam1@mayflower.com.ec; bodegam40@mayflower.com.ec; bodegam48@mayflower.com.ec; bodegam21@mayflower.com.ec; bodegam8@mayflower.com.ec; u003eefacturarecibe@mayflower.com.ec; u003ejustocolombia@getjusto.com; soportejustoapp@getjusto.com; u003esoportejustoapp@getjusto.com","3.7","58","http://www.mayflower.com.ec/","sitio_propio","","false","Restaurante","Panamericana Nte., 170203 Quito","La Mariscal, Quito","https://www.google.com/maps/place/Mayflower+Carapungo/data=!4m7!3m6!1s0x91d58f75f6f3b157:0x6daeae2bbda6b4a1!8m2!3d-0.1074684!4d-78.4584389!16s%2Fg%2F11csq39487!19sChIJV7Hz9nWP1ZERobSmvSuurm0?authuser=0&hl=es-419&g_ep=EgoyMDI2MDkxNC4wIJJjKgBIAVAD&rclk=1"
"La Barca de mariscos","(02) 241-7951","","4.6","2388","","ninguno","","true","Marisquería","Capitán Ramón Borja S/N, 170502 Quito","La Mariscal, Quito","https://www.google.com/maps/place/La+Barca+de+mariscos/data=!4m7!3m6!1s0x91d58556c016dc75:0xe87a1f1d538c6d1d!8m2!3d-0.140625!4d-78.4795149!16s%2Fg%2F11csqb1f4q!19sChIJddwWwFaF1ZERHW2MUx0feug?authuser=0&hl=es-419&g_ep=EgoyMDI2MDkxNC4wIJJjKgBIAVAD&rclk=1"
"Chifa Casa Armonía Humana II","098 660 0938","","4.4","546","https://www.facebook.com/pages/Casa-de-la-Armonia-humana-Chifa/177843142332938","solo_red_social","","true","Restaurante chino","VGVV+RQ8, Corazón de Jesús, 170133 Quito","La Mariscal, Quito","https://www.google.com/maps/place/Chifa+Casa+Armon%C3%ADa+Humana+II/data=!4m7!3m6!1s0x91d58f68564bcef3:0x2ded14c660f1c750!8m2!3d-0.1054533!4d-78.4555618!16s%2Fg%2F11pt_b8bhg!19sChIJ885LVmiP1ZERUMfxYMYU7S0?authuser=0&hl=es-419&g_ep=EgoyMDI2MDkxNC4wIJJjKgBIAVAD&rclk=1"
"Restaurante Flor De Los Ríos","099 343 9072","","4.8","34","","ninguno","","true","Marisquería","Rumiñahui, Oe11 240, 170204 Quito","La Mariscal, Quito","https://www.google.com/maps/place/Restaurante+Flor+De+Los+R%C3%ADos/data=!4m7!3m6!1s0x91d58f1527fc7b6d:0xcd10167e4ddef58a!8m2!3d-0.0937428!4d-78.4517286!16s%2Fg%2F11gyx1b_0l!19sChIJbXv8JxWP1ZERivXeTX4WEM0?authuser=0&hl=es-419&g_ep=EgoyMDI2MDkxNC4wIJJjKgBIAVAD&rclk=1"
"El Tendal Restaurante","098 587 9788","","4.5","248","","ninguno","","true","Restaurante","Derby S/N, 170203 Quito","La Mariscal, Quito","https://www.google.com/maps/place/El+Tendal+Restaurante/data=!4m7!3m6!1s0x91d58f1f4ab6c72d:0xcd1e6660e451e037!8m2!3d-0.0923646!4d-78.4355872!16s%2Fg%2F11cjkgv6_l!19sChIJLce2Sh-P1ZERN-BR5GBmHs0?authuser=0&hl=es-419&g_ep=EgoyMDI2MDkxNC4wIJJjKgBIAVAD&rclk=1"
"Restaurant Ecuapesca","098 175 6898","","4.2","352","","ninguno","","true","Marisquería","WG3C+6G, 170310 Quito","La Mariscal, Quito","https://www.google.com/maps/place/Restaurant+Ecuapesca/data=!4m7!3m6!1s0x91d58f7d540b4f19:0x6331fa03c91584f0!8m2!3d-0.0969179!4d-78.4786119!16s%2Fg%2F11b7rn9760!19sChIJGU8LVH2P1ZER8IQVyQP6MWM?authuser=0&hl=es-419&g_ep=EgoyMDI2MDkxNC4wIJJjKgBIAVAD&rclk=1"
"La Canoa","(02) 255-6666","","4.4","659","","ninguno","","true","Restaurante ecuatoriano","Luis Cordero E4-393, 170143 Quito","La Mariscal, Quito","https://www.google.com/maps/place/La+Canoa/data=!4m7!3m6!1s0x91d59a6cc9ac5c2d:0x6ef6f01a1dc10ed0!8m2!3d-0.201154!4d-78.490673!16s%2Fg%2F11cm3yzlrn!19sChIJLVysyWya1ZER0A7BHRrw9m4?authuser=0&hl=es-419&g_ep=EgoyMDI2MDkxNC4wIJJjKgBIAVAD&rclk=1"
"Cucayo Comida Tradicional Ecuatoriana","099 204 0490","","4.2","6","","ninguno","","true","Restaurante de comida para llevar","Quito, Carapungo, calle Pululahua N15D , frente a la escuela Luxemburgo Quito, Carapungo, calle Pululahua, N15D y y, 170204 Quito","La Mariscal, Quito","https://www.google.com/maps/place/Cucayo+Comida+Tradicional+Ecuatoriana/data=!4m7!3m6!1s0x91d58fb21a5b9b3b:0xa4c6183825104faa!8m2!3d-0.0946752!4d-78.4514167!16s%2Fg%2F11rf5zlhmw!19sChIJO5tbGrKP1ZERqk8QJTgYxqQ?authuser=0&hl=es-419&g_ep=EgoyMDI2MDkxNC4wIJJjKgBIAVAD&rclk=1"
"Yanuk restaurante","096 256 8745","","4.4","100","https://yanukgrill.wixsite.com/yanukuio","sitio_propio","","false","Restaurante","Río Quijos, y y Río Cayambe, 170204 Quito","La Mariscal, Quito","https://www.google.com/maps/place/Yanuk+restaurante/data=!4m7!3m6!1s0x91d58f837343296f:0x871ce051317af8e1!8m2!3d-0.0962587!4d-78.4536937!16s%2Fg%2F11f7b627px!19sChIJbylDc4OP1ZER4fh6MVHgHIc?authuser=0&hl=es-419&g_ep=EgoyMDI2MDkxNC4wIJJjKgBIAVAD&rclk=1"
"Mister Shawarma . QUITO","","","4.6","13","","ninguno","","true","Restaurante","Angel Espinoza 65-49, 170133 Quito","La Mariscal, Quito","https://www.google.com/maps/place/Mister+Shawarma+.+QUITO/data=!4m7!3m6!1s0x91d58fa3ea1399f5:0x177aae06f51612cd!8m2!3d-0.1197514!4d-78.4666257!16s%2Fg%2F11fsjg70g7!19sChIJ9ZkT6qOP1ZERzRIW9Qauehc?authuser=0&hl=es-419&g_ep=EgoyMDI2MDkxNC4wIJJjKgBIAVAD&rclk=1"
"La Casa De Las Menestras Marianas","098 363 9738","","4.4","1413","","ninguno","","true","Restaurante","Giovanni calles E1 -56 Entre Cacha, Y y Union, Quito","La Mariscal, Quito","https://www.google.com/maps/place/La+Casa+De+Las+Menestras+Marianas/data=!4m7!3m6!1s0x91d58f441359f2d7:0x4aa554f163251873!8m2!3d-0.0886239!4d-78.4262758!16s%2Fg%2F11ftldwrgc!19sChIJ1_JZE0SP1ZERcxglY_FUpUo?authuser=0&hl=es-419&g_ep=EgoyMDI2MDkxNC4wIJJjKgBIAVAD&rclk=1"
"Restaurante El Negro Joe","(02) 280-7429","","4.4","199","https://www.facebook.com/cevicherianegrojoe/","solo_red_social","","true","Restaurante","Alejandro Ponce y Gonzalo Gordillo esq, 170302 Quito","La Mariscal, Quito","https://www.google.com/maps/place/Restaurante+El+Negro+Joe/data=!4m7!3m6!1s0x91d58f5f2a18660f:0xf3165691f7c8fa4f!8m2!3d-0.0872666!4d-78.4724685!16s%2Fg%2F11cspmsml2!19sChIJD2YYKl-P1ZERT_rI95FWFvM?authuser=0&hl=es-419&g_ep=EgoyMDI2MDkxNC4wIJJjKgBIAVAD&rclk=1"
"Black Fish | Encebollados a Domicilio en Quito","098 303 0724","b4e841e11ff44d8137eb5a5b65aca109@o4511055616212992.ingest.us","4.9","117","https://black-fish-encebollados.ola.click/products/","sitio_propio","","false","Restaurante","Pedro Guerrero y y, 170514 Quito","La Mariscal, Quito","https://www.google.com/maps/place/Black+Fish+%7C+Encebollados+a+Domicilio+en+Quito/data=!4m7!3m6!1s0x91d58f763edcd1a5:0xba6069507030ce85!8m2!3d-0.1290419!4d-78.4630816!16s%2Fg%2F11ptzq2wmm!19sChIJpdHcPnaP1ZERhc4wcFBpYLo?authuser=0&hl=es-419&g_ep=EgoyMDI2MDkxNC4wIJJjKgBIAVAD&rclk=1"
"La Esquina Colombiana","(02) 516-8438","","4.6","64","","ninguno","","true","Restaurante colombiano","170504, 170102 Quito","La Mariscal, Quito","https://www.google.com/maps/place/La+Esquina+Colombiana/data=!4m7!3m6!1s0x91d58f1a384ad29d:0x4516b7974dad2697!8m2!3d-0.1162216!4d-78.4368345!16s%2Fg%2F11q3vchr3l!19sChIJndJKOBqP1ZERlyatTZe3FkU?authuser=0&hl=es-419&g_ep=EgoyMDI2MDkxNC4wIJJjKgBIAVAD&rclk=1"
"El Leñador","(02) 242-9946","","4.3","403","","ninguno","","true","Pizzería","Avenida, Capitán Giovanni Calles Oe12-202, 170204 Quito","La Mariscal, Quito","https://www.google.com/maps/place/El+Le%C3%B1ador/data=!4m7!3m6!1s0x91d58f7414012b75:0x74e8b4a87fec27ee!8m2!3d-0.1061426!4d-78.4570752!16s%2Fg%2F11fx9cqt22!19sChIJdSsBFHSP1ZER7ifsf6i06HQ?authuser=0&hl=es-419&g_ep=EgoyMDI2MDkxNC4wIJJjKgBIAVAD&rclk=1"
"Super Encebollado","(02) 242-1397","","4.7","334","","ninguno","","true","Restaurante","WG5X+32M, 170203 Quito","La Mariscal, Quito","https://www.google.com/maps/place/Super+Encebollado/data=!4m7!3m6!1s0x91d58fa79013aced:0xac1152b1619d668a!8m2!3d-0.0921637!4d-78.4524304!16s%2Fg%2F11h07dyxxm!19sChIJ7awTkKeP1ZERimadYbFSEaw?authuser=0&hl=es-419&g_ep=EgoyMDI2MDkxNC4wIJJjKgBIAVAD&rclk=1"
"Friitadas Express","096 426 8059","","4.6","7","","ninguno","","true","Restaurante de comida rápida","Galo Pl. Lasso y Río Bermejo, 170204 Quito","La Mariscal, Quito","https://www.google.com/maps/place/Friitadas+Express/data=!4m7!3m6!1s0x91d58fc6ccf1d2a3:0x78d7f02120b190ea!8m2!3d-0.0980704!4d-78.4547727!16s%2Fg%2F11rkghrdn_!19sChIJo9LxzMaP1ZER6pCxICHw13g?authuser=0&hl=es-419&g_ep=EgoyMDI2MDkxNC4wIJJjKgBIAVAD&rclk=1"
"Restaurante Casa Gangotena","097 999 9995","comercial.ayb@casagangotena.com; info@casagangotena.com; dpdecuador@metropolitan-touring.com","4.7","690","https://www.casagangotena.com/es/restaurante/","sitio_propio","2026","false","Restaurante","CUENCA Y BOLIVAR 170401, 170401 Quito","La Mariscal, Quito","https://www.google.com/maps/place/Restaurante+Casa+Gangotena/data=!4m7!3m6!1s0x91d5996a5af78fc7:0x90ad72ecbde44eaf!8m2!3d-0.2211493!4d-78.5154623!16s%2Fg%2F11h4g8gglm!19sChIJx4_3WmqZ1ZERr07kvexyrZA?authuser=0&hl=es-419&g_ep=EgoyMDI2MDkxNC4wIJJjKgBIAVAD&rclk=1"
"Kokoriko Quito","(02) 344-4135","","4.3","222","","ninguno","","true","Restaurante especializado en pollo","Av. Eloy Alfaro 7206, 170138 Quito","La Mariscal, Quito","https://www.google.com/maps/place/Kokoriko+Quito/data=!4m7!3m6!1s0x91d58f7c71827531:0xb4efaf84ca3ceaf6!8m2!3d-0.1037015!4d-78.4699884!16s%2Fg%2F11hdm9ksjz!19sChIJMXWCcXyP1ZER9uo8yoSv77Q?authuser=0&hl=es-419&g_ep=EgoyMDI2MDkxNC4wIJJjKgBIAVAD&rclk=1"
"Encebollados Las Palmas","(02) 500-2682","","4.5","2737","","ninguno","","true","Restaurante ecuatoriano","Alejandro Ponce y Francisco Cieza, 170120 Quito","La Mariscal, Quito","https://www.google.com/maps/place/Encebollados+Las+Palmas/data=!4m7!3m6!1s0x91d58f5fb2e2db5d:0x2df8e93ad7542770!8m2!3d-0.0897542!4d-78.4725161!16s%2Fg%2F11bwf8hl23!19sChIJXdvisl-P1ZERcCdU1zrp-C0?authuser=0&hl=es-419&g_ep=EgoyMDI2MDkxNC4wIJJjKgBIAVAD&rclk=1"
"LaCosta Seafood","(02) 292-1524","reservas@lacostaseafood.com","4.6","667","http://www.lacostaseafood.com/","sitio_propio","2022","false","Restaurante","Núñez de Vela N37-159, 170135 Quito","La Mariscal, Quito","https://www.google.com/maps/place/LaCosta+Seafood/data=!4m7!3m6!1s0x91d59a9aa07dc1e9:0x4b75e8eaa59728ac!8m2!3d-0.1729001!4d-78.4865223!16s%2Fg%2F11c5zsdlbx!19sChIJ6cF9oJqa1ZERrCiXperodUs?authuser=0&hl=es-419&g_ep=EgoyMDI2MDkxNC4wIJJjKgBIAVAD&rclk=1"
"Caldo de Manguera Guayaco","098 314 7492","","3.8","77","","ninguno","","true","Marisquería","Avenida Clemente Yerovi Indaburu, 170120 Quito","La Mariscal, Quito","https://www.google.com/maps/place/Caldo+de+Manguera+Guayaco/data=!4m7!3m6!1s0x91d5859a7dc40143:0x4eab0ffc2f528386!8m2!3d-0.0912649!4d-78.4681836!16s%2Fg%2F11r2p7xbwk!19sChIJQwHEfZqF1ZERhoNSL_wPq04?authuser=0&hl=es-419&g_ep=EgoyMDI2MDkxNC4wIJJjKgBIAVAD&rclk=1"
"Raíces South American Fine Cuisine","(02) 297-2000","","4.9","213","","ninguno","","true","Restaurante","Av. Francisco de Orellana 1172, 170102 Quito","La Mariscal, Quito","https://www.google.com/maps/place/Ra%C3%ADces+South+American+Fine+Cuisine/data=!4m7!3m6!1s0x91d59bb8608524f9:0xafafad54ace1a336!8m2!3d-0.1968664!4d-78.4888561!16s%2Fg%2F11td12thg9!19sChIJ-SSFYLib1ZERNqPhrFStr68?authuser=0&hl=es-419&g_ep=EgoyMDI2MDkxNC4wIJJjKgBIAVAD&rclk=1"
"La Bohemia Grill (Carapungo)","098 343 4450","","4.5","70","","ninguno","","true","Bar restaurante","Av. Padre Luis Vaccari &, 170203 Quito","La Mariscal, Quito","https://www.google.com/maps/place/La+Bohemia+Grill+%28Carapungo%29/data=!4m7!3m6!1s0x91d58f6522074e33:0x5a8b5c4e32618d45!8m2!3d-0.0955349!4d-78.4531629!16s%2Fg%2F11r9wd_sjf!19sChIJM04HImWP1ZERRY1hMk5ci1o?authuser=0&hl=es-419&g_ep=EgoyMDI2MDkxNC4wIJJjKgBIAVAD&rclk=1"
"Piguari","","piguaorohouse@gmail.com; correo@ejemplo.com","4.1","761","https://pedidospiguaoro.agilebusinessecuador.workers.dev/","sitio_propio","2024","false","Restaurante","Av. Real Audiencia N64-64, 170303 Quito","La Mariscal, Quito","https://www.google.com/maps/place/Piguari/data=!4m7!3m6!1s0x91d585652af9f2b7:0x945c686dad85361f!8m2!3d-0.1190046!4d-78.4838146!16s%2Fg%2F11cp7j26sm!19sChIJt_L5KmWF1ZERHzaFrW1oXJQ?authuser=0&hl=es-419&g_ep=EgoyMDI2MDkxNC4wIJJjKgBIAVAD&rclk=1"
"Las Corvinas de Don Jimmy","098 722 4027","","4.4","1626","https://corvinasdonjimmy.net/","sitio_propio","","true","Restaurante ecuatoriano","Esmeraldas, 170136 Quito","La Mariscal, Quito","https://www.google.com/maps/place/Las+Corvinas+de+Don+Jimmy/data=!4m7!3m6!1s0x91d59a27846bbd75:0x6a982e69a1604e00!8m2!3d-0.2196859!4d-78.5067555!16s%2Fg%2F11cs2gq1sx!19sChIJdb1rhCea1ZERAE5goWkumGo?authuser=0&hl=es-419&g_ep=EgoyMDI2MDkxNC4wIJJjKgBIAVAD&rclk=1"
"La Catrina","","","5","7","","ninguno","","true","Restaurante mexicano","WG2W+3RX, Río Chimbo, 170203 Quito","La Mariscal, Quito","https://www.google.com/maps/place/La+Catrina/data=!4m7!3m6!1s0x91d58f51c4f032e5:0xacd175c9b0dc73ea!8m2!3d-0.099764!4d-78.4528851!16s%2Fg%2F11pds2gwy5!19sChIJ5TLwxFGP1ZER6nPcsMl10aw?authuser=0&hl=es-419&g_ep=EgoyMDI2MDkxNC4wIJJjKgBIAVAD&rclk=1"
"Carne a la Llanera","099 968 1217","","4.5","947","https://www.facebook.com/carnealallaneraco","solo_red_social","","true","Restaurante colombiano","Destacamento la Bocana 32 y, 170144 Quito","La Mariscal, Quito","https://www.google.com/maps/place/Carne+a+la+Llanera/data=!4m7!3m6!1s0x91d5857ad44c6b5f:0x269be1e1f023036b!8m2!3d-0.1189899!4d-78.4843093!16s%2Fg%2F11c5bt976_!19sChIJX2tM1HqF1ZERawMj8OHhmyY?authuser=0&hl=es-419&g_ep=EgoyMDI2MDkxNC4wIJJjKgBIAVAD&rclk=1"
"Marisquería Restaurante EL CAONI","096 832 4047","","4.7","6","","ninguno","","true","Restaurante","Rumiñahui, 170203 Quito","La Mariscal, Quito","https://www.google.com/maps/place/Marisquer%C3%ADa+Restaurante+EL+CAONI/data=!4m7!3m6!1s0x91d58f47f3419099:0xc93132bd03a7010!8m2!3d-0.0938347!4d-78.4524579!16s%2Fg%2F11rkjcgpp1!19sChIJmZBB80eP1ZEREHA60CsTkww?authuser=0&hl=es-419&g_ep=EgoyMDI2MDkxNC4wIJJjKgBIAVAD&rclk=1"
"PUERTO GRILL QUITO","(02) 242-5639","","3.9","49","","ninguno","","true","Restaurante","Galo Pl. Lasso N14-162 Y, 170203 Quito","La Mariscal, Quito","https://www.google.com/maps/place/PUERTO+GRILL+QUITO/data=!4m7!3m6!1s0x91d58f6c85890a3d:0xef90ad96b60b070e!8m2!3d-0.0966226!4d-78.4548283!16s%2Fg%2F11b6skd6hk!19sChIJPQqJhWyP1ZERDgcLtpatkO8?authuser=0&hl=es-419&g_ep=EgoyMDI2MDkxNC4wIJJjKgBIAVAD&rclk=1"
"Nakama Sushi","096 373 6843","","4.6","67","","ninguno","","true","Restaurante","Río Puyango, 170155 Quito","La Mariscal, Quito","https://www.google.com/maps/place/Nakama+Sushi/data=!4m7!3m6!1s0x91d58f3bf91682c1:0xa19c880ad79c4a96!8m2!3d-0.098372!4d-78.4528105!16s%2Fg%2F11jhzv3z4t!19sChIJwYIW-TuP1ZERlkqc1wqInKE?authuser=0&hl=es-419&g_ep=EgoyMDI2MDkxNC4wIJJjKgBIAVAD&rclk=1"
"Vaco y Vaca Portal","099 430 4975","","3.6","211","https://www.vacoyvaca.com/","sitio_propio","","false","Restaurante","Simon Bolivar, Y y Panamericana Nte., 170133 Quito","La Mariscal, Quito","https://www.google.com/maps/place/Vaco+y+Vaca+Portal/data=!4m7!3m6!1s0x91d58ffdc17b8e0d:0xa1871b751fa46488!8m2!3d-0.1078921!4d-78.4576798!16s%2Fg%2F11h87h6hw2!19sChIJDY57wf2P1ZERiGSkH3Ubh6E?authuser=0&hl=es-419&g_ep=EgoyMDI2MDkxNC4wIJJjKgBIAVAD&rclk=1"
"El Barón de las Mollejas","099 872 3961","","3.8","96","","ninguno","","true","Restaurante ecuatoriano","Av. Padre Luis Vaccari 146, 170203 Quito","La Mariscal, Quito","https://www.google.com/maps/place/El+Bar%C3%B3n+de+las+Mollejas/data=!4m7!3m6!1s0x91d58fc275d7b161:0x7c0a16de5a4c90a!8m2!3d-0.0986415!4d-78.4534919!16s%2Fg%2F11lb4mtrhf!19sChIJYbHXdcKP1ZERCsmk5W2hwAc?authuser=0&hl=es-419&g_ep=EgoyMDI2MDkxNC4wIJJjKgBIAVAD&rclk=1"
"FOODLAY BY MICHELASOS","099 828 4797","","4.5","163","","ninguno","","true","Bar restaurante","Rumiñahui, y y Quilotoa, 170204 Quito","La Mariscal, Quito","https://www.google.com/maps/place/FOODLAY+BY+MICHELASOS/data=!4m7!3m6!1s0x91d58f8343974be5:0x73e2e54d803e48c5!8m2!3d-0.0937902!4d-78.4523971!16s%2Fg%2F11p5j1s7g2!19sChIJ5UuXQ4OP1ZERxUg-gE3l4nM?authuser=0&hl=es-419&g_ep=EgoyMDI2MDkxNC4wIJJjKgBIAVAD&rclk=1"
"Restaurante PAME'S Tradición Parrillera","(02) 247-0402","","4.3","488","","ninguno","","true","Restaurante","Francisco del Campo y Miguel Muñoz OE3-157 Y, 170302 Quito","La Mariscal, Quito","https://www.google.com/maps/place/Restaurante+PAME%27S+Tradici%C3%B3n+Parrillera/data=!4m7!3m6!1s0x91d58f5fd36bc54d:0xdf7d89e8352a7c61!8m2!3d-0.0882522!4d-78.4740035!16s%2Fg%2F11c1r0fq4_!19sChIJTcVr01-P1ZERYXwqNeiJfd8?authuser=0&hl=es-419&g_ep=EgoyMDI2MDkxNC4wIJJjKgBIAVAD&rclk=1"
"Pinchos Locos","099 533 6273","","4.5","88","","ninguno","","true","Restaurante","WG3W+XQC, Av. Padre Luis Vaccari, 170203 Quito","La Mariscal, Quito","https://www.google.com/maps/place/Pinchos+Locos/data=!4m7!3m6!1s0x91d58f8121818837:0xb3a680cb1743f80!8m2!3d-0.0950501!4d-78.4531153!16s%2Fg%2F11h4qbch5v!19sChIJN4iBIYGP1ZERgD90sQxoOgs?authuser=0&hl=es-419&g_ep=EgoyMDI2MDkxNC4wIJJjKgBIAVAD&rclk=1"
"POLLOS LA BRASA","093 971 8574","","4.1","200","","ninguno","","true","Restaurante","VGRV+GMP, 170133 Quito","La Mariscal, Quito","https://www.google.com/maps/place/POLLOS+LA+BRASA/data=!4m7!3m6!1s0x91d58f2b3924d9ef:0xd6c4d6f4524f2bf9!8m2!3d-0.1086532!4d-78.4557831!16s%2Fg%2F11hz0k4rv1!19sChIJ79kkOSuP1ZER-StPUvTWxNY?authuser=0&hl=es-419&g_ep=EgoyMDI2MDkxNC4wIJJjKgBIAVAD&rclk=1"
"DOMM'S ALITAS BBQ","098 439 9280","","4.6","224","","ninguno","","true","Restaurante de comida rápida","Avenida Alejandro Ponce, Borja y Hernando de Paredes N78-120 Y, Quito","La Mariscal, Quito","https://www.google.com/maps/place/DOMM%27S+ALITAS+BBQ/data=!4m7!3m6!1s0x91d58f5fb175c09b:0xa79c474d790276a2!8m2!3d-0.0901859!4d-78.47234!16s%2Fg%2F11g00x_qgd!19sChIJm8B1sV-P1ZERonYCeU1HnKc?authuser=0&hl=es-419&g_ep=EgoyMDI2MDkxNC4wIJJjKgBIAVAD&rclk=1"
"Lucia Pie House & Grill","095 899 3467","","4.6","4157","https://grupolucia.com/lucia-pie-houseandgrill/","sitio_propio","","false","Restaurante americano","Luxemburgo N34-166, 170135 Quito","La Mariscal, Quito","https://www.google.com/maps/place/Lucia+Pie+House+%26+Grill/data=!4m7!3m6!1s0x91d59a7dfb0c549f:0x49243d878485b587!8m2!3d-0.1837168!4d-78.481334!16s%2Fg%2F1pv1f5v4d!19sChIJn1QM-32a1ZERh7WFhIc9JEk?authuser=0&hl=es-419&g_ep=EgoyMDI2MDkxNC4wIJJjKgBIAVAD&rclk=1"
"Chorigol de Carcelén","","","4.3","477","","ninguno","","true","Restaurante argentino","170120 Quito","La Mariscal, Quito","https://www.google.com/maps/place/Chorigol+de+Carcel%C3%A9n/data=!4m7!3m6!1s0x91d58f2b3c96e05d:0xebe322c4f5ce3e20!8m2!3d-0.087389!4d-78.4673334!16s%2Fg%2F11j4fhvl9f!19sChIJXeCWPCuP1ZERID7O9cQi4-s?authuser=0&hl=es-419&g_ep=EgoyMDI2MDkxNC4wIJJjKgBIAVAD&rclk=1"
"Chifa Shanghe - Norte","096 853 2631","","4.3","165","https://w.app/PedidosChifaShanghe","sitio_propio","","false","Restaurante chino","Giovanni Calles Lascano, Y y Padre Luis Vaccari, 170133 Quito","La Mariscal, Quito","https://www.google.com/maps/place/Chifa+Shanghe+-+Norte/data=!4m7!3m6!1s0x91d58f0fb4573063:0x80d9bf5a29a37f90!8m2!3d-0.1041636!4d-78.4527443!16s%2Fg%2F11wpln5ndr!19sChIJYzBXtA-P1ZERkH-jKVq_2YA?authuser=0&hl=es-419&g_ep=EgoyMDI2MDkxNC4wIJJjKgBIAVAD&rclk=1"
"Pizzería Los Tíos Carapungo","099 977 4561","soportejustoapp@getjusto.com\; adrian961223@gmail.com; facturaslostios@gmail.com; jachicot@hotmail.com; pizzerialostiossolanda@gmail.com; pizzerialostiosurdesa@gmail.com; lostiostumbaco@hotmail.com; lostiospomasqui2020@hotmail.com; happy02021974@gmail.com; u003efacturaslostios@gmail.com; u003eadrian961223@gmail.com; u003edmga2008@hotmail.com; u003elostioslaprensa2026@gmail.com; u003ejachicot@hotmail.com; u003ehappy02021974@gmail.com; u003emarketinglostios@gmail.com; u003ejustocolombia@getjusto.com; soportejustoapp@getjusto.com; u003esoportejustoapp@getjusto.com","4.6","2122","https://www.pizzerialostios.com/","sitio_propio","","false","Pizzería","Av. Padre Luis Vaccari &, 170204 Quito","La Mariscal, Quito","https://www.google.com/maps/place/Pizzer%C3%ADa+Los+T%C3%ADos+Carapungo/data=!4m7!3m6!1s0x91d58f6ca53f0d11:0x6bf3144868139148!8m2!3d-0.0962636!4d-78.4532616!16s%2Fg%2F11fxv380s_!19sChIJEQ0_pWyP1ZERSJETaEgU82s?authuser=0&hl=es-419&g_ep=EgoyMDI2MDkxNC4wIJJjKgBIAVAD&rclk=1"
"Camaron Barbosa Marisqueria","098 072 6490","","4.5","448","https://beacons.ai/camaronbarbosa","sitio_propio","","false","Marisquería","Hernan Gmoiner y Av. Mariscal Sucre Oe6-202 y, 170176 Quito","La Mariscal, Quito","https://www.google.com/maps/place/Camaron+Barbosa+Marisqueria/data=!4m7!3m6!1s0x91d59b7fdad8771b:0xc2ac0b913bea84ba!8m2!3d-0.2582276!4d-78.5449804!16s%2Fg%2F11tws9tdfm!19sChIJG3fY2n-b1ZERuoTqO5ELrMI?authuser=0&hl=es-419&g_ep=EgoyMDI2MDkxNC4wIJJjKgBIAVAD&rclk=1"
"ZFOOD","098 043 2416","","4.6","1128","http://www.zfoodquito.com/","sitio_propio","","false","Marisquería","Av. La Coruña N31-70, 170517 Quito","La Mariscal, Quito","https://www.google.com/maps/place/ZFOOD/data=!4m7!3m6!1s0x91d59a76b3f35ba9:0xa7d40f36f46fca2!8m2!3d-0.1964753!4d-78.4814735!16s%2Fg%2F11b7yl0wk9!19sChIJqVvzs3aa1ZERovxGb_NAfQo?authuser=0&hl=es-419&g_ep=EgoyMDI2MDkxNC4wIJJjKgBIAVAD&rclk=1"
"RESTAURANTE EL TAPAO ARRECHO","099 499 4567","","4.5","6","","ninguno","","true","Restaurante","Gabriel García Moreno, y y 23 de Abril, Quito","La Mariscal, Quito","https://www.google.com/maps/place/RESTAURANTE+EL+TAPAO+ARRECHO/data=!4m7!3m6!1s0x91d58ff1299396c9:0xa56b58fa9d1208b1!8m2!3d-0.1120604!4d-78.4422174!16s%2Fg%2F11q433wksq!19sChIJyZaTKfGP1ZERsQgSnfpYa6U?authuser=0&hl=es-419&g_ep=EgoyMDI2MDkxNC4wIJJjKgBIAVAD&rclk=1"
"El Prado Grill","098 444 6665","","4.4","267","https://linktr.ee/ElPradoGrill","solo_red_social","","true","Restaurante","Av. Cacha y y, 170201 Quito","La Mariscal, Quito","https://www.google.com/maps/place/El+Prado+Grill/data=!4m7!3m6!1s0x91d58f6b863b2b99:0xd42b2e1bcc7219cb!8m2!3d-0.0879223!4d-78.4297217!16s%2Fg%2F11pf1n0jjm!19sChIJmSs7hmuP1ZERyxlyzBsuK9Q?authuser=0&hl=es-419&g_ep=EgoyMDI2MDkxNC4wIJJjKgBIAVAD&rclk=1"
"José el Capitán Cangrejo","099 981 1897","team@capitancangrejo.com","4.4","498","http://www.capitancangrejo.com/","sitio_propio","2026","false","Restaurante","Av. Isidro Ayora, 170135 Quito","La Mariscal, Quito","https://www.google.com/maps/place/Jos%C3%A9+el+Capit%C3%A1n+Cangrejo/data=!4m7!3m6!1s0x91d59a7ff713a45b:0xd8c26bc55f075443!8m2!3d-0.0856908!4d-78.4672679!16s%2Fg%2F11gfnhqfml!19sChIJW6QT93-a1ZERQ1QHX8Vrwtg?authuser=0&hl=es-419&g_ep=EgoyMDI2MDkxNC4wIJJjKgBIAVAD&rclk=1"
"QUICK WING Carapungo","096 356 4474","","4.6","130","https://www.facebook.com/quick.wing2020","solo_red_social","","true","Restaurante","170203, Quito","La Mariscal, Quito","https://www.google.com/maps/place/QUICK+WING+Carapungo/data=!4m7!3m6!1s0x91d58f711702d8df:0xac1694b951bba33!8m2!3d-0.0947037!4d-78.4496507!16s%2Fg%2F11rn5l4955!19sChIJ39gCF3GP1ZERM7oblUtpwQo?authuser=0&hl=es-419&g_ep=EgoyMDI2MDkxNC4wIJJjKgBIAVAD&rclk=1"
"Café del Fraile","(02) 251-0113","","4.4","910","","ninguno","","true","Restaurante","Chile, OE 4 y Venezuela 22 y, 170401 Quito","Centro Histórico, Quito","https://www.google.com/maps/place/Caf%C3%A9+del+Fraile/data=!4m7!3m6!1s0x91d59a282c1ba36d:0x5d68bec9a802b531!8m2!3d-0.2195784!4d-78.5118176!16s%2Fg%2F11b746f28p!19sChIJbaMbLCia1ZERMbUCqMm-aF0?authuser=0&hl=es-419&g_ep=EgoyMDI2MDkxNC4wIJJjKgBIAVAD&rclk=1"
"Café Plaza Grande Restaurante","(02) 251-0777","recepcion@plazagrandequito.com","4.8","471","https://www.plazagrandequito.com/cafe-plaza-grande","sitio_propio","","false","Restaurante","Chile, y y García Moreno, 170401 Quito","Centro Histórico, Quito","https://www.google.com/maps/place/Caf%C3%A9+Plaza+Grande+Restaurante/data=!4m7!3m6!1s0x91d59b709f39b751:0xa8beb297d86add3e!8m2!3d-0.2195251!4d-78.5121391!16s%2Fg%2F11w565g2c7!19sChIJUbc5n3Cb1ZERPt1q2Jeyvqg?authuser=0&hl=es-419&g_ep=EgoyMDI2MDkxNC4wIJJjKgBIAVAD&rclk=1"
"Vista Hermosa (Centro Histórico)","099 845 0888","","4.5","3257","https://vistahermosa.ec/","sitio_propio","2022","false","","Mejía Oe4-45, 170401 Quito","Centro Histórico, Quito","https://www.google.com/maps/place/Vista+Hermosa+%28Centro+Hist%C3%B3rico%29/data=!4m7!3m6!1s0x91d59a2836e34bf5:0x658429144a9fd887!8m2!3d-0.2191353!4d-78.5114302!16s%2Fg%2F11bccgv__8!19sChIJ9UvjNiia1ZERh9ifShQphGU?authuser=0&hl=es-419&g_ep=EgoyMDI2MDkxNC4wIJJjKgBIAVAD&rclk=1"
"Cafetería Modelo, Centro Histórico","(02) 228-4428","cafeteriamodelo@gmail.com","4.2","1956","http://restauranteycafeteriamodelo.com/","sitio_propio","","false","Restaurante ecuatoriano","C. Sucre Oe4-85, 170401 Quito","Centro Histórico, Quito","https://www.google.com/maps/place/Cafeter%C3%ADa+Modelo,+Centro+Hist%C3%B3rico/data=!4m7!3m6!1s0x91d5998717ac1bff:0x130f1a9d51e5fefd!8m2!3d-0.2213963!4d-78.5135649!16s%2Fg%2F1tzgq8r3!19sChIJ_xusF4eZ1ZER_f7lUZ0aDxM?authuser=0&hl=es-419&g_ep=EgoyMDI2MDkxNC4wIJJjKgBIAVAD&rclk=1"
"Querubin","096 106 0480","info@querubinrestobar.com","4.8","550","https://www.querubinrestobar.com/","sitio_propio","2023","false","Restaurante","Chile 56, 170401 Quito","Centro Histórico, Quito","https://www.google.com/maps/place/Querubin/data=!4m7!3m6!1s0x91d59b0edfdac587:0x653d18af7114e6c2!8m2!3d-0.2194765!4d-78.5117027!16s%2Fg%2F11h1q1f85t!19sChIJh8Xa3w6b1ZERwuYUca8YPWU?authuser=0&hl=es-419&g_ep=EgoyMDI2MDkxNC4wIJJjKgBIAVAD&rclk=1"
"¡Hasta la Vuelta!, Señor","098 266 7954","reservas@hastalavuelta.com","4.4","1782","http://www.hastalavuelta.com/","sitio_propio","","false","Restaurante ecuatoriano","Chile Oe 456, 170401 Quito","Centro Histórico, Quito","https://www.google.com/maps/place/%C2%A1Hasta+la+Vuelta!,+Se%C3%B1or/data=!4m7!3m6!1s0x91d59a69047fa377:0xa071aec9e476a66b!8m2!3d-0.219656!4d-78.511871!16s%2Fg%2F1tm1rjf6!19sChIJd6N_BGma1ZERa6Z25MmucaA?authuser=0&hl=es-419&g_ep=EgoyMDI2MDkxNC4wIJJjKgBIAVAD&rclk=1"
"MISKY-cocina de altura","099 282 8932","","4.8","95","","ninguno","","true","Restaurante","Bulevar 24 de mayo (Entre García Moreno, y y Venezuela, 170405 Quito","Centro Histórico, Quito","https://www.google.com/maps/place/MISKY-cocina+de+altura/data=!4m7!3m6!1s0x91d5991090a9b04f:0xbb5488d53d6aa5bf!8m2!3d-0.223627!4d-78.5151693!16s%2Fg%2F11t75nw2_r!19sChIJT7CpkBCZ1ZERv6VqPdWIVLs?authuser=0&hl=es-419&g_ep=EgoyMDI2MDkxNC4wIJJjKgBIAVAD&rclk=1"
"La Capilla Restaurant","093 912 0606","lacapillarestaurantequito@gmail.com","4.3","957","http://www.lacapillarestaurante.com/","sitio_propio","2026","false","Restaurante","Benalcazar N2-76, 170401 Quito","Centro Histórico, Quito","https://www.google.com/maps/place/La+Capilla+Restaurant/data=!4m7!3m6!1s0x91d5997a7eeab6c7:0xf5a3cb0b1c0e846d!8m2!3d-0.2208663!4d-78.5144942!16s%2Fg%2F11syr75f_3!19sChIJx7bqfnqZ1ZERbYQOHAvLo_U?authuser=0&hl=es-419&g_ep=EgoyMDI2MDkxNC4wIJJjKgBIAVAD&rclk=1"
"Claroscuro Gastro Bar","099 221 2227","","4.7","184","https://instagram.com/claroscuro.uio?igshid=OGQ2MjdiOTE=","solo_red_social","","true","Restaurante","Venezuela y Rocafuerte S1-26, 170405 Quito","Centro Histórico, Quito","https://www.google.com/maps/place/Claroscuro+Gastro+Bar/data=!4m7!3m6!1s0x91d59908b8080fc9:0x50f8ed388d4a2bb4!8m2!3d-0.2234277!4d-78.5144117!16s%2Fg%2F11k9l0l_7p!19sChIJyQ8IuAiZ1ZERtCtKjTjt-FA?authuser=0&hl=es-419&g_ep=EgoyMDI2MDkxNC4wIJJjKgBIAVAD&rclk=1"
"Fabiolita","097 879 1275","","4.3","264","https://www.facebook.com/Fabiolita65/","solo_red_social","","true","Restaurante ecuatoriano","Eugenio Espejo y Venezuela Oe4-17 y, 170401 Quito","Centro Histórico, Quito","https://www.google.com/maps/place/Fabiolita/data=!4m7!3m6!1s0x91d599870c450b71:0x26cfa94d6f8028da!8m2!3d-0.2206255!4d-78.5121094!16s%2Fg%2F1tyt6f1y!19sChIJcQtFDIeZ1ZER2iiAb02pzyY?authuser=0&hl=es-419&g_ep=EgoyMDI2MDkxNC4wIJJjKgBIAVAD&rclk=1"
"San Ignacio","098 396 1158","","4.4","1265","","ninguno","","true","Restaurante","García Moreno N2-60, 170401 Quito","Centro Histórico, Quito","https://www.google.com/maps/place/San+Ignacio/data=!4m7!3m6!1s0x91d599873c6e073b:0xfa82ea11acadf225!8m2!3d-0.2214972!4d-78.513858!16s%2Fg%2F11ckqt10cj!19sChIJOwduPIeZ1ZERJfKtrBHqgvo?authuser=0&hl=es-419&g_ep=EgoyMDI2MDkxNC4wIJJjKgBIAVAD&rclk=1"
"ORIGEN ROOFTOP","099 349 9099","reserva@origenrooftop.com.ec","4.2","296","https://origenrooftop.com.ec/","sitio_propio","","false","Restaurante","Simon Bolivar 631, 170401 Quito","Centro Histórico, Quito","https://www.google.com/maps/place/ORIGEN+ROOFTOP/data=!4m7!3m6!1s0x91d599fa059dcf95:0xf7ba45ce3e128d3f!8m2!3d-0.2209729!4d-78.5155716!16s%2Fg%2F11wtdbncrb!19sChIJlc-dBfqZ1ZERP40SPs5Fuvc?authuser=0&hl=es-419&g_ep=EgoyMDI2MDkxNC4wIJJjKgBIAVAD&rclk=1"
"La Vid Restaurante","099 821 7555","example@mysite.com; operacionespekaraz@gmail.com","4.5","738","https://www.lavidrestaurantequito.com/","sitio_propio","2026","false","Restaurante ecuatoriano","Venezuela Oe4-56, 170401 Quito","Centro Histórico, Quito","https://www.google.com/maps/place/La+Vid+Restaurante/data=!4m7!3m6!1s0x91d59987866b9f43:0x924ba25c88611e94!8m2!3d-0.2196881!4d-78.5118742!16s%2Fg%2F1tf32f_p!19sChIJQ59rhoeZ1ZERlB5hiFyiS5I?authuser=0&hl=es-419&g_ep=EgoyMDI2MDkxNC4wIJJjKgBIAVAD&rclk=1"
"Chuta Madre","098 157 9754","","4.5","692","https://instagram.com/chuta_madre?igshid=wd0169l7arns","solo_red_social","","true","Panadería","Galapagos y García Moreno &, 170130 Quito","Centro Histórico, Quito","https://www.google.com/maps/place/Chuta+Madre/data=!4m7!3m6!1s0x91d59b0b11546ac7:0x7c32793d24daa4b!8m2!3d-0.2148548!4d-78.5098028!16s%2Fg%2F11r9nmsmwq!19sChIJx2pUEQub1ZERS6pN0pMnwwc?authuser=0&hl=es-419&g_ep=EgoyMDI2MDkxNC4wIJJjKgBIAVAD&rclk=1"
"Notansanto","(02) 251-1821","","4.3","214","","ninguno","","true","Restaurante ecuatoriano","Venezuela, N-541, 170401 Quito","Centro Histórico, Quito","https://www.google.com/maps/place/Notansanto/data=!4m7!3m6!1s0x91d59a2828afb615:0xafe0e78f3ddb5296!8m2!3d-0.2196754!4d-78.511583!16s%2Fg%2F11d_c4nmhd!19sChIJFbavKCia1ZERllLbPY_n4K8?authuser=0&hl=es-419&g_ep=EgoyMDI2MDkxNC4wIJJjKgBIAVAD&rclk=1"
"La Caponata","098 014 8251","","4.6","745","https://www.instagram.com/lacaponataquito","solo_red_social","","true","Restaurante siciliano","García Moreno y y, 170401 Quito","Centro Histórico, Quito","https://www.google.com/maps/place/La+Caponata/data=!4m7!3m6!1s0x91d59bb1f01a8b63:0x6ba1578d8575b6b6!8m2!3d-0.2177633!4d-78.5105438!16s%2Fg%2F11h8bv205f!19sChIJY4sa8LGb1ZERtrZ1hY1XoWs?authuser=0&hl=es-419&g_ep=EgoyMDI2MDkxNC4wIJJjKgBIAVAD&rclk=1"
"Cocholate Restaurante","096 285 0650","","4.3","557","https://www.instagram.com/cocholateecu/","solo_red_social","","true","Restaurante familiar","Sucre y Cuenca oe6-40 y, 170401 Quito","Centro Histórico, Quito","https://www.google.com/maps/place/Cocholate+Restaurante/data=!4m7!3m6!1s0x91d59b3c909be411:0xbf981b6d0369c048!8m2!3d-0.220337!4d-78.5145326!16s%2Fg%2F11wjg8yb_k!19sChIJEeSbkDyb1ZERSMBpA20bmL8?authuser=0&hl=es-419&g_ep=EgoyMDI2MDkxNC4wIJJjKgBIAVAD&rclk=1"
"Diosolopay","(02) 228-9877","","4.1","518","http://www.facebook.com/diosolopay","solo_red_social","","true","Restaurante ecuatoriano","García Moreno N3-151, 170401 Quito","Centro Histórico, Quito","https://www.google.com/maps/place/Diosolopay/data=!4m7!3m6!1s0x91d5998762ed8af5:0x4224917f01159f07!8m2!3d-0.2200918!4d-78.5130808!16s%2Fg%2F11g6m03l4r!19sChIJ9YrtYoeZ1ZERB58VAX-RJEI?authuser=0&hl=es-419&g_ep=EgoyMDI2MDkxNC4wIJJjKgBIAVAD&rclk=1"
"Tablita del Tártaro - Centro Histórico","","","4.3","14","","ninguno","","true","Restaurante familiar","QFHP+R8V, Sebastián de Benalcázar, 170401 Quito","Centro Histórico, Quito","https://www.google.com/maps/place/Tablita+del+T%C3%A1rtaro+-+Centro+Hist%C3%B3rico/data=!4m7!3m6!1s0x91d59900052ed163:0x7235f39943792141!8m2!3d-0.2203836!4d-78.5141935!16s%2Fg%2F11yx_qj3hp!19sChIJY9EuBQCZ1ZERQSF5Q5nzNXI?authuser=0&hl=es-419&g_ep=EgoyMDI2MDkxNC4wIJJjKgBIAVAD&rclk=1"
"Marquesa Rooftop","098 711 1515","","4.7","49","https://www.realaudiencia.com/","sitio_propio","","false","Restaurante","Plaza Santo Domingo, Simon Bolivar y C. Guayaquil Oe3-18 y, 170401 Quito","Centro Histórico, Quito","https://www.google.com/maps/place/Marquesa+Rooftop/data=!4m7!3m6!1s0x91d599c4a22edbd5:0x83e9aa12ca33a6a2!8m2!3d-0.2229623!4d-78.5129783!16s%2Fg%2F11wh6x0ryf!19sChIJ1dsuosSZ1ZERoqYzyhKq6YM?authuser=0&hl=es-419&g_ep=EgoyMDI2MDkxNC4wIJJjKgBIAVAD&rclk=1"
"ATÁVICO ARTE CAFÉ | DESAYUNO | COFFEE | BREAKFAST | VEGAN | CENTRO HISTÓRICO|","099 898 9277","","4.7","287","https://www.instagram.com/atavicocafe/","solo_red_social","","true","Restaurante","José de Antepara E4-12 y, Vicente León esquina, Quito","Centro Histórico, Quito","https://www.google.com/maps/place/AT%C3%81VICO+ARTE+CAF%C3%89+%7C+DESAYUNO+%7C+COFFEE+%7C+BREAKFAST+%7C+VEGAN+%7C+CENTRO+HIST%C3%93RICO%7C/data=!4m7!3m6!1s0x91d59a27406f0fb1:0xf2c065b587efcfe5!8m2!3d-0.2187832!4d-78.5050466!16s%2Fg%2F11clzgk6v7!19sChIJsQ9vQCea1ZER5c_vh7VlwPI?authuser=0&hl=es-419&g_ep=EgoyMDI2MDkxNC4wIJJjKgBIAVAD&rclk=1"
"Restaurante La Guayaka","097 893 3417","","4.7","59","","ninguno","","true","Restaurante de brunch","Juan José Flores &, 170401 Quito","Centro Histórico, Quito","https://www.google.com/maps/place/Restaurante+La+Guayaka/data=!4m7!3m6!1s0x91d5999dcd8f740f:0x5c99ee13accbe05c!8m2!3d-0.2205236!4d-78.5091457!16s%2Fg%2F11tfhn_crf!19sChIJD3SPzZ2Z1ZERXODLrBPumVw?authuser=0&hl=es-419&g_ep=EgoyMDI2MDkxNC4wIJJjKgBIAVAD&rclk=1"
"Runa Tulpa Andina","096 254 6392","/i,; runatulpaandina@gmail.com; ejemplo@correo.com","4.6","294","https://runatulpaandina.bocaeat.com/","sitio_propio","","false","Restaurante","García Moreno 7-68, 170130 Quito","Centro Histórico, Quito","https://www.google.com/maps/place/Runa+Tulpa+Andina/data=!4m7!3m6!1s0x91d59b1067a77bcf:0x49798c9e158b2146!8m2!3d-0.217776!4d-78.5106351!16s%2Fg%2F11rz9k85mj!19sChIJz3unZxCb1ZERRiGLFZ6MeUk?authuser=0&hl=es-419&g_ep=EgoyMDI2MDkxNC4wIJJjKgBIAVAD&rclk=1"
"La Bodega de Cantuña","(02) 295-4326","","4.1","308","","ninguno","","true","Restaurante ecuatoriano","Cuenca y Francisco Calderon E4-65, 170145 Quito","Centro Histórico, Quito","https://www.google.com/maps/place/La+Bodega+de+Cantu%C3%B1a/data=!4m7!3m6!1s0x91d59a29f9e28489:0xe1e851ec8a720723!8m2!3d-0.2203543!4d-78.5148884!16s%2Fg%2F1vxzbpts!19sChIJiYTi-Sma1ZERIwdyiuxR6OE?authuser=0&hl=es-419&g_ep=EgoyMDI2MDkxNC4wIJJjKgBIAVAD&rclk=1"
"Café del Fraile (San Francisco)","099 984 5255","","4.6","604","","ninguno","","true","Restaurante","Bolívar, y y Benalcázar esquina, 170401 Quito","Centro Histórico, Quito","https://www.google.com/maps/place/Caf%C3%A9+del+Fraile+%28San+Francisco%29/data=!4m7!3m6!1s0x91d599e698de3d8f:0xc361995c4f656d51!8m2!3d-0.2213566!4d-78.515089!16s%2Fg%2F11vkjmpghs!19sChIJjz3emOaZ1ZERUW1lT1yZYcM?authuser=0&hl=es-419&g_ep=EgoyMDI2MDkxNC4wIJJjKgBIAVAD&rclk=1"
"HELADERÍA - RESTAURANTE SAN AGUSTÍN","098 351 4580","","4.7","2128","http://www.heladeriasanagustin.com/","sitio_propio","2026","false","Restaurante","C. Guayaquil y Chile N5-59 y, 170130 Quito","Centro Histórico, Quito","https://www.google.com/maps/place/HELADER%C3%8DA+-+RESTAURANTE+SAN+AGUST%C3%8DN/data=!4m7!3m6!1s0x91d59987f43b7397:0x155d5f24b89d6af5!8m2!3d-0.2200049!4d-78.5105558!16s%2Fm%2F0gvt0ws!19sChIJl3M79IeZ1ZER9WqduCRfXRU?authuser=0&hl=es-419&g_ep=EgoyMDI2MDkxNC4wIJJjKgBIAVAD&rclk=1"
"Qenqo Centro histórico","097 926 9850","","4.8","79","https://linktr.ee/qenqobrewing","solo_red_social","","true","Restaurante","Venezuela &, 170401 Quito","Centro Histórico, Quito","https://www.google.com/maps/place/Qenqo+Centro+hist%C3%B3rico/data=!4m7!3m6!1s0x91d599007971ce9f:0x8fb96f57e072b68!8m2!3d-0.2230405!4d-78.5139908!16s%2Fg%2F11vxmj8004!19sChIJn85xeQCZ1ZERaCsHfvWW-wg?authuser=0&hl=es-419&g_ep=EgoyMDI2MDkxNC4wIJJjKgBIAVAD&rclk=1"
"Restaurant La Negra Mala","099 962 8796","","4.7","262","","ninguno","","true","Restaurante","C. de la Rda., 170130 Quito","Centro Histórico, Quito","https://www.google.com/maps/place/Restaurant+La+Negra+Mala/data=!4m7!3m6!1s0x91d59986ad85c701:0xe847f2e29f9cfdd3!8m2!3d-0.2240032!4d-78.5147493!16s%2Fg%2F11btv681hj!19sChIJAceFrYaZ1ZER0_2cn-LyR-g?authuser=0&hl=es-419&g_ep=EgoyMDI2MDkxNC4wIJJjKgBIAVAD&rclk=1"
"El Zaguán Cafetería Restaurant","098 494 1535","","4.7","93","","ninguno","","true","Cafetería","Centro Histórico,Quito,Pichincha Guayaquil, José Joaquín Olmedo 56 y, 170115 Quito","Centro Histórico, Quito","https://www.google.com/maps/place/El+Zagu%C3%A1n+Cafeter%C3%ADa+Restaurant/data=!4m7!3m6!1s0x91d599299b7393e7:0x606cc80b04e885aa!8m2!3d-0.2194072!4d-78.5098055!16s%2Fg%2F11h6lx7zjq!19sChIJ55NzmymZ1ZERqoXoBAvIbGA?authuser=0&hl=es-419&g_ep=EgoyMDI2MDkxNC4wIJJjKgBIAVAD&rclk=1"
"Café San Blas","098 701 5442","","4.8","497","","ninguno","","true","Restaurante italiano","José de Antepara E4-09, 170136 Quito","Centro Histórico, Quito","https://www.google.com/maps/place/Caf%C3%A9+San+Blas/data=!4m7!3m6!1s0x91d59a2715591925:0xc250da8091e3a557!8m2!3d-0.2187065!4d-78.5049494!16s%2Fg%2F11b76cdc0_!19sChIJJRlZFSea1ZERV6XjkYDaUMI?authuser=0&hl=es-419&g_ep=EgoyMDI2MDkxNC4wIJJjKgBIAVAD&rclk=1"
"Restaurante Benalcazar","099 935 0078","","4.5","603","https://www.facebook.com/restaurantebenalcazar1995","solo_red_social","","true","Restaurante ecuatoriano","C. Guayaquil S1-76, 170130 Quito","Centro Histórico, Quito","https://www.google.com/maps/place/Restaurante+Benalcazar/data=!4m7!3m6!1s0x91d59987a46dc765:0xb68ad2116a012bba!8m2!3d-0.2207456!4d-78.5108337!16s%2Fg%2F11c19bm2yn!19sChIJZcdtpIeZ1ZERuisBahHSirY?authuser=0&hl=es-419&g_ep=EgoyMDI2MDkxNC4wIJJjKgBIAVAD&rclk=1"
"Restaurante La Cuesta","","","4.5","38","","ninguno","","true","Restaurante","José Joaquín Olmedo y Venezuela, 170140 Quito","Centro Histórico, Quito","https://www.google.com/maps/place/Restaurante+La+Cuesta/data=!4m7!3m6!1s0x91d59a286bd30209:0xd07c92749d046c47!8m2!3d-0.2185974!4d-78.5104506!16s%2Fg%2F11ggrjy_jd!19sChIJCQLTayia1ZERR2wEnXSSfNA?authuser=0&hl=es-419&g_ep=EgoyMDI2MDkxNC4wIJJjKgBIAVAD&rclk=1"
"RPB Restaurante Bellavista Centro","(02) 295-6897","","4.5","71","","ninguno","","true","Restaurante","C. Sucre Oe1-50 y, 170401 Quito","Centro Histórico, Quito","https://www.google.com/maps/place/RPB+Restaurante+Bellavista+Centro/data=!4m7!3m6!1s0x91d59904cb6ffba1:0x4f535720084c009f!8m2!3d-0.2231365!4d-78.5111784!16s%2Fg%2F11j4mt267c!19sChIJoftvywSZ1ZERnwBMCCBXU08?authuser=0&hl=es-419&g_ep=EgoyMDI2MDkxNC4wIJJjKgBIAVAD&rclk=1"
"Vista Hermosa (Itchimbía)","098 386 3791","","4.5","2877","https://vistahermosa.ec/","sitio_propio","2022","false","Restaurante","Manuel Samaniego y Jose Antepara N8-169 y, 170136 Quito","Centro Histórico, Quito","https://www.google.com/maps/place/Vista+Hermosa+%28Itchimb%C3%ADa%29/data=!4m7!3m6!1s0x91d5998a1b638139:0x6a4f2da8bed5731!8m2!3d-0.2200465!4d-78.5031741!16s%2Fg%2F11b7lm9v2x!19sChIJOYFjG4qZ1ZERMVfti9rypAY?authuser=0&hl=es-419&g_ep=EgoyMDI2MDkxNC4wIJJjKgBIAVAD&rclk=1"
"Mote Colonial","093 934 2090","","4.6","460","","ninguno","","true","Restaurante","Cuenca N8-10, 170401 Quito","Centro Histórico, Quito","https://www.google.com/maps/place/Mote+Colonial/data=!4m7!3m6!1s0x91d59a28de3d76a9:0x616f53bbc07581e8!8m2!3d-0.2165402!4d-78.511707!16s%2Fg%2F1q66sy9pk!19sChIJqXY93iia1ZER6IF1wLtTb2E?authuser=0&hl=es-419&g_ep=EgoyMDI2MDkxNC4wIJJjKgBIAVAD&rclk=1"
"Juan Fogonero","(02) 257-3360","","4.6","261","","ninguno","","true","Restaurante","Chile, OE4 y Venezuela, 170136 Quito","Centro Histórico, Quito","https://www.google.com/maps/place/Juan+Fogonero/data=!4m7!3m6!1s0x91d59a282c1ca6f5:0xf2e4c05c7fafdbc2!8m2!3d-0.2192888!4d-78.5116545!16s%2Fg%2F11gf1cx31v!19sChIJ9aYcLCia1ZERwtuvf1zA5PI?authuser=0&hl=es-419&g_ep=EgoyMDI2MDkxNC4wIJJjKgBIAVAD&rclk=1"
"Sinners Microcerveceria - Centro Historico","099 784 4192","sinners@info.beer; pradera@sinners.beer; floresta@sinners.beer; centrohistorico@sinners.beer; email@ejemplo.com","4.7","1514","https://sinners.beer/","sitio_propio","","false","Pub","Simon Bolivar Oe6-15, 170130 Quito","Centro Histórico, Quito","https://www.google.com/maps/place/Sinners+Microcerveceria+-+Centro+Historico/data=!4m7!3m6!1s0x91d5995850d60b85:0xaf7052892eb913dc!8m2!3d-0.2212967!4d-78.5151303!16s%2Fg%2F11vcr3qtkr!19sChIJhQvWUFiZ1ZER3BO5LolScK8?authuser=0&hl=es-419&g_ep=EgoyMDI2MDkxNC4wIJJjKgBIAVAD&rclk=1"
"La Tradición Continúa","099 554 0033","","4.1","542","","ninguno","","true","Restaurante ecuatoriano","frente al convento de San Agustin, Chile, 170401 Y","Centro Histórico, Quito","https://www.google.com/maps/place/La+Tradici%C3%B3n+Contin%C3%BAa/data=!4m7!3m6!1s0x91d599a01d99d355:0xfef5e551d7e0c215!8m2!3d-0.2208816!4d-78.5102829!16s%2Fg%2F11t7fpy4q4!19sChIJVdOZHaCZ1ZERFcLg11Hl9f4?authuser=0&hl=es-419&g_ep=EgoyMDI2MDkxNC4wIJJjKgBIAVAD&rclk=1"
"Café Mosaico","(02) 254-2871","cafe@cafemosaico.com.ec","4.4","3480","http://www.cafemosaicoecuador.com/","sitio_propio","2021","true","Cafetería","Manuel Samaniego N8-95, 170136 Quito","Centro Histórico, Quito","https://www.google.com/maps/place/Caf%C3%A9+Mosaico/data=!4m7!3m6!1s0x91d5998af85031d9:0x78c592f4d6423b6c!8m2!3d-0.2206138!4d-78.5033957!16s%2Fg%2F1tn0295l!19sChIJ2TFQ-IqZ1ZERbDtC1vSSxXg?authuser=0&hl=es-419&g_ep=EgoyMDI2MDkxNC4wIJJjKgBIAVAD&rclk=1"
"Vía Lugo centrale","099 944 4817","","4.6","34","","ninguno","","true","Restaurante italiano","Al lado de Casa de Benalcazar, José Joaquín Olmedo Oe5-60, 170524 Quito","Centro Histórico, Quito","https://www.google.com/maps/place/V%C3%ADa+Lugo+centrale/data=!4m7!3m6!1s0x91d59bc86c0d9133:0x3582b414a46a3e5d!8m2!3d-0.2179008!4d-78.5115179!16s%2Fg%2F11yrcbqkyf!19sChIJM5ENbMib1ZERXT5qpBS0gjU?authuser=0&hl=es-419&g_ep=EgoyMDI2MDkxNC4wIJJjKgBIAVAD&rclk=1"
"DonCho Chocho y choclo","099 877 7353","","4.9","534","","ninguno","","true","Restaurante de comida rápida","Calle Sucre OE4-48 entre García Moreno y, Venezuela, 170130 Quito","Centro Histórico, Quito","https://www.google.com/maps/place/DonCho+Chocho+y+choclo/data=!4m7!3m6!1s0x91d599ea2764fd9d:0xf105c525976e4b7b!8m2!3d-0.2214197!4d-78.5133882!16s%2Fg%2F11fmxr_kyd!19sChIJnf1kJ-qZ1ZERe0tulyXFBfE?authuser=0&hl=es-419&g_ep=EgoyMDI2MDkxNC4wIJJjKgBIAVAD&rclk=1"
"Alma Quiteña Cafetería","096 406 7834","","3.7","445","","ninguno","","true","Cafetería","Carchi oe4-19 y, Venezuela y segundo piso, 170402 Quito","Centro Histórico, Quito","https://www.google.com/maps/place/Alma+Quite%C3%B1a+Cafeter%C3%ADa/data=!4m7!3m6!1s0x91d59bfb42518b27:0x459c9966b2a60fd4!8m2!3d-0.2153856!4d-78.5078737!16s%2Fg%2F11p74n_1__!19sChIJJ4tRQvub1ZER1A-msmaZnEU?authuser=0&hl=es-419&g_ep=EgoyMDI2MDkxNC4wIJJjKgBIAVAD&rclk=1"
"Ok Eco Market","(02) 295-7849","","4.8","23","","ninguno","","true","Restaurante","Esmeraldas 119, 170130 Quito","Centro Histórico, Quito","https://www.google.com/maps/place/Ok+Eco+Market/data=!4m7!3m6!1s0x91d59a27d5737855:0x2d0abdcf0cd81a46!8m2!3d-0.2177431!4d-78.5091837!16s%2Fg%2F11hbv99zl8!19sChIJVXhz1Sea1ZERRhrYDM-9Ci0?authuser=0&hl=es-419&g_ep=EgoyMDI2MDkxNC4wIJJjKgBIAVAD&rclk=1"
"Restaurante Mirador El Ventanal","(02) 228-8811","","4.3","133","http://www.elventanal.ec/","sitio_propio","","false","Restaurante","Carchi y Nicaragua &, 170402 Quito","Centro Histórico, Quito","https://www.google.com/maps/place/Restaurante+Mirador+El+Ventanal/data=!4m7!3m6!1s0x91d59b4db09d1db1:0x37be6cbd482f6b44!8m2!3d-0.2126003!4d-78.5118861!16s%2Fg%2F11t_w392kz!19sChIJsR2dsE2b1ZERRGsvSL1svjc?authuser=0&hl=es-419&g_ep=EgoyMDI2MDkxNC4wIJJjKgBIAVAD&rclk=1"
"El Criollo","(02) 476-5568","info@suempresa.ejemplo.com","4.4","200","https://www.criollo.rest/","sitio_propio","","false","Restaurante ecuatoriano","Juan José Flores N7-31, 170401 Quito","Centro Histórico, Quito","https://www.google.com/maps/place/El+Criollo/data=!4m7!3m6!1s0x91d59987c3e0de4d:0x30ae46b36487c03b!8m2!3d-0.2195296!4d-78.5089324!16s%2Fg%2F11c3k9025d!19sChIJTd7gw4eZ1ZERO8CHZLNGrjA?authuser=0&hl=es-419&g_ep=EgoyMDI2MDkxNC4wIJJjKgBIAVAD&rclk=1"
"En-Dulce","099 278 8266","","4.6","643","https://www.instagram.com/endulcequito?igsh=c2d1azZkaXB4N2lq&utm_source=qr","solo_red_social","","true","Cafetería","José Joaquín Olmedo y C. Guayaquil Oe3-26 y, 170111 Quito","Centro Histórico, Quito","https://www.google.com/maps/place/En-Dulce/data=!4m7!3m6!1s0x91d59a280f7a2ca1:0x25fe807037f5271b!8m2!3d-0.2190947!4d-78.5098048!16s%2Fg%2F1q69l5c40!19sChIJoSx6Dyia1ZERGyf1N3CA_iU?authuser=0&hl=es-419&g_ep=EgoyMDI2MDkxNC4wIJJjKgBIAVAD&rclk=1"
"Bandido Brewing","098 142 9321","","4.7","2102","http://www.bandidobrewing.com/","sitio_propio","","false","Cervecería artesanal","Jose J.Olmedo, 170136 Quito","Centro Histórico, Quito","https://www.google.com/maps/place/Bandido+Brewing/data=!4m7!3m6!1s0x91d599884729b261:0x3a41bc626654c104!8m2!3d-0.2212182!4d-78.507408!16s%2Fg%2F11b6hsy2_7!19sChIJYbIpR4iZ1ZERBMFUZmK8QTo?authuser=0&hl=es-419&g_ep=EgoyMDI2MDkxNC4wIJJjKgBIAVAD&rclk=1"
"La Purisima","098 301 1740","","4.5","770","http://lapurisima.mesa247.la/","sitio_propio","","false","Restaurante ecuatoriano","Junín E1-04 y Montúfar, 170401 Quito","Centro Histórico, Quito","https://www.google.com/maps/place/La+Purisima/data=!4m7!3m6!1s0x91d59987b942fff7:0xb6c72f6b0296946e!8m2!3d-0.2229259!4d-78.5103152!16s%2Fg%2F11c461bkmg!19sChIJ9_9CuYeZ1ZERbpSWAmsvx7Y?authuser=0&hl=es-419&g_ep=EgoyMDI2MDkxNC4wIJJjKgBIAVAD&rclk=1"
"Casa del Marqués Plaza comercial en el Centro Histórico de Quito","098 556 9791","mamg729@gmail.com; comunicacion@casadelmarques.com","4.7","29","http://www.casadelmarques.com/","sitio_propio","2026","false","Centro comercial","García Moreno, y y José Joaquín Olmedo, 170401 Quito","Centro Histórico, Quito","https://www.google.com/maps/place/Casa+del+Marqu%C3%A9s+Plaza+comercial+en+el+Centro+Hist%C3%B3rico+de+Quito/data=!4m7!3m6!1s0x91d59b58304870b3:0xe04ca417c489233b!8m2!3d-0.2180347!4d-78.5109941!16s%2Fg%2F11xrm3pz6f!19sChIJs3BIMFib1ZEROyOJxBekTOA?authuser=0&hl=es-419&g_ep=EgoyMDI2MDkxNC4wIJJjKgBIAVAD&rclk=1"
"Restaurante Las Cuevas de Luis Candelas","(02) 228-7710","","3.8","102","","ninguno","","true","Restaurante ecuatoriano","Chile 1270, 170401 Quito","Centro Histórico, Quito","https://www.google.com/maps/place/Restaurante+Las+Cuevas+de+Luis+Candelas/data=!4m7!3m6!1s0x91d59a29c6edb867:0x1018856c69778c4b!8m2!3d-0.2190905!4d-78.5130829!16s%2Fg%2F1w0p6q16!19sChIJZ7jtxima1ZERS4x3aWyFGBA?authuser=0&hl=es-419&g_ep=EgoyMDI2MDkxNC4wIJJjKgBIAVAD&rclk=1"
"Chocolate Tradicional","(02) 229-4846","","4.4","24","","ninguno","","true","Restaurante ecuatoriano","Cuenca N4-27, 170401 Quito","Centro Histórico, Quito","https://www.google.com/maps/place/Chocolate+Tradicional/data=!4m7!3m6!1s0x91d59a29f19928c5:0xc7289cb1b75f246d!8m2!3d-0.2191681!4d-78.5144162!16s%2Fg%2F11gtzq5q5x!19sChIJxSiZ8Sma1ZERbSRft7GcKMc?authuser=0&hl=es-419&g_ep=EgoyMDI2MDkxNC4wIJJjKgBIAVAD&rclk=1"
"Chorigol Centro Historico Parrilla Argentina B&B","098 488 8444","","4.1","155","","ninguno","","true","Restaurante","García Moreno y José Joaquín Olmedo &, 170401 Quito","Centro Histórico, Quito","https://www.google.com/maps/place/Chorigol+Centro+Historico+Parrilla+Argentina+B%26B/data=!4m7!3m6!1s0x91d59b02ab10dc17:0x6ff2a2fc8f28310f!8m2!3d-0.218188!4d-78.5111003!16s%2Fg%2F11tdmntn97!19sChIJF9wQqwKb1ZERDzEoj_yi8m8?authuser=0&hl=es-419&g_ep=EgoyMDI2MDkxNC4wIJJjKgBIAVAD&rclk=1"
"Luna Quiteña","099 339 5555","","4.3","790","http://www.lunaquitena.com/","sitio_propio","","true","Bar restaurante","Manuel Samaniego N8-107, 170136 Quito","Centro Histórico, Quito","https://www.google.com/maps/place/Luna+Quite%C3%B1a/data=!4m7!3m6!1s0x91d5998a0386db8f:0xe71c80a1ecb7aabe!8m2!3d-0.220477!4d-78.503393!16s%2Fg%2F11b6z7z4j3!19sChIJj9uGA4qZ1ZERvqq37KGAHOc?authuser=0&hl=es-419&g_ep=EgoyMDI2MDkxNC4wIJJjKgBIAVAD&rclk=1"
"RESTAURANTE LEÑA QUITEÑA SAN MARCOS","098 757 9515","","4.7","161","","ninguno","","true","Restaurante","Juan Pío Montúfar y Junín N4-14 Y, 170401 Quito","Centro Histórico, Quito","https://www.google.com/maps/place/RESTAURANTE+LE%C3%91A+QUITE%C3%91A+SAN+MARCOS/data=!4m7!3m6!1s0x91d599dc8456b77d:0xe9db12f3a98bb17a!8m2!3d-0.2228033!4d-78.5103235!16s%2Fg%2F11w21m54_s!19sChIJfbdWhNyZ1ZERerGLqfMS2-k?authuser=0&hl=es-419&g_ep=EgoyMDI2MDkxNC4wIJJjKgBIAVAD&rclk=1"
"Shungo Coffee House","098 769 8829","","5","44","","ninguno","","true","Cafetería","Garcia Moreno, y y Oriente, 170402 Quito","Centro Histórico, Quito","https://www.google.com/maps/place/Shungo+Coffee+House/data=!4m7!3m6!1s0x91d59b433ccace57:0x839d4e644b96dc11!8m2!3d-0.2161951!4d-78.5092648!16s%2Fg%2F11x_sp4lfg!19sChIJV87KPEOb1ZEREdyWS2ROnYM?authuser=0&hl=es-419&g_ep=EgoyMDI2MDkxNC4wIJJjKgBIAVAD&rclk=1"
"La Homilía","(02) 228-7162","","4.3","340","https://lahomilia.myportfolio.com/","sitio_propio","","false","Restaurante ecuatoriano","Chile Oe6-201, 170401 Quito","Centro Histórico, Quito","https://www.google.com/maps/place/La+Homil%C3%ADa/data=!4m7!3m6!1s0x91d59a2984d86f8d:0x7b98c7f27ee45d6b!8m2!3d-0.2181109!4d-78.5143189!16s%2Fg%2F11hb162jlz!19sChIJjW_YhCma1ZERa13kfvLHmHs?authuser=0&hl=es-419&g_ep=EgoyMDI2MDkxNC4wIJJjKgBIAVAD&rclk=1"
"Sereno Moreno","(02) 228-9202","","4.7","1301","https://serenomorenoec.com/","sitio_propio","","false","Bar restaurante","Esmeraldas E3-110, E3-110, 170136 Quito","Centro Histórico, Quito","https://www.google.com/maps/place/Sereno+Moreno/data=!4m7!3m6!1s0x91d59989d01809bd:0x483998fccdc89c63!8m2!3d-0.2203868!4d-78.5058747!16s%2Fg%2F11c0xs7cqw!19sChIJvQkY0ImZ1ZERY5zIzfyYOUg?authuser=0&hl=es-419&g_ep=EgoyMDI2MDkxNC4wIJJjKgBIAVAD&rclk=1"
"Artífice San Marcos","098 796 8565","","4.8","419","https://drive.google.com/file/d/13iGPOrmwoBnerObKzf3PWTMyyP_LV8lh/view?usp=drivesdk","sitio_propio","","false","Cafetería","Junín, Luis Alfonso y Ortiz Bilbao E1-72 y, 170401 Quito","Centro Histórico, Quito","https://www.google.com/maps/place/Art%C3%ADfice+San+Marcos/data=!4m7!3m6!1s0x91d5994eae882105:0x37b33f67cd1911e4!8m2!3d-0.2232951!4d-78.5097848!16s%2Fg%2F11rjw4712w!19sChIJBSGIrk6Z1ZER5BEZzWc_szc?authuser=0&hl=es-419&g_ep=EgoyMDI2MDkxNC4wIJJjKgBIAVAD&rclk=1"
"Panorama","099 904 6721","","4.6","63","","ninguno","","true","Restaurante ecuatoriano","Cuenca y Galapagos n9-160 y, 170130 Quito","Centro Histórico, Quito","https://www.google.com/maps/place/Panorama/data=!4m7!3m6!1s0x91d59a2f45c99f79:0x1fa43a25c930ce41!8m2!3d-0.2147149!4d-78.5102789!16s%2Fg%2F11d_bj0td4!19sChIJeZ_JRS-a1ZERQc4wySU6pB8?authuser=0&hl=es-419&g_ep=EgoyMDI2MDkxNC4wIJJjKgBIAVAD&rclk=1"
"LOS SANDUCHES DE LA PLAZA GRANDE","(02) 295-4661","","4.4","542","","ninguno","","true","Restaurante","Chile y Venezuela Oe4-36 y, 170401 Quito","Centro Histórico, Quito","https://www.google.com/maps/place/LOS+SANDUCHES+DE+LA+PLAZA+GRANDE/data=!4m7!3m6!1s0x91d59bd9648bb591:0x41ff8d4785020423!8m2!3d-0.2198066!4d-78.5117491!16s%2Fg%2F11f6kph8yy!19sChIJkbWLZNmb1ZERIwQChUeN_0E?authuser=0&hl=es-419&g_ep=EgoyMDI2MDkxNC4wIJJjKgBIAVAD&rclk=1"
"Los tres Chivos de David","098 454 9521","","4.6","61","https://lostreschivosdedavid.bocaeat.com/","sitio_propio","","true","Restaurante","José Joaquín Olmedo Oe4-49, 170401 Quito","Centro Histórico, Quito","https://www.google.com/maps/place/Los+tres+Chivos+de+David/data=!4m7!3m6!1s0x91d59b58c7392999:0xb9cebebc253f0401!8m2!3d-0.2184406!4d-78.510825!16s%2Fg%2F11f5ttpg4d!19sChIJmSk5x1ib1ZERAQQ_Jby-zrk?authuser=0&hl=es-419&g_ep=EgoyMDI2MDkxNC4wIJJjKgBIAVAD&rclk=1"
"Nuestro Legado","098 353 9673","","4.6","165","https://www.instagram.com/nuestrolegado.ec/","solo_red_social","","true","Restaurante ecuatoriano","170401 Quito","Centro Histórico, Quito","https://www.google.com/maps/place/Nuestro+Legado/data=!4m7!3m6!1s0x91d599c4115e3797:0x95ee4f83b6f418c0!8m2!3d-0.2221477!4d-78.51398!16s%2Fg%2F11g4bmt0g6!19sChIJlzdeEcSZ1ZERwBj0toNP7pU?authuser=0&hl=es-419&g_ep=EgoyMDI2MDkxNC4wIJJjKgBIAVAD&rclk=1"
"La Guarida Rooftop","097 923 2528","","4.9","13","","ninguno","","true","Bar restaurante","Antonio Elizalde y Los Rios E4-99 y, 170403 Quito","Centro Histórico, Quito","https://www.google.com/maps/place/La+Guarida+Rooftop/data=!4m7!3m6!1s0x91d59bea343b95a5:0x2f0074ccb8dc0b2a!8m2!3d-0.2169974!4d-78.5030771!16s%2Fg%2F11lzxhyjw0!19sChIJpZU7NOqb1ZERKgvcuMx0AC8?authuser=0&hl=es-419&g_ep=EgoyMDI2MDkxNC4wIJJjKgBIAVAD&rclk=1"
"100 Años Years Centro","099 254 8777","","5","15","","ninguno","","true","Bar restaurante","QFHV+HQP, Vicente León, 170136 Quito","Centro Histórico, Quito","https://www.google.com/maps/place/100+A%C3%B1os+Years+Centro/data=!4m7!3m6!1s0x91d599575ca2a3db:0x16522481be370961!8m2!3d-0.2210686!4d-78.5055346!16s%2Fg%2F11x733qtkc!19sChIJ26OiXFeZ1ZERYQk3voEkUhY?authuser=0&hl=es-419&g_ep=EgoyMDI2MDkxNC4wIJJjKgBIAVAD&rclk=1"
"San Francisco","(02) 228-8472","","4.3","166","","ninguno","","true","Restaurante ecuatoriano","Benalcazar N3-71, 170401 Quito","Centro Histórico, Quito","https://www.google.com/maps/place/San+Francisco/data=!4m7!3m6!1s0x91d599875f4bf923:0x72b385d63d342721!8m2!3d-0.2199758!4d-78.5138389!16s%2Fg%2F11g6xwh9q4!19sChIJI_lLX4eZ1ZERISc0PdaFs3I?authuser=0&hl=es-419&g_ep=EgoyMDI2MDkxNC4wIJJjKgBIAVAD&rclk=1"
"Restaurante Oasis","(02) 295-1865","","4.4","110","","ninguno","","true","Restaurante ecuatoriano","C. Guayaquil y North 42 y, 170401 Quito","Centro Histórico, Quito","https://www.google.com/maps/place/Restaurante+Oasis/data=!4m7!3m6!1s0x91d59a2818ddb503:0x6c56df4f71a631a0!8m2!3d-0.2209624!4d-78.5110224!16s%2Fg%2F11clzvktxy!19sChIJA7XdGCia1ZERoDGmcU_fVmw?authuser=0&hl=es-419&g_ep=EgoyMDI2MDkxNC4wIJJjKgBIAVAD&rclk=1"
"Hotel Plaza Grande","(02) 251-0777","recepcion@plazagrandequito.com","4.6","1367","http://plazagrandequito.com/","sitio_propio","","false","","Garcia Moreno, y y Chile 5-16 y, Quito","Centro Histórico, Quito","https://www.google.com/maps/place/Hotel+Plaza+Grande/data=!4m10!3m9!1s0x91d5998782400001:0xf75418a5ec4081a3!5m2!4m1!1i2!8m2!3d-0.2194316!4d-78.5120666!16s%2Fm%2F0gkzlwp!19sChIJAQBAgoeZ1ZERo4FA7KUYVPc?authuser=0&hl=es-419&g_ep=EgoyMDI2MDkxNC4wIJJjKgBIAVAD&rclk=1"
"Centro Histórico de Quito","","","4.8","3374","","ninguno","","true","Lugar de interés histórico","170401, Quito","Centro Histórico, Quito","https://www.google.com/maps/place/Centro+Hist%C3%B3rico+de+Quito/data=!4m7!3m6!1s0x91d59987645980f9:0xa1a93f5682107db6!8m2!3d-0.2188959!4d-78.5123409!16s%2Fg%2F11c1n1nkjk!19sChIJ-YBZZIeZ1ZERtn0QglY_qaE?authuser=0&hl=es-419&g_ep=EgoyMDI2MDkxNC4wIJJjKgBIAVAD&rclk=1"
"Pim's","(02) 317-0162","","4.6","2405","http://www.grupopims.com/","sitio_propio","","false","Restaurante ecuatoriano","Gral. Melchor Aymerich, 170111 Quito","Centro Histórico, Quito","https://www.google.com/maps/place/Pim%27s/data=!4m7!3m6!1s0x91d5999da20ee3a9:0xedc75fe2a7df2a90!8m2!3d-0.228772!4d-78.517798!16s%2Fg%2F1tfbjt0x!19sChIJqeMOop2Z1ZERkCrfp-Jfx-0?authuser=0&hl=es-419&g_ep=EgoyMDI2MDkxNC4wIJJjKgBIAVAD&rclk=1"
"Las Corvinas de Gloria","099 891 0022","","4.5","43","","ninguno","","true","Restaurante ecuatoriano","Av Pichincha, 170403 Quito","Centro Histórico, Quito","https://www.google.com/maps/place/Las+Corvinas+de+Gloria/data=!4m7!3m6!1s0x91d59a27841ac511:0x4c275494572e8f6e!8m2!3d-0.2196492!4d-78.5068451!16s%2Fg%2F11crzg3fc4!19sChIJEcUahCea1ZERbo8uV5RUJ0w?authuser=0&hl=es-419&g_ep=EgoyMDI2MDkxNC4wIJJjKgBIAVAD&rclk=1"
"Govinda Gopal Restaurante Vegetariano","096 320 4863","","4.6","472","","ninguno","","true","Restaurante vegetariano","Esmeraldas 170130, OE3-119, 170401 Quito","Centro Histórico, Quito","https://www.google.com/maps/place/Govinda+Gopal+Restaurante+Vegetariano/data=!4m7!3m6!1s0x91d59bd4af22eef1:0x77b6875ca0c77b14!8m2!3d-0.217663!4d-78.5091278!16s%2Fg%2F11fqqsv7bk!19sChIJ8e4ir9Sb1ZERFHvHoFyHtnc?authuser=0&hl=es-419&g_ep=EgoyMDI2MDkxNC4wIJJjKgBIAVAD&rclk=1"
"Bar 1936 - Hotel Plaza Grande","(02) 251-0777","recepcion@plazagrandequito.com","4.8","85","https://www.plazagrandequito.com/bar-1936","sitio_propio","","false","Pub restaurante","Chile OE4-22, 170401 Quito","Centro Histórico, Quito","https://www.google.com/maps/place/Bar+1936+-+Hotel+Plaza+Grande/data=!4m7!3m6!1s0x91d58583c54554f9:0xf941c26204c11a9d!8m2!3d-0.2195265!4d-78.5121447!16s%2Fg%2F11yc0zzmf9!19sChIJ-VRFxYOF1ZERnRrBBGLCQfk?authuser=0&hl=es-419&g_ep=EgoyMDI2MDkxNC4wIJJjKgBIAVAD&rclk=1"
"Leña Quiteña-La Ronda","","","4.1","1254","","ninguno","","true","Restaurante ecuatoriano","Calle Guayaquil, y y Juan de Dios Morales S1-76, 170130 Quito","Centro Histórico, Quito","https://www.google.com/maps/place/Le%C3%B1a+Quite%C3%B1a-La+Ronda/data=!4m7!3m6!1s0x91d59986a1310bd1:0x4466e09c4033d601!8m2!3d-0.2242827!4d-78.5140313!16s%2Fg%2F11b6cjl92h!19sChIJ0QsxoYaZ1ZERAdYzQJzgZkQ?authuser=0&hl=es-419&g_ep=EgoyMDI2MDkxNC4wIJJjKgBIAVAD&rclk=1"
"El Escondite de Cantuña","(02) 477-0400","","4.4","686","","ninguno","","true","Restaurante ecuatoriano","Manuel Samaniego y 170403 8-175, 170403 Quito","Centro Histórico, Quito","https://www.google.com/maps/place/El+Escondite+de+Cantu%C3%B1a/data=!4m7!3m6!1s0x91d5998a1b5c63df:0xe64537cb317a93ee!8m2!3d-0.2200972!4d-78.5032625!16s%2Fg%2F11b7bzvf24!19sChIJ32NcG4qZ1ZER7pN6Mcs3ReY?authuser=0&hl=es-419&g_ep=EgoyMDI2MDkxNC4wIJJjKgBIAVAD&rclk=1"
"La Chacotta","098 752 7925","","4","317","","ninguno","","true","Pizzería","García Moreno 7-39 y, 170401 Quito","Centro Histórico, Quito","https://www.google.com/maps/place/La+Chacotta/data=!4m7!3m6!1s0x91d59ba9e81e89c7:0x72e611176963cdb5!8m2!3d-0.2178901!4d-78.5109351!16s%2Fg%2F11t6x4p0dt!19sChIJx4ke6Kmb1ZERtc1jaRcR5nI?authuser=0&hl=es-419&g_ep=EgoyMDI2MDkxNC4wIJJjKgBIAVAD&rclk=1"
"Restaurante de la Blanquita de San Blas Tradicional desde 1973","098 499 9870","","4.4","615","","ninguno","","true","Restaurante","Pedro Fermín Cevallos 10-68, 170136 Quito","Centro Histórico, Quito","https://www.google.com/maps/place/Restaurante+de+la+Blanquita+de+San+Blas+Tradicional+desde+1973/data=!4m7!3m6!1s0x91d59b04fdba31bd:0x4fab6e4c7c353ef5!8m2!3d-0.2185981!4d-78.5058828!16s%2Fg%2F11fv188lcg!19sChIJvTG6_QSb1ZER9T41fExuq08?authuser=0&hl=es-419&g_ep=EgoyMDI2MDkxNC4wIJJjKgBIAVAD&rclk=1"
"Angel's Town Brewing Food&Pub, Quito","098 736 5998","","4.7","276","","ninguno","","true","Restaurante","Junín y A. Almeida E2-64 y, 170401 Quito","Centro Histórico, Quito","https://www.google.com/maps/place/Angel%27s+Town+Brewing+Food%26Pub,+Quito/data=!4m7!3m6!1s0x91d599fb1e427f5b:0x6c8984f5455a01e2!8m2!3d-0.2237914!4d-78.5092214!16s%2Fg%2F11c46cckxn!19sChIJW39CHvuZ1ZER4gFaRfWEiWw?authuser=0&hl=es-419&g_ep=EgoyMDI2MDkxNC4wIJJjKgBIAVAD&rclk=1"
"CASA BELLAMARIA","095 868 7830","","4.7","26","http://www.casabellamaria.com/","sitio_propio","","false","Zona de restauración","QFHP+V5P, Sucre, 170401 Quito","Centro Histórico, Quito","https://www.google.com/maps/place/CASA+BELLAMARIA/data=!4m7!3m6!1s0x91d599002d56fbc1:0x679530cbdfa211a!8m2!3d-0.2202508!4d-78.5145965!16s%2Fg%2F11wxl3xsbx!19sChIJwftWLQCZ1ZERGiH6vQxTeQY?authuser=0&hl=es-419&g_ep=EgoyMDI2MDkxNC4wIJJjKgBIAVAD&rclk=1"
"La Rondalia","","","4.5","28","","ninguno","","true","Restaurante","C. Guayaquil S1-83, 170130 Quito","Centro Histórico, Quito","https://www.google.com/maps/place/La+Rondalia/data=!4m7!3m6!1s0x91d59986a099e28d:0x9a520005a8413990!8m2!3d-0.2245379!4d-78.5138261!16s%2Fg%2F1tkb6566!19sChIJjeKZoIaZ1ZERkDlBqAUAUpo?authuser=0&hl=es-419&g_ep=EgoyMDI2MDkxNC4wIJJjKgBIAVAD&rclk=1"
"Sin culpa","","","3.9","41","","ninguno","","true","Restaurante","Palacio Arzobispal, Venezuela, 170401 Quito","Centro Histórico, Quito","https://www.google.com/maps/place/Sin+culpa/data=!4m7!3m6!1s0x91d59b6d7c38cf11:0x4ea899da9ea9df7c!8m2!3d-0.2193964!4d-78.5114752!16s%2Fg%2F11rr1_pkcb!19sChIJEc84fG2b1ZERfN-pntqZqE4?authuser=0&hl=es-419&g_ep=EgoyMDI2MDkxNC4wIJJjKgBIAVAD&rclk=1"
"Palacio Arzobispal","","","4.7","446","https://www.arquidiocesisdequito.com.ec/","sitio_propio","2026","false","Mercado","QFJQ+69C, Chile, 170401 Quito","Centro Histórico, Quito","https://www.google.com/maps/place/Palacio+Arzobispal/data=!4m7!3m6!1s0x91d59a282987293d:0xa0b77a34f9d2af13!8m2!3d-0.2194357!4d-78.5116177!16s%2Fg%2F1pzpdk7lr!19sChIJPSmHKSia1ZERE6_S-TR6t6A?authuser=0&hl=es-419&g_ep=EgoyMDI2MDkxNC4wIJJjKgBIAVAD&rclk=1"
"Bogati - Helados con Queso (Quito, Centro Historico)","","","4.8","13","https://bogati.ec/","sitio_propio","","false","Heladería","C. Guayaquil 976-1016, 170130 Quito","Centro Histórico, Quito","https://www.google.com/maps/place/Bogati+-+Helados+con+Queso+%28Quito,+Centro+Historico%29/data=!4m7!3m6!1s0x91d59b0fe67ffe5d:0x32556f2246946acc!8m2!3d-0.2181425!4d-78.507546!16s%2Fg%2F11vf0ydjrl!19sChIJXf5_5g-b1ZERzGqURiJvVTI?authuser=0&hl=es-419&g_ep=EgoyMDI2MDkxNC4wIJJjKgBIAVAD&rclk=1"
"Himalaya Restaurante Colonial Quito","(02) 228-2536","","4.4","172","","ninguno","","true","Heladería","C. Guayaquil N11-32, 170130 Quito","Centro Histórico, Quito","https://www.google.com/maps/place/Himalaya+Restaurante+Colonial+Quito/data=!4m7!3m6!1s0x91d59a27abb766af:0x29fcc116a2c8d3fd!8m2!3d-0.2178769!4d-78.506744!16s%2Fg%2F11fy4hr4fy!19sChIJr2a3qyea1ZER_dPIohbB_Ck?authuser=0&hl=es-419&g_ep=EgoyMDI2MDkxNC4wIJJjKgBIAVAD&rclk=1"
"El Patio Plaza","","","3.9","87","","ninguno","","true","Restaurante","QFJQ+88X, 170401 Quito","Centro Histórico, Quito","https://www.google.com/maps/place/El+Patio+Plaza/data=!4m7!3m6!1s0x91d59a28312fe113:0x553ee042c2b5486!8m2!3d-0.2191396!4d-78.5116395!16s%2Fg%2F11c5symt91!19sChIJE-EvMSia1ZERhlQrLATuUwU?authuser=0&hl=es-419&g_ep=EgoyMDI2MDkxNC4wIJJjKgBIAVAD&rclk=1"
"Heladería Caribe","(02) 258-2991","","4.4","1376","","ninguno","","true","Heladería","Simon Bolivar, 170401 Quito","Centro Histórico, Quito","https://www.google.com/maps/place/Helader%C3%ADa+Caribe/data=!4m7!3m6!1s0x91d59986ddf906a5:0x83eac1122c362bf7!8m2!3d-0.222601!4d-78.513673!16s%2Fg%2F11b7tttt7_!19sChIJpQb53YaZ1ZER9ys2LBLB6oM?authuser=0&hl=es-419&g_ep=EgoyMDI2MDkxNC4wIJJjKgBIAVAD&rclk=1"
"Picanteria Rosita","","","4.6","432","","ninguno","","true","Restaurante","QFHV+5C3 Don Bosco, 170136 Quito","Centro Histórico, Quito","https://www.google.com/maps/place/Picanteria+Rosita/data=!4m7!3m6!1s0x91d59988552adbdf:0xacf9e569bbf3d692!8m2!3d-0.2221145!4d-78.5064474!16s%2Fg%2F11c48fdrmn!19sChIJ39sqVYiZ1ZERktbzu2nl-aw?authuser=0&hl=es-419&g_ep=EgoyMDI2MDkxNC4wIJJjKgBIAVAD&rclk=1"
"La Guaragua","(02) 257-2552","","4.1","67","https://www.facebook.com/pages/La-Guaragua-Cafe-Restaurant/110616119108638","solo_red_social","","true","Restaurante de sopas","Secretaria de Seguridad y Gobernabilidad del MDMQ, Eugenio Espejo 784, 170401 Quito","Centro Histórico, Quito","https://www.google.com/maps/place/La+Guaragua/data=!4m7!3m6!1s0x91d59987beb7d2bb:0x241dd39861397729!8m2!3d-0.2212262!4d-78.5109392!16s%2Fg%2F1tfl18lj!19sChIJu9K3voeZ1ZERKXc5YZjTHSQ?authuser=0&hl=es-419&g_ep=EgoyMDI2MDkxNC4wIJJjKgBIAVAD&rclk=1"
"Pizza","098 311 0474","","4.3","301","http://www.pizzasa.com/","sitio_propio","2023","false","Pizzería","Eugenio Espejo, 170401 Quito","Centro Histórico, Quito","https://www.google.com/maps/place/Pizza/data=!4m7!3m6!1s0x91d59987becbf3e1:0x715a701f9384409e!8m2!3d-0.2212929!4d-78.5110855!16s%2Fg%2F11c561f6lz!19sChIJ4fPLvoeZ1ZERnkCEkx9wWnE?authuser=0&hl=es-419&g_ep=EgoyMDI2MDkxNC4wIJJjKgBIAVAD&rclk=1"
"GelatoMix Quito - Centro Histórico","098 471 9762","","4.4","270","https://www.gelatomix.ec/","sitio_propio","","false","Heladería","C. Guayaquil N4-34, 170401 Quito","Centro Histórico, Quito","https://www.google.com/maps/place/GelatoMix+Quito+-+Centro+Hist%C3%B3rico/data=!4m7!3m6!1s0x91d599172d904031:0xe8d1d2f6c683dfb6!8m2!3d-0.2209944!4d-78.5110863!16s%2Fg%2F11fntdgbkz!19sChIJMUCQLReZ1ZERtt-DxvbS0eg?authuser=0&hl=es-419&g_ep=EgoyMDI2MDkxNC4wIJJjKgBIAVAD&rclk=1"
"Cafetería Niza","(02) 228-3631","","4.3","261","","ninguno","","true","Cafetería","Venezuela N3-14, 170401 Quito","Centro Histórico, Quito","https://www.google.com/maps/place/Cafeter%C3%ADa+Niza/data=!4m7!3m6!1s0x91d59a26247b2ac3:0x39cafbbee9eaea54!8m2!3d-0.2217245!4d-78.5127901!16s%2Fg%2F11dxnyv974!19sChIJwyp7JCaa1ZERVOrq6b77yjk?authuser=0&hl=es-419&g_ep=EgoyMDI2MDkxNC4wIJJjKgBIAVAD&rclk=1"
"NOKTOT RAMEN STATION (ESTACION DE RAMEN)","096 404 9465","contacto@noktot.com","3.5","51","http://www.noktot.com/","sitio_propio","2025","false","Restaurante especializado en ramen","170401, Chile y Imbabura OE6-209 E, 170401 Quito","Centro Histórico, Quito","https://www.google.com/maps/place/NOKTOT+RAMEN+STATION+%28ESTACION+DE+RAMEN%29/data=!4m7!3m6!1s0x91d59b19ceb77813:0xc9d89f8e03a4dc58!8m2!3d-0.2180163!4d-78.5144533!16s%2Fg%2F11t15bc65b!19sChIJE3i3zhmb1ZERWNykA46f2Mk?authuser=0&hl=es-419&g_ep=EgoyMDI2MDkxNC4wIJJjKgBIAVAD&rclk=1"
"Calle La Ronda","","","4.5","4604","","ninguno","","true","Atracción turística","QFGP+87W, Venezuela, 170130 Quito","Centro Histórico, Quito","https://www.google.com/maps/place/Calle+La+Ronda/data=!4m7!3m6!1s0x91d59986b293cdd3:0xb58f7fc349615dd9!8m2!3d-0.2241292!4d-78.5142918!16s%2Fg%2F11cm0p3csv!19sChIJ082TsoaZ1ZER2V1hScN_j7U?authuser=0&hl=es-419&g_ep=EgoyMDI2MDkxNC4wIJJjKgBIAVAD&rclk=1"
"Fray Francisco","(02) 226-3456","","3.8","6","","ninguno","","true","Restaurante ecuatoriano","Sebastián de Belalcázar y Av. Simón Bolívar N2-20, 170401 Quito","Centro Histórico, Quito","https://www.google.com/maps/place/Fray+Francisco/data=!4m7!3m6!1s0x91d59986e6798199:0x62ac8f176dd6d84e!8m2!3d-0.2226858!4d-78.5135284!16s%2Fg%2F11fb2hrsnj!19sChIJmYF55oaZ1ZERTtjWbRePrGI?authuser=0&hl=es-419&g_ep=EgoyMDI2MDkxNC4wIJJjKgBIAVAD&rclk=1"
"Restaurante","099 864 5205","","4.1","15","","ninguno","","true","Restaurante ecuatoriano","C.C. Mega Ipiales Hermano Miguel, piso 3, Imbabura, S/N, 170401 Quito","Centro Histórico, Quito","https://www.google.com/maps/place/Restaurante/data=!4m7!3m6!1s0x91d59a297d318877:0xdee3f29cbf33dd16!8m2!3d-0.2171175!4d-78.5148443!16s%2Fg%2F11fd7747lm!19sChIJd4gxfSma1ZERFt0zv5zy494?authuser=0&hl=es-419&g_ep=EgoyMDI2MDkxNC4wIJJjKgBIAVAD&rclk=1"
"Apolo's | HAMBURGUESAS | FOOD | BEER | BAR | ALITAS |","099 825 4951","","4.6","115","","ninguno","","true","Restaurante de comida rápida","Venezuela, entre y mejia y olmedo, Quito","Centro Histórico, Quito","https://www.google.com/maps/place/Apolo%27s+%7C+HAMBURGUESAS+%7C+FOOD+%7C+BEER+%7C+BAR+%7C+ALITAS+%7C/data=!4m7!3m6!1s0x91d59b5316e56f61:0x36e90f7657d111db!8m2!3d-0.2188737!4d-78.5104883!16s%2Fg%2F11s9y9l0x3!19sChIJYW_lFlOb1ZER2xHRV3YP6TY?authuser=0&hl=es-419&g_ep=EgoyMDI2MDkxNC4wIJJjKgBIAVAD&rclk=1"
"Restaurante Floresta Brava","(02) 322-6646","ventas@florestabrava.com","4.7","31","https://www.florestabrava.com/","sitio_propio","","false","Restaurante","Restaurant Floresta Brava Ecudor, Quito Av.Coruña, y y Guipuzcoa, 170525 Quito","La Floresta, Quito","https://www.google.com/maps/place/Restaurante+Floresta+Brava/data=!4m7!3m6!1s0x91d59b5dc1419ea7:0x230ed687bf1e3c6b!8m2!3d-0.2105985!4d-78.4823655!16s%2Fg%2F11hfnds3b2!19sChIJp55BwV2b1ZERazwev4fWDiM?authuser=0&hl=es-419&g_ep=EgoyMDI2MDkxNC4wIJJjKgBIAVAD&rclk=1"
"Casa Warmi","098 445 8915","","4.6","1496","","ninguno","","true","Restaurante ecuatoriano","Pontevedra N24-240, 170143 Quito","La Floresta, Quito","https://www.google.com/maps/place/Casa+Warmi/data=!4m7!3m6!1s0x91d59a0faaf7f55d:0xeccc6997bf3c98f4!8m2!3d-0.2086763!4d-78.4839833!16s%2Fg%2F11b8_vc3d_!19sChIJXfX3qg-a1ZER9Jg8v5dpzOw?authuser=0&hl=es-419&g_ep=EgoyMDI2MDkxNC4wIJJjKgBIAVAD&rclk=1"
"los antojitos de la floresta (parque de las tripas)","098 501 5778","","4.6","147","","ninguno","","true","Restaurante","Av. de los Conquistadores y C. Lérida, 170136 Quito","La Floresta, Quito","https://www.google.com/maps/place/los+antojitos+de+la+floresta+%28parque+de+las+tripas%29/data=!4m7!3m6!1s0x91d59b94de6a07fb:0xdde929b7e055676e!8m2!3d-0.2128196!4d-78.4841432!16s%2Fg%2F11f60wfqzc!19sChIJ-wdq3pSb1ZERbmdV4Lcp6d0?authuser=0&hl=es-419&g_ep=EgoyMDI2MDkxNC4wIJJjKgBIAVAD&rclk=1"
"Delicias Doña Anita","099 832 2308","","4.9","374","","ninguno","","true","Restaurante","Av. La Coruña y Guipuzcoa &, 170143 Quito","La Floresta, Quito","https://www.google.com/maps/place/Delicias+Do%C3%B1a+Anita/data=!4m7!3m6!1s0x91d59b1d17394fff:0x5d740278f48309df!8m2!3d-0.2106606!4d-78.4823709!16s%2Fg%2F11r2wbrkd2!19sChIJ_085Fx2b1ZER3wmD9HgCdF0?authuser=0&hl=es-419&g_ep=EgoyMDI2MDkxNC4wIJJjKgBIAVAD&rclk=1"
"Clara Restaurante","099 149 5958","usuario@dominio.com","4.6","239","https://clara.ec/","sitio_propio","","false","Restaurante","170143, Quito","La Floresta, Quito","https://www.google.com/maps/place/Clara+Restaurante/data=!4m7!3m6!1s0x91d59b2a850bedd1:0x644ec64910d224ed!8m2!3d-0.2066512!4d-78.4857537!16s%2Fg%2F11y2ch0bjs!19sChIJ0e0LhSqb1ZER7STSEEnGTmQ?authuser=0&hl=es-419&g_ep=EgoyMDI2MDkxNC4wIJJjKgBIAVAD&rclk=1"
"The Magic Bean Restaurante, La Floresta, Quito","095 861 5707","","4.5","61","","ninguno","","true","Restaurante","Julio Zaldumbide 25-104, 170136 Quito","La Floresta, Quito","https://www.google.com/maps/place/The+Magic+Bean+Restaurante,+La+Floresta,+Quito/data=!4m7!3m6!1s0x91d59be0a19255df:0xe4dc72db68c2352d!8m2!3d-0.2048008!4d-78.4806893!16s%2Fg%2F11xljbk94h!19sChIJ31WSoeCb1ZERLTXCaNty3OQ?authuser=0&hl=es-419&g_ep=EgoyMDI2MDkxNC4wIJJjKgBIAVAD&rclk=1"
"Lucia House (La Floresta)","098 743 0015","","4.6","3034","https://grupolucia.com/lucia-house/","sitio_propio","2026","false","Restaurante americano","Francisco de Orellana 155 y, 170136 Quito","La Floresta, Quito","https://www.google.com/maps/place/Lucia+House+%28La+Floresta%29/data=!4m7!3m6!1s0x91d59a0b620e996b:0x8df1b661abe5a635!8m2!3d-0.2031066!4d-78.4808325!16s%2Fg%2F11csr53vdw!19sChIJa5kOYgua1ZERNablq2G28Y0?authuser=0&hl=es-419&g_ep=EgoyMDI2MDkxNC4wIJJjKgBIAVAD&rclk=1"
"Island Foods","(02) 522-4016","","5","49","","ninguno","","true","Restaurante","Valladolid N24-197 y Madrid, 170109 Quito","La Floresta, Quito","https://www.google.com/maps/place/Island+Foods/data=!4m7!3m6!1s0x91d59b3c19406ef1:0x1cc9c065e7693ed1!8m2!3d-0.2087466!4d-78.4848844!16s%2Fg%2F11z63w04zd!19sChIJ8W5AGTyb1ZER0T5p52XAyRw?authuser=0&hl=es-419&g_ep=EgoyMDI2MDkxNC4wIJJjKgBIAVAD&rclk=1"
"La Ñora - Floresta","095 869 0123","usuario@dominio.com","4.3","514","https://www.comedordelbarrio.com/","sitio_propio","","false","Restaurante ecuatoriano","Lugo, y y Av. La Coruña, 170525 Quito","La Floresta, Quito","https://www.google.com/maps/place/La+%C3%91ora+-+Floresta/data=!4m7!3m6!1s0x91d59b5da02d351d:0x2f965514bd95b954!8m2!3d-0.2079695!4d-78.4822926!16s%2Fg%2F11ptv4q3xc!19sChIJHTUtoF2b1ZERVLmVvRRVli8?authuser=0&hl=es-419&g_ep=EgoyMDI2MDkxNC4wIJJjKgBIAVAD&rclk=1"
"La Cleta","(02) 250-7092","","4.6","713","https://www.facebook.com/lacleta.bicicleta/","solo_red_social","","true","Bar restaurante","Lugo N24-250, 170143 Quito","La Floresta, Quito","https://www.google.com/maps/place/La+Cleta/data=!4m7!3m6!1s0x91d59a0f0ef3f6f9:0x7ce2e1b57ae5dc9b!8m2!3d-0.2091049!4d-78.4831437!16s%2Fg%2F11bw46rxbj!19sChIJ-fbzDg-a1ZERm9zlerXh4nw?authuser=0&hl=es-419&g_ep=EgoyMDI2MDkxNC4wIJJjKgBIAVAD&rclk=1"
"La Concha de la Lora Parrilla Artesanal Argentina","(02) 323-0117","","4.6","1764","https://cartalaconchadelalora.ola.click/?type=read","sitio_propio","","false","Restaurante argentino","Valladolid N24-438, 170143 Quito","La Floresta, Quito","https://www.google.com/maps/place/La+Concha+de+la+Lora+Parrilla+Artesanal+Argentina/data=!4m7!3m6!1s0x91d59a0e8d79debd:0x731f926f07e60c9b!8m2!3d-0.2071356!4d-78.4829922!16s%2Fg%2F1z44bf2_p!19sChIJvd55jQ6a1ZERmwzmB2-SH3M?authuser=0&hl=es-419&g_ep=EgoyMDI2MDkxNC4wIJJjKgBIAVAD&rclk=1"
"Las Tripas de La Floresta Doña Blanquita","096 381 2791","","4.4","1489","https://m.facebook.com/LasTripasDeLaFloresta/","solo_red_social","","true","Restaurante familiar","170136 Quito","La Floresta, Quito","https://www.google.com/maps/place/Las+Tripas+de+La+Floresta+Do%C3%B1a+Blanquita/data=!4m7!3m6!1s0x91d59b41ef984ab5:0x4a34db3266aa5d05!8m2!3d-0.2127025!4d-78.4846766!16s%2Fg%2F11ry3jy087!19sChIJtUqY70Gb1ZERBV2qZjLbNEo?authuser=0&hl=es-419&g_ep=EgoyMDI2MDkxNC4wIJJjKgBIAVAD&rclk=1"
"Tonny restaurante","098 590 4962","","5","13","","ninguno","","true","Marisquería","Luis Cordero &, 170143 Quito","La Floresta, Quito","https://www.google.com/maps/place/Tonny+restaurante/data=!4m7!3m6!1s0x91d59bab6c7569d1:0x34fbbba484e25322!8m2!3d-0.2041154!4d-78.4860038!16s%2Fg%2F11tnc0qf4h!19sChIJ0Wl1bKub1ZERIlPihKS7-zQ?authuser=0&hl=es-419&g_ep=EgoyMDI2MDkxNC4wIJJjKgBIAVAD&rclk=1"
"The ClubHouse Quito","099 582 6432","","4.8","110","","ninguno","","true","Restaurante","Pontevedra y Francisco Salazar N24-422 y, 170109 Quito","La Floresta, Quito","https://www.google.com/maps/place/The+ClubHouse+Quito/data=!4m7!3m6!1s0x91d59b2ee0dda6df:0xb7e3acd391df7fac!8m2!3d-0.2075799!4d-78.4826312!16s%2Fg%2F11h3g71n86!19sChIJ36bd4C6b1ZERrH_fkdOs47c?authuser=0&hl=es-419&g_ep=EgoyMDI2MDkxNC4wIJJjKgBIAVAD&rclk=1"
"La Briciola","(02) 254-5157","labriciolaquito@hotmail.com","4.7","3647","https://www.labriciola.com.ec/","sitio_propio","","false","Restaurante italiano","La Briciola Quito:, Av. Isabel la Católica 881 y, 170143 Quito","La Floresta, Quito","https://www.google.com/maps/place/La+Briciola/data=!4m7!3m6!1s0x91d59a0e81638293:0x929ef7f478378cc4!8m2!3d-0.205488!4d-78.483711!16s%2Fg%2F1tdw4jzf!19sChIJk4JjgQ6a1ZERxIw3ePT3npI?authuser=0&hl=es-419&g_ep=EgoyMDI2MDkxNC4wIJJjKgBIAVAD&rclk=1"
"Tres Pintas Floresta","098 327 2354","","4.7","167","https://www.trespintas.ec/","sitio_propio","","false","Restaurante","Guipuzcoa E14-104 y, 170525 Quito","La Floresta, Quito","https://www.google.com/maps/place/Tres+Pintas+Floresta/data=!4m7!3m6!1s0x91d59b545294b6c7:0x87562d01574a0d51!8m2!3d-0.2101432!4d-78.4827802!16s%2Fg%2F11rfskbs4p!19sChIJx7aUUlSb1ZERUQ1KVwEtVoc?authuser=0&hl=es-419&g_ep=EgoyMDI2MDkxNC4wIJJjKgBIAVAD&rclk=1"
"Distrito 2800 (Gastro & Bar)","","","4.4","343","https://distrito2800.com/","sitio_propio","","false","Restaurante","Andalucía N24-254, 170132 Quito","La Floresta, Quito","https://www.google.com/maps/place/Distrito+2800+%28Gastro+%26+Bar%29/data=!4m7!3m6!1s0x91d59bfd28c576bd:0x849e99703c4bd799!8m2!3d-0.2065866!4d-78.4843676!16s%2Fg%2F11jyf7mr95!19sChIJvXbFKP2b1ZERmddLPHCZnoQ?authuser=0&hl=es-419&g_ep=EgoyMDI2MDkxNC4wIJJjKgBIAVAD&rclk=1"
"Osaka","(02) 322-8754","","4.6","1293","http://osakanikkei.com/","sitio_propio","2026","false","Restaurante japonés","Av. Isabel la Católica E12 17, 170109 Quito","La Floresta, Quito","https://www.google.com/maps/place/Osaka/data=!4m7!3m6!1s0x91d59a0dccbac1b7:0xb891001941a5c978!8m2!3d-0.2054198!4d-78.4835027!16s%2Fg%2F11b8zw7v7s!19sChIJt8G6zA2a1ZEReMmlQRkAkbg?authuser=0&hl=es-419&g_ep=EgoyMDI2MDkxNC4wIJJjKgBIAVAD&rclk=1"
"AL Forno Floresta","(02) 222-6057","","4.6","972","","ninguno","","true","Restaurante italiano","Pje. Moeller (N24J), 170143 Quito","La Floresta, Quito","https://www.google.com/maps/place/AL+Forno+Floresta/data=!4m7!3m6!1s0x91d59a0c398133ff:0x65deb579d9bbb0ca!8m2!3d-0.2054356!4d-78.4828823!16s%2Fg%2F11c1qwyn0s!19sChIJ_zOBOQya1ZERyrC72Xm13mU?authuser=0&hl=es-419&g_ep=EgoyMDI2MDkxNC4wIJJjKgBIAVAD&rclk=1"
"Xqueje","096 355 6115","","4.8","122","https://www.xqueje.com/","sitio_propio","","false","Bar restaurante","Pontevedra 24294, 170143 Quito","La Floresta, Quito","https://www.google.com/maps/place/Xqueje/data=!4m7!3m6!1s0x91d59b100f0b50d1:0xe432c530d824b82e!8m2!3d-0.207257!4d-78.4828088!16s%2Fg%2F11vk2drc_6!19sChIJ0VALDxCb1ZERLrgk2DDFMuQ?authuser=0&hl=es-419&g_ep=EgoyMDI2MDkxNC4wIJJjKgBIAVAD&rclk=1"
"Restaurante Italiano y Pizzeria Mitomato","096 419 3769","","4.8","39","","ninguno","","true","Restaurante","C. Gangotena y y, 170120 Quito","La Floresta, Quito","https://www.google.com/maps/place/Restaurante+Italiano+y+Pizzeria+Mitomato/data=!4m7!3m6!1s0x91d59b90b22a2e8d:0xb097afbaf0aff05!8m2!3d-0.2042847!4d-78.483039!16s%2Fg%2F11x96_pd5x!19sChIJjS4qspCb1ZERBf8Kr_t6CQs?authuser=0&hl=es-419&g_ep=EgoyMDI2MDkxNC4wIJJjKgBIAVAD&rclk=1"
"Ananké La Floresta","099 561 3074","","4.6","258","","ninguno","","true","Pizzería","Valladolid 1033, 170143 Quito","La Floresta, Quito","https://www.google.com/maps/place/Anank%C3%A9+La+Floresta/data=!4m7!3m6!1s0x91d59b4747b94e55:0x672ab482a0dda5c3!8m2!3d-0.2068543!4d-78.4830321!16s%2Fg%2F11k3h6c6hm!19sChIJVU65R0eb1ZERw6XdoIK0Kmc?authuser=0&hl=es-419&g_ep=EgoyMDI2MDkxNC4wIJJjKgBIAVAD&rclk=1"
"La Casa De Vivi","","","4.5","94","","ninguno","","true","Restaurante especializado en pollo","Andalucía N24-318, 170143 Quito","La Floresta, Quito","https://www.google.com/maps/place/La+Casa+De+Vivi/data=!4m7!3m6!1s0x91d59a0dd5a6c411:0x2f5c2d6095065353!8m2!3d-0.2061253!4d-78.4840006!16s%2Fg%2F11gd39hv61!19sChIJEcSm1Q2a1ZERU1MGlWAtXC8?authuser=0&hl=es-419&g_ep=EgoyMDI2MDkxNC4wIJJjKgBIAVAD&rclk=1"
"Café Quito Restaurante - Swissôtel Quito","(02) 393-5200","swissservice@swissuio.com; marketing@swissuio.com; ejemplo@misitio.com","4.8","572","https://www.swissotelquito.com/cafe-quito","sitio_propio","","false","Restaurante","Ave 12 de Octubre &, 1820 Quito","La Floresta, Quito","https://www.google.com/maps/place/Caf%C3%A9+Quito+Restaurante+-+Swiss%C3%B4tel+Quito/data=!4m7!3m6!1s0x91d59b68c742a81f:0x5350fbaed4e794e0!8m2!3d-0.2053994!4d-78.485708!16s%2Fg%2F11tsq9nz9c!19sChIJH6hCx2ib1ZER4JTn1K77UFM?authuser=0&hl=es-419&g_ep=EgoyMDI2MDkxNC4wIJJjKgBIAVAD&rclk=1"
"Los Bifes de la Vaca","096 279 5538","info@losbifesdelavaca.com","4.6","3527","http://www.losbifesdelavaca.com/","sitio_propio","","false","Bar restaurante","La Coruna, 170143 Quito","La Floresta, Quito","https://www.google.com/maps/place/Los+Bifes+de+la+Vaca/data=!4m7!3m6!1s0x91d59a0c4410eaef:0x5d9a41ef3354f157!8m2!3d-0.204635!4d-78.4827447!16s%2Fg%2F11hd6px5cm!19sChIJ7-oQRAya1ZERV_FUM-9Bml0?authuser=0&hl=es-419&g_ep=EgoyMDI2MDkxNC4wIJJjKgBIAVAD&rclk=1"
"Los Antojitos De La Floresta","098 501 5778","","4.5","32","","ninguno","","true","Restaurante de comida para llevar","Avenida La Coruña, y y Guipuzcoa, 170143 Quito","La Floresta, Quito","https://www.google.com/maps/place/Los+Antojitos+De+La+Floresta/data=!4m7!3m6!1s0x91d59a0f605fd7dd:0x6011d6374b55d635!8m2!3d-0.210659!4d-78.4823772!16s%2Fg%2F11g8dhds0f!19sChIJ3ddfYA-a1ZERNdZVSzfWEWA?authuser=0&hl=es-419&g_ep=EgoyMDI2MDkxNC4wIJJjKgBIAVAD&rclk=1"
"Marisqueria Agua Azul","(02) 252-8224","","4.6","269","","ninguno","","true","Restaurante","Madrid E14 - 117, 170143 Quito","La Floresta, Quito","https://www.google.com/maps/place/Marisqueria+Agua+Azul/data=!4m7!3m6!1s0x91d59a0f7cea9cdf:0xb33835ebfb08874!8m2!3d-0.2105324!4d-78.4830834!16s%2Fg%2F11g6vhwtyc!19sChIJ35zqfA-a1ZERdIiwv16DMws?authuser=0&hl=es-419&g_ep=EgoyMDI2MDkxNC4wIJJjKgBIAVAD&rclk=1"
"HELADERIA CARIBE LA FLORESTA","","","4.5","66","","ninguno","","true","Restaurante","170143 Quito","La Floresta, Quito","https://www.google.com/maps/place/HELADERIA+CARIBE+LA+FLORESTA/data=!4m7!3m6!1s0x91d59b0008fa1d3d:0x6a507d8a9158659a!8m2!3d-0.208281!4d-78.4823301!16s%2Fg%2F11ykyt9t2j!19sChIJPR36CACb1ZERmmVYkYp9UGo?authuser=0&hl=es-419&g_ep=EgoyMDI2MDkxNC4wIJJjKgBIAVAD&rclk=1"
"La Costeñita Del Buen Sabor","","","4.2","129","http://www.facebook.com/rlacostenita/","solo_red_social","","true","Restaurante","Guipuzcoa y Pontevedra E13-89 y, 170143 Quito","La Floresta, Quito","https://www.google.com/maps/place/La+Coste%C3%B1ita+Del+Buen+Sabor/data=!4m7!3m6!1s0x91d59a0fa9df37a3:0x1ae67920ebe6708d!8m2!3d-0.2088858!4d-78.4839063!16s%2Fg%2F11f1jwyq6_!19sChIJozffqQ-a1ZERjXDm6yB55ho?authuser=0&hl=es-419&g_ep=EgoyMDI2MDkxNC4wIJJjKgBIAVAD&rclk=1"
"Lua Restaurante","099 699 9824","","4.9","70","","ninguno","","true","Restaurante","Mariscal Foch, y y José Tamayo, E10-05 y, 170102 Quito","La Floresta, Quito","https://www.google.com/maps/place/Lua+Restaurante/data=!4m7!3m6!1s0x91d59bbf1a8d28dd:0x35113b0e2506e953!8m2!3d-0.2061621!4d-78.488496!16s%2Fg%2F11xfrz0l7t!19sChIJ3SiNGr-b1ZERU-kGJQ47ETU?authuser=0&hl=es-419&g_ep=EgoyMDI2MDkxNC4wIJJjKgBIAVAD&rclk=1"
"El Pulpo Restaurante Gourmet","098 031 0908","info@elpulporest.com","4.5","693","https://elpulporest.com/","sitio_propio","","false","Restaurante","Mallorca y Av. La Coruña N24-282, 170525 Quito","La Floresta, Quito","https://www.google.com/maps/place/El+Pulpo+Restaurante+Gourmet/data=!4m7!3m6!1s0x91d59b6096976e35:0x59ae5857509edcd6!8m2!3d-0.2096894!4d-78.4826603!16s%2Fg%2F11p9wmd6gw!19sChIJNW6XlmCb1ZER1tyeUFdYrlk?authuser=0&hl=es-419&g_ep=EgoyMDI2MDkxNC4wIJJjKgBIAVAD&rclk=1"
"Café JARU","(02) 322-8272","","4.7","253","","ninguno","","true","Cafetería","170143 Quito","La Floresta, Quito","https://www.google.com/maps/place/Caf%C3%A9+JARU/data=!4m7!3m6!1s0x91d59b78dbf92ecb:0x999b3cb454fda8d!8m2!3d-0.2070755!4d-78.4858467!16s%2Fg%2F11g1zxgfb3!19sChIJyy7523ib1ZERjdpPRcuzmQk?authuser=0&hl=es-419&g_ep=EgoyMDI2MDkxNC4wIJJjKgBIAVAD&rclk=1"
"La fonda del parque","096 316 3865","","4.5","977","https://www.facebook.com/profile.php?id=100075882013726","solo_red_social","","true","Restaurante mexicano","440, Madrid E16-29, 170143 Quito","La Floresta, Quito","https://www.google.com/maps/place/La+fonda+del+parque/data=!4m7!3m6!1s0x91d59a05f4def925:0x6987d9fdae38f3c9!8m2!3d-0.2109163!4d-78.4821856!16s%2Fg%2F11clkmz3fp!19sChIJJfne9AWa1ZERyfM4rv3Zh2k?authuser=0&hl=es-419&g_ep=EgoyMDI2MDkxNC4wIJJjKgBIAVAD&rclk=1"
"Piko y Plaka","099 853 0408","","4.4","278","","ninguno","","true","Restaurante","Rafael Leon y Vizcaya N24-88 y, 170109 Quito","La Floresta, Quito","https://www.google.com/maps/place/Piko+y+Plaka/data=!4m7!3m6!1s0x91d59b1bb8765e1b:0xf0a633d81b4cc9c3!8m2!3d-0.2097217!4d-78.4817773!16s%2Fg%2F11sgx26x_4!19sChIJG152uBub1ZERw8lMG9gzpvA?authuser=0&hl=es-419&g_ep=EgoyMDI2MDkxNC4wIJJjKgBIAVAD&rclk=1"
"Vegano De Altura","098 732 7016","","4.8","177","https://www.facebook.com/veganodealtura","solo_red_social","","true","Restaurante vegano","Valladolid N24-165, 170136 Quito","La Floresta, Quito","https://www.google.com/maps/place/Vegano+De+Altura/data=!4m7!3m6!1s0x91d59a05c2e0363b:0x5624051adb026031!8m2!3d-0.2086748!4d-78.485353!16s%2Fg%2F11g68zsx24!19sChIJOzbgwgWa1ZERMWAC2xoFJFY?authuser=0&hl=es-419&g_ep=EgoyMDI2MDkxNC4wIJJjKgBIAVAD&rclk=1"
"El Hornero Floresta","099 900 5005","","4.6","3265","https://elhornero.com.ec/","sitio_propio","","false","Restaurante","Isabela Católica, La Coruña, 170525 Quito","La Floresta, Quito","https://www.google.com/maps/place/El+Hornero+Floresta/data=!4m7!3m6!1s0x91d59a0c44c8137b:0xb0682641d5975924!8m2!3d-0.2048791!4d-78.4831656!16s%2Fg%2F11bc70z67v!19sChIJexPIRAya1ZERJFmX1UEmaLA?authuser=0&hl=es-419&g_ep=EgoyMDI2MDkxNC4wIJJjKgBIAVAD&rclk=1"
"La Pata Gorda Floresta","099 815 9110","","4.6","891","http://www.lapatagorda.com/","sitio_propio","2026","false","Restaurante","Av. Isabel la Católica, 170109 Quito","La Floresta, Quito","https://www.google.com/maps/place/La+Pata+Gorda+Floresta/data=!4m7!3m6!1s0x91d59b614a8c10d7:0x75c8f291858635f7!8m2!3d-0.2041773!4d-78.4818066!16s%2Fg%2F11sf02w2v3!19sChIJ1xCMSmGb1ZER9zWGhZHyyHU?authuser=0&hl=es-419&g_ep=EgoyMDI2MDkxNC4wIJJjKgBIAVAD&rclk=1"
"La Gloria","099 916 9570","","4.6","1015","https://www.lagloria.com.ec/","sitio_propio","","false","Restaurante mediterráneo","Valladolid y Francisco Salazar 24-519, 170109 Quito","La Floresta, Quito","https://www.google.com/maps/place/La+Gloria/data=!4m7!3m6!1s0x91d59a0e99077587:0x675230c2262c03f8!8m2!3d-0.2066436!4d-78.4826552!16s%2Fg%2F1tddbxz5!19sChIJh3UHmQ6a1ZER-AMsJsIwUmc?authuser=0&hl=es-419&g_ep=EgoyMDI2MDkxNC4wIJJjKgBIAVAD&rclk=1"
"Megaviche Floresta","099 358 5813","","3.9","154","","ninguno","","true","Marisquería","La Coruna, Y y Rafael Leon 170143, Quito","La Floresta, Quito","https://www.google.com/maps/place/Megaviche+Floresta/data=!4m7!3m6!1s0x91d59b002d18fbf5:0xbcd58e35e1760565!8m2!3d-0.2097248!4d-78.4821298!16s%2Fg%2F11whp7lhcz!19sChIJ9fsYLQCb1ZERZQV24TWO1bw?authuser=0&hl=es-419&g_ep=EgoyMDI2MDkxNC4wIJJjKgBIAVAD&rclk=1"
"Michelasos Floresta","096 362 0082","","4.6","14","","ninguno","","true","Restaurante","Av. Ladrón de Guevara y C. Lérida E13-312 y, 170109 Quito","La Floresta, Quito","https://www.google.com/maps/place/Michelasos+Floresta/data=!4m7!3m6!1s0x91d59bb2876f3745:0x384f693c5b8e42ed!8m2!3d-0.2124326!4d-78.4843649!16s%2Fg%2F11s0tclglf!19sChIJRTdvh7Kb1ZER7UKOWzxpTzg?authuser=0&hl=es-419&g_ep=EgoyMDI2MDkxNC4wIJJjKgBIAVAD&rclk=1"
"Smash - Floresta","096 263 1309","soportejustoapp@getjusto.com\; smash.ecuador@gmail.com; u003esmash.ecuador@gmail.com; u003ejustocolombia@getjusto.com; soportejustoapp@getjusto.com; u003esoportejustoapp@getjusto.com","4.3","310","https://www.foodverse.ec/","sitio_propio","","false","Hamburguesería","Y la direccion es, José Tamayo 353-287, 170143 Quito","La Floresta, Quito","https://www.google.com/maps/place/Smash+-+Floresta/data=!4m7!3m6!1s0x91d59b5e7a168227:0xb92e67d3ca955a44!8m2!3d-0.2082261!4d-78.4924543!16s%2Fg%2F11lc_8pn9z!19sChIJJ4IWel6b1ZERRFqVytNnLrk?authuser=0&hl=es-419&g_ep=EgoyMDI2MDkxNC4wIJJjKgBIAVAD&rclk=1"
"Chub's Smash Burguers • Floresta","096 355 0284","","4.6","494","","ninguno","","true","Hamburguesería","C. Gangotena y Av. Isabel la Católica &, 170109 Quito","La Floresta, Quito","https://www.google.com/maps/place/Chub%27s+Smash+Burguers+%E2%80%A2+Floresta/data=!4m7!3m6!1s0x91d59b0004598c01:0x46c21e2c263375be!8m2!3d-0.2038394!4d-78.481481!16s%2Fg%2F11vyrlf29p!19sChIJAYxZBACb1ZERvnUzJiwewkY?authuser=0&hl=es-419&g_ep=EgoyMDI2MDkxNC4wIJJjKgBIAVAD&rclk=1"
"Floresta Pizza","096 356 7468","","4.9","339","https://www.instagram.com/florestapizza/","solo_red_social","","true","Pizzería","Valladolid y Pontevedra e13-98 y, 170109 Quito","La Floresta, Quito","https://www.google.com/maps/place/Floresta+Pizza/data=!4m7!3m6!1s0x91d59be959328f39:0x63484d96733dfb1a!8m2!3d-0.2105908!4d-78.4852573!16s%2Fg%2F11qn0q6pqy!19sChIJOY8yWemb1ZERGvs9c5ZNSGM?authuser=0&hl=es-419&g_ep=EgoyMDI2MDkxNC4wIJJjKgBIAVAD&rclk=1"
"Tributo Restaurante","099 989 5311","reservas@tributo.ec","4.4","656","http://www.tributo.ec/","sitio_propio","","false","Restaurante","Av. Isabel la Católica, y y Luis Cordero, 170525 Quito","La Floresta, Quito","https://www.google.com/maps/place/Tributo+Restaurante/data=!4m7!3m6!1s0x91d59b9f7068a731:0xf1ee9c9c98b0c35c!8m2!3d-0.2057625!4d-78.484775!16s%2Fg%2F11rxm4mbj4!19sChIJMadocJ-b1ZERXMOwmJyc7vE?authuser=0&hl=es-419&g_ep=EgoyMDI2MDkxNC4wIJJjKgBIAVAD&rclk=1"
"El Palacio Del Jugo (La Floresta)","098 333 6635","","4.6","111","http://es-es.facebook.com/elpalaciodeljugo","solo_red_social","","true","Cafetería","Avenida, Av. de los Conquistadores OE5-424, 170136 Quito","La Floresta, Quito","https://www.google.com/maps/place/El+Palacio+Del+Jugo+%28La+Floresta%29/data=!4m7!3m6!1s0x91d59a05037b6b43:0xcec4788ab62926cf!8m2!3d-0.2127516!4d-78.4842511!16s%2Fg%2F11f3h6s6v3!19sChIJQ2t7AwWa1ZERzyYptop4xM4?authuser=0&hl=es-419&g_ep=EgoyMDI2MDkxNC4wIJJjKgBIAVAD&rclk=1"
"Tanoshii Restaurante","(02) 256-7600","swissservice@swissuio.com; ventas@swissuio.com; name@domain.com; johndoe@swissotels.com","4.8","728","https://www.swissotel.com/hotels/quito/dining/tanoshii/","sitio_propio","1996","true","Restaurante","Ave 12 de Octubre y Luis Cordero 1820 Y, 170525 Quito","La Floresta, Quito","https://www.google.com/maps/place/Tanoshii+Restaurante/data=!4m7!3m6!1s0x91d59a0deba2b24d:0x454038e4c9eef097!8m2!3d-0.2051707!4d-78.4853887!16s%2Fg%2F11ckvdlyyp!19sChIJTbKi6w2a1ZERl_DuyeQ4QEU?authuser=0&hl=es-419&g_ep=EgoyMDI2MDkxNC4wIJJjKgBIAVAD&rclk=1"
"La Vecindad de los Cuates","(02) 603-9470","","4.2","1580","http://www.vecindaddeloscuates.com/","sitio_propio","","false","Restaurante mexicano","QGV8+7HR, Luis Cordero, 170143 Quito","La Floresta, Quito","https://www.google.com/maps/place/La+Vecindad+de+los+Cuates/data=!4m7!3m6!1s0x91d59bd98fbb4305:0x4074bed26e5922e3!8m2!3d-0.2067623!4d-78.4836196!16s%2Fg%2F11fhz76j8t!19sChIJBUO7j9mb1ZER4yJZbtK-dEA?authuser=0&hl=es-419&g_ep=EgoyMDI2MDkxNC4wIJJjKgBIAVAD&rclk=1"
"Lammhaus","(02) 322-8218","info.lammhaus@gmail.com","4.7","702","https://www.lammhaus.com/","sitio_propio","2024","false","Restaurante","Andalucía N24-151, 170517 Quito","La Floresta, Quito","https://www.google.com/maps/place/Lammhaus/data=!4m7!3m6!1s0x91d59a0e1487a9af:0xf3a32112127ed89d!8m2!3d-0.207053!4d-78.485308!16s%2Fg%2F11b777lkwm!19sChIJr6mHFA6a1ZERndh-EhIho_M?authuser=0&hl=es-419&g_ep=EgoyMDI2MDkxNC4wIJJjKgBIAVAD&rclk=1"
"El Tablón","(02) 322-7161","","4.5","257","","ninguno","","true","Restaurante ecuatoriano","Rafael Leon, 170109 Quito","La Floresta, Quito","https://www.google.com/maps/place/El+Tabl%C3%B3n/data=!4m7!3m6!1s0x91d59a092a5c9411:0x61ce4f10b558b5af!8m2!3d-0.2083716!4d-78.4806622!16s%2Fg%2F11gt_n3g6s!19sChIJEZRcKgma1ZERr7VYtRBPzmE?authuser=0&hl=es-419&g_ep=EgoyMDI2MDkxNC4wIJJjKgBIAVAD&rclk=1"
"Nero Café","098 425 9690","","4.7","422","","ninguno","","true","Cafetería","Guipuzcoa E14-27, 170143 Quito","La Floresta, Quito","https://www.google.com/maps/place/Nero+Caf%C3%A9/data=!4m7!3m6!1s0x91d59a0f0bcd0023:0xdab40bc9761eaa44!8m2!3d-0.209551!4d-78.4831664!16s%2Fg%2F11b6y3ty9c!19sChIJIwDNCw-a1ZERRKoedskLtNo?authuser=0&hl=es-419&g_ep=EgoyMDI2MDkxNC4wIJJjKgBIAVAD&rclk=1"
"Komein","099 993 9883","","4.6","147","http://www.komeinec.com/","sitio_propio","2026","false","Restaurante de cocina panasiática","Julio Zaldumbide, y y Av. La Coruña, 170102 Quito","La Floresta, Quito","https://www.google.com/maps/place/Komein/data=!4m7!3m6!1s0x91d59b7d5e0ce731:0xd19f754510b3aacf!8m2!3d-0.2071838!4d-78.4817412!16s%2Fg%2F11nn2trztg!19sChIJMecMXn2b1ZERz6qzEEV1n9E?authuser=0&hl=es-419&g_ep=EgoyMDI2MDkxNC4wIJJjKgBIAVAD&rclk=1"
"Cela GastroCervecería","099 803 0792","","4.7","91","https://www.instagram.com/cela.floresta/","solo_red_social","","true","Cervecería artesanal","Andalucía y Francisco Salazar, 170525 Quito","La Floresta, Quito","https://www.google.com/maps/place/Cela+GastroCervecer%C3%ADa/data=!4m7!3m6!1s0x91d59b16837dc3a5:0xdaa6de42d5359f50!8m2!3d-0.2057931!4d-78.4838655!16s%2Fg%2F11t53l5g2j!19sChIJpcN9gxab1ZERUJ811ULepto?authuser=0&hl=es-419&g_ep=EgoyMDI2MDkxNC4wIJJjKgBIAVAD&rclk=1"
"Espresso Rio Intag","","","4.4","453","","ninguno","","true","Cafetería","Lugo 24-353, 170143 Quito","La Floresta, Quito","https://www.google.com/maps/place/Espresso+Rio+Intag/data=!4m7!3m6!1s0x91d59ba30a33f8e9:0x3921aacd8f4e9dd9!8m2!3d-0.2086487!4d-78.4829176!16s%2Fg%2F11kb9hx_f4!19sChIJ6fgzCqOb1ZER2Z1Oj82qITk?authuser=0&hl=es-419&g_ep=EgoyMDI2MDkxNC4wIJJjKgBIAVAD&rclk=1"
"Humitas La Floresta 2","","","4.4","55","","ninguno","","true","Cafetería","Mallorca 2455, 170109 Quito","La Floresta, Quito","https://www.google.com/maps/place/Humitas+La+Floresta+2/data=!4m7!3m6!1s0x91d59b002a51d7e7:0xa3a194642a227660!8m2!3d-0.2107579!4d-78.4836743!16s%2Fg%2F11m5fjlbmq!19sChIJ59dRKgCb1ZERYHYiKmSUoaM?authuser=0&hl=es-419&g_ep=EgoyMDI2MDkxNC4wIJJjKgBIAVAD&rclk=1"
"La Aurora","099 928 6089","","4.5","501","","ninguno","","true","Cafetería","Madrid E16-45, Quito","La Floresta, Quito","https://www.google.com/maps/place/La+Aurora/data=!4m7!3m6!1s0x91d59a05f398e439:0x6868293d79c37e24!8m2!3d-0.2111075!4d-78.4820912!16s%2Fg%2F11c6s2j9ws!19sChIJOeSY8wWa1ZERJH7DeT0paGg?authuser=0&hl=es-419&g_ep=EgoyMDI2MDkxNC4wIJJjKgBIAVAD&rclk=1"
"Feroz Shawarma - La Floresta","099 977 7707","","4.7","182","","ninguno","","true","Restaurante de comida rápida","Av. La Coruña, 170143 Quito","La Floresta, Quito","https://www.google.com/maps/place/Feroz+Shawarma+-+La+Floresta/data=!4m7!3m6!1s0x91d59b0012596425:0x694957713ed4259d!8m2!3d-0.210635!4d-78.4825736!16s%2Fg%2F11wbzb7dw_!19sChIJJWRZEgCb1ZERnSXUPnFXSWk?authuser=0&hl=es-419&g_ep=EgoyMDI2MDkxNC4wIJJjKgBIAVAD&rclk=1"
"CaféLab • Floresta","098 395 0769","","4.5","425","https://cafelab.contactin.bio/","sitio_propio","","false","Cafetería","Av. Isabel la Católica, 170136 Quito","La Floresta, Quito","https://www.google.com/maps/place/Caf%C3%A9Lab+%E2%80%A2+Floresta/data=!4m7!3m6!1s0x91d59b9040eb3f1d:0x6250e64433b5d5f5!8m2!3d-0.2047192!4d-78.4823054!16s%2Fg%2F11h578wbn1!19sChIJHT_rQJCb1ZER9dW1M0TmUGI?authuser=0&hl=es-419&g_ep=EgoyMDI2MDkxNC4wIJJjKgBIAVAD&rclk=1"
"Pavarotti","(02) 256-6668","info@restaurantepavarotti.com","4.3","570","http://www.restaurantepavarotti.com/","sitio_propio","","false","Restaurante mediterráneo","Av. Isabel la Católica 545, 170143 Quito","La Floresta, Quito","https://www.google.com/maps/place/Pavarotti/data=!4m7!3m6!1s0x91d59a0de01222cb:0x2e49c1826faf96c5!8m2!3d-0.2057331!4d-78.484169!16s%2Fg%2F11c0srdhls!19sChIJyyIS4A2a1ZERxZavb4LBSS4?authuser=0&hl=es-419&g_ep=EgoyMDI2MDkxNC4wIJJjKgBIAVAD&rclk=1"
"FAROFA BRASILERA RESTAURANTE","099 366 7125","","4.7","119","","ninguno","","true","Restaurante","Toledo y Luis Cordero &, 170143 Quito","La Floresta, Quito","https://www.google.com/maps/place/FAROFA+BRASILERA+RESTAURANTE/data=!4m7!3m6!1s0x91d59bc7cb26c225:0x7426b97a45814d3d!8m2!3d-0.2066194!4d-78.4840474!16s%2Fg%2F11h_1rftk6!19sChIJJcImy8eb1ZERPU2BRXq5JnQ?authuser=0&hl=es-419&g_ep=EgoyMDI2MDkxNC4wIJJjKgBIAVAD&rclk=1"
"La Cevichería Guayaca - 12 de Octubre","096 817 0926","","4.5","212","http://www.xn--lacevicheeraguayaca-v1b.com/","sitio_propio","","true","Restaurante","Av. 12 de Octubre y Colòn, 170135 Quito","La Floresta, Quito","https://www.google.com/maps/place/La+Cevicher%C3%ADa+Guayaca+-+12+de+Octubre/data=!4m7!3m6!1s0x91d59b80ae57fcf1:0x19dade26f2be9fdb!8m2!3d-0.2039251!4d-78.4832818!16s%2Fg%2F11s2j0l5yz!19sChIJ8fxXroCb1ZER25--8ibe2hk?authuser=0&hl=es-419&g_ep=EgoyMDI2MDkxNC4wIJJjKgBIAVAD&rclk=1"
"Dos Dos Dos Pizzería","098 340 6861","","4.7","294","","ninguno","","true","Pizzería","pontevedra, y y Francisco Salazar, 170143 Quito","La Floresta, Quito","https://www.google.com/maps/place/Dos+Dos+Dos+Pizzer%C3%ADa/data=!4m7!3m6!1s0x91d59b3edae67455:0xddd06ecf0cd37dc8!8m2!3d-0.2073174!4d-78.482802!16s%2Fg%2F11lrjl210g!19sChIJVXTm2j6b1ZERyH3TDM9u0N0?authuser=0&hl=es-419&g_ep=EgoyMDI2MDkxNC4wIJJjKgBIAVAD&rclk=1"
"Donde Gopal Restaurante Vegetariano - Quito","095 891 6275","","4.6","555","https://www.instagram.com/dondegopal?r=nametag","solo_red_social","","true","Restaurante vegetariano","Mallorca N24 329, 170525 Quito","La Floresta, Quito","https://www.google.com/maps/place/Donde+Gopal+Restaurante+Vegetariano+-+Quito/data=!4m7!3m6!1s0x91d59a0f23a14225:0x36284f7479c0097b!8m2!3d-0.2091806!4d-78.4824575!16s%2Fg%2F11cntr6ttl!19sChIJJUKhIw-a1ZERewnAeXRPKDY?authuser=0&hl=es-419&g_ep=EgoyMDI2MDkxNC4wIJJjKgBIAVAD&rclk=1"
"Ichiraku Ramen Quito","098 782 7770","","4.4","76","https://www.instagram.com/ichirakuquito/","solo_red_social","","true","Restaurante japonés","Luis Cordero E12-147 y, 170525 Quito","La Floresta, Quito","https://www.google.com/maps/place/Ichiraku+Ramen+Quito/data=!4m7!3m6!1s0x91d59b7b7fa4701b:0x4e11431845e15ead!8m2!3d-0.2068255!4d-78.4835798!16s%2Fg%2F11svpbr9b0!19sChIJG3Ckf3ub1ZERrV7hRRhDEU4?authuser=0&hl=es-419&g_ep=EgoyMDI2MDkxNC4wIJJjKgBIAVAD&rclk=1"
"KOBE sushi & rolls - AYCE Toledo","1800 645 623","atencion.cliente@kobesushi.com.ec","4.5","4337","https://kobe-sushi.com/","sitio_propio","","false","Restaurante de sushi","Francisco Salazar, 170143 Quito","La Floresta, Quito","https://www.google.com/maps/place/KOBE+sushi+%26+rolls+-+AYCE+Toledo/data=!4m7!3m6!1s0x91d59a0c281c839d:0xf1a3429e98a43bfe!8m2!3d-0.2061166!4d-78.482966!16s%2Fg%2F11dylxm_f1!19sChIJnYMcKAya1ZER_jukmJ5Co_E?authuser=0&hl=es-419&g_ep=EgoyMDI2MDkxNC4wIJJjKgBIAVAD&rclk=1"
"La Parrilla de Riqui","099 981 2301","","4.6","125","","ninguno","","true","Restaurante argentino","Av. La Coruña, 170109 Quito","La Floresta, Quito","https://www.google.com/maps/place/La+Parrilla+de+Riqui/data=!4m7!3m6!1s0x91d59b5242b327a9:0xd183a80742070c69!8m2!3d-0.2078948!4d-78.4820042!16s%2Fg%2F11fjs509s4!19sChIJqSezQlKb1ZERaQwHQgeog9E?authuser=0&hl=es-419&g_ep=EgoyMDI2MDkxNC4wIJJjKgBIAVAD&rclk=1"
"Quito Deli Patisserie & Boulangerie - Swissôtel Quito","(02) 393-5200","swissservice@swissuio.com; marketing@swissuio.com; ejemplo@misitio.com","4.6","1112","https://www.swissotelquito.com/quito-deli","sitio_propio","","false","Cafetería","Av. Isabel la Católica 18-20, 170143 Quito","La Floresta, Quito","https://www.google.com/maps/place/Quito+Deli+Patisserie+%26+Boulangerie+-+Swiss%C3%B4tel+Quito/data=!4m7!3m6!1s0x91d59a0dddd49a97:0xe0bcebce49a5fd57!8m2!3d-0.2059252!4d-78.4851274!16s%2Fg%2F11clyt9ctm!19sChIJl5rU3Q2a1ZERV_2lSc7rvOA?authuser=0&hl=es-419&g_ep=EgoyMDI2MDkxNC4wIJJjKgBIAVAD&rclk=1"
"La Tasca Ibérica","(02) 522-3137","","4.1","33","https://latascaiberica.com/","sitio_propio","","false","Restaurante","José Tamayo y Lizardo García 24-195 y, 170523 Quito","La Floresta, Quito","https://www.google.com/maps/place/La+Tasca+Ib%C3%A9rica/data=!4m7!3m6!1s0x91d59b96d8e49f49:0xf1335856d14e7f87!8m2!3d-0.2054572!4d-78.4881895!16s%2Fg%2F11s55n65jq!19sChIJSZ_k2Jab1ZERh39O0VZYM_E?authuser=0&hl=es-419&g_ep=EgoyMDI2MDkxNC4wIJJjKgBIAVAD&rclk=1"
"Segundo Muelle","096 909 4004","","4.6","1611","http://www.segundomuelle.com/","sitio_propio","","false","Restaurante peruano","Av. Isabel la Católica N24-883, 170143 Quito","La Floresta, Quito","https://www.google.com/maps/place/Segundo+Muelle/data=!4m7!3m6!1s0x91d59a0c4834a851:0xf2f759af29388fda!8m2!3d-0.2040658!4d-78.4815577!16s%2Fg%2F11bwm6_0zp!19sChIJUag0SAya1ZER2o84Ka9Z9_I?authuser=0&hl=es-419&g_ep=EgoyMDI2MDkxNC4wIJJjKgBIAVAD&rclk=1"
"El Rey De Las Menestras","","","4.2","543","","ninguno","","true","Restaurante","Francisco Salazar y Av. Isabel la Católica E11-158, 170525 Quito","La Floresta, Quito","https://www.google.com/maps/place/El+Rey+De+Las+Menestras/data=!4m7!3m6!1s0x91d59a0de01cb9bd:0x7ff164b89658b517!8m2!3d-0.2052764!4d-78.4839604!16s%2Fg%2F11hcjzvtbr!19sChIJvbkc4A2a1ZERF7VYlrhk8X8?authuser=0&hl=es-419&g_ep=EgoyMDI2MDkxNC4wIJJjKgBIAVAD&rclk=1"
"Hibachi: Teppanyaki & Sushi bar","098 300 8900","","4.5","826","https://hibachi.com.ec/","sitio_propio","","false","Restaurante japonés","Toledo &, 170143 Quito","La Floresta, Quito","https://www.google.com/maps/place/Hibachi:+Teppanyaki+%26+Sushi+bar/data=!4m7!3m6!1s0x91d59bdfb4be16db:0x32e1776cdd03469!8m2!3d-0.2064263!4d-78.4831047!16s%2Fg%2F11j8wrflyq!19sChIJ2xa-tN-b1ZERaTTQzXYXLgM?authuser=0&hl=es-419&g_ep=EgoyMDI2MDkxNC4wIJJjKgBIAVAD&rclk=1"
"Paccari Casa de Experiencias Floresta","095 874 9233","","4.7","5162","https://pacari.com/?utm_source=Google&utm_medium=ornganic&utm_campaign=gmb","sitio_propio","2025","false","Artesano de chocolate","Julio Zaldumbide N24-713 Y, 170150 Quito","La Floresta, Quito","https://www.google.com/maps/place/Paccari+Casa+de+Experiencias+Floresta/data=!4m7!3m6!1s0x91d59a09551fbab5:0x920c0ec8f746efb1!8m2!3d-0.205939!4d-78.4808173!16s%2Fg%2F11c1w11fpv!19sChIJtbofVQma1ZERse9G98gODJI?authuser=0&hl=es-419&g_ep=EgoyMDI2MDkxNC4wIJJjKgBIAVAD&rclk=1"
"Brissa la floresta","","","3.8","35","","ninguno","","true","Marisquería","Calle E12 129, 170143 Quito","La Floresta, Quito","https://www.google.com/maps/place/Brissa+la+floresta/data=!4m7!3m6!1s0x91d59b0067110427:0x2ae94f48903953a!8m2!3d-0.2080314!4d-78.4860995!16s%2Fg%2F11vk3pshny!19sChIJJwQRZwCb1ZEROpUDifSUrgI?authuser=0&hl=es-419&g_ep=EgoyMDI2MDkxNC4wIJJjKgBIAVAD&rclk=1"
"Salinerito - La Floresta","(02) 382-8381 ext. 44","info@queserasdebolivar.org","4.3","166","https://www.salineritotqb.com/shop","sitio_propio","2025","false","Tienda de alimentos orgánicos","Mallorca y Av. La Coruña N24-290 y, 170525 Quito","La Floresta, Quito","https://www.google.com/maps/place/Salinerito+-+La+Floresta/data=!4m7!3m6!1s0x91d59a0f6c579e63:0x286931cc2e0c155b!8m2!3d-0.2095172!4d-78.482628!16s%2Fg%2F11bw5y2kd1!19sChIJY55XbA-a1ZERWxUMLswxaSg?authuser=0&hl=es-419&g_ep=EgoyMDI2MDkxNC4wIJJjKgBIAVAD&rclk=1"
"BEEF TIME LA FLORESTA","099 001 2121","","4.4","15","https://www.instagram.com/beeftime.floresta/","solo_red_social","","true","Restaurante","Isabel La Catolica, y y Psj Moeller, 170102 Quito","La Floresta, Quito","https://www.google.com/maps/place/BEEF+TIME+LA+FLORESTA/data=!4m7!3m6!1s0x91d59b6070ddaf21:0x8efe29584f9107dd!8m2!3d-0.2054721!4d-78.4827253!16s%2Fg%2F11y3xvtf_h!19sChIJIa_dcGCb1ZER3QeRT1gp_o4?authuser=0&hl=es-419&g_ep=EgoyMDI2MDkxNC4wIJJjKgBIAVAD&rclk=1"
"Laboratorio Diseño Gastronomía","098 602 0551","","4.6","349","https://www.facebook.com/laboratoriodyg/","solo_red_social","","true","Restaurante coreano","Lizardo García y José Tamayo E10-64 y, 170523 Quito","La Floresta, Quito","https://www.google.com/maps/place/Laboratorio+Dise%C3%B1o+Gastronom%C3%ADa/data=!4m7!3m6!1s0x91d59a121a45553d:0x295302cc62346f6!8m2!3d-0.2054453!4d-78.4876549!16s%2Fg%2F11bw3dk0j6!19sChIJPVVFGhKa1ZER9kYjxiwwlQI?authuser=0&hl=es-419&g_ep=EgoyMDI2MDkxNC4wIJJjKgBIAVAD&rclk=1"
"Banh Mi","099 770 2994","","4.6","1485","https://banhmi.mesa247.la/","sitio_propio","","false","Restaurante vietnamita","Andalucía y Luis Cordero N24-234 y, N24-234 y, 170143 Quito","La Floresta, Quito","https://www.google.com/maps/place/Banh+Mi/data=!4m7!3m6!1s0x91d59a0e6e268e39:0x71e61161a4bc1a9b!8m2!3d-0.2066588!4d-78.4845223!16s%2Fg%2F11c0yhrlfb!19sChIJOY4mbg6a1ZERmxq8pGER5nE?authuser=0&hl=es-419&g_ep=EgoyMDI2MDkxNC4wIJJjKgBIAVAD&rclk=1"
"Cassolette (González Suárez)","(02) 252-5568","soportejustoapp@getjusto.com\; ekopark@cassolette.ec; pedidos@cassolette.ec; gonzalez@cassolette.ec; brasil@cassolette.ec; cumbaya@cassolette.ec; u003ecassolette@cassolette.ec; u003ejustocolombia@getjusto.com; soportejustoapp@getjusto.com; u003esoportejustoapp@getjusto.com","4.5","400","https://www.cassolette.ec/","sitio_propio","","false","Restaurante de comida para llevar","Av. Gonzalez Suarez 27-370 y, 170517 Quito","González Suárez, Quito","https://www.google.com/maps/place/Cassolette+%28Gonz%C3%A1lez+Su%C3%A1rez%29/data=!4m7!3m6!1s0x91d59b140f0a1cf9:0x7077c27ee96d04b5!8m2!3d-0.199974!4d-78.479686!16s%2Fg%2F11ghtnmdq_!19sChIJ-RwKDxSb1ZERtQRt6X7Cd3A?authuser=0&hl=es-419&g_ep=EgoyMDI2MDkxNC4wIJJjKgBIAVAD&rclk=1"
"L'Arcadia Restaurante","099 620 5454","","4.5","174","","ninguno","","true","Restaurante italiano","Av. Gonzalez Suarez N27-374, 170107 Quito","González Suárez, Quito","https://www.google.com/maps/place/L%27Arcadia+Restaurante/data=!4m7!3m6!1s0x91d59a715a9de9c3:0xe799741c23686315!8m2!3d-0.1998348!4d-78.4795608!16s%2Fg%2F11byx0sqry!19sChIJw-mdWnGa1ZERFWNoIxx0mec?authuser=0&hl=es-419&g_ep=EgoyMDI2MDkxNC4wIJJjKgBIAVAD&rclk=1"
"batzeq","096 402 0853","","4.6","120","","ninguno","","true","Restaurante","Alexander Von Humboldt y Ernesto Noboa Caamaño N29-37, 170408 Quito","González Suárez, Quito","https://www.google.com/maps/place/batzeq/data=!4m7!3m6!1s0x91d59b23a3141c1b:0x86a85b9c59bc9324!8m2!3d-0.1982957!4d-78.4805628!16s%2Fg%2F11rscm5lm6!19sChIJGxwUoyOb1ZERJJO8WZxbqIY?authuser=0&hl=es-419&g_ep=EgoyMDI2MDkxNC4wIJJjKgBIAVAD&rclk=1"
"El Aji Restaurante","098 312 3545","","4.3","22","","ninguno","","true","Restaurante ecuatoriano","Avenida Federico Gonzalez Suarez, González Suárez, Quito","González Suárez, Quito","https://www.google.com/maps/place/El+Aji+Restaurante/data=!4m7!3m6!1s0x91d59a76f105d76f:0xb9dad0fca6e8e866!8m2!3d-0.1953956!4d-78.4783609!16s%2Fg%2F11f_4j1rz_!19sChIJb9cF8Xaa1ZERZujopvzQ2rk?authuser=0&hl=es-419&g_ep=EgoyMDI2MDkxNC4wIJJjKgBIAVAD&rclk=1"
"Íntimo Restaurante","099 997 3407","","5","76","","ninguno","","true","Restaurante","Edificio Zurich, Jimenez de la Espada, y y Av. Gonzalez Suarez, Quito","González Suárez, Quito","https://www.google.com/maps/place/%C3%8Dntimo+Restaurante/data=!4m7!3m6!1s0x91d59b05710a27df:0x418d02b49b3196f1!8m2!3d-0.1923445!4d-78.4790146!16s%2Fg%2F11mslryfbx!19sChIJ3ycKcQWb1ZER8ZYxm7QCjUE?authuser=0&hl=es-419&g_ep=EgoyMDI2MDkxNC4wIJJjKgBIAVAD&rclk=1"
"Restaurante Techo Del Mundo","(02) 396-4900","reservaciones@hotelquito.com","4.3","424","https://www.hotelquito.com.ec/","sitio_propio","2024","false","Restaurante","Gonzales Suárez N27-142, 170517 Quito","González Suárez, Quito","https://www.google.com/maps/place/Restaurante+Techo+Del+Mundo/data=!4m7!3m6!1s0x91d59a0b4d775545:0x6b4f1233d8dfba26!8m2!3d-0.20229!4d-78.479867!16s%2Fg%2F11c14qsr9c!19sChIJRVV3TQua1ZERJrrf2DMST2s?authuser=0&hl=es-419&g_ep=EgoyMDI2MDkxNC4wIJJjKgBIAVAD&rclk=1"
"TerraMar","099 700 3377","","4.6","9","","ninguno","","true","Marisquería","Av. Gonzalez Suarez y San Ignacio, 170517 Quito","González Suárez, Quito","https://www.google.com/maps/place/TerraMar/data=!4m7!3m6!1s0x91d59b0016c2256f:0x846780558e1c0585!8m2!3d-0.2003958!4d-78.4794764!16s%2Fg%2F11ysq5___t!19sChIJbyXCFgCb1ZERhQUcjlWAZ4Q?authuser=0&hl=es-419&g_ep=EgoyMDI2MDkxNC4wIJJjKgBIAVAD&rclk=1"
"DE GLORIA EN GLORIA","098 336 1679","","4.9","10","","ninguno","","true","Restaurante","Av. Francisco de Orellana, 170109 Quito","González Suárez, Quito","https://www.google.com/maps/place/DE+GLORIA+EN+GLORIA/data=!4m7!3m6!1s0x91d59b25918c1199:0xec1e45f2affd3eff!8m2!3d-0.2027439!4d-78.4811292!16s%2Fg%2F11ts45rw62!19sChIJmRGMkSWb1ZER_z79r_JFHuw?authuser=0&hl=es-419&g_ep=EgoyMDI2MDkxNC4wIJJjKgBIAVAD&rclk=1"
"La Fourchette","099 366 3637","","4.2","16","","ninguno","","true","Taberna","Acc. a Chez Jerome, 170517 Quito","González Suárez, Quito","https://www.google.com/maps/place/La+Fourchette/data=!4m7!3m6!1s0x91d59b001a7c0297:0x841c472a49fe984f!8m2!3d-0.1966731!4d-78.4808462!16s%2Fg%2F11mkl7wcxc!19sChIJlwJ8GgCb1ZERT5j-SSpHHIQ?authuser=0&hl=es-419&g_ep=EgoyMDI2MDkxNC4wIJJjKgBIAVAD&rclk=1"
"El Español","392-0400","","4.4","870","http://www.xn--elespaolgourmet-3qb.com/","sitio_propio","2024","false","Restaurante","Av. Gonzalez Suarez N31-94, 170517 Quito","González Suárez, Quito","https://www.google.com/maps/place/El+Espa%C3%B1ol/data=!4m7!3m6!1s0x91d59a7425ccf4d5:0x2453d2b4054eb4f8!8m2!3d-0.196734!4d-78.4785714!16s%2Fg%2F11bt_hk7wl!19sChIJ1fTMJXSa1ZER-LROBbTSUyQ?authuser=0&hl=es-419&g_ep=EgoyMDI2MDkxNC4wIJJjKgBIAVAD&rclk=1"
"Mr. & Mrs. Ou Bar - Restaurante","","","4.8","186","","ninguno","","true","Restaurante","Muros N27-175, 170517 Quito","González Suárez, Quito","https://www.google.com/maps/place/Mr.+%26+Mrs.+Ou+Bar+-+Restaurante/data=!4m7!3m6!1s0x91d59bcd039d4aa7:0x8846de72911b97fd!8m2!3d-0.2008226!4d-78.4807868!16s%2Fg%2F11wh6wth_3!19sChIJp0qdA82b1ZER_ZcbkXLeRog?authuser=0&hl=es-419&g_ep=EgoyMDI2MDkxNC4wIJJjKgBIAVAD&rclk=1"
"Chez Jérôme","099 445 8615","gcedeno@chezjeromerestaurante.com; administracion@chezjeromerestaurante.com; reservas@chezjeromerestaurante.com","4.7","950","http://www.chezjeromerestaurante.com/","sitio_propio","","false","Restaurante francés","Whymper N 30-96, 170518 Quito","González Suárez, Quito","https://www.google.com/maps/place/Chez+J%C3%A9r%C3%B4me/data=!4m7!3m6!1s0x91d59a71555be4e7:0xb3608c7dbd4eefc2!8m2!3d-0.1969833!4d-78.4807921!16s%2Fg%2F11ckkxrkw0!19sChIJ5-RbVXGa1ZERwu9OvX2MYLM?authuser=0&hl=es-419&g_ep=EgoyMDI2MDkxNC4wIJJjKgBIAVAD&rclk=1"
"Europa Cafe","098 320 6894","","4.4","296","","ninguno","","true","Cafetería","Av. Gonzalez Suarez 2611, 170517 Quito","González Suárez, Quito","https://www.google.com/maps/place/Europa+Cafe/data=!4m7!3m6!1s0x91d59b0eaebc2c21:0xd06878d856660c17!8m2!3d-0.201966!4d-78.4805814!16s%2Fg%2F11kbx7qztv!19sChIJISy8rg6b1ZERFwxmVth4aNA?authuser=0&hl=es-419&g_ep=EgoyMDI2MDkxNC4wIJJjKgBIAVAD&rclk=1"
"El Hornero Gonzalez Suarez","099 900 5005","","4.5","1613","https://elhornero.com.ec/","sitio_propio","","false","Restaurante","Jacinto Bejarano 1070, 170408 Quito","González Suárez, Quito","https://www.google.com/maps/place/El+Hornero+Gonzalez+Suarez/data=!4m7!3m6!1s0x91d59a76511ef0e9:0xb70c524da5ab54b3!8m2!3d-0.1950957!4d-78.477636!16s%2Fg%2F1pzrj18rh!19sChIJ6fAeUXaa1ZERs1SrpU1SDLc?authuser=0&hl=es-419&g_ep=EgoyMDI2MDkxNC4wIJJjKgBIAVAD&rclk=1"
"Twins Grill","097 863 1648","","4.9","79","","ninguno","","true","Restaurante","Whymper 28, 170517 Quito","González Suárez, Quito","https://www.google.com/maps/place/Twins+Grill/data=!4m7!3m6!1s0x91d59b4d4bdfff0b:0x36007b2351938953!8m2!3d-0.1952176!4d-78.4813087!16s%2Fg%2F11jwvp_gbg!19sChIJC__fS02b1ZERU4mTUSN7ADY?authuser=0&hl=es-419&g_ep=EgoyMDI2MDkxNC4wIJJjKgBIAVAD&rclk=1"
"La Carbonara","099 859 4056","","4.3","60","https://la-carbonara.com/","sitio_propio","","false","Restaurante italiano","Av. Gonzalez Suarez y Jacinto Bejarano N32-90 y, 170150 Quito","González Suárez, Quito","https://www.google.com/maps/place/La+Carbonara/data=!4m7!3m6!1s0x91d59b579f1659f1:0x674b14a20d46e3ea!8m2!3d-0.194796!4d-78.4775193!16s%2Fg%2F11lp1sht5h!19sChIJ8VkWn1eb1ZER6uNGDaIUS2c?authuser=0&hl=es-419&g_ep=EgoyMDI2MDkxNC4wIJJjKgBIAVAD&rclk=1"
"Pekin","099 944 6579","","4.3","385","http://pekinrestaurante.com/","sitio_propio","2026","false","Restaurante chino","Whymper 300, 170517 Quito","González Suárez, Quito","https://www.google.com/maps/place/Pekin/data=!4m7!3m6!1s0x91d59a73892ffdeb:0x56edcda6351e97fe!8m2!3d-0.1986056!4d-78.4812965!16s%2Fg%2F1tctgp65!19sChIJ6_0viXOa1ZER_pceNabN7VY?authuser=0&hl=es-419&g_ep=EgoyMDI2MDkxNC4wIJJjKgBIAVAD&rclk=1"
"Hansel & Gretel","(02) 323-8597","","4.3","733","","ninguno","","true","Panadería","RG2C+P6V, Avenida Federico, 170517 Quito","González Suárez, Quito","https://www.google.com/maps/place/Hansel+%26+Gretel/data=!4m7!3m6!1s0x91d59a7441da6117:0xaa73cfc993121e76!8m2!3d-0.1982045!4d-78.4794761!16s%2Fg%2F11dxdhfk8d!19sChIJF2HaQXSa1ZERdh4Sk8nPc6o?authuser=0&hl=es-419&g_ep=EgoyMDI2MDkxNC4wIJJjKgBIAVAD&rclk=1"
"PESCA ARTESANAL RESPONSABLE / SABORES DEL MAR","099 189 8273","tiktok.com@sabores.del.mar; b4e841e11ff44d8137eb5a5b65aca109@o4511055616212992.ingest.us","4.6","98","http://pescaartesanalresponsable.com/","sitio_propio","","false","Marisquería","Av. Francisco de Orellana E11-78 entre Isabela La Catolica, y y Av. Gonzalez Suarez, 170525 Quito","González Suárez, Quito","https://www.google.com/maps/place/PESCA+ARTESANAL+RESPONSABLE+%2F+SABORES+DEL+MAR/data=!4m7!3m6!1s0x91d59bef966672b3:0x2df9fbf19caf5ebc!8m2!3d-0.2031339!4d-78.4807393!16s%2Fg%2F11qbjk2p3h!19sChIJs3Jmlu-b1ZERvF6vnPH7-S0?authuser=0&hl=es-419&g_ep=EgoyMDI2MDkxNC4wIJJjKgBIAVAD&rclk=1"
"SAUCE STEAK HOUSE","096 423 9249","","4.5","41","https://www.instagram.com/sauce_steakhouse?igsh=MWU0d3B4dGlzdHNxYQ==","solo_red_social","","true","Restaurante de carnes asadas","García moreno, y y José Joaquín Olmedo, Quito","González Suárez, Quito","https://www.google.com/maps/place/SAUCE+STEAK+HOUSE/data=!4m7!3m6!1s0x91d59ba9db755ed5:0x74b0c4b6b6790f55!8m2!3d-0.2182775!4d-78.5112301!16s%2Fg%2F11xdjpmb80!19sChIJ1V5126mb1ZERVQ95trbEsHQ?authuser=0&hl=es-419&g_ep=EgoyMDI2MDkxNC4wIJJjKgBIAVAD&rclk=1"
"Ananké González Suárez","099 561 3074","","4.5","433","http://www.anankeguapulo.com/","sitio_propio","","true","Bar restaurante","EDIF PATIÑO, GONZALEZ SUAREZ N32-90 Y, Jacinto Bejarano S1 3, 170517 Quito","González Suárez, Quito","https://www.google.com/maps/place/Anank%C3%A9+Gonz%C3%A1lez+Su%C3%A1rez/data=!4m7!3m6!1s0x91d59a74286272a9:0xdbe8dee75c4978e5!8m2!3d-0.1948395!4d-78.4775964!16s%2Fg%2F11f4hlf2_f!19sChIJqXJiKHSa1ZER5XhJXOfe6Ns?authuser=0&hl=es-419&g_ep=EgoyMDI2MDkxNC4wIJJjKgBIAVAD&rclk=1"
"Sweet & Coffee - Gonzalez Suárez","(02) 600-0115 ext. 2217","n@sweetandcoffee.com.ec; recepcion@sweetandcoffee.com.ec; servicioalcliente@sweetandcoffee.com.ec; operaciones@sweetandcoffee.com.ec; marketing@sweetandcoffee.com.ec; compras@sweetandcoffee.com.ec; equipo@sweetandcoffee.com.ec; recepcionquito@sweetandcoffee.com.ec; equipouio@sweetandcoffee.com.ec","4.5","1185","http://www.sweetandcoffee.com.ec/","sitio_propio","","false","Cafetería","Edificio Patiño, Av Federico Gonzalez Suarez y, Jacinto Bejarano, 170135 Quito","González Suárez, Quito","https://www.google.com/maps/place/Sweet+%26+Coffee+-+Gonzalez+Su%C3%A1rez/data=!4m7!3m6!1s0x91d59a76510422c1:0x15629170878cc7d1!8m2!3d-0.1948907!4d-78.4776117!16s%2Fg%2F1pzwnr21z!19sChIJwSIEUXaa1ZER0ceMh3CRYhU?authuser=0&hl=es-419&g_ep=EgoyMDI2MDkxNC4wIJJjKgBIAVAD&rclk=1"
"Hay Pan! Whymper","","","4.6","802","https://www.instagram.com/haypan_ec?utm_source=ig_web_button_share_sheet&igsh=ZDNlZDc0MzIxNw==","solo_red_social","","true","Panadería","Whymper, 170517 Quito","González Suárez, Quito","https://www.google.com/maps/place/Hay+Pan!+Whymper/data=!4m7!3m6!1s0x91d59a73fec962c3:0x98e05bfbd4a4ea4f!8m2!3d-0.1997195!4d-78.4815641!16s%2Fg%2F11bw61rlw9!19sChIJw2LJ_nOa1ZERT-qk1Ptb4Jg?authuser=0&hl=es-419&g_ep=EgoyMDI2MDkxNC4wIJJjKgBIAVAD&rclk=1"
"BiziBizi by Cristian Arroba","099 536 6566","","4.6","364","https://restaurantebizibizi.com/","sitio_propio","2026","false","Restaurante","Whymper y Av. Francisco de Orellana N27-159 y, 170523 Quito","González Suárez, Quito","https://www.google.com/maps/place/BiziBizi+by+Cristian+Arroba/data=!4m7!3m6!1s0x91d59bf025f18d07:0x998f088419d1c0eb!8m2!3d-0.1992394!4d-78.4817362!16s%2Fg%2F11l793ysml!19sChIJB43xJfCb1ZER68DRGYQIj5k?authuser=0&hl=es-419&g_ep=EgoyMDI2MDkxNC4wIJJjKgBIAVAD&rclk=1"
"Eddy's Gonzalez Suarez","099 498 3163","","4.1","196","","ninguno","","true","Restaurante de alas de pollo","QGX9+9V6, 170301 Quito","González Suárez, Quito","https://www.google.com/maps/place/Eddy%27s+Gonzalez+Suarez/data=!4m7!3m6!1s0x91d59b001a455c0b:0xf1d9f34ced1baaec!8m2!3d-0.2015767!4d-78.4803671!16s%2Fg%2F11y95d56dc!19sChIJC1xFGgCb1ZER7Kob7Uzz2fE?authuser=0&hl=es-419&g_ep=EgoyMDI2MDkxNC4wIJJjKgBIAVAD&rclk=1"
"Bandidos del Paramo Whymper","098 885 3120","","4.6","4194","https://sites.google.com/bandidosdelparamo.com/bandidosdelparamo/men%C3%BA-clientes?authuser=0","sitio_propio","","false","Restaurante","Whymper N29-02, 170517 Quito","González Suárez, Quito","https://www.google.com/maps/place/Bandidos+del+Paramo+Whymper/data=!4m7!3m6!1s0x91d59a738bf3b0a9:0xb9dff430bdd77bc3!8m2!3d-0.1984233!4d-78.4811487!16s%2Fg%2F11cn9v2m21!19sChIJqbDzi3Oa1ZERw3vXvTD037k?authuser=0&hl=es-419&g_ep=EgoyMDI2MDkxNC4wIJJjKgBIAVAD&rclk=1"
"Rincón Latino restaurante","099 164 3453","","4.4","8","https://rinconlatinorestaurante.online/","sitio_propio","","true","Restaurante","C. Guayaquil, 170401 Quito","González Suárez, Quito","https://www.google.com/maps/place/Rinc%C3%B3n+Latino+restaurante/data=!4m7!3m6!1s0x91d59b12796b5769:0x84b87ddf42144784!8m2!3d-0.2190742!4d-78.5092861!16s%2Fg%2F11j1v5lk1n!19sChIJaVdreRKb1ZERhEcUQt99uIQ?authuser=0&hl=es-419&g_ep=EgoyMDI2MDkxNC4wIJJjKgBIAVAD&rclk=1"
"Café 303","099 946 3412","","4.9","11","","ninguno","","true","Cafetería","Baron Alexander von Humboldt 303, 170517 Quito","González Suárez, Quito","https://www.google.com/maps/place/Caf%C3%A9+303/data=!4m7!3m6!1s0x91d59bde34d657f3:0xd21887be244077b2!8m2!3d-0.198292!4d-78.4806063!16s%2Fg%2F11q8s5vbjw!19sChIJ81fWNN6b1ZERsndAJL6HGNI?authuser=0&hl=es-419&g_ep=EgoyMDI2MDkxNC4wIJJjKgBIAVAD&rclk=1"
"Pezbela (Cevicheria & Oyster bar)","(02) 475-2951","","4.5","279","https://pezbela.com/?lang=en","sitio_propio","","false","Restaurante","Av. La Coruña, 170517 Quito","González Suárez, Quito","https://www.google.com/maps/place/Pezbela+%28Cevicheria+%26+Oyster+bar%29/data=!4m7!3m6!1s0x91d59b8646e0273f:0xd99c5420f51bd877!8m2!3d-0.1937831!4d-78.4782867!16s%2Fg%2F11fvgfkw7s!19sChIJPyfgRoab1ZERd9gb9SBUnNk?authuser=0&hl=es-419&g_ep=EgoyMDI2MDkxNC4wIJJjKgBIAVAD&rclk=1"
"EL LADRILLO QUE FALTABA","099 582 9857","","3.6","159","","ninguno","","true","Restaurante","Mejía, y y Venezuela 107102, Quito","González Suárez, Quito","https://www.google.com/maps/place/EL+LADRILLO+QUE+FALTABA/data=!4m7!3m6!1s0x91d59b2a73dd0477:0x760c94380dbc91eb!8m2!3d-0.220095!4d-78.5114995!16s%2Fg%2F11y3bvs958!19sChIJdwTdcyqb1ZER65G8DTiUDHY?authuser=0&hl=es-419&g_ep=EgoyMDI2MDkxNC4wIJJjKgBIAVAD&rclk=1"
"Wine Bistro","099 892 7065","","4.1","10","https://www.facebook.com/winebistroquito?mibextid=ZbWKwL","solo_red_social","","true","Restaurante","Muros, y y Av. Gonzalez Suarez, 170525 Quito","González Suárez, Quito","https://www.google.com/maps/place/Wine+Bistro/data=!4m7!3m6!1s0x91d59b9d235b85fd:0x2a4f59bb11437033!8m2!3d-0.2014918!4d-78.4809215!16s%2Fg%2F11trnqq8h_!19sChIJ_YVbI52b1ZERM3BDEbtZTyo?authuser=0&hl=es-419&g_ep=EgoyMDI2MDkxNC4wIJJjKgBIAVAD&rclk=1"
"Lucia House (Mall el Jardín)","099 280 2529","","4.7","726","https://grupolucia.com/lucia-house/","sitio_propio","2026","false","Restaurante","Av. Río Amazonas 16-114, 170518 Quito","González Suárez, Quito","https://www.google.com/maps/place/Lucia+House+%28Mall+el+Jard%C3%ADn%29/data=!4m7!3m6!1s0x91d59b7bd1507559:0x385715dafcd4a476!8m2!3d-0.1895907!4d-78.4873956!16s%2Fg%2F11j0qm4s5p!19sChIJWXVQ0Xub1ZERdqTU_NoVVzg?authuser=0&hl=es-419&g_ep=EgoyMDI2MDkxNC4wIJJjKgBIAVAD&rclk=1"
"Del Bacino","","","5","858","","ninguno","","true","Pizzería","Cuenca y José Joaquín Olmedo &, N6-76, 170401 Quito","González Suárez, Quito","https://www.google.com/maps/place/Del+Bacino/data=!4m7!3m6!1s0x91d59b460d8ff7af:0x7e4e245fa784797f!8m2!3d-0.2173914!4d-78.5126076!16s%2Fg%2F11t_rsj98q!19sChIJr_ePDUab1ZERf3mEp18kTn4?authuser=0&hl=es-419&g_ep=EgoyMDI2MDkxNC4wIJJjKgBIAVAD&rclk=1"
"Camino Del Sol","098 741 4153","ventas@caminodelsol.ec","4","421","http://www.caminodelsol.ec/","sitio_propio","","false","Cervecería artesanal","Whymper &, N27-150, 170517 Quito","González Suárez, Quito","https://www.google.com/maps/place/Camino+Del+Sol/data=!4m7!3m6!1s0x91d59b97224f6f3f:0xf1b2b72cbbdcc471!8m2!3d-0.19943!4d-78.4814453!16s%2Fg%2F11ll7ghhx5!19sChIJP29PIpeb1ZERccTcuyy3svE?authuser=0&hl=es-419&g_ep=EgoyMDI2MDkxNC4wIJJjKgBIAVAD&rclk=1"
"Zazu","(02) 254-3559","info@zazuquito.com","4.6","1621","http://www.zazuquito.com/","sitio_propio","2026","false","Restaurante de alta cocina","Mariano Aguilera 331, 170517 Quito","González Suárez, Quito","https://www.google.com/maps/place/Zazu/data=!4m7!3m6!1s0x91d59a703657c2db:0xf8281c1a39dd6b56!8m2!3d-0.194147!4d-78.4856192!16s%2Fg%2F1hdz8qfsj!19sChIJ28JXNnCa1ZERVmvdORocKPg?authuser=0&hl=es-419&g_ep=EgoyMDI2MDkxNC4wIJJjKgBIAVAD&rclk=1"
"Asados Al Carbon","099 972 2451","","4.6","7","","ninguno","","true","Restaurante ecuatoriano","Juan José Flores N4-31, 170401 Quito","González Suárez, Quito","https://www.google.com/maps/place/Asados+Al+Carbon/data=!4m7!3m6!1s0x91d59987b41ff3c9:0x52ee0d639fe257ec!8m2!3d-0.2220995!4d-78.5110361!16s%2Fg%2F11gmchy__7!19sChIJyfMftIeZ1ZER7Ffin2MN7lI?authuser=0&hl=es-419&g_ep=EgoyMDI2MDkxNC4wIJJjKgBIAVAD&rclk=1"
"BURGER DON VIC","096 410 8602","","5","21","","ninguno","","true","Restaurante de comida rápida","Avenida Federico Gonzalez Suarez 1005, 170517 Quito","González Suárez, Quito","https://www.google.com/maps/place/BURGER+DON+VIC/data=!4m7!3m6!1s0x91d5bd1e1dc33ca9:0xad35766b0850420d!8m2!3d-0.1953903!4d-78.4783886!16s%2Fg%2F11x7wt65b7!19sChIJqTzDHR691ZERDUJQCGt2Na0?authuser=0&hl=es-419&g_ep=EgoyMDI2MDkxNC4wIJJjKgBIAVAD&rclk=1"
"Cyrano","(02) 381-9138","usuario@dominio.com","4.6","2010","https://cyranocorfu.com.ec/","sitio_propio","2026","false","Panadería","Edificio Atrium, Av. Gonzalez Suarez N31-126, 170517 Quito","González Suárez, Quito","https://www.google.com/maps/place/Cyrano/data=!4m7!3m6!1s0x91d59a7424560817:0x4696d35ae9f28b4!8m2!3d-0.1964364!4d-78.4785842!16s%2Fg%2F11bx1htg0l!19sChIJFwhWJHSa1ZERtCifrjVtaQQ?authuser=0&hl=es-419&g_ep=EgoyMDI2MDkxNC4wIJJjKgBIAVAD&rclk=1"
"Irati Restaurante","093 988 9599","iratirestauranteec@gmail.com","4.2","117","https://www.iratirestaurante.com/","sitio_propio","","false","Restaurante","Av. Paúl Rivet 31-11 y, 170517 Quito","González Suárez, Quito","https://www.google.com/maps/place/Irati+Restaurante/data=!4m7!3m6!1s0x91d59bb37dbabcb1:0xeb7d01f27aff8b85!8m2!3d-0.1958695!4d-78.481735!16s%2Fg%2F11jsl_wrg6!19sChIJsby6fbOb1ZERhYv_evIBfes?authuser=0&hl=es-419&g_ep=EgoyMDI2MDkxNC4wIJJjKgBIAVAD&rclk=1"
"Zerdo","(02) 323-7562","","4.5","1159","http://zerdoquito.com/","sitio_propio","2026","false","Restaurante","Mariano Aguilera E7-72, 170517 Quito","González Suárez, Quito","https://www.google.com/maps/place/Zerdo/data=!4m7!3m6!1s0x91d59a7036795a03:0x679170966c288886!8m2!3d-0.1938288!4d-78.4857074!16s%2Fg%2F11f1wvrh6w!19sChIJA1p5NnCa1ZERhogobJZwkWc?authuser=0&hl=es-419&g_ep=EgoyMDI2MDkxNC4wIJJjKgBIAVAD&rclk=1"
"Migdonio´s Restaurant","098 786 1298","","4.6","7","https://www.facebook.com/share/15uEBwmS9K/","solo_red_social","","true","Restaurante","Junto al Teatro Bolívar, Eugenio Espejo y C. Guayaquil Oe2-67 y, 170401 Quito","González Suárez, Quito","https://www.google.com/maps/place/Migdonio%C2%B4s+Restaurant/data=!4m7!3m6!1s0x91d599d128286e89:0x13885eb9a64c3af0!8m2!3d-0.2213435!4d-78.5111479!16s%2Fg%2F11x19m41xr!19sChIJiW4oKNGZ1ZER8DpMprleiBM?authuser=0&hl=es-419&g_ep=EgoyMDI2MDkxNC4wIJJjKgBIAVAD&rclk=1"
"PIZA.EC Pizzeria CORUÑA","096 903 2043","","4.7","200","https://www.piza.ec/","sitio_propio","","true","Restaurante","Av. coruña y alberto mena caamaño, 170521 Quito","González Suárez, Quito","https://www.google.com/maps/place/PIZA.EC+Pizzeria+CORU%C3%91A/data=!4m7!3m6!1s0x91d59b89dbac4373:0xa6c80e38ee1068cd!8m2!3d-0.1939674!4d-78.4781903!16s%2Fg%2F11q2ylt1_h!19sChIJc0Os24mb1ZERzWgQ7jgOyKY?authuser=0&hl=es-419&g_ep=EgoyMDI2MDkxNC4wIJJjKgBIAVAD&rclk=1"
"Burguemia","096 344 8192","soportejustoapp@getjusto.com\; info@burguemia.com; u003ebenalcazarronny@gmail.com; u003ejustocolombia@getjusto.com; soportejustoapp@getjusto.com; u003esoportejustoapp@getjusto.com","4.5","106","http://burguemia.com/","sitio_propio","","false","Hamburguesería","Av. Whymper, y y Av. La Coruña, Quito","González Suárez, Quito","https://www.google.com/maps/place/Burguemia/data=!4m7!3m6!1s0x91d59b12251ff075:0x9eca2c279392e5fd!8m2!3d-0.1980053!4d-78.4811483!16s%2Fg%2F11swz9yc_d!19sChIJdfAfJRKb1ZER_eWSkycsyp4?authuser=0&hl=es-419&g_ep=EgoyMDI2MDkxNC4wIJJjKgBIAVAD&rclk=1"
"Lounge Bar Bo&Bo","(02) 223-4067","gcedeno@chezjeromerestaurante.com; administracion@chezjeromerestaurante.com; reservas@chezjeromerestaurante.com","4.3","39","http://www.chezjeromerestaurante.com/","sitio_propio","","false","Restaurante francés","n30 y Whymper 91, 170135 Quito","González Suárez, Quito","https://www.google.com/maps/place/Lounge+Bar+Bo%26Bo/data=!4m7!3m6!1s0x91d59a73fc003713:0x8aa076c136c8b218!8m2!3d-0.1970461!4d-78.4807887!16s%2Fg%2F1hm20w8hr!19sChIJEzcA_HOa1ZERGLLINsF2oIo?authuser=0&hl=es-419&g_ep=EgoyMDI2MDkxNC4wIJJjKgBIAVAD&rclk=1"
"Los Hot Dogs de la González Suárez","098 180 3408","soportejustoapp@getjusto.com\; fi.csa@hotmail.com; naubroxsiempre@gmail.com; randrade@impexaonline.com; rosi_valentina2012@hotmail.com; a.l_aguilar@hotmail.com; jccevallosjimenez@gmail.com; dieguin10@hotmail.com; christian.saraguro@gmail.com; micapelo2409@hotmail.com; u003econtabilidad@hotdogsdelagonzalez.com; u003ejustocolombia@getjusto.com; soportejustoapp@getjusto.com; u003esoportejustoapp@getjusto.com","4.3","1620","http://www.hotdogsdelagonzalez.com/","sitio_propio","","false","Restaurante de comida rápida","Av. Gonzalez Suarez y González, 170135 Quito","González Suárez, Quito","https://www.google.com/maps/place/Los+Hot+Dogs+de+la+Gonz%C3%A1lez+Su%C3%A1rez/data=!4m7!3m6!1s0x91d59a74bc419df1:0x52edbe331ef69b65!8m2!3d-0.2003822!4d-78.479845!16s%2Fg%2F11b7hply90!19sChIJ8Z1BvHSa1ZERZZv2HjO-7VI?authuser=0&hl=es-419&g_ep=EgoyMDI2MDkxNC4wIJJjKgBIAVAD&rclk=1"
"Sher E Punjab","098 790 0005","","4.7","1339","http://www.sherepunjabecu.com/","sitio_propio","","false","Restaurante indio","Rincon de la India, Juan León Mera 2677 y, La Pinta esq, 170522 Quito","González Suárez, Quito","https://www.google.com/maps/place/Sher+E+Punjab/data=!4m7!3m6!1s0x91d59a6c5488b57f:0x4ae3c72657a8d207!8m2!3d-0.1989841!4d-78.4897193!16s%2Fg%2F1hc6q9480!19sChIJf7WIVGya1ZERB9KoVybH40o?authuser=0&hl=es-419&g_ep=EgoyMDI2MDkxNC4wIJJjKgBIAVAD&rclk=1"
"Omnia Ecuador","099 990 7965","","4.2","96","https://www.omniaecuador.com/","sitio_propio","","false","Pub restaurante","PH 9, Paúl Rivet N30-54 y José Ortón Edificio Mokai, 170517 Quito","González Suárez, Quito","https://www.google.com/maps/place/Omnia+Ecuador/data=!4m7!3m6!1s0x91d59b6a2d51ff2b:0x53c541e4cd547f5f!8m2!3d-0.196921!4d-78.4824157!16s%2Fg%2F11vhq7lvly!19sChIJK_9RLWqb1ZERX39UzeRBxVM?authuser=0&hl=es-419&g_ep=EgoyMDI2MDkxNC4wIJJjKgBIAVAD&rclk=1"
"Plaza Whymper","099 900 2308","","4.6","135","http://www.plazawhymper.com/","sitio_propio","","true","Restaurante","Calle whymper, y y Av. Francisco de Orellana, 170517 Quito","González Suárez, Quito","https://www.google.com/maps/place/Plaza+Whymper/data=!4m7!3m6!1s0x91d59b8b6242c267:0x129402a9ee9f2eb1!8m2!3d-0.1999475!4d-78.4815612!16s%2Fg%2F11y4ndc6xy!19sChIJZ8JCYoub1ZERsS6f7qkClBI?authuser=0&hl=es-419&g_ep=EgoyMDI2MDkxNC4wIJJjKgBIAVAD&rclk=1"
"Panificadora Ambato","(02) 381-8500","","4.1","108","http://www.panambato.com/","sitio_propio","","false","Panadería","Av. Gonzalez Suarez N31-24, 170517 Quito","González Suárez, Quito","https://www.google.com/maps/place/Panificadora+Ambato/data=!4m7!3m6!1s0x91d59a743b5aaaab:0x238b66b5645615ca!8m2!3d-0.1974002!4d-78.4786336!16s%2Fg%2F11gbxd0j9x!19sChIJq6paO3Sa1ZERyhVWZLVmiyM?authuser=0&hl=es-419&g_ep=EgoyMDI2MDkxNC4wIJJjKgBIAVAD&rclk=1"
"Pizzarella","099 401 4992","","4.5","6","","ninguno","","true","Pizzería","Whymper N28-18 y, Av. Francisco de Orellana 1070320, 170517 Quito","González Suárez, Quito","https://www.google.com/maps/place/Pizzarella/data=!4m7!3m6!1s0x91d59b491008830b:0xf933c0dc663e04bd!8m2!3d-0.1989138!4d-78.4813313!16s%2Fg%2F11n081w963!19sChIJC4MIEEmb1ZERvQQ-ZtzAM_k?authuser=0&hl=es-419&g_ep=EgoyMDI2MDkxNC4wIJJjKgBIAVAD&rclk=1"
"Ceviches de Guápulo","(02) 222-9632","","4.5","31","","ninguno","","true","Marisquería","Cam. de Orellana E16-124, 170136 Quito","González Suárez, Quito","https://www.google.com/maps/place/Ceviches+de+Gu%C3%A1pulo/data=!4m7!3m6!1s0x91d59a75057dc02d:0x63ab1eac21abc8b8!8m2!3d-0.2004795!4d-78.4772254!16s%2Fg%2F11clkfdzp2!19sChIJLcB9BXWa1ZERuMirIaweq2M?authuser=0&hl=es-419&g_ep=EgoyMDI2MDkxNC4wIJJjKgBIAVAD&rclk=1"
"Cebiches de la Rumiñahui","(02) 228-0492","","4.2","412","http://www.xn--loscebichesdelarumiahui-bic.com/","sitio_propio","","false","Restaurante","José Joaquín Olmedo Oe3-18, 170401 Quito","González Suárez, Quito","https://www.google.com/maps/place/Cebiches+de+la+Rumi%C3%B1ahui/data=!4m7!3m6!1s0x91d59a280e9bd225:0x261f756a2e74aeb7!8m2!3d-0.2191318!4d-78.5097563!16s%2Fg%2F11cscm814x!19sChIJJdKbDiia1ZERt650Lmp1HyY?authuser=0&hl=es-419&g_ep=EgoyMDI2MDkxNC4wIJJjKgBIAVAD&rclk=1"
"Hotel & Suites Gonzalez Suarez","096 276 9783","","4","161","","ninguno","","true","","170107, Quito","González Suárez, Quito","https://www.google.com/maps/place/Hotel+%26+Suites+Gonzalez+Suarez/data=!4m7!3m6!1s0x91d59bbf18d0662b:0x94875a460b99f72d!8m2!3d-0.2003191!4d-78.4793127!16s%2Fg%2F1v27wkpz!19sChIJK2bQGL-b1ZERLfeZC0Zah5Q?authuser=0&hl=es-419&g_ep=EgoyMDI2MDkxNC4wIJJjKgBIAVAD&rclk=1"
"Mannabis Restaurante","","","4.2","6","","ninguno","","true","Restaurante familiar","Venezuela 3-137, 170401 Quito","González Suárez, Quito","https://www.google.com/maps/place/Mannabis+Restaurante/data=!4m7!3m6!1s0x91d599001afc8b97:0x732d55ae2434f673!8m2!3d-0.2208814!4d-78.5122393!16s%2Fg%2F11wr4x3fwn!19sChIJl4v8GgCZ1ZERc_Y0JK5VLXM?authuser=0&hl=es-419&g_ep=EgoyMDI2MDkxNC4wIJJjKgBIAVAD&rclk=1"
"MAKI Sushi Bar - González Suárez","099 983 3116","makipedidoscumbaya@gmail.com","4.5","1360","http://www.maki.com.ec/","sitio_propio","","false","Restaurante de sushi","Edf. Yoo Quito, Gonzalez Suarez, y y Muros, 170109 Quito","González Suárez, Quito","https://www.google.com/maps/place/MAKI+Sushi+Bar+-+Gonz%C3%A1lez+Su%C3%A1rez/data=!4m7!3m6!1s0x91d59a0e70837693:0x9779494239ae33c2!8m2!3d-0.2021935!4d-78.4808913!16s%2Fg%2F11hcpbmjvy!19sChIJk3aDcA6a1ZERwjOuOUJJeZc?authuser=0&hl=es-419&g_ep=EgoyMDI2MDkxNC4wIJJjKgBIAVAD&rclk=1"
"Restaurante “El Sabrosón” Nanegalito - Quito","099 243 3737","","4.7","137","https://instagram.com/sabroson.uio?igshid=YmMyMTA2M2Y=","solo_red_social","","true","Restaurante familiar","Huachi y Av. Cristóbal Vaca de Castro &, 170104 Quito","González Suárez, Quito","https://www.google.com/maps/place/Restaurante+%E2%80%9CEl+Sabros%C3%B3n%E2%80%9D+Nanegalito+-+Quito/data=!4m7!3m6!1s0x91d585681410f961:0x9aa8332e0867b4ba!8m2!3d-0.1293682!4d-78.5000082!16s%2Fg%2F11rj6ctphk!19sChIJYfkQFGiF1ZERurRnCC4zqJo?authuser=0&hl=es-419&g_ep=EgoyMDI2MDkxNC4wIJJjKgBIAVAD&rclk=1"
"Plaza Chicafe Colonial","(02) 228-7097","","4.2","13","","ninguno","","true","Restaurante ecuatoriano","C. Guayaquil Oe2-67, 170401 Quito","González Suárez, Quito","https://www.google.com/maps/place/Plaza+Chicafe+Colonial/data=!4m7!3m6!1s0x91d59987bc8602c9:0x30d1ad909103c337!8m2!3d-0.2213314!4d-78.5112318!16s%2Fg%2F11gmcfbq00!19sChIJyQKGvIeZ1ZERN8MDkZCt0TA?authuser=0&hl=es-419&g_ep=EgoyMDI2MDkxNC4wIJJjKgBIAVAD&rclk=1"
"Swissôtel Quito","(02) 256-7600","ventas@swissuio.com","4.6","7523","https://all.accor.com/lien_externe.svlt?goto=fiche_hotel&code_hotel=A5C4&merchantid=seo-maps-EC-A5C4&sourceid=aw-cen&utm_medium=seo%20maps&utm_source=google%20Maps&utm_campaign=seo%20maps","sitio_propio","2019","true","","Ave 12 de Octubre y Luis Cordero 1820 y, 170525 Quito","González Suárez, Quito","https://www.google.com/maps/place/Swiss%C3%B4tel+Quito/data=!4m7!3m6!1s0x91d59a0dec20b09f:0x14d611e35be667c0!8m2!3d-0.2052395!4d-78.4854611!16s%2Fg%2F1vlk2msn!19sChIJn7Ag7A2a1ZERwGfmW-MR1hQ?authuser=0&hl=es-419&g_ep=EgoyMDI2MDkxNC4wIJJjKgBIAVAD&rclk=1"
"Urban Crab Restaurante","099 882 1258","","3.5","102","https://instagram.com/urbancrab.rest?igshid=YmMyMTA2M2Y=","solo_red_social","","true","Restaurante","San Ignacio y Av. La Coruña E10-114 y, 170517 Quito","González Suárez, Quito","https://www.google.com/maps/place/Urban+Crab+Restaurante/data=!4m7!3m6!1s0x91d59b67bcd16a8d:0x893aacb58a9637d9!8m2!3d-0.2016925!4d-78.4835488!16s%2Fg%2F11t17y4k72!19sChIJjWrRvGeb1ZER2TeWirWsOok?authuser=0&hl=es-419&g_ep=EgoyMDI2MDkxNC4wIJJjKgBIAVAD&rclk=1"
"Indemini Báez Chocolate by Chez Tiff Artesanal","099 585 6947","","4.8","165","http://www.cheztiff.net/","sitio_propio","","false","Cafetería","García Moreno-39 Entre Manabí, y y Olmedo, 170401 Quito","González Suárez, Quito","https://www.google.com/maps/place/Indemini+B%C3%A1ez+Chocolate+by+Chez+Tiff+Artesanal/data=!4m7!3m6!1s0x91d59986af0721d9:0x11b20a50f1427c1!8m2!3d-0.2178932!4d-78.5109187!16s%2Fg%2F11c3tyjjdr!19sChIJ2SEHr4aZ1ZERwScUD6UgGwE?authuser=0&hl=es-419&g_ep=EgoyMDI2MDkxNC4wIJJjKgBIAVAD&rclk=1"
"MACCHIATA brunch pizza pasta - Cumbayá","096 743 2321","","4.9","1331","https://www.instagram.com/macchiata.uio/","solo_red_social","","true","Restaurante","Av. Florencia y PRIMAVERA 1, S6-62, 170157 Quito","Cumbayá, Quito","https://www.google.com/maps/place/MACCHIATA+brunch+pizza+pasta+-+Cumbay%C3%A1/data=!4m7!3m6!1s0x91d5910b35075099:0xbc9e17c260625876!8m2!3d-0.2128684!4d-78.4272083!16s%2Fg%2F11s_mcq65r!19sChIJmVAHNQuR1ZERdlhiYMIXnrw?authuser=0&hl=es-419&g_ep=EgoyMDI2MDkxNC4wIJJjKgBIAVAD&rclk=1"
"Bhumi Feel Good Kitchen","098 367 7494","","4.4","152","https://www.bhumi.ec/","sitio_propio","","false","Restaurante","Parque Central de Cumbaya, Francisco de Orellana y Juan Montalvo 2-175 y, 170157 Quito","Cumbayá, Quito","https://www.google.com/maps/place/Bhumi+Feel+Good+Kitchen/data=!4m7!3m6!1s0x91d591639720a7af:0x3b8a75422edc9747!8m2!3d-0.2008716!4d-78.4289738!16s%2Fg%2F11g4jc01cc!19sChIJr6cgl2OR1ZERR5fcLkJ1ijs?authuser=0&hl=es-419&g_ep=EgoyMDI2MDkxNC4wIJJjKgBIAVAD&rclk=1"
"El Palacio de la Fritada","(02) 289-5559","","4.3","3798","https://www.facebook.com/elpalaciodelafritada/","solo_red_social","","true","Restaurante ecuatoriano","Salinas, 170157 Quito","Cumbayá, Quito","https://www.google.com/maps/place/El+Palacio+de+la+Fritada/data=!4m7!3m6!1s0x91d590dfe077d493:0xdb373b8f7b592b07!8m2!3d-0.2014882!4d-78.4310491!16s%2Fg%2F11b6cq3bnh!19sChIJk9R34N-Q1ZERBytZe487N9s?authuser=0&hl=es-419&g_ep=EgoyMDI2MDkxNC4wIJJjKgBIAVAD&rclk=1"
"Lucia Italia Pasta, Pizza y Gelato","(02) 600-7449","","4.6","2460","https://grupolucia.com/lucia-italia-cumbaya/","sitio_propio","2026","false","Restaurante italiano","Urb. Santa Lucía, Av. Interoceánica, Calle G, Av. Oswaldo Guayasamín y 170184 S/N, 170901 Quito","Cumbayá, Quito","https://www.google.com/maps/place/Lucia+Italia+Pasta,+Pizza+y+Gelato/data=!4m7!3m6!1s0x91d59120006d33b9:0x6d092ac421b81a1b!8m2!3d-0.2035669!4d-78.4372837!16s%2Fg%2F11c51r_lfy!19sChIJuTNtACCR1ZERGxq4IcQqCW0?authuser=0&hl=es-419&g_ep=EgoyMDI2MDkxNC4wIJJjKgBIAVAD&rclk=1"
"Reyviche Cumbayá","096 396 3996","","4.7","377","http://www.reyviche.com/","sitio_propio","","false","Restaurante","Avenida Pampite, y y Fray León, 170157 Quito","Cumbayá, Quito","https://www.google.com/maps/place/Reyviche+Cumbay%C3%A1/data=!4m7!3m6!1s0x91d5916831481501:0xe6b778b71c9e64ff!8m2!3d-0.1957164!4d-78.4344942!16s%2Fg%2F11lts_vpby!19sChIJARVIMWiR1ZER_2SeHLd4t-Y?authuser=0&hl=es-419&g_ep=EgoyMDI2MDkxNC4wIJJjKgBIAVAD&rclk=1"
"Mezzaviva","098 494 3848","","5","49","","ninguno","","true","Restaurante","Francisco de Orellana E1-38, 170150 Quito","Cumbayá, Quito","https://www.google.com/maps/place/Mezzaviva/data=!4m7!3m6!1s0x91d591f8e2d835ff:0x4f6c9587c75ea618!8m2!3d-0.1998208!4d-78.4318408!16s%2Fg%2F11n56pbg9b!19sChIJ_zXY4viR1ZERGKZex4eVbE8?authuser=0&hl=es-419&g_ep=EgoyMDI2MDkxNC4wIJJjKgBIAVAD&rclk=1"
"La Briciola","(02) 601-4447","labriciolaquito@hotmail.com","4.7","2338","http://www.labriciola.com.ec/","sitio_propio","","false","Restaurante italiano","170157 Quito","Cumbayá, Quito","https://www.google.com/maps/place/La+Briciola/data=!4m7!3m6!1s0x91d5911ca55a1363:0x4e0282ec7713f1d9!8m2!3d-0.1958716!4d-78.4261806!16s%2Fg%2F11c3n1xwqm!19sChIJYxNapRyR1ZER2fETd-yCAk4?authuser=0&hl=es-419&g_ep=EgoyMDI2MDkxNC4wIJJjKgBIAVAD&rclk=1"
"La Birrería Cumbayá","(02) 289-5267","","4.6","1480","https://m.facebook.com/LaBirreriaCumbaya/","solo_red_social","","true","Restaurante","Francisco de Orellana y Manabí E2-137 y, 170157 Cumbaya","Cumbayá, Quito","https://www.google.com/maps/place/La+Birrer%C3%ADa+Cumbay%C3%A1/data=!4m7!3m6!1s0x91d5916d7091ec59:0x3904f81d85fb349!8m2!3d-0.2002369!4d-78.4292227!16s%2Fg%2F11gslsyvjf!19sChIJWeyRcG2R1ZERSbNf2IFPkAM?authuser=0&hl=es-419&g_ep=EgoyMDI2MDkxNC4wIJJjKgBIAVAD&rclk=1"
"227 resto-café cumbayá","099 493 5190","","4.5","512","","ninguno","","true","Restaurante","via Pillagua y Barbara Esparza, 170157 Quito","Cumbayá, Quito","https://www.google.com/maps/place/227+resto-caf%C3%A9+cumbay%C3%A1/data=!4m7!3m6!1s0x91d591dbe836f473:0x2a5131956aac176a!8m2!3d-0.1960276!4d-78.4247992!16s%2Fg%2F11t7r36bgt!19sChIJc_Q26NuR1ZERahesapUxUSo?authuser=0&hl=es-419&g_ep=EgoyMDI2MDkxNC4wIJJjKgBIAVAD&rclk=1"
"CUPA CAFE QUITO","096 383 7900","","4.8","72","https://www.instagram.com/cupacafe.quito/?hl=es-la","solo_red_social","","true","Restaurante","RH39+7C QUITO 170109 Quito, 170157 Cumbaya","Cumbayá, Quito","https://www.google.com/maps/place/CUPA+CAFE+QUITO/data=!4m7!3m6!1s0x91d591334bb6e87b:0xb884a749a351ca9f!8m2!3d-0.1968125!4d-78.4314375!16s%2Fg%2F11q840_2n8!19sChIJe-i2SzOR1ZERn8pRo0mnhLg?authuser=0&hl=es-419&g_ep=EgoyMDI2MDkxNC4wIJJjKgBIAVAD&rclk=1"
"Barbasquillo Seafood","097 916 7960","","4.7","91","","ninguno","","true","Restaurante","Av Pampite y 170902 5, 170157 Quito","Cumbayá, Quito","https://www.google.com/maps/place/Barbasquillo+Seafood/data=!4m7!3m6!1s0x91d591ae0a8b70b5:0xe72c02d55c51c7d8!8m2!3d-0.1960626!4d-78.4340939!16s%2Fg%2F11l353mv3h!19sChIJtXCLCq6R1ZER2MdRXNUCLOc?authuser=0&hl=es-419&g_ep=EgoyMDI2MDkxNC4wIJJjKgBIAVAD&rclk=1"
"Zavalita","(02) 289-2316","","4.4","974","http://www.zavalita.com/","sitio_propio","","false","Marisquería","QHXC+M95, Francisco de Orellana, 170901 Quito","Cumbayá, Quito","https://www.google.com/maps/place/Zavalita/data=!4m7!3m6!1s0x91d5911fe566c009:0x58d1f75d96c407a0!8m2!3d-0.2008562!4d-78.4290294!16s%2Fg%2F11cs63wh71!19sChIJCcBm5R-R1ZERoAfEll330Vg?authuser=0&hl=es-419&g_ep=EgoyMDI2MDkxNC4wIJJjKgBIAVAD&rclk=1"
"Ciré Cumbayá","(02) 289-2790","info@cirefood.com","4.8","264","http://www.cirefood.com/","sitio_propio","","false","Restaurante ecuatoriano","Parque Central de Cumbayá, García Moreno y Manabí 425 y, 170901 Quito","Cumbayá, Quito","https://www.google.com/maps/place/Cir%C3%A9+Cumbay%C3%A1/data=!4m7!3m6!1s0x91d590e004089de3:0x1bc9e3f1c30ecd0f!8m2!3d-0.2013493!4d-78.4302076!16s%2Fg%2F11cs12bfsh!19sChIJ450IBOCQ1ZERD80Ow_HjyRs?authuser=0&hl=es-419&g_ep=EgoyMDI2MDkxNC4wIJJjKgBIAVAD&rclk=1"
"Lucia Pie House and Grill","(02) 392-2237","","4.6","1478","https://grupolucia.com/lucia-pie-houseandgrill/","sitio_propio","","false","Restaurante americano","Av Pampite, 170902 Quito","Cumbayá, Quito","https://www.google.com/maps/place/Lucia+Pie+House+and+Grill/data=!4m7!3m6!1s0x91d590e1f6423bcf:0x1e4d65861553776b!8m2!3d-0.1970842!4d-78.4310852!16s%2Fg%2F12613xkh5!19sChIJzztC9uGQ1ZERa3dTFYZlTR4?authuser=0&hl=es-419&g_ep=EgoyMDI2MDkxNC4wIJJjKgBIAVAD&rclk=1"
"Paraíso del Verde Cumbayá","098 241 2905","","4.5","41","https://instagram.com/paraisodelverdecumbaya?utm_medium=copy_link","solo_red_social","","true","Restaurante","Francisco de Orellana OE-93, 170901 Quito","Cumbayá, Quito","https://www.google.com/maps/place/Para%C3%ADso+del+Verde+Cumbay%C3%A1/data=!4m7!3m6!1s0x91d591a9ed25582f:0xb68b26436f957a7b!8m2!3d-0.2012728!4d-78.4279298!16s%2Fg%2F11r_y01kfb!19sChIJL1gl7amR1ZERe3qVb0Mmi7Y?authuser=0&hl=es-419&g_ep=EgoyMDI2MDkxNC4wIJJjKgBIAVAD&rclk=1"
"Treehouse Cumbaya","096 354 3158","treehousegardenrestopub@gmail.com","4.5","1127","http://www.treehouse.com.ec/","sitio_propio","","false","Restaurante","Francisco de Orellana 393, 170902 Quito","Cumbayá, Quito","https://www.google.com/maps/place/Treehouse+Cumbaya/data=!4m7!3m6!1s0x91d591665afbbd77:0x6160cce66987e548!8m2!3d-0.2012292!4d-78.4276349!16s%2Fg%2F11pcsh_3bt!19sChIJd737WmaR1ZERSOWHaebMYGE?authuser=0&hl=es-419&g_ep=EgoyMDI2MDkxNC4wIJJjKgBIAVAD&rclk=1"
"IL MATTO","099 446 4155","","4.8","183","https://linktr.ee/illmattoec","solo_red_social","","true","Restaurante italiano","Francisco de Orellana y Chimborazo &, 170903 Quito","Cumbayá, Quito","https://www.google.com/maps/place/IL+MATTO/data=!4m7!3m6!1s0x91d591e65a7f2369:0x6b2ac4422e2ce597!8m2!3d-0.1996091!4d-78.4319603!16s%2Fg%2F11vr1bzbr9!19sChIJaSN_WuaR1ZERl-UsLkLEKms?authuser=0&hl=es-419&g_ep=EgoyMDI2MDkxNC4wIJJjKgBIAVAD&rclk=1"
"La Bakery Campo","(02) 356-0112","labakeryuio@gmail.com","4.5","454","http://www.labakery.ec/","sitio_propio","2025","false","Restaurante de brunch","Potrero San Luis, via a Lumbisi, Alfonso Lamiña Km 2, 170902 Quito","Cumbayá, Quito","https://www.google.com/maps/place/La+Bakery+Campo/data=!4m7!3m6!1s0x91d591348be42d39:0x14a1493bf5d3eaba!8m2!3d-0.2183338!4d-78.4468782!16s%2Fg%2F11q431mxjf!19sChIJOS3kizSR1ZERuurT9TtJoRQ?authuser=0&hl=es-419&g_ep=EgoyMDI2MDkxNC4wIJJjKgBIAVAD&rclk=1"
"Los Bifes de la Vaca Cumbayá","096 252 5378","info@losbifesdelavaca.com","4.9","1020","https://www.losbifesdelavaca.com/","sitio_propio","","false","Restaurante","Manabí S1-125, 170901 Quito","Cumbayá, Quito","https://www.google.com/maps/place/Los+Bifes+de+la+Vaca+Cumbay%C3%A1/data=!4m7!3m6!1s0x91d59125525faf2f:0x76988292db32b61!8m2!3d-0.2018869!4d-78.4301195!16s%2Fg%2F11vt6jl638!19sChIJL69fUiWR1ZERYSuzLSmIaQc?authuser=0&hl=es-419&g_ep=EgoyMDI2MDkxNC4wIJJjKgBIAVAD&rclk=1"
"Paseo del Parque Cumbayá","(02) 289-5027","","4.6","58","https://www.facebook.com/paseodelparquecumbaya/","solo_red_social","","true","Centro comercial","Parque Central de Cumbayá, Francisco de Orellana 2-137, 170901 Quito","Cumbayá, Quito","https://www.google.com/maps/place/Paseo+del+Parque+Cumbay%C3%A1/data=!4m7!3m6!1s0x91d591a3cc3661d9:0x966e258fcd1a4f30!8m2!3d-0.2007106!4d-78.429221!16s%2Fg%2F11gjt_nks5!19sChIJ2WE2zKOR1ZERME8azY8lbpY?authuser=0&hl=es-419&g_ep=EgoyMDI2MDkxNC4wIJJjKgBIAVAD&rclk=1"
"Nuum","099 977 2120","example@mysite.com","4.8","332","http://www.nuumrestaurant.com/","sitio_propio","","false","Restaurante","Manuela Sáenz, 170901 Quito","Cumbayá, Quito","https://www.google.com/maps/place/Nuum/data=!4m7!3m6!1s0x91d59116c9d03deb:0xd268050c89fba386!8m2!3d-0.1971743!4d-78.4279135!16s%2Fg%2F11gxxygw40!19sChIJ6z3QyRaR1ZERhqP7iQwFaNI?authuser=0&hl=es-419&g_ep=EgoyMDI2MDkxNC4wIJJjKgBIAVAD&rclk=1"
"La Doña Hacienda Cumbayá","098 024 0747","","4.3","95","https://ladonahacienda.com.ec/","sitio_propio","2026","false","Restaurante","Av. Florencia 201, 170901 Quito","Cumbayá, Quito","https://www.google.com/maps/place/La+Do%C3%B1a+Hacienda+Cumbay%C3%A1/data=!4m7!3m6!1s0x91d5910033bb15f7:0xd39a99e9b597a1eb!8m2!3d-0.2114009!4d-78.4265882!16s%2Fg%2F11vwpd8h3q!19sChIJ9xW7MwCR1ZER66GXtemZmtM?authuser=0&hl=es-419&g_ep=EgoyMDI2MDkxNC4wIJJjKgBIAVAD&rclk=1"
"Al Mercato","095 953 6965","","4.6","620","https://www.opentable.com/r/al-mercato-quito?corrid=cea6e017-22f1-4da7-96e0-d26c5d48f9f9&avt=eyJ2IjoyLCJtIjowLCJwIjowLCJzIjowLCJuIjowfQ&p=2&sd=2024-09-13T19%3A00%3A00","sitio_propio","","false","Restaurante italiano","Potrero San Luis, Via Lumbisi, Alfonso Lamiña km 2, 170902 Quito","Cumbayá, Quito","https://www.google.com/maps/place/Al+Mercato/data=!4m7!3m6!1s0x91d5911fe1c213fb:0x2029d7b6fce3a5f9!8m2!3d-0.2187277!4d-78.446782!16s%2Fg%2F11c5__k5x1!19sChIJ-xPC4R-R1ZER-aXj_LbXKSA?authuser=0&hl=es-419&g_ep=EgoyMDI2MDkxNC4wIJJjKgBIAVAD&rclk=1"
"The Viet Station","098 748 7607","","4.7","150","","ninguno","","true","Restaurante vietnamita","Av. Oswaldo Guayasamín, y y Avenida Siena, 170184 Quito","Cumbayá, Quito","https://www.google.com/maps/place/The+Viet+Station/data=!4m7!3m6!1s0x91d59782a54dd63f:0xace2f1a2a02a21e9!8m2!3d-0.2053073!4d-78.4276525!16s%2Fg%2F11pxjt_xbp!19sChIJP9ZNpYKX1ZER6SEqoKLx4qw?authuser=0&hl=es-419&g_ep=EgoyMDI2MDkxNC4wIJJjKgBIAVAD&rclk=1"
"Varako Steak House","096 350 5128","","4.8","682","https://varako.alacarta.online/","sitio_propio","","false","Restaurante","Francisco de Orellana Sn, 170157 Quito","Cumbayá, Quito","https://www.google.com/maps/place/Varako+Steak+House/data=!4m7!3m6!1s0x91d591fdbd57920b:0x74e407f5dfb3369d!8m2!3d-0.2014921!4d-78.4278445!16s%2Fg%2F11krvg1h4q!19sChIJC5JXvf2R1ZERnTaz3_UH5HQ?authuser=0&hl=es-419&g_ep=EgoyMDI2MDkxNC4wIJJjKgBIAVAD&rclk=1"
"Bambú Bar","(02) 204-0545","bambubar17@gmail.com","4.5","108","https://www.bambubarec.com/","sitio_propio","","false","Restaurante","García Moreno y Manabí 365 y, 170901 Quito","Cumbayá, Quito","https://www.google.com/maps/place/Bamb%C3%BA+Bar/data=!4m7!3m6!1s0x91d5bd45632ed557:0x8c543ae179981e5d!8m2!3d-0.2014382!4d-78.4298874!16s%2Fg%2F11g_x4dm63!19sChIJV9UuY0W91ZERXR6YeeE6VIw?authuser=0&hl=es-419&g_ep=EgoyMDI2MDkxNC4wIJJjKgBIAVAD&rclk=1"
"La Pata Gorda Cumbayá","096 282 1561","","4.5","798","http://www.lapatagorda.com/","sitio_propio","2026","false","Restaurante","Av Pampite, 170902 Quito","Cumbayá, Quito","https://www.google.com/maps/place/La+Pata+Gorda+Cumbay%C3%A1/data=!4m7!3m6!1s0x91d5916ff1e216fd:0x82116813dbcac7a!8m2!3d-0.195644!4d-78.4347795!16s%2Fg%2F11sr9znb37!19sChIJ_Rbi8W-R1ZEReqy8PYEWIQg?authuser=0&hl=es-419&g_ep=EgoyMDI2MDkxNC4wIJJjKgBIAVAD&rclk=1"
"Restaurante Sazón Manabita","098 334 4397","","4.3","320","","ninguno","","true","Restaurante","García Moreno E2-106, 170901 Quito","Cumbayá, Quito","https://www.google.com/maps/place/Restaurante+Saz%C3%B3n+Manabita/data=!4m7!3m6!1s0x91d590e0008c02fd:0xdd45d041c9cef2f!8m2!3d-0.2014764!4d-78.4299208!16s%2Fg%2F11b6hzwp53!19sChIJ_QKMAOCQ1ZERL--cHARd1A0?authuser=0&hl=es-419&g_ep=EgoyMDI2MDkxNC4wIJJjKgBIAVAD&rclk=1"
"Datu Deli Cumbayá","096 836 9692","","4.6","866","","ninguno","","true","Restaurante","Av. Vía Lactea y Vía Pillagua, 170157 Cumbayá","Cumbayá, Quito","https://www.google.com/maps/place/Datu+Deli+Cumbay%C3%A1/data=!4m7!3m6!1s0x91d5911c61aa7b3d:0x2a23d59f46a2d8de!8m2!3d-0.1950083!4d-78.42528!16s%2Fg%2F11gdls_gh4!19sChIJPXuqYRyR1ZER3tiiRp_VIyo?authuser=0&hl=es-419&g_ep=EgoyMDI2MDkxNC4wIJJjKgBIAVAD&rclk=1"
"Marcus","(02) 297-1848","marcus@usfq.edu.ec","4.7","358","https://marcusrestaurante.com/","sitio_propio","","false","Restaurante ecuatoriano","Av Pampite, 170157 Quito","Cumbayá, Quito","https://www.google.com/maps/place/Marcus/data=!4m7!3m6!1s0x91d590e473fa0a59:0x702937e5a1f65776!8m2!3d-0.1955794!4d-78.4358435!16s%2Fg%2F11g9jcy_4_!19sChIJWQr6c-SQ1ZERdlf2oeU3KXA?authuser=0&hl=es-419&g_ep=EgoyMDI2MDkxNC4wIJJjKgBIAVAD&rclk=1"
"La Parrilla de Homero - Cumbaya","099 988 1425","","4.5","181","http://www.laparrilladehomero.com.ec/","sitio_propio","2026","false","Parrilla","Av Pampite 169, 170902 Quito","Cumbayá, Quito","https://www.google.com/maps/place/La+Parrilla+de+Homero+-+Cumbaya/data=!4m7!3m6!1s0x91d5917f92004a37:0xa8a3b6a1b5e39b6!8m2!3d-0.1955945!4d-78.4347226!16s%2Fg%2F11ptmg0csn!19sChIJN0oAkn-R1ZERtjleG2o7igo?authuser=0&hl=es-419&g_ep=EgoyMDI2MDkxNC4wIJJjKgBIAVAD&rclk=1"
"Monseñor Bolón","099 266 5457","","4.6","146","","ninguno","","true","Restaurante","Florencia y Rafael 40 y, 170904 Quito","Cumbayá, Quito","https://www.google.com/maps/place/Monse%C3%B1or+Bol%C3%B3n/data=!4m7!3m6!1s0x91d59195cfe734e1:0x3721b82b90666791!8m2!3d-0.2130977!4d-78.4272769!16s%2Fg%2F11tc76m9fz!19sChIJ4TTnz5WR1ZERkWdmkCu4ITc?authuser=0&hl=es-419&g_ep=EgoyMDI2MDkxNC4wIJJjKgBIAVAD&rclk=1"
"Fucunero, Cocina en leña","099 540 2385","","4.8","112","","ninguno","","true","Restaurante","Unnamed Road, 170157 Quito","Cumbayá, Quito","https://www.google.com/maps/place/Fucunero,+Cocina+en+le%C3%B1a/data=!4m7!3m6!1s0x91d591ad2ea5a665:0xabdf5de7ec4a320e!8m2!3d-0.2168128!4d-78.4321873!16s%2Fg%2F11gvzb9_1n!19sChIJZaalLq2R1ZERDjJK7Odd36s?authuser=0&hl=es-419&g_ep=EgoyMDI2MDkxNC4wIJJjKgBIAVAD&rclk=1"
"La Taqueria 57 Cumbaya","097 934 9513","","4.7","471","","ninguno","","true","Restaurante","La Tejedora, Av. Oswaldo Guayasamín, 170901 Cumbaya","Cumbayá, Quito","https://www.google.com/maps/place/La+Taqueria+57+Cumbaya/data=!4m7!3m6!1s0x91d591754209e27b:0xbf24caadb194e438!8m2!3d-0.2058695!4d-78.4279254!16s%2Fg%2F11k4_2w_tq!19sChIJe-IJQnWR1ZEROOSUsa3KJL8?authuser=0&hl=es-419&g_ep=EgoyMDI2MDkxNC4wIJJjKgBIAVAD&rclk=1"
"Ecuaviche - Cumbaya","099 350 3441","soportejustoapp@getjusto.com\; ecuaviche@hotmail.com; ecuavicheredessociales@gmail.com; sugerenciasecuaviche@gmail.com; u003emarketing@ecuaviche.com.ec; u003ejustocolombia@getjusto.com; soportejustoapp@getjusto.com; u003esoportejustoapp@getjusto.com","4.3","193","https://www.ecuaviche.com.ec/","sitio_propio","","false","Marisquería","Av Pampite 2-71, 170157 Quito","Cumbayá, Quito","https://www.google.com/maps/place/Ecuaviche+-+Cumbaya/data=!4m7!3m6!1s0x91d591004d4c7a09:0xbfe5461c0544dbd5!8m2!3d-0.1954058!4d-78.4339156!16s%2Fg%2F11w_hcx59t!19sChIJCXpMTQCR1ZER1dtEBRxG5b8?authuser=0&hl=es-419&g_ep=EgoyMDI2MDkxNC4wIJJjKgBIAVAD&rclk=1"
"Los Choris","099 939 4980","","4.2","844","https://www.loschoris.com/","sitio_propio","","false","Restaurante","Francisco de Orellana 1166-176, 170902 Quito","Cumbayá, Quito","https://www.google.com/maps/place/Los+Choris/data=!4m7!3m6!1s0x91d5910000bc9101:0x97791081a3dd538c!8m2!3d-0.2001631!4d-78.4308959!16s%2Fg%2F11x14bhgmm!19sChIJAZG8AACR1ZERjFPdo4EQeZc?authuser=0&hl=es-419&g_ep=EgoyMDI2MDkxNC4wIJJjKgBIAVAD&rclk=1"
"Le Bistro Cumbayá","(02) 204-0708","lebistrocumbaya@gmail.com","4.7","156","http://www.lebistrocumbaya.com/","sitio_propio","","false","Restaurante","Alba Calderón y Juan Montalvo E3-95 y, 170901 Quito","Cumbayá, Quito","https://www.google.com/maps/place/Le+Bistro+Cumbay%C3%A1/data=!4m7!3m6!1s0x91d591fbed26b23d:0xad7a8b2198ce3d1!8m2!3d-0.2028116!4d-78.4286442!16s%2Fg%2F11fr58qyqv!19sChIJPbIm7fuR1ZER0eOMGbKo1wo?authuser=0&hl=es-419&g_ep=EgoyMDI2MDkxNC4wIJJjKgBIAVAD&rclk=1"
"CŌRE GASTRO SPOT","096 356 2682","","4.6","209","https://linktr.ee/coregastrospot","solo_red_social","","true","Restaurante","Sta. Inés y L 2B, 170901 Quito","Cumbayá, Quito","https://www.google.com/maps/place/C%C5%8CRE+GASTRO+SPOT/data=!4m7!3m6!1s0x91d591c0fe5a88c3:0x5eec2adef4e0d2fb!8m2!3d-0.1982783!4d-78.4180424!16s%2Fg%2F11nn37yjs5!19sChIJw4ha_sCR1ZER-9Lg9N4q7F4?authuser=0&hl=es-419&g_ep=EgoyMDI2MDkxNC4wIJJjKgBIAVAD&rclk=1"
"Almudena","098 945 9642","","4.6","1084","https://www.almudena.ec/","sitio_propio","","true","Restaurante","Alba Calderón y Padre Luis Garzón &, 170157 Quito","Cumbayá, Quito","https://www.google.com/maps/place/Almudena/data=!4m7!3m6!1s0x91d591d921c755e3:0xb1e4c0cdf67586d2!8m2!3d-0.20285!4d-78.4284616!16s%2Fg%2F11ryqrh9j4!19sChIJ41XHIdmR1ZER0oZ19s3A5LE?authuser=0&hl=es-419&g_ep=EgoyMDI2MDkxNC4wIJJjKgBIAVAD&rclk=1"
"La Milanga Porteña","(02) 600-9898","lamilangaportena@gmail.com","4.6","587","http://www.lamilanga.com/","sitio_propio","","false","Restaurante","170902, Quito","Cumbayá, Quito","https://www.google.com/maps/place/La+Milanga+Porte%C3%B1a/data=!4m7!3m6!1s0x91d59121db5c18f7:0xf343b78d2cd690a7!8m2!3d-0.2010607!4d-78.4283114!16s%2Fg%2F11g6rn1hdr!19sChIJ9xhc2yGR1ZERp5DWLI23Q_M?authuser=0&hl=es-419&g_ep=EgoyMDI2MDkxNC4wIJJjKgBIAVAD&rclk=1"
"Cedeños Cumbayá - La Primavera","095 994 6742","","4.3","47","","ninguno","","true","Restaurante","Miguel Ángel y Florencia, 170157 Quito","Cumbayá, Quito","https://www.google.com/maps/place/Cede%C3%B1os+Cumbay%C3%A1+-+La+Primavera/data=!4m7!3m6!1s0x91d5917df5a6d4ab:0xba94feb80178d493!8m2!3d-0.2126087!4d-78.4271125!16s%2Fg%2F11nq0hfk9t!19sChIJq9Sm9X2R1ZERk9R4Abj-lLo?authuser=0&hl=es-419&g_ep=EgoyMDI2MDkxNC4wIJJjKgBIAVAD&rclk=1"
"El Español","392-0400","","4.6","382","http://www.xn--elespaolgourmet-3qb.com/","sitio_propio","2024","false","Restaurante","Manuela Sáenz &, 170157 Quito","Cumbayá, Quito","https://www.google.com/maps/place/El+Espa%C3%B1ol/data=!4m7!3m6!1s0x91d591c169f7e965:0xcbce86707ca51406!8m2!3d-0.1962888!4d-78.4265262!16s%2Fg%2F11scfypt9f!19sChIJZen3acGR1ZERBhSlfHCGzss?authuser=0&hl=es-419&g_ep=EgoyMDI2MDkxNC4wIJJjKgBIAVAD&rclk=1"
"Pucará Cocina Peruana","099 102 0423","","4.4","236","https://pucaracocinaperuana.com/","sitio_propio","","true","Restaurante peruano","Plaza Pampite Plaza Pampite, 170157","Cumbayá, Quito","https://www.google.com/maps/place/Pucar%C3%A1+Cocina+Peruana/data=!4m7!3m6!1s0x91d5913a349955fb:0xa130c86c28d5e871!8m2!3d-0.1956474!4d-78.4347721!16s%2Fg%2F11pttvq6c3!19sChIJ-1WZNDqR1ZERcejVKGzIMKE?authuser=0&hl=es-419&g_ep=EgoyMDI2MDkxNC4wIJJjKgBIAVAD&rclk=1"
"Suvlaki","098 463 2326","","4.7","101","http://www.suvlakigriego.com/","sitio_propio","","false","Restaurante griego","Francisco de Orellana 255, 170901 Quito","Cumbayá, Quito","https://www.google.com/maps/place/Suvlaki/data=!4m7!3m6!1s0x91d591846869226b:0x41cfc48d7ad54206!8m2!3d-0.2027899!4d-78.4244851!16s%2Fg%2F11st8z5738!19sChIJayJpaISR1ZERBkLVeo3Ez0E?authuser=0&hl=es-419&g_ep=EgoyMDI2MDkxNC4wIJJjKgBIAVAD&rclk=1"
"Ignis","099 990 0778","","4.7","481","https://ignis.com.ec/","sitio_propio","","false","Restaurante","y Río Taura El Potrero de, Alfonso Lamiña, 170904 Lumbisi","Cumbayá, Quito","https://www.google.com/maps/place/Ignis/data=!4m7!3m6!1s0x91d5918c832ee043:0xac30b3da5fad632!8m2!3d-0.2178116!4d-78.4476359!16s%2Fg%2F11s1wmytbx!19sChIJQ-Aug4yR1ZERMtb6pT0Lwwo?authuser=0&hl=es-419&g_ep=EgoyMDI2MDkxNC4wIJJjKgBIAVAD&rclk=1"
"Hoshi Sushi Cumbayá","099 017 4864","","4.8","90","https://linktr.ee/HoshiSushiEc","solo_red_social","","true","Restaurante de sushi","Gabriel García Moreno, y y Chimborazo, 170901 Quito","Cumbayá, Quito","https://www.google.com/maps/place/Hoshi+Sushi+Cumbay%C3%A1/data=!4m7!3m6!1s0x91d5916c28cd1aa1:0xc9a0262e80fdd9b9!8m2!3d-0.2004146!4d-78.4324799!16s%2Fg%2F11wmpvqfgm!19sChIJoRrNKGyR1ZERudn9gC4moMk?authuser=0&hl=es-419&g_ep=EgoyMDI2MDkxNC4wIJJjKgBIAVAD&rclk=1"
"Ewe Pastas Restaurante","099 830 0567","","4.7","49","","ninguno","","true","Restaurante","Salinas 710, 170902 Quito","Cumbayá, Quito","https://www.google.com/maps/place/Ewe+Pastas+Restaurante/data=!4m7!3m6!1s0x91d5910c9b827bf9:0xd5dd6c04d1eddd51!8m2!3d-0.2002986!4d-78.4302606!16s%2Fg%2F11h0ylzlvp!19sChIJ-XuCmwyR1ZERUd3t0QRs3dU?authuser=0&hl=es-419&g_ep=EgoyMDI2MDkxNC4wIJJjKgBIAVAD&rclk=1"
"Cactus Food","098 690 1792","","4.5","109","","ninguno","","true","Restaurante","Av. Pampite, y y Chimborazo, Quito","Cumbayá, Quito","https://www.google.com/maps/place/Cactus+Food/data=!4m7!3m6!1s0x91d591b782502103:0x3548e27f7285d73d!8m2!3d-0.1968663!4d-78.4314572!16s%2Fg%2F11fjx_t6th!19sChIJAyFQgreR1ZERPdeFcn_iSDU?authuser=0&hl=es-419&g_ep=EgoyMDI2MDkxNC4wIJJjKgBIAVAD&rclk=1"
"Fatto a Mano","096 356 7025","admin@fattoamanoecu.com; usuario@dominio.com","4.6","695","http://www.grupofattoamano.com/","sitio_propio","2026","false","Restaurante italiano","Manabí S1-60, 170902 Cumbaya","Cumbayá, Quito","https://www.google.com/maps/place/Fatto+a+Mano/data=!4m7!3m6!1s0x91d5913bef996daf:0xf0985634b0012963!8m2!3d-0.2012197!4d-78.4299267!16s%2Fg%2F11d_wjldwk!19sChIJr22Z7zuR1ZERYykBsDRWmPA?authuser=0&hl=es-419&g_ep=EgoyMDI2MDkxNC4wIJJjKgBIAVAD&rclk=1"
"Royal India Restaurant","095 877 7950","royalindiarestaurant.ec@hotmail.com; jdshah303@gmail.com","4.9","1303","https://royalindiarestaurante.com/","sitio_propio","2015","true","Restaurante familiar","Francisco de Orellana y El Ceibo 255 y, 170158 Quito","Cumbayá, Quito","https://www.google.com/maps/place/Royal+India+Restaurant/data=!4m7!3m6!1s0x91d59154b195af5f:0xa0a386d1f9cf73f3!8m2!3d-0.2028993!4d-78.424533!16s%2Fg%2F11gsgfdx6t!19sChIJX6-VsVSR1ZER83PP-dGGo6A?authuser=0&hl=es-419&g_ep=EgoyMDI2MDkxNC4wIJJjKgBIAVAD&rclk=1"
"LA GRANJA DE JUAN","096 406 6785","","4.7","137","","ninguno","","true","Restaurante especializado en pollo","170157 Quito, Ecuador Plaza central de Cumbaya, francisco de Orellana, y y Manabí local 1, 170157 Quito","Cumbayá, Quito","https://www.google.com/maps/place/LA+GRANJA+DE+JUAN/data=!4m7!3m6!1s0x91d591329a62ad53:0x64dcde2c06df96e8!8m2!3d-0.2006166!4d-78.4296163!16s%2Fg%2F11ldq20kym!19sChIJU61imjKR1ZER6JbfBize3GQ?authuser=0&hl=es-419&g_ep=EgoyMDI2MDkxNC4wIJJjKgBIAVAD&rclk=1"
"Cats Restaurante Cumbayá","096 355 5097","","4.6","200","http://www.cats.ec/","sitio_propio","","false","Restaurante","Manuela Sáenz, 170157 Quito","Cumbayá, Quito","https://www.google.com/maps/place/Cats+Restaurante+Cumbay%C3%A1/data=!4m7!3m6!1s0x91d591c3ec0ef247:0x22a338ebdd03c8a0!8m2!3d-0.1911203!4d-78.4240731!16s%2Fg%2F11rspyxfhh!19sChIJR_IO7MOR1ZERoMgD3es4oyI?authuser=0&hl=es-419&g_ep=EgoyMDI2MDkxNC4wIJJjKgBIAVAD&rclk=1"
"Pommo Cumbayá","098 700 6065","","4.6","782","http://www.pommodoro.com/","sitio_propio","","false","Pizzería","La Tejedora. Local 109A, Av. Oswaldo Guayasamín E5-25, 170901 Quito","Cumbayá, Quito","https://www.google.com/maps/place/Pommo+Cumbay%C3%A1/data=!4m7!3m6!1s0x91d591020b44e97b:0x9a9d04918dc3a995!8m2!3d-0.206159!4d-78.4278289!16s%2Fg%2F11s0f6nbw5!19sChIJe-lECwKR1ZERlanDjZEEnZo?authuser=0&hl=es-419&g_ep=EgoyMDI2MDkxNC4wIJJjKgBIAVAD&rclk=1"
"La Parrilla de Manolo","098 465 7367","","4.5","428","","ninguno","","true","Restaurante","QHX9+8C5, 170157 Quito","Cumbayá, Quito","https://www.google.com/maps/place/La+Parrilla+de+Manolo/data=!4m7!3m6!1s0x91d591c9a13a280d:0xb7ebde26c8312774!8m2!3d-0.201729!4d-78.4313978!16s%2Fg%2F11j379yd__!19sChIJDSg6ocmR1ZERdCcxyCbe67c?authuser=0&hl=es-419&g_ep=EgoyMDI2MDkxNC4wIJJjKgBIAVAD&rclk=1"
"Cangrejo con Guayabera Cumbayá","(02) 289-5007","","4.4","274","","ninguno","","true","Restaurante familiar","Francisco de Orellana E3C y, Carlos Andrade MarÍn, 170157 Quito","Cumbayá, Quito","https://www.google.com/maps/place/Cangrejo+con+Guayabera+Cumbay%C3%A1/data=!4m7!3m6!1s0x91d59165c0887f0f:0x8a63024abe1cbe8d!8m2!3d-0.2009136!4d-78.4271502!16s%2Fg%2F11pdwgq3dy!19sChIJD3-IwGWR1ZERjb4cvkoCY4o?authuser=0&hl=es-419&g_ep=EgoyMDI2MDkxNC4wIJJjKgBIAVAD&rclk=1"
"El Chacal Parrilla","(02) 603-7148","","4.2","772","http://www.elchacalparrilla.com/","sitio_propio","2026","false","Restaurante","Francisco de Orellana y Salinas 710, 170902 Quito","Cumbayá, Quito","https://www.google.com/maps/place/El+Chacal+Parrilla/data=!4m7!3m6!1s0x91d590e0221ba449:0x21b536c03a160277!8m2!3d-0.2004246!4d-78.4299843!16s%2Fg%2F11b6sx4ncg!19sChIJSaQbIuCQ1ZERdwIWOsA2tSE?authuser=0&hl=es-419&g_ep=EgoyMDI2MDkxNC4wIJJjKgBIAVAD&rclk=1"
"Via Partenope","098 767 2621","","4.5","130","http://linktr.ee/viapartenope.ec","solo_red_social","","true","Restaurante italiano","Centro Comercial La Esquina, Chimborazo, 170901 Quito","Cumbayá, Quito","https://www.google.com/maps/place/Via+Partenope/data=!4m7!3m6!1s0x91d5917866c42699:0x1fbc8990b9f47391!8m2!3d-0.1974419!4d-78.4314066!16s%2Fg%2F11lcm0rq7t!19sChIJmSbEZniR1ZERkXP0uZCJvB8?authuser=0&hl=es-419&g_ep=EgoyMDI2MDkxNC4wIJJjKgBIAVAD&rclk=1"
"UMAi Ramen","(02) 392-3426","","4.4","140","https://www.instagram.com/umairamenuio/","solo_red_social","","true","Restaurante","Centro Comercial Villa, 170157 Quito","Cumbayá, Quito","https://www.google.com/maps/place/UMAi+Ramen/data=!4m7!3m6!1s0x91d591c638bf83df:0xdb7ce9fa8784bada!8m2!3d-0.1983095!4d-78.4380752!16s%2Fg%2F11pdy65f0_!19sChIJ34O_OMaR1ZER2rqEh_rpfNs?authuser=0&hl=es-419&g_ep=EgoyMDI2MDkxNC4wIJJjKgBIAVAD&rclk=1"
"La Ponderosa Cumbaya","","","4.3","105","","ninguno","","true","Restaurante","170901 y via Pillagua, 170157 Quito","Cumbayá, Quito","https://www.google.com/maps/place/La+Ponderosa+Cumbaya/data=!4m7!3m6!1s0x91d5917cc00c829b:0x74e48e67340bb217!8m2!3d-0.1985816!4d-78.4196437!16s%2Fg%2F11wx6bw5_j!19sChIJm4IMwHyR1ZERF7ILNGeO5HQ?authuser=0&hl=es-419&g_ep=EgoyMDI2MDkxNC4wIJJjKgBIAVAD&rclk=1"
"Ali's Cumbaya","","","4.3","43","","ninguno","","true","Restaurante familiar","Chimborazo y García Moreno S1-40 y, 170157 Quito","Cumbayá, Quito","https://www.google.com/maps/place/Ali%27s+Cumbaya/data=!4m7!3m6!1s0x91d591a1a6580043:0x2f1a4455cd5fd286!8m2!3d-0.200311!4d-78.4326411!16s%2Fg%2F11l2mjkk0w!19sChIJQwBYpqGR1ZERhtJfzVVEGi8?authuser=0&hl=es-419&g_ep=EgoyMDI2MDkxNC4wIJJjKgBIAVAD&rclk=1"
"Viva Zapata Comida Mexicana","099 147 6109","vivazapatacumbaya@gmail.com; ejemplo@misitio.com","4.5","648","https://www.vivazapatacocinamexicana.com/","sitio_propio","","false","Restaurante mexicano","García Moreno E2-60 Y Manabi Cumbaya, 170157 Quito","Cumbayá, Quito","https://www.google.com/maps/place/Viva+Zapata+Comida+Mexicana/data=!4m7!3m6!1s0x91d590e006e2f601:0xaf3333b704fbf658!8m2!3d-0.2013242!4d-78.4302492!16s%2Fg%2F11f0l1lsbg!19sChIJAfbiBuCQ1ZERWPb7BLczM68?authuser=0&hl=es-419&g_ep=EgoyMDI2MDkxNC4wIJJjKgBIAVAD&rclk=1"
"Trattoria Da Francesca","099 317 6244","","4.6","286","https://sites.google.com/view/menu-trattoria-da-francesca/home?authuser=0","sitio_propio","","false","Restaurante italiano","Francisco de Orellana, 170902 Quito","Cumbayá, Quito","https://www.google.com/maps/place/Trattoria+Da+Francesca/data=!4m7!3m6!1s0x91d590e03ee7c047:0xff6007cf2f43072!8m2!3d-0.2004783!4d-78.4291534!16s%2Fg%2F11c37_r5c3!19sChIJR8DnPuCQ1ZERcjD08nwA9g8?authuser=0&hl=es-419&g_ep=EgoyMDI2MDkxNC4wIJJjKgBIAVAD&rclk=1"
"Black Rabbit","095 900 4437","","4.6","157","","ninguno","","true","Coctelería","Francisco de Orellana, 170157 Quito","Cumbayá, Quito","https://www.google.com/maps/place/Black+Rabbit/data=!4m7!3m6!1s0x91d5916df00aeea3:0xa531d60cb2ccf220!8m2!3d-0.2016215!4d-78.4270108!16s%2Fg%2F11h_dq94_d!19sChIJo-4K8G2R1ZERIPLMsgzWMaU?authuser=0&hl=es-419&g_ep=EgoyMDI2MDkxNC4wIJJjKgBIAVAD&rclk=1"
"Restaurante Kaspi Cuchara","098 468 2158","","4.6","297","","ninguno","","true","Restaurante ecuatoriano","Quito Maria Angelica Idrobo S/N, 170902 Quito","Cumbayá, Quito","https://www.google.com/maps/place/Restaurante+Kaspi+Cuchara/data=!4m7!3m6!1s0x91d590dff29c8f25:0x956402a724b3e402!8m2!3d-0.2026701!4d-78.4304941!16s%2Fg%2F11ddw_9rpc!19sChIJJY-c8t-Q1ZERAuSzJKcCZJU?authuser=0&hl=es-419&g_ep=EgoyMDI2MDkxNC4wIJJjKgBIAVAD&rclk=1"
"A todo Bolón y del mar","098 640 9938","","4.2","33","https://beacons.ai/atodobolon.ec","sitio_propio","","false","Restaurante","Sector, Calle Miguel Angel Buonnaroti y, De las Begonias, 170904","Cumbayá, Quito","https://www.google.com/maps/place/A+todo+Bol%C3%B3n+y+del+mar/data=!4m7!3m6!1s0x91d5919e70bb6575:0x6e57c7fb787cc9c7!8m2!3d-0.2152565!4d-78.43438!16s%2Fg%2F11y153rj7c!19sChIJdWW7cJ6R1ZERx8l8ePvHV24?authuser=0&hl=es-419&g_ep=EgoyMDI2MDkxNC4wIJJjKgBIAVAD&rclk=1"
"Delizium - Cumbayá","","","4.8","91","","ninguno","","true","Heladería","Centro Comercial Villa Cumbayá local #25","Cumbayá, Quito","https://www.google.com/maps/place/Delizium+-+Cumbay%C3%A1/data=!4m7!3m6!1s0x91d591ced546d941:0xd65db01db095c30a!8m2!3d-0.1982981!4d-78.4380201!16s%2Fg%2F11n06kdcys!19sChIJQdlG1c6R1ZERCsOVsB2wXdY?authuser=0&hl=es-419&g_ep=EgoyMDI2MDkxNC4wIJJjKgBIAVAD&rclk=1"
"Estambul Shawarma","099 262 7371","","4.5","868","","ninguno","","true","Restaurante turco","Plaza, 170902 Quito","Cumbayá, Quito","https://www.google.com/maps/place/Estambul+Shawarma/data=!4m7!3m6!1s0x91d590dffc3a99e9:0x315601fbfe255c67!8m2!3d-0.201617!4d-78.4301411!16s%2Fg%2F11bc6pr242!19sChIJ6Zk6_N-Q1ZERZ1wl_vsBVjE?authuser=0&hl=es-419&g_ep=EgoyMDI2MDkxNC4wIJJjKgBIAVAD&rclk=1"
"Hornados Doña Aly Cumbaya","096 406 4071","","4.5","177","","ninguno","","true","Restaurante","MEDARDO SILVA, Y y Juan León Mera, 170157 Quito","Cumbayá, Quito","https://www.google.com/maps/place/Hornados+Do%C3%B1a+Aly+Cumbaya/data=!4m7!3m6!1s0x91d5918ba03da01b:0x82d94c88adcd94d8!8m2!3d-0.2053434!4d-78.4448386!16s%2Fg%2F11jntzr14l!19sChIJG6A9oIuR1ZER2JTNrYhM2YI?authuser=0&hl=es-419&g_ep=EgoyMDI2MDkxNC4wIJJjKgBIAVAD&rclk=1"
"Taproom Latitud Cero Cumbaya","099 933 3201","","4.5","373","","ninguno","","true","Restaurante","Francisco de Orellana 640, 170904 Quito","Cumbayá, Quito","https://www.google.com/maps/place/Taproom+Latitud+Cero+Cumbaya/data=!4m7!3m6!1s0x91d591cd85efa933:0x9fbcf2585a389f2a!8m2!3d-0.2006793!4d-78.4294093!16s%2Fg%2F11p3_t2ly0!19sChIJM6nvhc2R1ZERKp84WljyvJ8?authuser=0&hl=es-419&g_ep=EgoyMDI2MDkxNC4wIJJjKgBIAVAD&rclk=1"
"Los Cebiches de la Rumiñahui Cumbayá","(02) 289-5200","","4.3","1047","http://www.xn--loscebichesdelarumiahui-bic.com/","sitio_propio","","false","Restaurante","RH38+PR7, Manuela Sáenz, 170902 Quito","Cumbayá, Quito","https://www.google.com/maps/place/Los+Cebiches+de+la+Rumi%C3%B1ahui+Cumbay%C3%A1/data=!4m7!3m6!1s0x91d590e3b7cf2b59:0x6c05458cb9717019!8m2!3d-0.1957047!4d-78.43296!16s%2Fg%2F11b6syqmvs!19sChIJWSvPt-OQ1ZERGXBxuYxFBWw?authuser=0&hl=es-419&g_ep=EgoyMDI2MDkxNC4wIJJjKgBIAVAD&rclk=1"
"Casa Alfaro Cocina Manabita","099 458 3468","","4.3","115","","ninguno","","true","Restaurante","E3-126 y, García Moreno y Padre Luis Garzón E3, 170157 Quito","Cumbayá, Quito","https://www.google.com/maps/place/Casa+Alfaro+Cocina+Manabita/data=!4m7!3m6!1s0x91d5916390aa7b0d:0x3f434ea1620c391e!8m2!3d-0.202279!4d-78.4281604!16s%2Fg%2F11j2g5w8j9!19sChIJDXuqkGOR1ZERHjkMYqFOQz8?authuser=0&hl=es-419&g_ep=EgoyMDI2MDkxNC4wIJJjKgBIAVAD&rclk=1"
"Baked Empanadas - Cumbaya","099 996 5868","soportejustoapp@getjusto.com\; hola@baked.com.ec; u003ealejandro@baked.com.ec; u003ejustocolombia@getjusto.com; soportejustoapp@getjusto.com; u003esoportejustoapp@getjusto.com","4.7","186","https://www.baked.com.ec/","sitio_propio","","false","Restaurante","Rieles) Cumbaya, García Moreno y Gral. Eloy Alfaro E1-122 y, 170157 Quito","Cumbayá, Quito","https://www.google.com/maps/place/Baked+Empanadas+-+Cumbaya/data=!4m7!3m6!1s0x91d5915f0497d72d:0xb4b5b7370aee75fd!8m2!3d-0.2008666!4d-78.4313916!16s%2Fg%2F11qbbqw0wy!19sChIJLdeXBF-R1ZER_XXuCje3tbQ?authuser=0&hl=es-419&g_ep=EgoyMDI2MDkxNC4wIJJjKgBIAVAD&rclk=1"
"Mizu Sushi Bar - Cumbaya","099 988 1425","clientes@mizu.ec","4.6","193","http://www.mizu.ec/","sitio_propio","2026","false","Restaurante de sushi","Av Pampite y Plaza Pampite 176, 2do Piso, 170157 Quito","Cumbayá, Quito","https://www.google.com/maps/place/Mizu+Sushi+Bar+-+Cumbaya/data=!4m7!3m6!1s0x91d591fabec7d255:0xb87615f27774655e!8m2!3d-0.1956005!4d-78.43479!16s%2Fg%2F11ptmg4rmv!19sChIJVdLHvvqR1ZERXmV0d_IVdrg?authuser=0&hl=es-419&g_ep=EgoyMDI2MDkxNC4wIJJjKgBIAVAD&rclk=1"
"Los Leños Restaurante","(02) 204-0232","","4.8","45","","ninguno","","true","Restaurante","Chimborazo C2, 170902 Quito","Cumbayá, Quito","https://www.google.com/maps/place/Los+Le%C3%B1os+Restaurante/data=!4m7!3m6!1s0x91d590de304786a7:0x7ad66fde0e223b24!8m2!3d-0.2021201!4d-78.4332468!16s%2Fg%2F11f4plsvng!19sChIJp4ZHMN6Q1ZERJDsiDt5v1no?authuser=0&hl=es-419&g_ep=EgoyMDI2MDkxNC4wIJJjKgBIAVAD&rclk=1"
"Katari Cumbayá","","","4.2","1224","https://kataribeer.com/","sitio_propio","","false","Pub restaurante","QHXC+947, García Moreno, 170902 Quito","Cumbayá, Quito","https://www.google.com/maps/place/Katari+Cumbay%C3%A1/data=!4m7!3m6!1s0x91d5917f0be3bc33:0xa4cbd7a7962f2424!8m2!3d-0.2015546!4d-78.4295945!16s%2Fg%2F11tj9g5klc!19sChIJM7zjC3-R1ZERJCQvlqfXy6Q?authuser=0&hl=es-419&g_ep=EgoyMDI2MDkxNC4wIJJjKgBIAVAD&rclk=1"
"La Mar Cevicheria","5933566129","","4.9","48","","ninguno","","true","Marisquería","QHW5+4FC, Calle y Gral. Eloy Alfaro, 170904 Quito","Cumbayá, Quito","https://www.google.com/maps/place/La+Mar+Cevicheria/data=!4m7!3m6!1s0x91d590c342c1eb7d:0x8d2fe830710c497a!8m2!3d-0.2046825!4d-78.4413595!16s%2Fg%2F11f1m4ksnz!19sChIJfevBQsOQ1ZERekkMcTDoL40?authuser=0&hl=es-419&g_ep=EgoyMDI2MDkxNC4wIJJjKgBIAVAD&rclk=1"
"Tasty Korean Food Cumbaya","095 899 8863","","4","112","","ninguno","","true","Restaurante coreano","170901, 170157 Quito","Cumbayá, Quito","https://www.google.com/maps/place/Tasty+Korean+Food+Cumbaya/data=!4m7!3m6!1s0x91d5910030361ec3:0x4edb2872300ecf1e!8m2!3d-0.1954769!4d-78.4347664!16s%2Fg%2F11wx0bn2js!19sChIJwx42MACR1ZERHs8OMHIo204?authuser=0&hl=es-419&g_ep=EgoyMDI2MDkxNC4wIJJjKgBIAVAD&rclk=1"
"El Hornero Cumbaya","099 900 5005","","4.6","2700","https://elhornero.com.ec/","sitio_propio","","false","Restaurante","Av. Oswaldo Guayasamín, 170901 Quito","Cumbayá, Quito","https://www.google.com/maps/place/El+Hornero+Cumbaya/data=!4m7!3m6!1s0x91d590e6841e9a49:0xf7acf4a8cc91febf!8m2!3d-0.1973278!4d-78.4379814!16s%2Fg%2F119t7qlwg!19sChIJSZoehOaQ1ZERv_6RzKj0rPc?authuser=0&hl=es-419&g_ep=EgoyMDI2MDkxNC4wIJJjKgBIAVAD&rclk=1"
"Casa Res | Steak House","098 942 7946","contacto.clientescas@casares.com.ec","3.8","371","https://casares.ec/","sitio_propio","2024","false","Restaurante","Av. Oswaldo Guayasamín, 170157 Quito","Cumbayá, Quito","https://www.google.com/maps/place/Casa+Res+%7C+Steak+House/data=!4m7!3m6!1s0x91d590e6e3ef831b:0xc903c090f73b05b3!8m2!3d-0.1990959!4d-78.4366479!16s%2Fg%2F11gwmnh50d!19sChIJG4Pv4-aQ1ZERswU795DAA8k?authuser=0&hl=es-419&g_ep=EgoyMDI2MDkxNC4wIJJjKgBIAVAD&rclk=1"
"LaBakery","(02) 289-7229","labakeryuio@gmail.com","4.5","324","http://www.labakery.ec/","sitio_propio","2025","false","Restaurante de desayunos","Av. francisco de Orellana S1-129 y via del ferrocarril, cumbayá, 170901 Quito","Cumbayá, Quito","https://www.google.com/maps/place/LaBakery/data=!4m7!3m6!1s0x91d590e04721284b:0xc3519ee2d52d14e7!8m2!3d-0.2000765!4d-78.4311717!16s%2Fg%2F11cjxqqbfb!19sChIJSyghR-CQ1ZER5xQt1eKeUcM?authuser=0&hl=es-419&g_ep=EgoyMDI2MDkxNC4wIJJjKgBIAVAD&rclk=1"
"Feria Gastronómica El Patio","(02) 355-0785","","4.5","846","https://es-la.facebook.com/elpatioplaza/","solo_red_social","","true","Restaurante","Florencia, 170904 Quito","Cumbayá, Quito","https://www.google.com/maps/place/Feria+Gastron%C3%B3mica+El+Patio/data=!4m7!3m6!1s0x91d59128f232577b:0xddc334f883a61fa6!8m2!3d-0.2120737!4d-78.4262664!16s%2Fg%2F11c2y7mxbz!19sChIJe1cy8iiR1ZERph-mg_g0w90?authuser=0&hl=es-419&g_ep=EgoyMDI2MDkxNC4wIJJjKgBIAVAD&rclk=1"
"Bocatto Da Fiorentino • Scala","(02) 292-8053","","4.6","412","http://www.bocatto.com.ec/","sitio_propio","","false","Restaurante italiano","Planta alta, Centro Comercial Scala, Av. Oswaldo Guayasamín, 1, local L, 170157 Quito","Cumbayá, Quito","https://www.google.com/maps/place/Bocatto+Da+Fiorentino+%E2%80%A2+Scala/data=!4m7!3m6!1s0x91d59126dcf40c6b:0x9c19b6c8f15bc00f!8m2!3d-0.2076485!4d-78.4256539!16s%2Fg%2F11c1w_3x58!19sChIJawz03CaR1ZERD8Bb8ci2GZw?authuser=0&hl=es-419&g_ep=EgoyMDI2MDkxNC4wIJJjKgBIAVAD&rclk=1"
"La Casa de la Humita y el Tamal Lojano Cumbayá","098 477 3367","","4.3","37","https://www.lacasdelahumita.com/","sitio_propio","","true","Cafetería","170157 Quito","Cumbayá, Quito","https://www.google.com/maps/place/La+Casa+de+la+Humita+y+el+Tamal+Lojano+Cumbay%C3%A1/data=!4m7!3m6!1s0x91d5bd76ab53e561:0x6f5d5be4d7752273!8m2!3d-0.2016756!4d-78.4314957!16s%2Fg%2F11l6wtvtcv!19sChIJYeVTq3a91ZERcyJ11-RbXW8?authuser=0&hl=es-419&g_ep=EgoyMDI2MDkxNC4wIJJjKgBIAVAD&rclk=1"
"Mercado Mixtura","099 905 1866","","4.5","268","https://mercadomixtura.mesa247.la/","sitio_propio","","false","Restaurante","Via Interoceanica Km 11.5, Av. Oswaldo Guayasamín S/N, 170902 Quito","Cumbayá, Quito","https://www.google.com/maps/place/Mercado+Mixtura/data=!4m7!3m6!1s0x91d59120cd97c983:0x6ea317f3ca736192!8m2!3d-0.205923!4d-78.4276634!16s%2Fg%2F11dxdmwtrz!19sChIJg8mXzSCR1ZERkmFzyvMXo24?authuser=0&hl=es-419&g_ep=EgoyMDI2MDkxNC4wIJJjKgBIAVAD&rclk=1"
"3500 Restaurante","","","4.1","187","","ninguno","","true","Restaurante","Pa. San Francisco, 170157 Quito","Cumbayá, Quito","https://www.google.com/maps/place/3500+Restaurante/data=!4m7!3m6!1s0x91d591c478fd2a8f:0x3af04499a3ce95f5!8m2!3d-0.1986484!4d-78.4368772!16s%2Fg%2F11fmxqv39_!19sChIJjyr9eMSR1ZER9ZXOo5lE8Do?authuser=0&hl=es-419&g_ep=EgoyMDI2MDkxNC4wIJJjKgBIAVAD&rclk=1"
"ICONO del Patio Español","099 981 3101","","4.2","158","","ninguno","","true","Restaurante","Francisco de Orellana, 170184 Quito","Cumbayá, Quito","https://www.google.com/maps/place/ICONO+del+Patio+Espa%C3%B1ol/data=!4m7!3m6!1s0x91d591b798ef8245:0x977d375c083540c6!8m2!3d-0.204493!4d-78.4187673!16s%2Fg%2F11sb5ddtgv!19sChIJRYLvmLeR1ZERxkA1CFw3fZc?authuser=0&hl=es-419&g_ep=EgoyMDI2MDkxNC4wIJJjKgBIAVAD&rclk=1"
"Kahua (Comida árabe e internacional)","099 124 3686","","4.9","37","","ninguno","","true","Restaurante árabe","Chimborazo 700, 170901 Quito","Cumbayá, Quito","https://www.google.com/maps/place/Kahua+%28Comida+%C3%A1rabe+e+internacional%29/data=!4m7!3m6!1s0x91d5911a7e751697:0x88a23da231957b21!8m2!3d-0.1981761!4d-78.4311079!16s%2Fg%2F11hzhqrmtt!19sChIJlxZ1fhqR1ZERIXuVMaI9oog?authuser=0&hl=es-419&g_ep=EgoyMDI2MDkxNC4wIJJjKgBIAVAD&rclk=1"
"Cassolette (Cumbayá)","(02) 289-5478","soportejustoapp@getjusto.com\; ekopark@cassolette.ec; pedidos@cassolette.ec; gonzalez@cassolette.ec; brasil@cassolette.ec; cumbaya@cassolette.ec; u003ecassolette@cassolette.ec; u003ejustocolombia@getjusto.com; soportejustoapp@getjusto.com; u003esoportejustoapp@getjusto.com","4.2","198","https://www.cassolette.ec/","sitio_propio","","false","Restaurante de comida para llevar","Francisco de Orellana y Línea Férrea 795 y, 170902 Quito","Cumbayá, Quito","https://www.google.com/maps/place/Cassolette+%28Cumbay%C3%A1%29/data=!4m7!3m6!1s0x91d5918fc1bbd249:0x706439fd27efbd39!8m2!3d-0.2002231!4d-78.4307279!16s%2Fg%2F11c60b914m!19sChIJSdK7wY-R1ZEROb3vJ_05ZHA?authuser=0&hl=es-419&g_ep=EgoyMDI2MDkxNC4wIJJjKgBIAVAD&rclk=1"
"Chorigol Cumbaya","(02) 289-2351","","4.4","569","","ninguno","","true","Parrilla","José M. Vargas, N3-213, 170901 Cumbaya","Cumbayá, Quito","https://www.google.com/maps/place/Chorigol+Cumbaya/data=!4m7!3m6!1s0x91d591de9d89ed2b:0xe044cda2edb72d29!8m2!3d-0.1929741!4d-78.4282281!16s%2Fg%2F11gnq24cyl!19sChIJK-2Jnd6R1ZERKS237aLNROA?authuser=0&hl=es-419&g_ep=EgoyMDI2MDkxNC4wIJJjKgBIAVAD&rclk=1"
"La Vianda","096 721 5588","","4","24","https://www.instagram.com/lavianda_cumbaya/?hl=es-la","solo_red_social","","true","Restaurante","Av. Oswaldo Guayasamín, 170901 Quito","Cumbayá, Quito","https://www.google.com/maps/place/La+Vianda/data=!4m7!3m6!1s0x91d591273d26ef63:0xab74e1450f9eb235!8m2!3d-0.2070517!4d-78.4275693!16s%2Fg%2F11fd4j06xd!19sChIJY-8mPSeR1ZERNbKeD0XhdKs?authuser=0&hl=es-419&g_ep=EgoyMDI2MDkxNC4wIJJjKgBIAVAD&rclk=1"
"Al Forno Cumbayá","(02) 289-4020","info@alfornoecuador.com","4.4","500","https://alfornoecuador.com/","sitio_propio","2023","false","Restaurante","Centro Comercial La Esquina , Pampite y, Chimborazo 705, Quito","Cumbayá, Quito","https://www.google.com/maps/place/Al+Forno+Cumbay%C3%A1/data=!4m7!3m6!1s0x91d5911fe689c039:0x752dc66b5c9804a3!8m2!3d-0.1974263!4d-78.4313829!16s%2Fg%2F11b5ywfmxv!19sChIJOcCJ5h-R1ZERowSYXGvGLXU?authuser=0&hl=es-419&g_ep=EgoyMDI2MDkxNC4wIJJjKgBIAVAD&rclk=1"
"Pollo Campero - Cumbayá","(02) 259-9999","infocampero@grupotcg.com\; infocampero@grupotcg.com","4.1","263","https://campero.ec/es/menu/cumbaya","sitio_propio","2026","false","Restaurante especializado en pollo","RH36+359, 28C, 170157 Quito","Cumbayá, Quito","https://www.google.com/maps/place/Pollo+Campero+-+Cumbay%C3%A1/data=!4m7!3m6!1s0x91d59103d02128fd:0x9fe5accb7fa63f07!8m2!3d-0.1973344!4d-78.4395038!16s%2Fg%2F11mx70cszm!19sChIJ_Sgh0AOR1ZERBz-mf8us5Z8?authuser=0&hl=es-419&g_ep=EgoyMDI2MDkxNC4wIJJjKgBIAVAD&rclk=1"
"AHUMA Rest by UH | Parrilla & Coctelería de Autor","099 945 6628","","4.4","48","http://ahumarest.com/","sitio_propio","","false","Restaurante","Garcia Moreno, y y Padre Luis Garzón S1-77, 170901 Quito","Cumbayá, Quito","https://www.google.com/maps/place/AHUMA+Rest+by+UH+%7C+Parrilla+%26+Cocteler%C3%ADa+de+Autor/data=!4m7!3m6!1s0x91d59125c8b739e1:0xe6c1dfaf5c1e9ee8!8m2!3d-0.2023831!4d-78.4273644!16s%2Fg%2F11y4rhgknh!19sChIJ4Tm3yCWR1ZER6J4eXK_fweY?authuser=0&hl=es-419&g_ep=EgoyMDI2MDkxNC4wIJJjKgBIAVAD&rclk=1"
"Mercado Alemán Cumbayá","099 041 6454","","4.8","119","http://www.facebook.com/mercadoaleman.cumbaya/","solo_red_social","","true","Cervecería al aire libre","y el Ceibo en la, Francisco de Orellana y Tajamar, 170157 Quito","Cumbayá, Quito","https://www.google.com/maps/place/Mercado+Alem%C3%A1n+Cumbay%C3%A1/data=!4m7!3m6!1s0x91d5919c98a26c39:0x79469883cd4d815b!8m2!3d-0.2026804!4d-78.4247802!16s%2Fg%2F11h04kj3xn!19sChIJOWyimJyR1ZERW4FNzYOYRnk?authuser=0&hl=es-419&g_ep=EgoyMDI2MDkxNC4wIJJjKgBIAVAD&rclk=1"
"Cumbaya Quito","","","4.7","70","","ninguno","","true","Bar","García Moreno 425, 170902 Quito","Cumbayá, Quito","https://www.google.com/maps/place/Cumbaya+Quito/data=!4m7!3m6!1s0x91d591445974da03:0xe176d2a680a775b0!8m2!3d-0.204798!4d-78.4422199!16s%2Fg%2F11fsj0gsbs!19sChIJA9p0WUSR1ZERsHWngKbSduE?authuser=0&hl=es-419&g_ep=EgoyMDI2MDkxNC4wIJJjKgBIAVAD&rclk=1"
"Shawarma Show Ecuador Cumbayá","099 347 1888","","4.5","71","https://www.facebook.com/ShawarmaShowEcuador","solo_red_social","","true","Restaurante","QHQF+4FW, diagonal al redondel de la iglesia El Patio Cumbaya, Quito","Cumbayá, Quito","https://www.google.com/maps/place/Shawarma+Show+Ecuador+Cumbay%C3%A1/data=!4m7!3m6!1s0x91d5919cde74f177:0xaadc26d4986112ed!8m2!3d-0.2121413!4d-78.4262941!16s%2Fg%2F11q3dbpymg!19sChIJd_F03pyR1ZER7RJhmNQm3Ko?authuser=0&hl=es-419&g_ep=EgoyMDI2MDkxNC4wIJJjKgBIAVAD&rclk=1"
"Restaurante Segundo Muelle Scala","099 597 1004","","4.7","183","http://www.segundomuelle.com/","sitio_propio","","false","Pub restaurante","Av. Oswaldo Guayasamín y Scala Shopping local 168, 170157 Quito","Cumbayá, Quito","https://www.google.com/maps/place/Restaurante+Segundo+Muelle+Scala/data=!4m7!3m6!1s0x91d591e32dcb7e37:0xc1e7c97bc0ee6f84!8m2!3d-0.2070446!4d-78.4257783!16s%2Fg%2F11rhzbxpv_!19sChIJN37LLeOR1ZERhG_uwHvJ58E?authuser=0&hl=es-419&g_ep=EgoyMDI2MDkxNC4wIJJjKgBIAVAD&rclk=1"
"Hamburguesas de Rusty - Cumbayá","(02) 289-6002","","4.5","1044","http://www.rusty.com.ec/","sitio_propio","","false","Hamburguesería","Antara Plaza Gourmet, Diego de Robles, 170902 Quito","Cumbayá, Quito","https://www.google.com/maps/place/Hamburguesas+de+Rusty+-+Cumbay%C3%A1/data=!4m7!3m6!1s0x91d590e69ed10f09:0x276765c1eec14f5d!8m2!3d-0.1971148!4d-78.4370475!16s%2Fg%2F12vqnfl8c!19sChIJCQ_RnuaQ1ZERXU_B7sFlZyc?authuser=0&hl=es-419&g_ep=EgoyMDI2MDkxNC4wIJJjKgBIAVAD&rclk=1"
"Restaurante Las Magnolias","096 865 1682","","4.1","48","https://www.facebook.com/restaurantelasmagnolias","solo_red_social","","true","Restaurante","De las Magnolias 295 y, 170157 Quito","Cumbayá, Quito","https://www.google.com/maps/place/Restaurante+Las+Magnolias/data=!4m7!3m6!1s0x91d59161d2bf2617:0xe94d92523aeb63b1!8m2!3d-0.2169533!4d-78.4332318!16s%2Fg%2F11j9gd5bky!19sChIJFya_0mGR1ZERsWPrOlKSTek?authuser=0&hl=es-419&g_ep=EgoyMDI2MDkxNC4wIJJjKgBIAVAD&rclk=1"
"La Guarida De Los Pri Cumbayá","098 242 3958","","4.3","12","","ninguno","","true","Restaurante","QHMC+CHC, 170904 Quito","Cumbayá, Quito","https://www.google.com/maps/place/La+Guarida+De+Los+Pri+Cumbay%C3%A1/data=!4m7!3m6!1s0x91d5912a14aee00b:0x1a231fe89c56be25!8m2!3d-0.2164316!4d-78.4286248!16s%2Fg%2F11hdb35kqb!19sChIJC-CuFCqR1ZERJb5WnOgfIxo?authuser=0&hl=es-419&g_ep=EgoyMDI2MDkxNC4wIJJjKgBIAVAD&rclk=1"
"Iris Rooftop","096 984 4082","","3.8","79","https://www.instagram.com/iris.rooftop/","solo_red_social","","true","Pub restaurante","Av Pampite, 170902 Quito","Cumbayá, Quito","https://www.google.com/maps/place/Iris+Rooftop/data=!4m7!3m6!1s0x91d5915efc7bda3d:0x7150fb0902bc40f1!8m2!3d-0.1956809!4d-78.4349583!16s%2Fg%2F11tgbgmz99!19sChIJPdp7_F6R1ZER8UC8Agn7UHE?authuser=0&hl=es-419&g_ep=EgoyMDI2MDkxNC4wIJJjKgBIAVAD&rclk=1"
"Abysmo GastroPub","096 251 8836","","4.6","904","https://abysmobeer.com/","sitio_propio","","false","Cervecería artesanal","Coelho Plaza | Centro Comercial Cumbayá, 170157 Quito","Cumbayá, Quito","https://www.google.com/maps/place/Abysmo+GastroPub/data=!4m7!3m6!1s0x91d59133c6fff257:0xd20d455fa1ffcd11!8m2!3d-0.2009273!4d-78.4280437!16s%2Fg%2F11fl7tvss8!19sChIJV_L_xjOR1ZEREc3_oV9FDdI?authuser=0&hl=es-419&g_ep=EgoyMDI2MDkxNC4wIJJjKgBIAVAD&rclk=1"
"La Vecindad de Los Cuates","(02) 289-0589","","4.3","1295","http://www.vecindaddeloscuates.com/","sitio_propio","","false","Restaurante mexicano","Gral. Eloy Alfaro S3-79, 170904 Quito","Cumbayá, Quito","https://www.google.com/maps/place/La+Vecindad+de+Los+Cuates/data=!4m7!3m6!1s0x91d590ddedccdd97:0xaeb13b5142992a49!8m2!3d-0.2022874!4d-78.4365184!16s%2Fg%2F11b67nk0qb!19sChIJl93M7d2Q1ZERSSqZQlE7sa4?authuser=0&hl=es-419&g_ep=EgoyMDI2MDkxNC4wIJJjKgBIAVAD&rclk=1"
"Garden House","098 431 6318","","4.3","1370","https://api.whatsapp.com/message/QMLONBSSXZ5DO1","solo_red_social","","true","Restaurante","Francisco de Orellana, 170184 Quito","Cumbayá, Quito","https://www.google.com/maps/place/Garden+House/data=!4m7!3m6!1s0x91d59139d27914bd:0x491f7c95a981de51!8m2!3d-0.2102911!4d-78.4095973!16s%2Fg%2F11c2p2jhkr!19sChIJvRR50jmR1ZERUd6BqZV8H0k?authuser=0&hl=es-419&g_ep=EgoyMDI2MDkxNC4wIJJjKgBIAVAD&rclk=1"
"Hornados ""Mami Chelo"" Cumbayá","098 743 0463","","4.4","46","","ninguno","","true","Restaurante","Joaquin Gallegos, 170157 Quito","Cumbayá, Quito","https://www.google.com/maps/place/Hornados+%22Mami+Chelo%22+Cumbay%C3%A1/data=!4m7!3m6!1s0x91d591df7544ceff:0x1207d9ee74c56af0!8m2!3d-0.2060063!4d-78.4449638!16s%2Fg%2F11l99d5zy2!19sChIJ_85Edd-R1ZER8GrFdO7ZBxI?authuser=0&hl=es-419&g_ep=EgoyMDI2MDkxNC4wIJJjKgBIAVAD&rclk=1"
"La Playa Acai Bar","098 745 3682","","4.4","139","http://www.laplayaec.com/","sitio_propio","","false","Restaurante de comida saludable","Vía del Ferrocarril y Av. Eloy Alfaro s1-61 y, 170902 Quito","Cumbayá, Quito","https://www.google.com/maps/place/La+Playa+Acai+Bar/data=!4m7!3m6!1s0x91d5919722e5509f:0x1890fa8d9eb1a010!8m2!3d-0.2002791!4d-78.4310498!16s%2Fg%2F11h6v1nkkj!19sChIJn1DlIpeR1ZEREKCxno36kBg?authuser=0&hl=es-419&g_ep=EgoyMDI2MDkxNC4wIJJjKgBIAVAD&rclk=1"
"La Bikina Cumbayá","","","3.8","305","","ninguno","","true","Restaurante mexicano","Av, Diego de Robles, y y Av Pampite, Quito","Cumbayá, Quito","https://www.google.com/maps/place/La+Bikina+Cumbay%C3%A1/data=!4m7!3m6!1s0x91d5912611b35e79:0xc82b3d57c41ba966!8m2!3d-0.1950422!4d-78.436287!16s%2Fg%2F11lmbqjxz2!19sChIJeV6zESaR1ZERZqkbxFc9K8g?authuser=0&hl=es-419&g_ep=EgoyMDI2MDkxNC4wIJJjKgBIAVAD&rclk=1"
"Restaurante La Cocina","(02) 237-0686","","4.7","117","http://www.facebook.com/LaCocinaRestauranteTumbaco","solo_red_social","","true","Restaurante","QHPW+59J, 170184 Quito","Tumbaco, Quito","https://www.google.com/maps/place/Restaurante+La+Cocina/data=!4m7!3m6!1s0x91d591cb01b1b5f9:0x433d56ecfd89b7ce!8m2!3d-0.2145318!4d-78.4041137!16s%2Fg%2F11f6ndwmpz!19sChIJ-bWxAcuR1ZERzreJ_exWPUM?authuser=0&hl=es-419&g_ep=EgoyMDI2MDkxNC4wIJJjKgBIAVAD&rclk=1"
"Ali's Tumbaco","096 779 6202","","4.6","2528","http://alisparrilladas.com/","sitio_propio","","false","Restaurante familiar","Av. Interoceánica km 2 1/2 y medio, sector y El Sauce Bloque 395, 170184 Quito","Tumbaco, Quito","https://www.google.com/maps/place/Ali%27s+Tumbaco/data=!4m7!3m6!1s0x91d5913a9ea49123:0xda4b41338efdd424!8m2!3d-0.2105065!4d-78.4165464!16s%2Fg%2F11b6hxw0h5!19sChIJI5GknjqR1ZERJNT9jjNBS9o?authuser=0&hl=es-419&g_ep=EgoyMDI2MDkxNC4wIJJjKgBIAVAD&rclk=1"
"The Magic Bean Restaurante, La Cerámica, Tumbaco","095 861 5707","","4.6","148","","ninguno","","true","Restaurante","La Cerámica, 170184 Quito","Tumbaco, Quito","https://www.google.com/maps/place/The+Magic+Bean+Restaurante,+La+Cer%C3%A1mica,+Tumbaco/data=!4m7!3m6!1s0x91d59782a21bd21b:0x7970244d876aed9b!8m2!3d-0.2256232!4d-78.3925018!16s%2Fg%2F11jzskscfr!19sChIJG9IbooKX1ZERm-1qh00kcHk?authuser=0&hl=es-419&g_ep=EgoyMDI2MDkxNC4wIJJjKgBIAVAD&rclk=1"
"Casa Angus","099 985 0081","","4.6","392","http://www.casaangusec.com/?fbclid=IwAR05MFPaQhRUOPcFITTp4fda3_IgrlVVxHiIubisibDmS7jGxSAaYHtxvCk#Tumbaco","sitio_propio","","false","Restaurante","AV. INTERE, 170184 Quito","Tumbaco, Quito","https://www.google.com/maps/place/Casa+Angus/data=!4m7!3m6!1s0x91d591382dd25867:0x8f62750a2f186336!8m2!3d-0.213191!4d-78.4116449!16s%2Fg%2F11dxdkml9t!19sChIJZ1jSLTiR1ZERNmMYLwp1Yo8?authuser=0&hl=es-419&g_ep=EgoyMDI2MDkxNC4wIJJjKgBIAVAD&rclk=1"
"El Arrecife Tumbaco","(02) 237-2954","tumbaco@elarrecife-ec.com","4.4","603","http://www.elarrecife-ec.com/","sitio_propio","","false","Marisquería","Federico González Suárez, 170184 Quito","Tumbaco, Quito","https://www.google.com/maps/place/El+Arrecife+Tumbaco/data=!4m7!3m6!1s0x91d5913a05f46fa3:0xe3c2d739129a620a!8m2!3d-0.210562!4d-78.4135971!16s%2Fg%2F1pv5vmx5m!19sChIJo2_0BTqR1ZERCmKaEjnXwuM?authuser=0&hl=es-419&g_ep=EgoyMDI2MDkxNC4wIJJjKgBIAVAD&rclk=1"
"La Gambugia","099 900 3161","","4.5","477","http://www.lagambugiapizzeria.com/","sitio_propio","2026","false","Restaurante","Rodrigo Nuñez OE4-35 y, 170184 Quito","Tumbaco, Quito","https://www.google.com/maps/place/La+Gambugia/data=!4m7!3m6!1s0x91d591370f98235d:0xebbec5f7c4874f50!8m2!3d-0.2118916!4d-78.4103528!16s%2Fg%2F11bw61qw27!19sChIJXSOYDzeR1ZERUE-HxPfFvus?authuser=0&hl=es-419&g_ep=EgoyMDI2MDkxNC4wIJJjKgBIAVAD&rclk=1"
"In Bocca al Lupo Trattoria","098 431 6318","","4.3","713","","ninguno","","true","Restaurante italiano","Francisco de Orellana y Rodrigo Nuñez Oe3-242 y, 170184 Quito","Tumbaco, Quito","https://www.google.com/maps/place/In+Bocca+al+Lupo+Trattoria/data=!4m7!3m6!1s0x91d59185f2fa555b:0xb5503ab095a6756b!8m2!3d-0.2103204!4d-78.4096158!16s%2Fg%2F11fmfdtpfj!19sChIJW1X68oWR1ZERa3WmlbA6ULU?authuser=0&hl=es-419&g_ep=EgoyMDI2MDkxNC4wIJJjKgBIAVAD&rclk=1"
"Bono Restaurante Tumbaco","095 900 7199","","4.5","44","https://linktr.ee/bonotumbaco","solo_red_social","","true","Restaurante","Av. 2 de Agosto, 170184 Quito","Tumbaco, Quito","https://www.google.com/maps/place/Bono+Restaurante+Tumbaco/data=!4m7!3m6!1s0x91d5918e6a5131c9:0xe789f898400f5167!8m2!3d-0.223803!4d-78.4279482!16s%2Fg%2F11qsn_kphy!19sChIJyTFRao6R1ZERZ1EPQJj4iec?authuser=0&hl=es-419&g_ep=EgoyMDI2MDkxNC4wIJJjKgBIAVAD&rclk=1"
"El Tambo","(02) 237-2957","","4.1","552","","ninguno","","true","Restaurante ecuatoriano","Via Interoceanica (28C) Km, 13 No OE5-116, Quito","Tumbaco, Quito","https://www.google.com/maps/place/El+Tambo/data=!4m7!3m6!1s0x91d59130b4b4a469:0x2b32f880be1f7f75!8m2!3d-0.2115333!4d-78.4127222!16s%2Fg%2F1hc5f32jn!19sChIJaaS0tDCR1ZERdX8fvoD4Mis?authuser=0&hl=es-419&g_ep=EgoyMDI2MDkxNC4wIJJjKgBIAVAD&rclk=1"
"Signature by La Birrería Tumbaco","099 998 3012","","4.8","198","https://signature.ec/","sitio_propio","","false","Restaurante italiano","Ruta Viva y La Cerámica Km 9.5, 170903 Quito","Tumbaco, Quito","https://www.google.com/maps/place/Signature+by+La+Birrer%C3%ADa+Tumbaco/data=!4m7!3m6!1s0x91d597be02d483ab:0xb9a76f3fb5f6e37e!8m2!3d-0.2211504!4d-78.3932859!16s%2Fg%2F11y474p60v!19sChIJq4PUAr6X1ZERfuP2tT9vp7k?authuser=0&hl=es-419&g_ep=EgoyMDI2MDkxNC4wIJJjKgBIAVAD&rclk=1"
"Le Quotidien","095 877 4825","","4.5","102","http://www.lequotidienec.com/","sitio_propio","2026","false","Restaurante","Hilacril Plaza, Río San Pedro, 170184 Quito","Tumbaco, Quito","https://www.google.com/maps/place/Le+Quotidien/data=!4m7!3m6!1s0x91d59378af3acfad:0x7ff936845d55467a!8m2!3d-0.1999885!4d-78.3757149!16s%2Fg%2F11f6yxggpd!19sChIJrc86r3iT1ZERekZVXYQ2-X8?authuser=0&hl=es-419&g_ep=EgoyMDI2MDkxNC4wIJJjKgBIAVAD&rclk=1"
"El Fogon Del Ñato Tradiciones Manabitas","098 481 3309","","4.6","508","https://fogon-del-nato.emergent.host/?utm_source=share","sitio_propio","","false","Restaurante","Humberto Salvador y Calle F S5-188, 170184 Quito","Tumbaco, Quito","https://www.google.com/maps/place/El+Fogon+Del+%C3%91ato+Tradiciones+Manabitas/data=!4m7!3m6!1s0x91d596ccaa264cf5:0xd0c7cf4837eb28a9!8m2!3d-0.2200364!4d-78.4128362!16s%2Fg%2F11g8h34x66!19sChIJ9UwmqsyW1ZERqSjrN0jPx9A?authuser=0&hl=es-419&g_ep=EgoyMDI2MDkxNC4wIJJjKgBIAVAD&rclk=1"
"Jimmy's Golosinas","(02) 237-7048","","4.7","65","","ninguno","","true","Restaurante","170184 Quito","Tumbaco, Quito","https://www.google.com/maps/place/Jimmy%27s+Golosinas/data=!4m7!3m6!1s0x91d59130b20307a9:0x47ebe6041283c38c!8m2!3d-0.2114387!4d-78.413312!16s%2Fg%2F11c2p9dxmt!19sChIJqQcDsjCR1ZERjMODEgTm60c?authuser=0&hl=es-419&g_ep=EgoyMDI2MDkxNC4wIJJjKgBIAVAD&rclk=1"
"El Hornero Tumbaco","099 900 5005","","4.6","4044","https://elhornero.com.ec/","sitio_propio","","false","Restaurante","Av. Oswaldo Guayasamín, 170184 Quito","Tumbaco, Quito","https://www.google.com/maps/place/El+Hornero+Tumbaco/data=!4m7!3m6!1s0x91d591515f3a58f1:0xf7754c0856c96420!8m2!3d-0.2151709!4d-78.3909956!16s%2Fg%2F12hk_5gk0!19sChIJ8Vg6X1GR1ZERIGTJVghMdfc?authuser=0&hl=es-419&g_ep=EgoyMDI2MDkxNC4wIJJjKgBIAVAD&rclk=1"
"Cadito Cevichería","096 904 3469","","4.8","145","https://linktr.ee/caditocevicheria?utm_source=linktree_profile_share","solo_red_social","","true","Marisquería","y escalón, La Cerámica y Ruta Viva E73- 36, 170184 Quito","Tumbaco, Quito","https://www.google.com/maps/place/Cadito+Cevicher%C3%ADa/data=!4m7!3m6!1s0x91d5973844742565:0x144b8934af862216!8m2!3d-0.2216258!4d-78.3927883!16s%2Fg%2F11pcsl8yj9!19sChIJZSV0RDiX1ZERFiKGrzSJSxQ?authuser=0&hl=es-419&g_ep=EgoyMDI2MDkxNC4wIJJjKgBIAVAD&rclk=1"
"La casa de Rafa","098 432 3489","lacasaderafa@gmail.com","4.8","931","http://www.lacasaderafa.com/","sitio_propio","2026","false","Restaurante","Guagrahuma S6-429, 170903 Quito","Tumbaco, Quito","https://www.google.com/maps/place/La+casa+de+Rafa/data=!4m7!3m6!1s0x91d596bb846e0f6f:0x3ba0e0c96ef17943!8m2!3d-0.2334365!4d-78.3989789!16s%2Fg%2F1hm2yk7j2!19sChIJbw9uhLuW1ZERQ3nxbsngoDs?authuser=0&hl=es-419&g_ep=EgoyMDI2MDkxNC4wIJJjKgBIAVAD&rclk=1"
"La Capricciosa","099 351 2460","lacapricciosa22@gmail.com","4.6","309","https://www.lacapricciosaec.com/","sitio_propio","2023","false","Restaurante italiano","C. Pablo Claudel y Y, 170903 Quito","Tumbaco, Quito","https://www.google.com/maps/place/La+Capricciosa/data=!4m7!3m6!1s0x91d597be529eb9a3:0xdbbb80d6397eabbf!8m2!3d-0.2262104!4d-78.3942215!16s%2Fg%2F11kh_hyypl!19sChIJo7meUr6X1ZERv6t-OdaAu9s?authuser=0&hl=es-419&g_ep=EgoyMDI2MDkxNC4wIJJjKgBIAVAD&rclk=1"
"La Casa del Tilo","099 583 2209","","4.6","99","","ninguno","","true","","RJ36+HR3 Flor de Tilo, Calle Pasaje, 170902 Quito","Tumbaco, Quito","https://www.google.com/maps/place/La+Casa+del+Tilo/data=!4m7!3m6!1s0x91d59163c4fd7e67:0xf183913f24588b04!8m2!3d-0.1961169!4d-78.3879624!16s%2Fg%2F11btmq6mgg!19sChIJZ379xGOR1ZERBItYJD-Rg_E?authuser=0&hl=es-419&g_ep=EgoyMDI2MDkxNC4wIJJjKgBIAVAD&rclk=1"
"Las Delicias Restaurante","097 922 1234","","4.9","14","","ninguno","","true","Restaurante","Villa Vega, 170184 Quito","Tumbaco, Quito","https://www.google.com/maps/place/Las+Delicias+Restaurante/data=!4m7!3m6!1s0x91d5910818164b0b:0xce7c40a2e0249190!8m2!3d-0.2086362!4d-78.388451!16s%2Fg%2F11sl685brt!19sChIJC0sWGAiR1ZERkJEk4KJAfM4?authuser=0&hl=es-419&g_ep=EgoyMDI2MDkxNC4wIJJjKgBIAVAD&rclk=1"
"WAYKUNA Cocina Tradicional y Turismo (Tumbaco Ecuador)","098 459 0752","","4.9","49","","ninguno","","true","Restaurante","QHPW+RJW, 170184 Quito","Tumbaco, Quito","https://www.google.com/maps/place/WAYKUNA+Cocina+Tradicional+y+Turismo+%28Tumbaco+Ecuador%29/data=!4m7!3m6!1s0x91d591f919e650a3:0x856988b05566b56e!8m2!3d-0.2128804!4d-78.4034177!16s%2Fg%2F11h90g7q07!19sChIJo1DmGfmR1ZERbrVmVbCIaYU?authuser=0&hl=es-419&g_ep=EgoyMDI2MDkxNC4wIJJjKgBIAVAD&rclk=1"
"Killary Restaurant","098 470 5397","","4.9","13","","ninguno","","true","Restaurante","Av. Universitaria, 170184 Quito","Tumbaco, Quito","https://www.google.com/maps/place/Killary+Restaurant/data=!4m7!3m6!1s0x91d5938facee1a61:0x19823c810a0c6571!8m2!3d-0.2137039!4d-78.3827409!16s%2Fg%2F11rrnmj3_y!19sChIJYRrurI-T1ZERcWUMCoE8ghk?authuser=0&hl=es-419&g_ep=EgoyMDI2MDkxNC4wIJJjKgBIAVAD&rclk=1"
"Hanami Japanese Restaurant","095 863 5788","","4.9","734","","ninguno","","true","Restaurante japonés","Ruta Viva y La Cerámica KM 9.5 y, 170903 Quito","Tumbaco, Quito","https://www.google.com/maps/place/Hanami+Japanese+Restaurant/data=!4m7!3m6!1s0x91d5979435804bc9:0x6f0517bb537a8641!8m2!3d-0.2211686!4d-78.3932127!16s%2Fg%2F11kk82cp7g!19sChIJyUuANZSX1ZERQYZ6U7sXBW8?authuser=0&hl=es-419&g_ep=EgoyMDI2MDkxNC4wIJJjKgBIAVAD&rclk=1"
"Delicias Manabas","096 890 3151","","4.6","132","","ninguno","","true","Restaurante ecuatoriano","Gonzalo Pizarro N1-68, 170902 Quito","Tumbaco, Quito","https://www.google.com/maps/place/Delicias+Manabas/data=!4m7!3m6!1s0x91d59148e3437e8f:0x9e0bafbb6423e183!8m2!3d-0.2127503!4d-78.4033513!16s%2Fg%2F11gyxddrl5!19sChIJj35D40iR1ZERg-EjZLuvC54?authuser=0&hl=es-419&g_ep=EgoyMDI2MDkxNC4wIJJjKgBIAVAD&rclk=1"
"Madilú Restaurante","099 545 7400","","4","106","https://bit.ly/m/madilu","sitio_propio","","false","Restaurante","Av Ruta viva, y y De las Orquideas, 170903 Quito","Tumbaco, Quito","https://www.google.com/maps/place/Madil%C3%BA+Restaurante/data=!4m7!3m6!1s0x91d597c7596551f3:0x387d76edc8173000!8m2!3d-0.2221068!4d-78.3981404!16s%2Fg%2F11lf6yx9l7!19sChIJ81FlWceX1ZERADAXyO12fTg?authuser=0&hl=es-419&g_ep=EgoyMDI2MDkxNC4wIJJjKgBIAVAD&rclk=1"
"Mis pequeñas mañanitas quito","099 008 2359","","4.7","304","","ninguno","","true","Restaurante mexicano","sector, Rio Guayllabamba sn y, Norberto Salazar y Río Agoyan, Quito","Tumbaco, Quito","https://www.google.com/maps/place/Mis+peque%C3%B1as+ma%C3%B1anitas+quito/data=!4m7!3m6!1s0x91d593e098142249:0x1ab6ec47fc3bd22f!8m2!3d-0.1958104!4d-78.3846545!16s%2Fg%2F11c6vzjdmd!19sChIJSSIUmOCT1ZERL9I7_Efstho?authuser=0&hl=es-419&g_ep=EgoyMDI2MDkxNC4wIJJjKgBIAVAD&rclk=1"
"Bistró Al Paso","099 585 6082","","4.7","268","https://www.instagram.com/bistroalpaso?igsh=cWdieW1jdDlwZG1t","solo_red_social","","true","Restaurante","Plaza hilacril, Río San Pedro, 170903 Quito","Tumbaco, Quito","https://www.google.com/maps/place/Bistr%C3%B3+Al+Paso/data=!4m7!3m6!1s0x91d5930b9af7276b:0x6c06032a82ba68d9!8m2!3d-0.1994101!4d-78.3749125!16s%2Fg%2F11gbzbh9b5!19sChIJayf3mguT1ZER2Wi6gioDBmw?authuser=0&hl=es-419&g_ep=EgoyMDI2MDkxNC4wIJJjKgBIAVAD&rclk=1"
"Quinta La Toscana","099 993 1395","","4.5","224","","ninguno","","true","Organizador de eventos","C. Boyaca, 170184 Quito","Tumbaco, Quito","https://www.google.com/maps/place/Quinta+La+Toscana/data=!4m7!3m6!1s0x91d59150ee821d85:0x5dd9689011132d1d!8m2!3d-0.2119058!4d-78.3914337!16s%2Fg%2F11cry0b2yj!19sChIJhR2C7lCR1ZERHS0TEZBo2V0?authuser=0&hl=es-419&g_ep=EgoyMDI2MDkxNC4wIJJjKgBIAVAD&rclk=1"
"Alegria Real Food","095 948 7043","","4.6","339","https://linktr.ee/alegriarealfood?utm_source=linktree_profile_share&ltsid=78d8ae68-9f73-4107-a2cf-996b5d542631","solo_red_social","","true","Restaurante","Pasaje E7F, y y La Cerámica, Quito","Tumbaco, Quito","https://www.google.com/maps/place/Alegria+Real+Food/data=!4m7!3m6!1s0x91d59b73cc376469:0xbefcf2933bd9983!8m2!3d-0.2201811!4d-78.394084!16s%2Fg%2F11jhxhsfrb!19sChIJaWQ3zHOb1ZERg5m9MynP7ws?authuser=0&hl=es-419&g_ep=EgoyMDI2MDkxNC4wIJJjKgBIAVAD&rclk=1"
"Rincón de Atuntaqui","(02) 237-2661","","4.4","295","https://www.facebook.com/RinconDeAtuntaqui/","solo_red_social","","true","Restaurante","Av Interoceanica, 170184 Quito","Tumbaco, Quito","https://www.google.com/maps/place/Rinc%C3%B3n+de+Atuntaqui/data=!4m7!3m6!1s0x91d5913a7eac3c8f:0x9219409648ae726f!8m2!3d-0.2103935!4d-78.4151237!16s%2Fg%2F11dftbmq66!19sChIJjzysfjqR1ZERb3KuSJZAGZI?authuser=0&hl=es-419&g_ep=EgoyMDI2MDkxNC4wIJJjKgBIAVAD&rclk=1"
"Saca la Resaca Cevicheria - Tumbaco Plaza Mía","096 880 8106","soportejustoapp@getjusto.com\; sacalaresaca.slr@gmail.com; u003esacalaresaca.slr@gmail.com; u003ejustocolombia@getjusto.com; soportejustoapp@getjusto.com; u003esoportejustoapp@getjusto.com; y_+-c9yoby5r-y@ni4mrj.mnj","4.6","12","https://www.sacalaresaca.com/","sitio_propio","","false","Restaurante","Av. Oswaldo Guayasamin, y y Juan Montalvo, Quito","Tumbaco, Quito","https://www.google.com/maps/place/Saca+la+Resaca+Cevicheria+-+Tumbaco+Plaza+M%C3%ADa/data=!4m7!3m6!1s0x91d5917846d54033:0x3441eafad62f29e9!8m2!3d-0.215279!4d-78.4061592!16s%2Fg%2F11zgwy6m9s!19sChIJM0DVRniR1ZER6Skv1vrqQTQ?authuser=0&hl=es-419&g_ep=EgoyMDI2MDkxNC4wIJJjKgBIAVAD&rclk=1"
"EL MOSTACHO RESTAURANTE","098 345 1079","","4.4","44","","ninguno","","true","Restaurante","QJRF+QR4, San Francisco de la Tola Grande, 170184 Quito","Tumbaco, Quito","https://www.google.com/maps/place/EL+MOSTACHO+RESTAURANTE/data=!4m7!3m6!1s0x91d59387be595ff5:0x7e51eb7a558df622!8m2!3d-0.208124!4d-78.3754111!16s%2Fg%2F11kd1kdrd9!19sChIJ9V9ZvoeT1ZERIvaNVXrrUX4?authuser=0&hl=es-419&g_ep=EgoyMDI2MDkxNC4wIJJjKgBIAVAD&rclk=1"
"Chiva's Garden Café Restaurant","099 877 0760","","4.5","65","","ninguno","","true","Cafetería","Gaspar de Carvajal y Av. Oswaldo Guayasamín S2-39, 170184 Quito","Tumbaco, Quito","https://www.google.com/maps/place/Chiva%27s+Garden+Caf%C3%A9+Restaurant/data=!4m7!3m6!1s0x91d5914bd69938e3:0x8239b9a13664550f!8m2!3d-0.2154235!4d-78.4037254!16s%2Fg%2F11f2sgx9tn!19sChIJ4ziZ1kuR1ZERD1VkNqG5OYI?authuser=0&hl=es-419&g_ep=EgoyMDI2MDkxNC4wIJJjKgBIAVAD&rclk=1"
"ZENGA KOREAN & JAPANESE FUSION CUISINE","098 555 2141","","5","43","","ninguno","","true","Restaurante coreano","lc 3, Av interoceanica, hilacril plaza, interoceanica y Río Agoyan, 170902 Quito","Tumbaco, Quito","https://www.google.com/maps/place/ZENGA+KOREAN+%26+JAPANESE+FUSION+CUISINE/data=!4m7!3m6!1s0x91d59393ceb9038f:0x4f3f6507ff4fbb7f!8m2!3d-0.1995677!4d-78.375183!16s%2Fg%2F11m781ddvq!19sChIJjwO5zpOT1ZERf7tP_wdlP08?authuser=0&hl=es-419&g_ep=EgoyMDI2MDkxNC4wIJJjKgBIAVAD&rclk=1"
"La Ovejería","099 665 5963","","4.5","427","https://linktr.ee/laovejeriaec","solo_red_social","","true","Parrilla","Ruta Viva y y 170903, 170903 Quito","Tumbaco, Quito","https://www.google.com/maps/place/La+Ovejer%C3%ADa/data=!4m7!3m6!1s0x91d597f3d9ca5d95:0x50ddafd2cffe2f21!8m2!3d-0.2221104!4d-78.3982613!16s%2Fg%2F11swth95fj!19sChIJlV3K2fOX1ZERIS_-z9Kv3VA?authuser=0&hl=es-419&g_ep=EgoyMDI2MDkxNC4wIJJjKgBIAVAD&rclk=1"
"Dreams Food & Beer","099 513 0599","","4.8","22","","ninguno","","true","Restaurante","Gonzalo Pizarro, 170184 Quito","Tumbaco, Quito","https://www.google.com/maps/place/Dreams+Food+%26+Beer/data=!4m7!3m6!1s0x91d59545f010db51:0xd599c6e4bbc1b6c6!8m2!3d-0.2145986!4d-78.4042767!16s%2Fg%2F11tfz5bwm0!19sChIJUdsQ8EWV1ZERxrbBu-TGmdU?authuser=0&hl=es-419&g_ep=EgoyMDI2MDkxNC4wIJJjKgBIAVAD&rclk=1"
"El Rincon del Abejorro","099 262 9276","","4.5","66","","ninguno","","true","Restaurante","Vicente Rocafuerte, 170184 Quito","Tumbaco, Quito","https://www.google.com/maps/place/El+Rincon+del+Abejorro/data=!4m7!3m6!1s0x91d591487308bea1:0xa21544ad671e56ed!8m2!3d-0.210676!4d-78.4049747!16s%2Fg%2F11f35mwf98!19sChIJob4Ic0iR1ZER7VYeZ61EFaI?authuser=0&hl=es-419&g_ep=EgoyMDI2MDkxNC4wIJJjKgBIAVAD&rclk=1"
"LA SUIZA TUMBACO","099 841 6859","","4.4","307","","ninguno","","true","Restaurante","Federico González Suárez, 170184 Quito","Tumbaco, Quito","https://www.google.com/maps/place/LA+SUIZA+TUMBACO/data=!4m7!3m6!1s0x91d591371e16f313:0xa9b629601d3ff8aa!8m2!3d-0.2128116!4d-78.4108648!16s%2Fg%2F11c6t6xhk9!19sChIJE_MWHjeR1ZERqvg_HWAptqk?authuser=0&hl=es-419&g_ep=EgoyMDI2MDkxNC4wIJJjKgBIAVAD&rclk=1"
"Los Ceviches del Veci","099 889 8449","","4.4","71","","ninguno","","true","Restaurante","QHPW+JJQ, Francisco de Orellana, 170184 Quito","Tumbaco, Quito","https://www.google.com/maps/place/Los+Ceviches+del+Veci/data=!4m7!3m6!1s0x91d591491afa5a2b:0xeca85b5da4109f05!8m2!3d-0.213413!4d-78.4033804!16s%2Fg%2F11hczywc2z!19sChIJK1r6GkmR1ZERBZ8QpF1bqOw?authuser=0&hl=es-419&g_ep=EgoyMDI2MDkxNC4wIJJjKgBIAVAD&rclk=1"
"Los Cebiches de la Rumiñahui Tumbaco","1800 232 424","","4.1","405","http://www.loscebichesdelaruminahui.com/","sitio_propio","","false","Restaurante","Federico González Suárez OE5-211, 170184 Quito","Tumbaco, Quito","https://www.google.com/maps/place/Los+Cebiches+de+la+Rumi%C3%B1ahui+Tumbaco/data=!4m7!3m6!1s0x91d591c09fd70ac5:0xfe35294c40a83249!8m2!3d-0.2091435!4d-78.4128347!16s%2Fg%2F11h7dfkqsl!19sChIJxQrXn8CR1ZERSTKoQEwpNf4?authuser=0&hl=es-419&g_ep=EgoyMDI2MDkxNC4wIJJjKgBIAVAD&rclk=1"
"CaféArte","(02) 519-7837","","4.6","142","https://m.facebook.com/CAFEARTE.TUMBACO.CULTURA/","solo_red_social","","true","Cafetería","C. Guayaquil E1-85, 170184 Quito","Tumbaco, Quito","https://www.google.com/maps/place/Caf%C3%A9Arte/data=!4m7!3m6!1s0x91d591495cb4e40f:0xef7feac9d331f9bf!8m2!3d-0.2145872!4d-78.402561!16s%2Fg%2F1pty506xy!19sChIJD-S0XEmR1ZERv_kx08nqf-8?authuser=0&hl=es-419&g_ep=EgoyMDI2MDkxNC4wIJJjKgBIAVAD&rclk=1"
"Calaca Gaucha","098 355 7862","","4.5","253","","ninguno","","true","Restaurante mexicano","Tumbaco Av interoceanica y eloy alfaro Frente a la Gasolinera Petro Ecuador, 170184 Quito","Tumbaco, Quito","https://www.google.com/maps/place/Calaca+Gaucha/data=!4m7!3m6!1s0x91d591371f957f17:0xe214b3c107185e78!8m2!3d-0.2127962!4d-78.4111499!16s%2Fg%2F11c6sr2jf5!19sChIJF3-VHzeR1ZEReF4YB8GzFOI?authuser=0&hl=es-419&g_ep=EgoyMDI2MDkxNC4wIJJjKgBIAVAD&rclk=1"
"LA TOMA GASTRO-PUB, Pizzería, Parrilladas, Hamburguesas, Eventos Sociales, Costillas Ahumadas, Alitas BBQ","099 900 1494","","4.4","148","https://www.instagram.com/gastropub_latoma","solo_red_social","","true","Restaurante","Gonzalo Pizarro y, Pje. Rosa Cardenas y Av. Collaqui, 170184","Tumbaco, Quito","https://www.google.com/maps/place/LA+TOMA+GASTRO-PUB,+Pizzer%C3%ADa,+Parrilladas,+Hamburguesas,+Eventos+Sociales,+Costillas+Ahumadas,+Alitas+BBQ/data=!4m7!3m6!1s0x91d5914990af241b:0xa01cbdb502c9b1ed!8m2!3d-0.1911108!4d-78.3945103!16s%2Fg%2F11gsc7mkxv!19sChIJGySvkEmR1ZER7bHJArW9HKA?authuser=0&hl=es-419&g_ep=EgoyMDI2MDkxNC4wIJJjKgBIAVAD&rclk=1"
"Restaurante Botánico - Quito","098 378 5692","","4.5","716","","ninguno","","true","Restaurante","Pasaje Rumipamba, y y Av. de los Shyris, 170507 Quito","La Carolina, Quito","https://www.google.com/maps/place/Restaurante+Bot%C3%A1nico+-+Quito/data=!4m7!3m6!1s0x91d59b414e3f8869:0x1ba1ea43eb47f72!8m2!3d-0.1854633!4d-78.4859846!16s%2Fg%2F11lcf4x_xs!19sChIJaYg_TkGb1ZERcn-0PqQeugE?authuser=0&hl=es-419&g_ep=EgoyMDI2MDkxNC4wIJJjKgBIAVAD&rclk=1"
"Cevichao La Carolina","099 890 8028","","4.9","408","","ninguno","","true","Restaurante","Núñez de Vela, 170135 Quito","La Carolina, Quito","https://www.google.com/maps/place/Cevichao+La+Carolina/data=!4m7!3m6!1s0x91d59b006927cd51:0xf14cd0324184aa96!8m2!3d-0.1794396!4d-78.4875668!16s%2Fg%2F11xyn1g78q!19sChIJUc0naQCb1ZERlqqEQTLQTPE?authuser=0&hl=es-419&g_ep=EgoyMDI2MDkxNC4wIJJjKgBIAVAD&rclk=1"
"Steak house Quito Lost Grill | Restaurante de carne","095 879 2808","","4.8","2637","https://lostgrillec.com/","sitio_propio","","false","Restaurante","Republica del Salvador, y y Av. Naciones Unidas, 170107 Quito","La Carolina, Quito","https://www.google.com/maps/place/Steak+house+Quito+Lost+Grill+%7C+Restaurante+de+carne/data=!4m7!3m6!1s0x91d59bef426d3a53:0xeac79ec08a1e36fa!8m2!3d-0.1777483!4d-78.4797401!16s%2Fg%2F11qyx60jcc!19sChIJUzptQu-b1ZER-jYeisCex-o?authuser=0&hl=es-419&g_ep=EgoyMDI2MDkxNC4wIJJjKgBIAVAD&rclk=1"
"MILA ROOFTOP","098 428 0984","","4.6","320","","ninguno","","true","Cafetería","Av. República y Rumipamba Edificio Signature. Piso 15, 170147 Quito","La Carolina, Quito","https://www.google.com/maps/place/MILA+ROOFTOP/data=!4m7!3m6!1s0x91d59b24a88f54eb:0xba9575eb5de90839!8m2!3d-0.1850964!4d-78.4884743!16s%2Fg%2F11j20t6h8v!19sChIJ61SPqCSb1ZEROQjpXet1lbo?authuser=0&hl=es-419&g_ep=EgoyMDI2MDkxNC4wIJJjKgBIAVAD&rclk=1"
"Dough - Brunch & Drunch","099 281 2800","dough.uio@gmail.com","4.4","598","http://dough.com.ec/","sitio_propio","","false","Restaurante","Suiza y Av. República de El Salvador 34-41 y, 170135 Quito","La Carolina, Quito","https://www.google.com/maps/place/Dough+-+Brunch+%26+Drunch/data=!4m7!3m6!1s0x91d59b12c754af45:0x6fe249f3d8d65e00!8m2!3d-0.186034!4d-78.4820659!16s%2Fg%2F11rr84gr11!19sChIJRa9UxxKb1ZERAF7W2PNJ4m8?authuser=0&hl=es-419&g_ep=EgoyMDI2MDkxNC4wIJJjKgBIAVAD&rclk=1"
"La Tradición","(02) 244-4920","","4","261","","ninguno","","true","Restaurante ecuatoriano","Av. Mariana de Jesús E 5-31, 170135 Quito","La Carolina, Quito","https://www.google.com/maps/place/La+Tradici%C3%B3n/data=!4m7!3m6!1s0x91d59a645801f9dd:0xff89147a064262!8m2!3d-0.1896064!4d-78.488893!16s%2Fg%2F11bx1q9f0d!19sChIJ3fkBWGSa1ZERYkIGehSJ_wA?authuser=0&hl=es-419&g_ep=EgoyMDI2MDkxNC4wIJJjKgBIAVAD&rclk=1"
"La Parrilla de Homero","099 857 0844","","4.3","1223","http://www.laparrilladehomero.com.ec/","sitio_propio","2026","false","Restaurante de platos de carne","Av. República de El Salvador, 170102 Quito","La Carolina, Quito","https://www.google.com/maps/place/La+Parrilla+de+Homero/data=!4m7!3m6!1s0x91d59a8394ddae8b:0x4ffa252d296228b7!8m2!3d-0.1773315!4d-78.4796689!16s%2Fg%2F11b6bss70z!19sChIJi67dlIOa1ZERtyhiKS0l-k8?authuser=0&hl=es-419&g_ep=EgoyMDI2MDkxNC4wIJJjKgBIAVAD&rclk=1"
"De La Llama","098 909 5312","pedidos@delallama.net","4.8","1554","http://www.delallama.net/","sitio_propio","","false","Restaurante ecuatoriano","Suiza N33-113, 170102 Quito","La Carolina, Quito","https://www.google.com/maps/place/De+La+Llama/data=!4m7!3m6!1s0x91d59a9f98bb5963:0x8a6b1777949304aa!8m2!3d-0.1870532!4d-78.4814251!16s%2Fg%2F11cm4jnch0!19sChIJY1m7mJ-a1ZERqgSTlHcXa4o?authuser=0&hl=es-419&g_ep=EgoyMDI2MDkxNC4wIJJjKgBIAVAD&rclk=1"
"Cevichochos con Fritada - La Carolina","098 448 4591","","4.5","40","","ninguno","","true","Restaurante","Aparcamiento, Ruta Parque, 170135 Quito","La Carolina, Quito","https://www.google.com/maps/place/Cevichochos+con+Fritada+-+La+Carolina/data=!4m7!3m6!1s0x91d59b674e257d8d:0x50fafc57b650de01!8m2!3d-0.1878589!4d-78.4836127!16s%2Fg%2F11fmrqfsvs!19sChIJjX0lTmeb1ZERAd5Qtlf8-lA?authuser=0&hl=es-419&g_ep=EgoyMDI2MDkxNC4wIJJjKgBIAVAD&rclk=1"
"La Cafebreria UIO - Desayunos & Cafetería en Quito","098 315 3560","","4.9","294","https://linktr.ee/lacafreuio","solo_red_social","","true","Cafetería","Edificio Ases, Catalina Aldaz 34 – 77 y, Av. Portugal 205, Quito 170135, 170501 Quito","La Carolina, Quito","https://www.google.com/maps/place/La+Cafebreria+UIO+-+Desayunos+%26+Cafeter%C3%ADa+en+Quito/data=!4m7!3m6!1s0x91d5918913e9ba95:0x54ed136536e699df!8m2!3d-0.1840373!4d-78.4772321!16s%2Fg%2F11t6ygzsf_!19sChIJlbrpE4mR1ZER35nmNmUT7VQ?authuser=0&hl=es-419&g_ep=EgoyMDI2MDkxNC4wIJJjKgBIAVAD&rclk=1"
"Tradiciones","(02) 226-5265","accessibility@wyndham.com","4.6","78","https://www.wyndhamhotels.com/","sitio_propio","2026","false","Restaurante ecuatoriano","E5-103, 170135 Quito","La Carolina, Quito","https://www.google.com/maps/place/Tradiciones/data=!4m7!3m6!1s0x91d59a63179110b3:0x2219db0052c1ebb8!8m2!3d-0.1861478!4d-78.4880737!16s%2Fg%2F11gjj6n76v!19sChIJsxCRF2Oa1ZERuOvBUgDbGSI?authuser=0&hl=es-419&g_ep=EgoyMDI2MDkxNC4wIJJjKgBIAVAD&rclk=1"
"LA HERENCIA MANABITA QUITO","096 777 6590","","4.5","606","","ninguno","","true","Restaurante","Holanda y Av. de los Shyris E9-37 y, 170505 Quito","La Carolina, Quito","https://www.google.com/maps/place/LA+HERENCIA+MANABITA+QUITO/data=!4m7!3m6!1s0x91d59ba215a2301f:0xd9c9560a51067eec!8m2!3d-0.1834547!4d-78.4817464!16s%2Fg%2F11sq1nl234!19sChIJHzCiFaKb1ZER7H4GUQpWydk?authuser=0&hl=es-419&g_ep=EgoyMDI2MDkxNC4wIJJjKgBIAVAD&rclk=1"
"Bai Tam","096 322 8299","","4.7","537","https://www.facebook.com/BaiTamEC/","solo_red_social","","true","Restaurante vietnamita","RG7C+M33, Checoslovaquia, 170135 Quito","La Carolina, Quito","https://www.google.com/maps/place/Bai+Tam/data=!4m7!3m6!1s0x91d59a16c5857fd9:0xb5b5f891d9c0cb9e!8m2!3d-0.185874!4d-78.4798314!16s%2Fg%2F11dxhgr5qq!19sChIJ2X-FxRaa1ZERnsvA2ZH4tbU?authuser=0&hl=es-419&g_ep=EgoyMDI2MDkxNC4wIJJjKgBIAVAD&rclk=1"
"Los Bifes de la Vaca","096 279 5538","info@losbifesdelavaca.com","4.9","1808","http://www.losbifesdelavaca.com/","sitio_propio","","false","Restaurante","Av. Portugal, 170135 Quito","La Carolina, Quito","https://www.google.com/maps/place/Los+Bifes+de+la+Vaca/data=!4m7!3m6!1s0x91d59b57e8df2bcf:0xe9200648533a7d52!8m2!3d-0.1817331!4d-78.4796012!16s%2Fg%2F11sqhb_kp9!19sChIJzyvf6Feb1ZERUn06U0gGIOk?authuser=0&hl=es-419&g_ep=EgoyMDI2MDkxNC4wIJJjKgBIAVAD&rclk=1"
"Via Partenope","(02) 452-0000","","4.6","2048","http://linktr.ee/viapartenope.ec","solo_red_social","","true","Restaurante italiano","Av. República de El Salvador y Suecia N34-349 y, 170135 Quito","La Carolina, Quito","https://www.google.com/maps/place/Via+Partenope/data=!4m7!3m6!1s0x91d59a813a08f6e1:0x4fe5cc6372483bee!8m2!3d-0.1801447!4d-78.4801354!16s%2Fg%2F11c1s99dbg!19sChIJ4fYIOoGa1ZER7jtIcmPM5U8?authuser=0&hl=es-419&g_ep=EgoyMDI2MDkxNC4wIJJjKgBIAVAD&rclk=1"
"El mundo del Verde. Restaurante & Cafetería","099 926 3207","","4","206","","ninguno","","true","Restaurante","Juan González y Juan Pablo Sanz N35-12 y, 170507 Quito","La Carolina, Quito","https://www.google.com/maps/place/El+mundo+del+Verde.+Restaurante+%26+Cafeter%C3%ADa/data=!4m7!3m6!1s0x91d59b87106724cb:0x71f1cbd0611ec0bc!8m2!3d-0.1802113!4d-78.4870265!16s%2Fg%2F11fl9kqq6x!19sChIJyyRnEIeb1ZERvMAeYdDL8XE?authuser=0&hl=es-419&g_ep=EgoyMDI2MDkxNC4wIJJjKgBIAVAD&rclk=1"
"Chalaca - Cocina Peruana","098 772 0355","","4.8","607","https://linktr.ee/chalaca.rest?utm_source=linktree_profile_share&ltsid=68cee504-39b8-4b05-b44b-ec083a545600","solo_red_social","","true","Restaurante peruano","Tamayo, 170135 Quito","La Carolina, Quito","https://www.google.com/maps/place/Chalaca+-+Cocina+Peruana/data=!4m7!3m6!1s0x91d59b52c695b9ad:0xb34b6455cbc44cba!8m2!3d-0.180623!4d-78.479384!16s%2Fg%2F11ng25mnc1!19sChIJrbmVxlKb1ZERukzEy1VkS7M?authuser=0&hl=es-419&g_ep=EgoyMDI2MDkxNC4wIJJjKgBIAVAD&rclk=1"
"Maqya by Mar y Luna","096 972 5715","info@maqya.ec","4.9","973","http://www.maqya.ec/","sitio_propio","2026","false","Restaurante peruano","Av. República de El Salvador 553, 170135 Quito","La Carolina, Quito","https://www.google.com/maps/place/Maqya+by+Mar+y+Luna/data=!4m7!3m6!1s0x91d59b6b82982211:0xf797ba5ccd4d058c!8m2!3d-0.1810113!4d-78.4804598!16s%2Fg%2F11vb78zq16!19sChIJESKYgmub1ZERjAVNzVy6l_c?authuser=0&hl=es-419&g_ep=EgoyMDI2MDkxNC4wIJJjKgBIAVAD&rclk=1"
"Shawarma Tierra Santa","098 746 7309","","4.6","50","","ninguno","","true","Restaurante de shawarma","Av. de los Shyris, 170102 Quito","La Carolina, Quito","https://www.google.com/maps/place/Shawarma+Tierra+Santa/data=!4m7!3m6!1s0x91d59b0858895f93:0x48d23970d2e19267!8m2!3d-0.1848357!4d-78.4822216!16s%2Fg%2F11h10zztbj!19sChIJk1-JWAib1ZERZ5Lh0nA50kg?authuser=0&hl=es-419&g_ep=EgoyMDI2MDkxNC4wIJJjKgBIAVAD&rclk=1"
"Restaurante El Jardín","(02) 243-6553","","4.9","7","https://www.hotelrepublica.com/","sitio_propio","","false","Restaurante","Av. de la República y Azuay E2-137 y, E2-137 y, 170135 Quito","La Carolina, Quito","https://www.google.com/maps/place/Restaurante+El+Jard%C3%ADn/data=!4m7!3m6!1s0x91d59a628db09bf1:0x643fe6eb532d020e!8m2!3d-0.1843238!4d-78.4888897!16s%2Fg%2F11f6z06hg_!19sChIJ8ZuwjWKa1ZERDgItU-vmP2Q?authuser=0&hl=es-419&g_ep=EgoyMDI2MDkxNC4wIJJjKgBIAVAD&rclk=1"
"Bocatto Da Fiorentino Mall el Jardín","(02) 298-0264","","4.6","1554","http://www.bocatto.com.ec/","sitio_propio","","false","Restaurante italiano","Mall el Jardín, 3er Nivel, 170515 Quito","La Carolina, Quito","https://www.google.com/maps/place/Bocatto+Da+Fiorentino+Mall+el+Jard%C3%ADn/data=!4m7!3m6!1s0x91d59a64b7e73303:0x36e72feaa1c05af!8m2!3d-0.1891875!4d-78.4874375!16s%2Fg%2F1tgx32ny!19sChIJAzPnt2Sa1ZERrwUcqv5ybgM?authuser=0&hl=es-419&g_ep=EgoyMDI2MDkxNC4wIJJjKgBIAVAD&rclk=1"
"DirtyDog","099 993 4970","","4.5","623","","ninguno","","true","Restaurante mexicano","Checoslovaquia 640, 170135 Quito","La Carolina, Quito","https://www.google.com/maps/place/DirtyDog/data=!4m7!3m6!1s0x91d59b6c24fee4df:0x85da5ccdf4228a9a!8m2!3d-0.1864777!4d-78.4815721!16s%2Fg%2F11rftf0vlb!19sChIJ3-T-JGyb1ZERmooi9M1c2oU?authuser=0&hl=es-419&g_ep=EgoyMDI2MDkxNC4wIJJjKgBIAVAD&rclk=1"
"La Corona","099 390 1727","","4.3","26","","ninguno","","true","Restaurante ecuatoriano","Juan González N35-76, 170135 Quito","La Carolina, Quito","https://www.google.com/maps/place/La+Corona/data=!4m7!3m6!1s0x91d59a88997752e9:0x80aadba4532c89ba!8m2!3d-0.1800282!4d-78.4870067!16s%2Fg%2F11ggvx1dm_!19sChIJ6VJ3mYia1ZERuoksU6TbqoA?authuser=0&hl=es-419&g_ep=EgoyMDI2MDkxNC4wIJJjKgBIAVAD&rclk=1"
"Bubbas Coffee Shop","096 827 5428","","4.7","131","","ninguno","","true","Cafetería apta para perros","Alemania, y y Las Guayanas, 170519 Quito","La Carolina, Quito","https://www.google.com/maps/place/Bubbas+Coffee+Shop/data=!4m7!3m6!1s0x91d59b70f936f19b:0xf1e8bdea98f39119!8m2!3d-0.1871299!4d-78.4895191!16s%2Fg%2F11nfjzwkkb!19sChIJm_E2-XCb1ZERGZHzmOq96PE?authuser=0&hl=es-419&g_ep=EgoyMDI2MDkxNC4wIJJjKgBIAVAD&rclk=1"
"Restaurante weQuito","099 894 9305","","4.7","28","","ninguno","","true","Restaurante ecuatoriano","Inglaterra y Av. de la República E3-121, 170519 Quito","La Carolina, Quito","https://www.google.com/maps/place/Restaurante+weQuito/data=!4m7!3m6!1s0x91d59a6305c35a4f:0xc3db6708d0e2a0d0!8m2!3d-0.1859399!4d-78.4889457!16s%2Fg%2F11c5xpq_j2!19sChIJT1rDBWOa1ZER0KDi0Ahn28M?authuser=0&hl=es-419&g_ep=EgoyMDI2MDkxNC4wIJJjKgBIAVAD&rclk=1"
"Freshii - La Carolina !NUEVA UBICACION!","098 417 1266","","4.2","505","http://freshiiecuador.com/","sitio_propio","","true","Restaurante","Rumipamba y Av. de los Shyris, 170507 Quito","La Carolina, Quito","https://www.google.com/maps/place/Freshii+-+La+Carolina+!NUEVA+UBICACION!/data=!4m7!3m6!1s0x91d59a7c76971061:0x4fd6e76aae13df22!8m2!3d-0.1854949!4d-78.4858697!16s%2Fg%2F11bzc5bswr!19sChIJYRCXdnya1ZERIt8Trmrn1k8?authuser=0&hl=es-419&g_ep=EgoyMDI2MDkxNC4wIJJjKgBIAVAD&rclk=1"
"Pepper Jack Restaurante","099 723 3409","pepperjack.uio@gmail.com","4.8","198","https://drive.google.com/file/d/1L6xTcnVyf8q3jLDw_FuIZbip7IYLBNRz/view?usp=sharing","sitio_propio","","false","Restaurante americano","Republica del Salvador, Y y Av. Naciones Unidas, 170505 Quito","La Carolina, Quito","https://www.google.com/maps/place/Pepper+Jack+Restaurante/data=!4m7!3m6!1s0x91d59b29d077c201:0x3a1b0a2247d718de!8m2!3d-0.1779696!4d-78.4796931!16s%2Fg%2F11yk76vf3q!19sChIJAcJ30Cmb1ZER3hjXRyIKGzo?authuser=0&hl=es-419&g_ep=EgoyMDI2MDkxNC4wIJJjKgBIAVAD&rclk=1"
"El Antojo Manabita","(02) 252-1821","comercial@elantojomanabita.com","4.4","2976","http://www.elantojomanabita.com/","sitio_propio","","false","Restaurante ecuatoriano","Polonia y N31 26, 170519 Quito","La Carolina, Quito","https://www.google.com/maps/place/El+Antojo+Manabita/data=!4m7!3m6!1s0x91d59a65997a2a01:0x293aee7e1de9c2a2!8m2!3d-0.191499!4d-78.489912!16s%2Fg%2F11b6_13m0g!19sChIJASp6mWWa1ZERosLpHX7uOik?authuser=0&hl=es-419&g_ep=EgoyMDI2MDkxNC4wIJJjKgBIAVAD&rclk=1"
"Al Forno CIESPAL","(02) 256-7966","info@alfornoecuador.com","4.5","150","http://www.alfornoecuador.com/","sitio_propio","2023","false","Restaurante italiano","junto a CIESPAL, Fco. Andrade Marín, N32c y Diego de Almagro &, Quito","La Carolina, Quito","https://www.google.com/maps/place/Al+Forno+CIESPAL/data=!4m7!3m6!1s0x91d59b9eab1ee121:0x4c0dcd15d069e0a7!8m2!3d-0.1921085!4d-78.4828362!16s%2Fg%2F11kpr2tdpb!19sChIJIeEeq56b1ZERp-Bp0BXNDUw?authuser=0&hl=es-419&g_ep=EgoyMDI2MDkxNC4wIJJjKgBIAVAD&rclk=1"
"Casa Res | Steak House","099 247 1728","contacto.clientescas@casares.com.ec","4.3","2592","https://casares.ec/","sitio_propio","2024","false","Restaurante","Piso 2 Local, 170102 Quito","La Carolina, Quito","https://www.google.com/maps/place/Casa+Res+%7C+Steak+House/data=!4m7!3m6!1s0x91d59a830bb4ecc9:0x9ab8adce3877fc87!8m2!3d-0.1762943!4d-78.4788075!16s%2Fg%2F11cs60g5kx!19sChIJyey0C4Oa1ZERh_x3OM6tuJo?authuser=0&hl=es-419&g_ep=EgoyMDI2MDkxNC4wIJJjKgBIAVAD&rclk=1"
"Varako Steak House","093 966 6858","","4.7","1653","http://varako.alacarta.online/","sitio_propio","","false","Restaurante","Murano Plaza, Av. República de El Salvador y Suiza 34-127, 170135 Quito","La Carolina, Quito","https://www.google.com/maps/place/Varako+Steak+House/data=!4m7!3m6!1s0x91d59b7ee15198ed:0x3452f3555ad0856d!8m2!3d-0.1853902!4d-78.4816452!16s%2Fg%2F11r11kq9lb!19sChIJ7ZhR4X6b1ZERbYXQWlXzUjQ?authuser=0&hl=es-419&g_ep=EgoyMDI2MDkxNC4wIJJjKgBIAVAD&rclk=1"
"Golden Prague Pub- Quito","098 267 9192","info@goldenprague.pub","4.1","600","http://www.goldenprague.pub/","sitio_propio","2020","true","Restaurante","RGC9+FG9, Av. de los Shyris, 170102 Quito","La Carolina, Quito","https://www.google.com/maps/place/Golden+Prague+Pub-+Quito/data=!4m7!3m6!1s0x91d59be8e94576bf:0x36414a605647c838!8m2!3d-0.1788449!4d-78.4811806!16s%2Fg%2F11sk34tzz_!19sChIJv3ZF6eib1ZEROMhHVmBKQTY?authuser=0&hl=es-419&g_ep=EgoyMDI2MDkxNC4wIJJjKgBIAVAD&rclk=1"
"Las Palmeras","(02) 245-8439","","4.2","618","http://www.laspalmeras.com.ec/","sitio_propio","","false","Restaurante ecuatoriano","Japón 36-87, 170102 Quito","La Carolina, Quito","https://www.google.com/maps/place/Las+Palmeras/data=!4m7!3m6!1s0x91d59a85c9258997:0xbb2fb50c8d64b637!8m2!3d-0.1781125!4d-78.4843906!16s%2Fg%2F1w456p6j!19sChIJl4klyYWa1ZERN7ZkjQy1L7s?authuser=0&hl=es-419&g_ep=EgoyMDI2MDkxNC4wIJJjKgBIAVAD&rclk=1"
"John's Tree Restaurante","(02) 603-4157","","4.4","149","https://www.facebook.com/johnstreerestaurant/","solo_red_social","","true","Restaurante de brunch","Av. Portugal E9-106, 170135 Quito","La Carolina, Quito","https://www.google.com/maps/place/John%27s+Tree+Restaurante/data=!4m7!3m6!1s0x91d59a808da58317:0x4437f27f569322fa!8m2!3d-0.1818682!4d-78.4809148!16s%2Fg%2F11hcdwp9ch!19sChIJF4OljYCa1ZER-iKTVn_yN0Q?authuser=0&hl=es-419&g_ep=EgoyMDI2MDkxNC4wIJJjKgBIAVAD&rclk=1"
"Liverpool","(02) 397-2600","","4.9","30","","ninguno","","true","Bar","Hotel Dann Carlton, Av. República de El Salvador N34, 377, 170102 Quito","La Carolina, Quito","https://www.google.com/maps/place/Liverpool/data=!4m7!3m6!1s0x91d59a7e0743bc09:0x6481d1dd642c2710!8m2!3d-0.1835449!4d-78.4808181!16s%2Fg%2F11g4bbbtjx!19sChIJCbxDB36a1ZERECcsZN3RgWQ?authuser=0&hl=es-419&g_ep=EgoyMDI2MDkxNC4wIJJjKgBIAVAD&rclk=1"
"Tac & Roll","099 263 0973","","4.6","4103","http://www.tacandroll.com.ec/","sitio_propio","2026","false","Restaurante mexicano","Av. República de El Salvador, 170135 Quito","La Carolina, Quito","https://www.google.com/maps/place/Tac+%26+Roll/data=!4m7!3m6!1s0x91d59a70ed927235:0x4687981fcecaec1c!8m2!3d-0.1801041!4d-78.4798035!16s%2Fg%2F1q66zw5mt!19sChIJNXKS7XCa1ZERHOzKzh-Yh0Y?authuser=0&hl=es-419&g_ep=EgoyMDI2MDkxNC4wIJJjKgBIAVAD&rclk=1"
"OH! MARÍA Terraza Lounge","099 532 5297","","4","171","https://linktr.ee/liveuio","solo_red_social","","true","Bar restaurante","RG87+M3G, Av. Río Amazonas, 170507 Quito","La Carolina, Quito","https://www.google.com/maps/place/OH!+MAR%C3%8DA+Terraza+Lounge/data=!4m7!3m6!1s0x91d59b780cab4a49:0x79f54f11c29df423!8m2!3d-0.1833236!4d-78.4872971!16s%2Fg%2F11n_y7smf1!19sChIJSUqrDHib1ZERI_SdwhFP9Xk?authuser=0&hl=es-419&g_ep=EgoyMDI2MDkxNC4wIJJjKgBIAVAD&rclk=1"
"Di Serggio","(02) 245-9941","","4.6","3607","https://www.instagram.com/diserggio","solo_red_social","","true","Restaurante italiano","Av. República de El Salvador n37 - 108, 170135 Quito","La Carolina, Quito","https://www.google.com/maps/place/Di+Serggio/data=!4m7!3m6!1s0x91d59a80d0f8b769:0x4cdbedf3ef28559f!8m2!3d-0.1813529!4d-78.4803718!16s%2Fg%2F1tffqds9!19sChIJabf40ICa1ZERn1Uo7_Pt20w?authuser=0&hl=es-419&g_ep=EgoyMDI2MDkxNC4wIJJjKgBIAVAD&rclk=1"
"Espigón 593","099 883 4890","","4.4","248","","ninguno","","true","Restaurante peruano","Calle Finlandia N35-83, Republica del Salvador, 170135 Quito","La Carolina, Quito","https://www.google.com/maps/place/Espig%C3%B3n+593/data=!4m7!3m6!1s0x91d59a8132aa323d:0x462dcd37bed8a8e3!8m2!3d-0.1803188!4d-78.4808692!16s%2Fg%2F11c1s2m0_z!19sChIJPTKqMoGa1ZER46jYvjfNLUY?authuser=0&hl=es-419&g_ep=EgoyMDI2MDkxNC4wIJJjKgBIAVAD&rclk=1"
"Tamarinda Cafetería Quito","096 899 2998","info@tamarinda.ec","4.7","161","https://tamarinda.ec/","sitio_propio","2026","false","Cafetería","Rusia y Av. Eloy Alfaro N3-21 y, 170135 Quito","La Carolina, Quito","https://www.google.com/maps/place/Tamarinda+Cafeter%C3%ADa+Quito/data=!4m7!3m6!1s0x91d59a7bf9cda365:0x2d5e6f028c79f65!8m2!3d-0.1877915!4d-78.4814693!16s%2Fg%2F11cl_gywr5!19sChIJZaPN-Xua1ZERZZ_HKPDm1QI?authuser=0&hl=es-419&g_ep=EgoyMDI2MDkxNC4wIJJjKgBIAVAD&rclk=1"
"Casa Res | Steak House","099 760 5108","contacto.clientescas@casares.com.ec","4.3","2902","https://casares.ec/","sitio_propio","2024","false","Restaurante","Av. Río Amazonas N36-152, 170506 Quito","La Carolina, Quito","https://www.google.com/maps/place/Casa+Res+%7C+Steak+House/data=!4m7!3m6!1s0x91d59a859f2bf725:0x45e9525e67933d62!8m2!3d-0.1765467!4d-78.4853309!16s%2Fg%2F11f03z17yk!19sChIJJfcrn4Wa1ZERYj2TZ15S6UU?authuser=0&hl=es-419&g_ep=EgoyMDI2MDkxNC4wIJJjKgBIAVAD&rclk=1"
"Restaurante Harbin","098 557 2995","","4.3","207","","ninguno","","true","Restaurante","Checoslovaquia E10-164, 170135 Quito","La Carolina, Quito","https://www.google.com/maps/place/Restaurante+Harbin/data=!4m7!3m6!1s0x91d59a7e8c526cdb:0x47d5bf772b35c854!8m2!3d-0.1859586!4d-78.4797088!16s%2Fg%2F11d_blzzmk!19sChIJ22xSjH6a1ZERVMg1K3e_1Uc?authuser=0&hl=es-419&g_ep=EgoyMDI2MDkxNC4wIJJjKgBIAVAD&rclk=1"
"Go! Momo Dumplings","096 221 6555","soportejustoapp@getjusto.com\; gomomoec@gmail.com; u003epedroruales@gmail.com; u003ejustocolombia@getjusto.com; soportejustoapp@getjusto.com; u003esoportejustoapp@getjusto.com","4.5","393","http://www.gomomo.ec/","sitio_propio","","false","Restaurante","El Día y El Mercurio N37-125 y, 170505 Quito","La Carolina, Quito","https://www.google.com/maps/place/Go!+Momo+Dumplings/data=!4m7!3m6!1s0x91d59bceafc59cbb:0x195c873c3b6e481f!8m2!3d-0.1747874!4d-78.4780372!16s%2Fg%2F11mvb5qm5s!19sChIJu5zFr86b1ZERH0huOzyHXBk?authuser=0&hl=es-419&g_ep=EgoyMDI2MDkxNC4wIJJjKgBIAVAD&rclk=1"
"El Rincón del Gaucho","(02) 245-0998","","4.5","1391","https://www.facebook.com/rincondelgauchoec/","solo_red_social","","true","Restaurante argentino","Av. Río Amazonas y Isla Baltra, 170135 Quito","Iñaquito, Quito","https://www.google.com/maps/place/El+Rinc%C3%B3n+del+Gaucho/data=!4m7!3m6!1s0x91d59a985a250c3b:0x21caad940caa2eac!8m2!3d-0.1663963!4d-78.4840918!16s%2Fg%2F11c1x51z51!19sChIJOwwlWpia1ZERrC6qDJStyiE?authuser=0&hl=es-419&g_ep=EgoyMDI2MDkxNC4wIJJjKgBIAVAD&rclk=1"
"Mimu Quito","098 481 5400","","4.6","124","","ninguno","","true","Restaurante","Av. Tomás de Berlanga N43-12, 170501 Quito","Iñaquito, Quito","https://www.google.com/maps/place/Mimu+Quito/data=!4m7!3m6!1s0x91d59bdae11f78dd:0xf48e0e2a23acfd43!8m2!3d-0.1648138!4d-78.4800321!16s%2Fg%2F11nz231wfw!19sChIJ3Xgf4dqb1ZERQ_2sIyoOjvQ?authuser=0&hl=es-419&g_ep=EgoyMDI2MDkxNC4wIJJjKgBIAVAD&rclk=1"
"AL TIESTO COCINA ECUATORIANA","099 294 9026","","4.6","198","","ninguno","","true","Restaurante","Av. Brasil N39-291 y, 170510 Quito","Iñaquito, Quito","https://www.google.com/maps/place/AL+TIESTO+COCINA+ECUATORIANA/data=!4m7!3m6!1s0x91d59b46db16bd7d:0x541981000f149d0d!8m2!3d-0.1684259!4d-78.490047!16s%2Fg%2F11ll39wlbs!19sChIJfb0W20ab1ZERDZ0UDwCBGVQ?authuser=0&hl=es-419&g_ep=EgoyMDI2MDkxNC4wIJJjKgBIAVAD&rclk=1"
"Tradición Restaurante","(02) 224-7659","","4.5","1930","https://www.facebook.com/tradicionr/","solo_red_social","","true","Restaurante ecuatoriano","Av. Río Amazonas, 170513 Quito","Iñaquito, Quito","https://www.google.com/maps/place/Tradici%C3%B3n+Restaurante/data=!4m7!3m6!1s0x91d59a987d261f69:0x9426daeac9f6f672!8m2!3d-0.165376!4d-78.4838867!16s%2Fg%2F11bxf0bm34!19sChIJaR8mfZia1ZERcvb2yeraJpQ?authuser=0&hl=es-419&g_ep=EgoyMDI2MDkxNC4wIJJjKgBIAVAD&rclk=1"
"Casa Tom's","098 712 0877","","4.6","254","https://instagram.com/tomscarnesyvinos?igshid=NGExMmI2YTkyZg==","solo_red_social","","true","Restaurante","170303, 170102 Quito","Iñaquito, Quito","https://www.google.com/maps/place/Casa+Tom%27s/data=!4m7!3m6!1s0x91d585732e898cbf:0x905101443838ee5c!8m2!3d-0.1676643!4d-78.4802365!16s%2Fg%2F11tfglhjs0!19sChIJv4yJLnOF1ZERXO44OEQBUZA?authuser=0&hl=es-419&g_ep=EgoyMDI2MDkxNC4wIJJjKgBIAVAD&rclk=1"
"LA HUECA DEL VERDE","099 406 3704","","4.6","95","","ninguno","","true","Restaurante","Isla Isabela N43-122, 170501 Quito","Iñaquito, Quito","https://www.google.com/maps/place/LA+HUECA+DEL+VERDE/data=!4m7!3m6!1s0x91d59bb7deba30d3:0xbe9547fb38c57835!8m2!3d-0.1633504!4d-78.4824473!16s%2Fg%2F11lglc77zy!19sChIJ0zC63reb1ZERNXjFOPtHlb4?authuser=0&hl=es-419&g_ep=EgoyMDI2MDkxNC4wIJJjKgBIAVAD&rclk=1"
"UH LALÁ Restaurante & Cafetería","099 851 7060","","4.8","13","","ninguno","","true","Restaurante de brunch","El comercio, y y La Razón N37-98, 170135 Quito","Iñaquito, Quito","https://www.google.com/maps/place/UH+LAL%C3%81+Restaurante+%26+Cafeter%C3%ADa/data=!4m7!3m6!1s0x91d59ba6975f5b1f:0x5e1cf4a2c3ca56a9!8m2!3d-0.1750257!4d-78.4785774!16s%2Fg%2F11nnnlp_0v!19sChIJH1tfl6ab1ZERqVbKw6L0HF4?authuser=0&hl=es-419&g_ep=EgoyMDI2MDkxNC4wIJJjKgBIAVAD&rclk=1"
"La Nación, Moros & Grill","098 822 5446","nacion.restaurante@gmail.com","4.6","318","https://lanacionmorosgrill.com/","sitio_propio","2026","false","Restaurante","Av. de los Shyris 39141, 170135 Quito","Iñaquito, Quito","https://www.google.com/maps/place/La+Naci%C3%B3n,+Moros+%26+Grill/data=!4m7!3m6!1s0x91d59b8f51e150c9:0x54cbf83652b0d522!8m2!3d-0.1717687!4d-78.4803156!16s%2Fg%2F11k9k5jw4h!19sChIJyVDhUY-b1ZERItWwUjb4y1Q?authuser=0&hl=es-419&g_ep=EgoyMDI2MDkxNC4wIJJjKgBIAVAD&rclk=1"
"Pepitos Grill","098 462 9277","dicksongutierrez@gmail.com","4.6","3260","https://pepitosgrill.com/","sitio_propio","2024","false","Restaurante venezolano","Av. Shyris N37/295 entre El Espectador, y y El Telégrafo, 170505 Quito","Iñaquito, Quito","https://www.google.com/maps/place/Pepitos+Grill/data=!4m7!3m6!1s0x91d59a85a84a26e9:0x3326de8ba407a208!8m2!3d-0.1736399!4d-78.4806366!16s%2Fg%2F11c48cyspn!19sChIJ6SZKqIWa1ZERCKIHpIveJjM?authuser=0&hl=es-419&g_ep=EgoyMDI2MDkxNC4wIJJjKgBIAVAD&rclk=1"
"Corvinas Don Jimmy","098 722 4027","","4.3","326","https://corvinasdonjimmy.net/","sitio_propio","","true","Restaurante ecuatoriano","Núñez de Vela N37-150, 170102 Quito","Iñaquito, Quito","https://www.google.com/maps/place/Corvinas+Don+Jimmy/data=!4m7!3m6!1s0x91d59a907339467d:0x85dcb197db4f7571!8m2!3d-0.1735403!4d-78.486589!16s%2Fg%2F11g8nzn5r8!19sChIJfUY5c5Ca1ZERcXVP25ex3IU?authuser=0&hl=es-419&g_ep=EgoyMDI2MDkxNC4wIJJjKgBIAVAD&rclk=1"
"Santo Espíritu Restaurante","097 911 2454","","4.6","58","","ninguno","","true","Restaurante","170102 Quito","Iñaquito, Quito","https://www.google.com/maps/place/Santo+Esp%C3%ADritu+Restaurante/data=!4m7!3m6!1s0x91d59b7405b27e69:0x5171a2aee7649a78!8m2!3d-0.1736832!4d-78.4812078!16s%2Fg%2F11r0srnc_h!19sChIJaX6yBXSb1ZEReJpk566icVE?authuser=0&hl=es-419&g_ep=EgoyMDI2MDkxNC4wIJJjKgBIAVAD&rclk=1"
"El Almuerzo","099 895 3525","","4.3","12","","ninguno","","true","Restaurante ecuatoriano","Calle Av. Japon, Iñaquito N37-118, 170102 Quito, Pichincha","Iñaquito, Quito","https://www.google.com/maps/place/El+Almuerzo/data=!4m7!3m6!1s0x91d59a84defd2a33:0x33caefc9e2f0fb9!8m2!3d-0.1749883!4d-78.4835309!16s%2Fg%2F11g1gnjrzy!19sChIJMyr93oSa1ZERuQ8vnvyuPAM?authuser=0&hl=es-419&g_ep=EgoyMDI2MDkxNC4wIJJjKgBIAVAD&rclk=1"
"Al Carbón y Mar","098 530 2570","","4.3","20","https://www.facebook.com/pages/category/Bar---Grill/Al-Carb%C3%B3n-Mar-165445483986442/","solo_red_social","","true","Parrilla","Jose maria, M. Ayora y Agustin Guerrero, 170135 Quito","Iñaquito, Quito","https://www.google.com/maps/place/Al+Carb%C3%B3n+y+Mar/data=!4m7!3m6!1s0x91d59bca156b5cb7:0x2c0524465efc239c!8m2!3d-0.1705684!4d-78.4840683!16s%2Fg%2F11s8cmmblx!19sChIJt1xrFcqb1ZERnCP8XkYkBSw?authuser=0&hl=es-419&g_ep=EgoyMDI2MDkxNC4wIJJjKgBIAVAD&rclk=1"
"Mojanda Lunch Restaurante","","","4.5","36","","ninguno","","true","Restaurante","Japón y Agustin Guerrero &, 170135 Quito","Iñaquito, Quito","https://www.google.com/maps/place/Mojanda+Lunch+Restaurante/data=!4m7!3m6!1s0x91d59bc884fd27db:0x700c33a9c08d15a2!8m2!3d-0.1710149!4d-78.4829961!16s%2Fg%2F11nfppds72!19sChIJ2yf9hMib1ZERohWNwKkzDHA?authuser=0&hl=es-419&g_ep=EgoyMDI2MDkxNC4wIJJjKgBIAVAD&rclk=1"
"Juan Parrilla, Coffee and grill","099 576 4194","","4.2","59","","ninguno","","true","Restaurante","Agustin Guerrero SN, 140255 Quito","Iñaquito, Quito","https://www.google.com/maps/place/Juan+Parrilla,+Coffee+and+grill/data=!4m7!3m6!1s0x91d59be26897923f:0x5358d62d6525ae10!8m2!3d-0.1706557!4d-78.4834426!16s%2Fg%2F11rw_qjmny!19sChIJP5KXaOKb1ZEREK4lZS3WWFM?authuser=0&hl=es-419&g_ep=EgoyMDI2MDkxNC4wIJJjKgBIAVAD&rclk=1"
"La Parrillita","098 461 8479","","4.5","381","","ninguno","","true","Restaurante","El Telégrafo Oe7-109, 170135 Quito","Iñaquito, Quito","https://www.google.com/maps/place/La+Parrillita/data=!4m7!3m6!1s0x91d59a9b6016222b:0xdd17c857109f61!8m2!3d-0.1726857!4d-78.4810481!16s%2Fg%2F11g9vrf30v!19sChIJKyIWYJua1ZERYZ8QV8gX3QA?authuser=0&hl=es-419&g_ep=EgoyMDI2MDkxNC4wIJJjKgBIAVAD&rclk=1"
"Alli Micuna","099 990 3509","","3.9","504","https://allimicuna.com/contacto/","sitio_propio","","false","Restaurante","Av. Río Coca &, 170138 Quito","Iñaquito, Quito","https://www.google.com/maps/place/Alli+Micuna/data=!4m7!3m6!1s0x91d59b5e5e0f27c9:0xd603c54fc12b09df!8m2!3d-0.1637504!4d-78.478937!16s%2Fg%2F11s34nyz0b!19sChIJyScPXl6b1ZER3wkrwU_FA9Y?authuser=0&hl=es-419&g_ep=EgoyMDI2MDkxNC4wIJJjKgBIAVAD&rclk=1"
"Chilly Li Restaurante","098 313 7071","","3.9","331","http://wa.link/vhbczq","sitio_propio","","false","Restaurante asiático","Bulevar E5-47 y, Quito 170102 CCNU, Local 22, 170506 Quito","Iñaquito, Quito","https://www.google.com/maps/place/Chilly+Li+Restaurante/data=!4m7!3m6!1s0x91d59bb6386de111:0xaa03891854d1bdca!8m2!3d-0.1755797!4d-78.4845043!16s%2Fg%2F11ql1h0bl0!19sChIJEeFtOLab1ZERyr3RVBiJA6o?authuser=0&hl=es-419&g_ep=EgoyMDI2MDkxNC4wIJJjKgBIAVAD&rclk=1"
"Loja Traditional Cuisine","099 838 3520","","4.2","288","https://www.instagram.com/lojacuisine/?hl=en","solo_red_social","","true","Restaurante","entre Japón y Amazonas, Unión Nacional de Periodistas, 170102 Quito","Iñaquito, Quito","https://www.google.com/maps/place/Loja+Traditional+Cuisine/data=!4m7!3m6!1s0x91d59b103b20e227:0x4bac70444e1792d1!8m2!3d-0.1750826!4d-78.4841717!16s%2Fg%2F11j__56pff!19sChIJJ-IgOxCb1ZER0ZIXTkRwrEs?authuser=0&hl=es-419&g_ep=EgoyMDI2MDkxNC4wIJJjKgBIAVAD&rclk=1"
"Restaurante Oppa","","","5","18","","ninguno","","true","Restaurante asiático","El Telégrafo 812-620, 170135 Quito","Iñaquito, Quito","https://www.google.com/maps/place/Restaurante+Oppa/data=!4m7!3m6!1s0x91d59b002e61daed:0x6a3969800fca2a8e!8m2!3d-0.1729454!4d-78.4806479!16s%2Fg%2F11yc4ncc_r!19sChIJ7dphLgCb1ZERjirKD4BpOWo?authuser=0&hl=es-419&g_ep=EgoyMDI2MDkxNC4wIJJjKgBIAVAD&rclk=1"
"La Canoa Manabita","098 355 1230","","4.5","148","","ninguno","","true","Restaurante ecuatoriano","Isla genovesa, e y C. Isla Tortuga, 170143 Quito","Iñaquito, Quito","https://www.google.com/maps/place/La+Canoa+Manabita/data=!4m7!3m6!1s0x91d59a1316852137:0xaac72481b2dd6fff!8m2!3d-0.1657378!4d-78.4815595!16s%2Fg%2F1tp903d6!19sChIJNyGFFhOa1ZER_2_dsoEkx6o?authuser=0&hl=es-419&g_ep=EgoyMDI2MDkxNC4wIJJjKgBIAVAD&rclk=1"
"Las Gaviotas Cevicheria","","","4.4","101","","ninguno","","true","Marisquería","RGH8+X78, Vicente Cárdenas, 170102 Quito","Iñaquito, Quito","https://www.google.com/maps/place/Las+Gaviotas+Cevicheria/data=!4m7!3m6!1s0x91d59b803ba85a2d:0x743474dce8198c3c!8m2!3d-0.1700803!4d-78.4843084!16s%2Fg%2F11skwthxg7!19sChIJLVqoO4Cb1ZERPIwZ6Nx0NHQ?authuser=0&hl=es-419&g_ep=EgoyMDI2MDkxNC4wIJJjKgBIAVAD&rclk=1"
"Bon Ga","(02) 224-6893","","4.5","460","","ninguno","","true","Restaurante de barbacoa coreana","Av. de los Shyris N43-85 y, 170501 Quito","Iñaquito, Quito","https://www.google.com/maps/place/Bon+Ga/data=!4m7!3m6!1s0x91d59aa1c4ae2941:0xd65e96f22d0aa31c!8m2!3d-0.164246!4d-78.4789503!16s%2Fg%2F11b6j48t0v!19sChIJQSmuxKGa1ZERHKMKLfKWXtY?authuser=0&hl=es-419&g_ep=EgoyMDI2MDkxNC4wIJJjKgBIAVAD&rclk=1"
"Sancho Panza “Comida Venezolana”","","","4.4","628","","ninguno","","true","Restaurante","Calle Isla Floreana, e y Isla Santa Fe, 170303 Quito","Iñaquito, Quito","https://www.google.com/maps/place/Sancho+Panza+%E2%80%9CComida+Venezolana%E2%80%9D/data=!4m7!3m6!1s0x91d59b2d1a2d29fb:0xdbab3e42f1c380f9!8m2!3d-0.1675531!4d-78.4810964!16s%2Fg%2F11qvcxzcfl!19sChIJ-yktGi2b1ZER-YDD8UI-q9s?authuser=0&hl=es-419&g_ep=EgoyMDI2MDkxNC4wIJJjKgBIAVAD&rclk=1"
"Restaurante El Rey Peruano","099 776 2634","restauranteelreyperuano@gmail.com\&quot;&gt;restauranteelreyperuano@gmail.com&lt;/a&gt;&lt;/span&gt;&lt;/p&gt;&quot;],&quot;desktop&quot;:[0,{&quot;top&quot;:[0,144],&quot;left&quot;:[0,535],&quot;width&quot;:[0,277],&quot;height&quot;:[0,25]}],&quot;settings&quot;:[0,{&quot;styles&quot;:[0,{&quot;text&quot;:[0,&quot;left&quot;],&quot;align&quot;:[0,&quot;flex-start&quot;],&quot;justify&quot;:[0,&quot;center&quot;],&quot;m-element-margin&quot;:[0,&quot;0; restauranteelreyperuano@gmail.com","4.4","98","http://elreyperuano.com/","sitio_propio","2026","false","Restaurante","Av. Tomás de Berlanga y Isla Genovesa E6 _88, 170501 Quito","Iñaquito, Quito","https://www.google.com/maps/place/Restaurante+El+Rey+Peruano/data=!4m7!3m6!1s0x91d599776dc5b60b:0xe40b8f1fcbf32fb0!8m2!3d-0.1647964!4d-78.4813086!16s%2Fg%2F11pd21kcvg!19sChIJC7bFbXeZ1ZERsC_zyx-PC-Q?authuser=0&hl=es-419&g_ep=EgoyMDI2MDkxNC4wIJJjKgBIAVAD&rclk=1"
"El Chonero","(02) 352-0494","","4.3","768","","ninguno","","true","Restaurante","Av. Tomás de Berlanga E8-111, 170501 Quito","Iñaquito, Quito","https://www.google.com/maps/place/El+Chonero/data=!4m7!3m6!1s0x91d59a9f7ccea301:0x9dd4daaa950ea5c5!8m2!3d-0.1650053!4d-78.4787588!16s%2Fg%2F11c1n396vp!19sChIJAaPOfJ-a1ZERxaUOlara1J0?authuser=0&hl=es-419&g_ep=EgoyMDI2MDkxNC4wIJJjKgBIAVAD&rclk=1"
"La Hueca de Bamboo","099 608 0687","","4.6","40","","ninguno","","true","Restaurante","Edifico Terraza Dreams, Isla San Cristóbal y Av. Río Coca N43-186, 170137 Quito","Iñaquito, Quito","https://www.google.com/maps/place/La+Hueca+de+Bamboo/data=!4m7!3m6!1s0x91d585bb6b64bf05:0x62a06bdcc5d360f1!8m2!3d-0.1628524!4d-78.4816209!16s%2Fg%2F11svcb7p7l!19sChIJBb9ka7uF1ZER8WDTxdxroGI?authuser=0&hl=es-419&g_ep=EgoyMDI2MDkxNC4wIJJjKgBIAVAD&rclk=1"
"Kadir","099 994 2462","","4.6","594","","ninguno","","true","Restaurante turco","RGP8+FM5, Av. Río Amazonas, 170513 Quito","Iñaquito, Quito","https://www.google.com/maps/place/Kadir/data=!4m7!3m6!1s0x91d59aa2641d3ad1:0x59a7119f65c8315c!8m2!3d-0.1638554!4d-78.4832761!16s%2Fg%2F11c3k2wtj7!19sChIJ0TodZKKa1ZERXDHIZZ8Rp1k?authuser=0&hl=es-419&g_ep=EgoyMDI2MDkxNC4wIJJjKgBIAVAD&rclk=1"
"K'pulí","099 368 2665","","4.6","150","https://w.app/RestauranteKpuli","sitio_propio","","false","Restaurante ecuatoriano","Isla San Cristóbal y Av. Tomás de Berlanga N43-28 y, 170506 Quito","Iñaquito, Quito","https://www.google.com/maps/place/K%27pul%C3%AD/data=!4m7!3m6!1s0x91d59aa1275d20af:0xaa6b4eb9d99e3188!8m2!3d-0.1642611!4d-78.4818633!16s%2Fg%2F11cn8thd82!19sChIJryBdJ6Ga1ZERiDGe2blOa6o?authuser=0&hl=es-419&g_ep=EgoyMDI2MDkxNC4wIJJjKgBIAVAD&rclk=1"
"Restaurante Ameli","098 783 5521","","4.2","21","","ninguno","","true","Restaurante árabe","Calle Japón, y y Blvr. Naciones Unidas, Quito","Iñaquito, Quito","https://www.google.com/maps/place/Restaurante+Ameli/data=!4m7!3m6!1s0x91d59b4349737da1:0xe35aa2a3169eb53f!8m2!3d-0.1751269!4d-78.4835531!16s%2Fg%2F11vl8l64kt!19sChIJoX1zSUOb1ZERP7WeFqOiWuM?authuser=0&hl=es-419&g_ep=EgoyMDI2MDkxNC4wIJJjKgBIAVAD&rclk=1"
"El Poblado ""Comida típica colombiana""","099 395 8490","","4.2","109","","ninguno","","true","Restaurante","El poblado Comida típica colombiana, 170501 Quito","Iñaquito, Quito","https://www.google.com/maps/place/El+Poblado+%22Comida+t%C3%ADpica+colombiana%22/data=!4m7!3m6!1s0x91d59bf3ae786761:0x4bc1aabf20336e0c!8m2!3d-0.1681955!4d-78.4790209!16s%2Fg%2F11spdqhcfz!19sChIJYWd4rvOb1ZERDG4zIL-qwUs?authuser=0&hl=es-419&g_ep=EgoyMDI2MDkxNC4wIJJjKgBIAVAD&rclk=1"
"Gran Mei Tou","(02) 225-3104","","4.3","1699","https://www.facebook.com/p/Restaurante-Gran-Mei-Tou-100066842472599/","solo_red_social","","true","Restaurante chino","Av. de los Shyris N 43-106, 170513 Quito","Iñaquito, Quito","https://www.google.com/maps/place/Gran+Mei+Tou/data=!4m7!3m6!1s0x91d59aa1d82af1e3:0xb66ef1c2a2df7c8d!8m2!3d-0.1640986!4d-78.478579!16s%2Fg%2F11cs2wckby!19sChIJ4_Eq2KGa1ZERjXzfosLxbrY?authuser=0&hl=es-419&g_ep=EgoyMDI2MDkxNC4wIJJjKgBIAVAD&rclk=1"
"Vaco y Vaca • Quicentro Norte","099 425 5680","","4.3","3725","http://www.vacoyvaca.com/","sitio_propio","","false","Restaurante","Av. Naciones Unidas, 170135 Quito","Iñaquito, Quito","https://www.google.com/maps/place/Vaco+y+Vaca+%E2%80%A2+Quicentro+Norte/data=!4m7!3m6!1s0x91d59a8382700233:0x6904952eceb1bc66!8m2!3d-0.1763385!4d-78.4804302!16s%2Fg%2F11bv38f6yl!19sChIJMwJwgoOa1ZERZryxzi6VBGk?authuser=0&hl=es-419&g_ep=EgoyMDI2MDkxNC4wIJJjKgBIAVAD&rclk=1"
"Mar Adentro","099 424 0224","","4.3","650","","ninguno","","true","Marisquería","Japón y Av. Naciones Unidas N37-96, 170506 Quito","Iñaquito, Quito","https://www.google.com/maps/place/Mar+Adentro/data=!4m7!3m6!1s0x91d59a84e2235f3d:0xb909d96003d495f0!8m2!3d-0.1751814!4d-78.4835676!16s%2Fg%2F1q5bng495!19sChIJPV8j4oSa1ZER8JXUA2DZCbk?authuser=0&hl=es-419&g_ep=EgoyMDI2MDkxNC4wIJJjKgBIAVAD&rclk=1"
"KAYÚ","(02) 226-6012","","4.4","101","","ninguno","","true","Restaurante ecuatoriano","CC Naciones Unidas, Local PB 31-32-33 Avenida Naciones Unidas, Iñaquito E5-67, Quito","Iñaquito, Quito","https://www.google.com/maps/place/KAY%C3%9A/data=!4m7!3m6!1s0x91d59a8516515c85:0xab14d6cfa5f379b6!8m2!3d-0.1752894!4d-78.4846312!16s%2Fg%2F11g3zn9dml!19sChIJhVxRFoWa1ZERtnnzpc_WFKs?authuser=0&hl=es-419&g_ep=EgoyMDI2MDkxNC4wIJJjKgBIAVAD&rclk=1"
"Las Conchitas de San Lorenzo","226-4939","","4.5","663","","ninguno","","true","Restaurante latinoamericano","Av. Río Coca 1197, 170138 Quito","Iñaquito, Quito","https://www.google.com/maps/place/Las+Conchitas+de+San+Lorenzo/data=!4m7!3m6!1s0x91d59a9f633c1501:0xf28083e0927c0ace!8m2!3d-0.1631377!4d-78.4772962!16s%2Fg%2F1w1137p3!19sChIJARU8Y5-a1ZERzgp8kuCDgPI?authuser=0&hl=es-419&g_ep=EgoyMDI2MDkxNC4wIJJjKgBIAVAD&rclk=1"
"Restaurante Verde Viche's","098 008 1058","","4.5","8","","ninguno","","true","Restaurante familiar","39 y El Telégrafo E7 E7 - 10, 170506 Quito","Iñaquito, Quito","https://www.google.com/maps/place/Restaurante+Verde+Viche%27s/data=!4m7!3m6!1s0x91d59b002052d9ff:0x263bd78af89db09!8m2!3d-0.1726773!4d-78.4819628!16s%2Fg%2F11vm7bv7y0!19sChIJ_9lSIACb1ZERCduJr3i9YwI?authuser=0&hl=es-419&g_ep=EgoyMDI2MDkxNC4wIJJjKgBIAVAD&rclk=1"
"Trattoria by Casa Vecchia","098 221 1610","","4.4","36","","ninguno","","true","Restaurante italiano","Nuñez de Vela N37-212 y, Av. Juan José de Villalengua, 170507 Quito","Iñaquito, Quito","https://www.google.com/maps/place/Trattoria+by+Casa+Vecchia/data=!4m7!3m6!1s0x91d59b8502b1f869:0xb6e73ecd4263cb58!8m2!3d-0.1734757!4d-78.4865905!16s%2Fg%2F11g_r4vnk3!19sChIJafixAoWb1ZERWMtjQs0-57Y?authuser=0&hl=es-419&g_ep=EgoyMDI2MDkxNC4wIJJjKgBIAVAD&rclk=1"
"Comida mundo magico","098 178 8250","","4.3","68","","ninguno","","true","Restaurante","Japón 39-207 y, Vicente Cárdenas esquina, 170135 Quito","Iñaquito, Quito","https://www.google.com/maps/place/Comida+mundo+magico/data=!4m7!3m6!1s0x91d59b4269ba8f05:0xa934b96573057e1a!8m2!3d-0.1703838!4d-78.482904!16s%2Fg%2F11ss0fzs0h!19sChIJBY-6aUKb1ZERGn4Fc2W5NKk?authuser=0&hl=es-419&g_ep=EgoyMDI2MDkxNC4wIJJjKgBIAVAD&rclk=1"
"Las Palmeras","5932247007","","4.4","722","http://www.laspalmeras.com.ec/","sitio_propio","","false","Marisquería","Río Cofanes y Isla Española &, 170513 Quito","Iñaquito, Quito","https://www.google.com/maps/place/Las+Palmeras/data=!4m7!3m6!1s0x91d59aa2fe5c97c7:0xf008d49bceeaeac6!8m2!3d-0.1624715!4d-78.4840006!16s%2Fg%2F11dy1ljmnx!19sChIJx5dc_qKa1ZERxurqzpvUCPA?authuser=0&hl=es-419&g_ep=EgoyMDI2MDkxNC4wIJJjKgBIAVAD&rclk=1"
"La Natalia","099 275 2072","","4.6","718","","ninguno","","true","Restaurante de alta cocina","LT-167 Market place, Av. Mariscal Sucre, 170528 Quito","Iñaquito, Quito","https://www.google.com/maps/place/La+Natalia/data=!4m7!3m6!1s0x91d59abf8e0a42b1:0x60c73ab255ce906c!8m2!3d-0.1602413!4d-78.4962948!16s%2Fg%2F11fcv7m533!19sChIJsUIKjr-a1ZERbJDOVbI6x2A?authuser=0&hl=es-419&g_ep=EgoyMDI2MDkxNC4wIJJjKgBIAVAD&rclk=1"
"Restaurante Alhambre Quito","","","4.6","472","","ninguno","","true","Restaurante mexicano","Isla Genovesa E42-107, 170501 Quito","Iñaquito, Quito","https://www.google.com/maps/place/Restaurante+Alhambre+Quito/data=!4m7!3m6!1s0x91d591e54a19b155:0x88f811bf92fc886a!8m2!3d-0.165197!4d-78.4816207!16s%2Fg%2F11h6s0j54v!19sChIJVbEZSuWR1ZERaoj8kr8R-Ig?authuser=0&hl=es-419&g_ep=EgoyMDI2MDkxNC4wIJJjKgBIAVAD&rclk=1"
"Bifes de La vaca","096 279 5538","info@losbifesdelavaca.com","4.7","2882","http://www.losbifesdelavaca.com/","sitio_propio","","false","Restaurante de carnes asadas","Av. Isla Floreana E6-29, 170513 Quito","Iñaquito, Quito","https://www.google.com/maps/place/Bifes+de+La+vaca/data=!4m7!3m6!1s0x91d59a99222a14bb:0xa6c24a80d2312e2a!8m2!3d-0.1672909!4d-78.4821929!16s%2Fg%2F11c3k2xf6_!19sChIJuxQqIpma1ZERKi4x0oBKwqY?authuser=0&hl=es-419&g_ep=EgoyMDI2MDkxNC4wIJJjKgBIAVAD&rclk=1"
"Spanes","(02) 244-4597","","4.2","848","http://www.spanes.com.ec/","sitio_propio","","false","Restaurante colombiano","Edificio Axxios, Av. de los Shyris N42-145, 170513 Quito","Iñaquito, Quito","https://www.google.com/maps/place/Spanes/data=!4m7!3m6!1s0x91d59a9f6c97b359:0xc22be155e4b53395!8m2!3d-0.1656571!4d-78.4788674!16s%2Fg%2F11clwlx75l!19sChIJWbOXbJ-a1ZERlTO15FXhK8I?authuser=0&hl=es-419&g_ep=EgoyMDI2MDkxNC4wIJJjKgBIAVAD&rclk=1"
"Q-Bolón -Tomás de Berlanga","096 147 7108","info@qbolon.com","4.5","2649","https://www.qbolon.com/","sitio_propio","2021","true","Restaurante ecuatoriano","Av. Tomás de Berlanga y Av. de los Shyris E8-120 y, 170513 Quito","Iñaquito, Quito","https://www.google.com/maps/place/Q-Bol%C3%B3n+-Tom%C3%A1s+de+Berlanga/data=!4m7!3m6!1s0x91d59a9f7a594d41:0x73ad5f8db2f27240!8m2!3d-0.1652611!4d-78.4787231!16s%2Fg%2F11cn3py8fq!19sChIJQU1Zep-a1ZERQHLyso1frXM?authuser=0&hl=es-419&g_ep=EgoyMDI2MDkxNC4wIJJjKgBIAVAD&rclk=1"
"Manna Lemon Tree","(02) 226-2308","","4.2","508","https://www.instagram.com/manna_quito/?hl=es-la","solo_red_social","","true","Restaurante coreano","Unión Nacional de Periodistas 4080, 170135 Quito","Iñaquito, Quito","https://www.google.com/maps/place/Manna+Lemon+Tree/data=!4m7!3m6!1s0x91d59a85235b3adf:0x1f4ac26635c7cd77!8m2!3d-0.1749482!4d-78.4844204!16s%2Fg%2F11c57stkmj!19sChIJ3zpbI4Wa1ZERd83HNWbCSh8?authuser=0&hl=es-419&g_ep=EgoyMDI2MDkxNC4wIJJjKgBIAVAD&rclk=1"
"Café Restaurante Leche y Miel","098 650 7047","","4.5","13","","ninguno","","true","Restaurante","RGH7+G5Q, 170102 Quito","Iñaquito, Quito","https://www.google.com/maps/place/Caf%C3%A9+Restaurante+Leche+y+Miel/data=!4m7!3m6!1s0x91d59bcc796ff34f:0xb3b1faec923cfaf0!8m2!3d-0.171152!4d-78.4870289!16s%2Fg%2F11j94k9ncj!19sChIJT_Nvecyb1ZER8Po8kuz6sbM?authuser=0&hl=es-419&g_ep=EgoyMDI2MDkxNC4wIJJjKgBIAVAD&rclk=1"
"El Sabroso Hornado","098 304 8595","","4.4","27","","ninguno","","true","Restaurante ecuatoriano","RGH7+7G8, Alfonso Pereira, 170102 Quito","Iñaquito, Quito","https://www.google.com/maps/place/El+Sabroso+Hornado/data=!4m7!3m6!1s0x91d59a9a8722eab5:0x30c5865ee4dc1161!8m2!3d-0.17183!4d-78.4861706!16s%2Fg%2F11gm7hkh_k!19sChIJteoih5qa1ZERYRHc5F6GxTA?authuser=0&hl=es-419&g_ep=EgoyMDI2MDkxNC4wIJJjKgBIAVAD&rclk=1"
"D'La Calle","098 455 5623","","4.6","545","https://www.facebook.com/DLACALLE.EC/","solo_red_social","","true","Restaurante","Tomás de Berlanga E 10-40 y París, 170501 Quito","Iñaquito, Quito","https://www.google.com/maps/place/D%27La+Calle/data=!4m7!3m6!1s0x91d59a9f9b517831:0x61d1a9fb8ccbeb59!8m2!3d-0.1654677!4d-78.477654!16s%2Fg%2F11f4lf7g27!19sChIJMXhRm5-a1ZERWevLjPup0WE?authuser=0&hl=es-419&g_ep=EgoyMDI2MDkxNC4wIJJjKgBIAVAD&rclk=1"
"Tasty Korean Food","098 686 0317","","4.6","1103","https://www.instagram.com/tasty_korean_food/","solo_red_social","","true","Restaurante coreano","El comercio E10-113 y, El Día esquina, 170505 Quito","Iñaquito, Quito","https://www.google.com/maps/place/Tasty+Korean+Food/data=!4m7!3m6!1s0x91d59a7c342eadad:0xb325d53a1b2e9ea6!8m2!3d-0.1757967!4d-78.4783663!16s%2Fg%2F11dxnwbnd7!19sChIJra0uNHya1ZERpp4uGzrVJbM?authuser=0&hl=es-419&g_ep=EgoyMDI2MDkxNC4wIJJjKgBIAVAD&rclk=1"
"El GATO RECARGADO","098 323 5549","","4.3","836","https://www.facebook.com/gatorecargado/","solo_red_social","","true","Marisquería","entrando por el telégrafo, Quito Tiempo, y y Roma, 170506 Quito","Iñaquito, Quito","https://www.google.com/maps/place/El+GATO+RECARGADO/data=!4m7!3m6!1s0x91d59a84c9a1e5b7:0x12fe17d1ed2362b5!8m2!3d-0.1739617!4d-78.4822392!16s%2Fg%2F11gf5nght_!19sChIJt-WhyYSa1ZERtWIj7dEX_hI?authuser=0&hl=es-419&g_ep=EgoyMDI2MDkxNC4wIJJjKgBIAVAD&rclk=1"
"Restaurante Cevicheria Rompe Colchon Quito","098 440 2753","","4.5","2164","","ninguno","","true","Marisquería","Republica del Salvador, y y Suecia, 170102 Quito","Iñaquito, Quito","https://www.google.com/maps/place/Restaurante+Cevicheria+Rompe+Colchon+Quito/data=!4m7!3m6!1s0x91d59bf1de4bc5b7:0x3c0f57a5d188d28a!8m2!3d-0.1795679!4d-78.4800182!16s%2Fg%2F11j3w8pnd4!19sChIJt8VL3vGb1ZERitKI0aVXDzw?authuser=0&hl=es-419&g_ep=EgoyMDI2MDkxNC4wIJJjKgBIAVAD&rclk=1"
"Cevicheria Cedeños | Av Shyris","095 991 0006","","4.3","2028","https://www.facebook.com/cedenoscevicheria/","solo_red_social","","true","Marisquería","RGPC+PFQ, Av. de los Shyris, 170513 Quito","Iñaquito, Quito","https://www.google.com/maps/place/Cevicheria+Cede%C3%B1os+%7C+Av+Shyris/data=!4m7!3m6!1s0x91d59aa1b69b0a27:0x66cd8fd0f1286987!8m2!3d-0.1631571!4d-78.4787549!16s%2Fg%2F11bzq19018!19sChIJJwqbtqGa1ZERh2ko8dCPzWY?authuser=0&hl=es-419&g_ep=EgoyMDI2MDkxNC4wIJJjKgBIAVAD&rclk=1"
"Naruto Sushi & Ramen","099 245 5584","","4.6","314","","ninguno","","true","Restaurante japonés","QGV6+HHQ, 170143 Quito","Iñaquito, Quito","https://www.google.com/maps/place/Naruto+Sushi+%26+Ramen/data=!4m7!3m6!1s0x91d59b4ed013f681:0xc38bf073a6906fb0!8m2!3d-0.1743338!4d-78.4824621!16s%2Fg%2F11rr5d_z_7!19sChIJgfYT0E6b1ZERsG-QpnPwi8M?authuser=0&hl=es-419&g_ep=EgoyMDI2MDkxNC4wIJJjKgBIAVAD&rclk=1"
"Hamburguesas de Rusty - Shyris","(02) 245-1098","","4.6","5198","http://www.rusty.com.ec/","sitio_propio","","false","Hamburguesería","Av. de los Shyris N43-157, 170513 Quito","Iñaquito, Quito","https://www.google.com/maps/place/Hamburguesas+de+Rusty+-+Shyris/data=!4m7!3m6!1s0x91d59aa1b8153209:0x67ad7ce63955066e!8m2!3d-0.1635644!4d-78.4789445!16s%2Fg%2F1pp2vbwjc!19sChIJCTIVuKGa1ZERbgZVOeZ8rWc?authuser=0&hl=es-419&g_ep=EgoyMDI2MDkxNC4wIJJjKgBIAVAD&rclk=1"
"P.F. Chang's Quito - Restaurante Asiático","093 905 9331","","4.3","235","http://www.pfchangs.com/","sitio_propio","","false","Restaurante chino","Quicentro Norte, 170135 Quito","Iñaquito, Quito","https://www.google.com/maps/place/P.F.+Chang%27s+Quito+-+Restaurante+Asi%C3%A1tico/data=!4m7!3m6!1s0x91d59bba7b934919:0xba08658a5aac09df!8m2!3d-0.1765138!4d-78.4793128!16s%2Fg%2F11txclln8v!19sChIJGUmTe7qb1ZER3wmsWoplCLo?authuser=0&hl=es-419&g_ep=EgoyMDI2MDkxNC4wIJJjKgBIAVAD&rclk=1"
"LA ESTANCIA DEL SABOR","","","4.7","17","","ninguno","","true","Restaurante argentino","Av. Río Amazonas 41-95y, 170513 Quito","Iñaquito, Quito","https://www.google.com/maps/place/LA+ESTANCIA+DEL+SABOR/data=!4m7!3m6!1s0x91d59b278f021e85:0x75108421b0705095!8m2!3d-0.1666506!4d-78.484296!16s%2Fg%2F11h91d9l_b!19sChIJhR4Cjyeb1ZERlVBwsCGEEHU?authuser=0&hl=es-419&g_ep=EgoyMDI2MDkxNC4wIJJjKgBIAVAD&rclk=1"
"La Ponderosa","099 876 4379","","4.3","671","","ninguno","","true","Restaurante ecuatoriano","Isla Fernandina, 170137 Quito","Iñaquito, Quito","https://www.google.com/maps/place/La+Ponderosa/data=!4m7!3m6!1s0x91d58540733dedaf:0x274dccb063169187!8m2!3d-0.1655873!4d-78.4810507!16s%2Fg%2F11r9mq206!19sChIJr-09c0CF1ZERh5EWY7DMTSc?authuser=0&hl=es-419&g_ep=EgoyMDI2MDkxNC4wIJJjKgBIAVAD&rclk=1"
"Rock + Japón","098 243 4543","gerencia@amoelrock.com","4.6","80","http://www.amoelrock.com/","sitio_propio","","false","Restaurante","Japón N37-96, 170102 Quito","Iñaquito, Quito","https://www.google.com/maps/place/Rock+%2B+Jap%C3%B3n/data=!4m7!3m6!1s0x91d59184cb6c6fa7:0xca43448b34a48b9d!8m2!3d-0.1752301!4d-78.48356!16s%2Fg%2F11sck50tfc!19sChIJp29sy4SR1ZERnYukNItEQ8o?authuser=0&hl=es-419&g_ep=EgoyMDI2MDkxNC4wIJJjKgBIAVAD&rclk=1"
"Jocay","099 015 0700","info@jocay.com&amp;amp;quot;&amp;amp;gt;déjenos; info@jocay.com; jocay.amazonas@jocay.com; jocay.america@jocay.com","4","289","http://www.jocay.com/","sitio_propio","2026","false","Marisquería","Av. Río Amazonas N39-149, 170507 Quito","Iñaquito, Quito","https://www.google.com/maps/place/Jocay/data=!4m7!3m6!1s0x91d59a9a3c79e13b:0xffd45ef3da8b0f4c!8m2!3d-0.1702476!4d-78.4848542!16s%2Fg%2F11c1xsfd36!19sChIJO-F5PJqa1ZERTA-L2vNe1P8?authuser=0&hl=es-419&g_ep=EgoyMDI2MDkxNC4wIJJjKgBIAVAD&rclk=1"
"Cangrejo con Guayabera Quito","096 359 9749","","4.6","702","https://m.facebook.com/cangrejoconguayaberacumbaya/","solo_red_social","","true","Restaurante","Tomas de Berlanga N43 E7A e, Isla Santa Fe, 170501 Quito","Iñaquito, Quito","https://www.google.com/maps/place/Cangrejo+con+Guayabera+Quito/data=!4m7!3m6!1s0x91d591267fada0fb:0x555b1a49e5235a32!8m2!3d-0.1650104!4d-78.4804104!16s%2Fg%2F11gh6vqwlh!19sChIJ-6CtfyaR1ZERMloj5UkaW1U?authuser=0&hl=es-419&g_ep=EgoyMDI2MDkxNC4wIJJjKgBIAVAD&rclk=1"
"Restaurant Lai Lai","(02) 245-0319","soportejustoapp@getjusto.com\; condado@lailai.com.ec; foch@lailai.com.ec; tumbaco@lailai.com.ec; floreana@lailai.com.ec; u003efloreana@lailai.com.ec; u003econdado@lailai.com.ec; u003efoch@lailai.com.ec; u003etumbaco@lailai.com.ec; u003ejustocolombia@getjusto.com; soportejustoapp@getjusto.com; u003esoportejustoapp@getjusto.com; kcnhv@s.of","4.1","1104","http://www.lailai.com.ec/","sitio_propio","","false","Restaurante","Río Coca, e y Isla Seymour, Quito","Iñaquito, Quito","https://www.google.com/maps/place/Restaurant+Lai+Lai/data=!4m7!3m6!1s0x91d59aa19e9440bd:0xa83a6592ae8741c3!8m2!3d-0.162752!4d-78.4796062!16s%2Fg%2F11c475fpbx!19sChIJvUCUnqGa1ZERw0GHrpJlOqg?authuser=0&hl=es-419&g_ep=EgoyMDI2MDkxNC4wIJJjKgBIAVAD&rclk=1"
"Dulces Arabes Syria","099 922 5279","","4.6","274","","ninguno","","true","Restaurante","Av. de los Shyris N43-13, 170513 Quito","Iñaquito, Quito","https://www.google.com/maps/place/Dulces+Arabes+Syria/data=!4m7!3m6!1s0x91d59a9f66629bab:0x42ae7826d8627655!8m2!3d-0.1648758!4d-78.4791039!16s%2Fg%2F11c5ztj0xs!19sChIJq5tiZp-a1ZERVXZi2CZ4rkI?authuser=0&hl=es-419&g_ep=EgoyMDI2MDkxNC4wIJJjKgBIAVAD&rclk=1"
"Mi Cocina","(02) 224-1210","","4.2","828","","ninguno","","true","Restaurante ecuatoriano","Plaza Megamaxi, Av. 6 de Diciembre, Quito","Iñaquito, Quito","https://www.google.com/maps/place/Mi+Cocina/data=!4m7!3m6!1s0x91d59a810afac031:0xaae2e2ecae16f5e9!8m2!3d-0.1800825!4d-78.478193!16s%2Fg%2F11btvlhl6p!19sChIJMcD6CoGa1ZER6fUWruzi4qo?authuser=0&hl=es-419&g_ep=EgoyMDI2MDkxNC4wIJJjKgBIAVAD&rclk=1"
"International House of Pancakes IHOP","","","4.4","1457","https://www.elrosado.com/home/IhopG","sitio_propio","","false","Restaurante de desayunos","Tomas de Berlanga, Y y Lara Manriquez, 170513 Quito","Iñaquito, Quito","https://www.google.com/maps/place/International+House+of+Pancakes+IHOP/data=!4m7!3m6!1s0x91d59be1e94faac1:0x1045d5509900675a!8m2!3d-0.1659021!4d-78.4758186!16s%2Fg%2F11t75s6hbz!19sChIJwapP6eGb1ZERWmcAmVDVRRA?authuser=0&hl=es-419&g_ep=EgoyMDI2MDkxNC4wIJJjKgBIAVAD&rclk=1"
"Quito Rico","098 331 8813","","4.2","46","","ninguno","","true","Restaurante ecuatoriano","Av. Isla Floreana E4-144, 170102 Quito","Iñaquito, Quito","https://www.google.com/maps/place/Quito+Rico/data=!4m7!3m6!1s0x91d59a99008ef20f:0xe2a523aac20ed151!8m2!3d-0.1673803!4d-78.4837341!16s%2Fg%2F11b8v9rd84!19sChIJD_KOAJma1ZERUdEOwqojpeI?authuser=0&hl=es-419&g_ep=EgoyMDI2MDkxNC4wIJJjKgBIAVAD&rclk=1"
"Los Troncos, El hogar del fuego!","098 453 5375","","4","124","","ninguno","","true","Restaurante","Av. Naciones Unidas 1, 170102 Quito","Iñaquito, Quito","https://www.google.com/maps/place/Los+Troncos,+El+hogar+del+fuego!/data=!4m7!3m6!1s0x91d59b798f1ab213:0xf5e467194d2215d4!8m2!3d-0.1762966!4d-78.4797205!16s%2Fg%2F11stjlm1xl!19sChIJE7Iaj3mb1ZER1BUiTRln5PU?authuser=0&hl=es-419&g_ep=EgoyMDI2MDkxNC4wIJJjKgBIAVAD&rclk=1"
"Chili's Riocentro Shopping - Quito","097 968 4446","","4.3","389","https://www.chilis.com.ec/locales/#","sitio_propio","","false","Restaurante americano","170102 Quito","Iñaquito, Quito","https://www.google.com/maps/place/Chili%27s+Riocentro+Shopping+-+Quito/data=!4m7!3m6!1s0x91d59bcda17a1481:0xd7b64bcd1997da5b!8m2!3d-0.1666179!4d-78.4761667!16s%2Fg%2F11t7sj26ny!19sChIJgRR6oc2b1ZERW9qXGc1Lttc?authuser=0&hl=es-419&g_ep=EgoyMDI2MDkxNC4wIJJjKgBIAVAD&rclk=1"
"LA HUECA DE LA PRECIOSA","","","4.5","18","","ninguno","","true","Restaurante","Av. 10 de Agosto 5776, 170135 Quito","Iñaquito, Quito","https://www.google.com/maps/place/LA+HUECA+DE+LA+PRECIOSA/data=!4m7!3m6!1s0x91d59a908821c377:0x7b857c5ebe7e6c21!8m2!3d-0.1712925!4d-78.4873566!16s%2Fg%2F11hbqbcvj8!19sChIJd8MhiJCa1ZERIWx-vl58hXs?authuser=0&hl=es-419&g_ep=EgoyMDI2MDkxNC4wIJJjKgBIAVAD&rclk=1"
"AlliMikuna - Comida típica Ecuatoriana","099 990 3509","","3.7","34","https://www.facebook.com/comidatipicaec","solo_red_social","","true","Restaurante","Iñaquito 38-131 y, 170507 Quito","Iñaquito, Quito","https://www.google.com/maps/place/AlliMikuna+-+Comida+t%C3%ADpica+Ecuatoriana/data=!4m7!3m6!1s0x91d59ba27badcef5:0x7bd9c88f16cdeafc!8m2!3d-0.1716843!4d-78.4868998!16s%2Fg%2F11jqb63vth!19sChIJ9c6te6Kb1ZER_OrNFo_I2Xs?authuser=0&hl=es-419&g_ep=EgoyMDI2MDkxNC4wIJJjKgBIAVAD&rclk=1"
"Jin Yuan Jiu Lou","096 899 2099","","4.2","99","","ninguno","","true","Restaurante chino","Av. Río Amazonas y Isla Baltra &, 170102 Quito","Iñaquito, Quito","https://www.google.com/maps/place/Jin+Yuan+Jiu+Lou/data=!4m7!3m6!1s0x91d59a9850c4eb17:0xe45c47275e9f672a!8m2!3d-0.1666639!4d-78.4841347!16s%2Fg%2F11cr_0cdsl!19sChIJF-vEUJia1ZERKmefXidHXOQ?authuser=0&hl=es-419&g_ep=EgoyMDI2MDkxNC4wIJJjKgBIAVAD&rclk=1"
"Quito Lunch Cafe Restaurante","099 909 1128","","4.3","80","","ninguno","","true","Restaurante ecuatoriano","Av. 6 de Diciembre y Turquía, 170135 Quito","Iñaquito, Quito","https://www.google.com/maps/place/Quito+Lunch+Cafe+Restaurante/data=!4m7!3m6!1s0x91d59a795cc5b1a7:0xca66e6a87c843c84!8m2!3d-0.1788973!4d-78.4783387!16s%2Fg%2F11bw7d7svf!19sChIJp7HFXHma1ZERhDyEfKjmZso?authuser=0&hl=es-419&g_ep=EgoyMDI2MDkxNC4wIJJjKgBIAVAD&rclk=1"
"Chifa Jao Fua","","","4.4","401","","ninguno","","true","Restaurante chino","Av. Río Amazonas, 170102 Quito","Iñaquito, Quito","https://www.google.com/maps/place/Chifa+Jao+Fua/data=!4m7!3m6!1s0x91d59a99a8c07c93:0x23aa7794b688790c!8m2!3d-0.1676351!4d-78.4839953!16s%2Fg%2F11c5hx92yy!19sChIJk3zAqJma1ZERDHmItpR3qiM?authuser=0&hl=es-419&g_ep=EgoyMDI2MDkxNC4wIJJjKgBIAVAD&rclk=1"
"Listo - Previsora","","trabajo4@3x.avif; trabajo1@3x.avif","4","114","http://www.primax.com.ec/","sitio_propio","2026","false","Restaurante","Av. Naciones Unidas, 170135 Quito","Iñaquito, Quito","https://www.google.com/maps/place/Listo+-+Previsora/data=!4m7!3m6!1s0x91d59ba90450002b:0xad2912400b92e9f!8m2!3d-0.1751849!4d-78.4864489!16s%2Fg%2F11l9c8j2ry!19sChIJKwBQBKmb1ZERny65ACSR0go?authuser=0&hl=es-419&g_ep=EgoyMDI2MDkxNC4wIJJjKgBIAVAD&rclk=1"
"Maki Sushi","098 756 2308","makipedidoscumbaya@gmail.com","4.4","209","http://www.maki.com.ec/","sitio_propio","","false","Restaurante de sushi","170102 Quito","Iñaquito, Quito","https://www.google.com/maps/place/Maki+Sushi/data=!4m7!3m6!1s0x91d59bfe85b3cfa5:0x1ef25dc2fe74cf40!8m2!3d-0.1660192!4d-78.4757433!16s%2Fg%2F11t9btl8mr!19sChIJpc-zhf6b1ZERQM90_sJd8h4?authuser=0&hl=es-419&g_ep=EgoyMDI2MDkxNC4wIJJjKgBIAVAD&rclk=1"
"Hornados Laurita","098 321 6465","","4.2","162","","ninguno","","true","Restaurante","Mercado Iñaquito, Local N 4, Alfonso Pereira, Quito","Iñaquito, Quito","https://www.google.com/maps/place/Hornados+Laurita/data=!4m7!3m6!1s0x91d59a908184f835:0xf348f86b291da7d6!8m2!3d-0.1719393!4d-78.486146!16s%2Fg%2F11f1x2qld3!19sChIJNfiEgZCa1ZER1qcdKWv4SPM?authuser=0&hl=es-419&g_ep=EgoyMDI2MDkxNC4wIJJjKgBIAVAD&rclk=1"
"Aristeo | Burguers y Ribs","096 356 6874","","4.5","2098","","ninguno","","true","Restaurante","Av. Tomás de Berlanga y e, 170102 Quito","Iñaquito, Quito","https://www.google.com/maps/place/Aristeo+%7C+Burguers+y+Ribs/data=!4m7!3m6!1s0x91d59b9d046aee17:0xf5167a4a76bb4285!8m2!3d-0.165333!4d-78.4828276!16s%2Fg%2F11s1nyx9c8!19sChIJF-5qBJ2b1ZERhUK7dkp6FvU?authuser=0&hl=es-419&g_ep=EgoyMDI2MDkxNC4wIJJjKgBIAVAD&rclk=1"
"Mei Lei Wha","(02) 246-6708","","4","474","","ninguno","","true","Restaurante chino","RGCC+HJW, Av. 6 de Diciembre, 170135 Quito","Iñaquito, Quito","https://www.google.com/maps/place/Mei+Lei+Wha/data=!4m7!3m6!1s0x91d59a83d42e7acd:0x50e32c204afb56fe!8m2!3d-0.1785235!4d-78.4784188!16s%2Fg%2F11gfbyk8qs!19sChIJzXou1IOa1ZER_lb7SiAs41A?authuser=0&hl=es-419&g_ep=EgoyMDI2MDkxNC4wIJJjKgBIAVAD&rclk=1"
"Petit Crepe","","","4.3","736","","ninguno","","true","Restaurante","Av. Río Coca y Av. Río Amazonas E4-116, 170501 Quito","Iñaquito, Quito","https://www.google.com/maps/place/Petit+Crepe/data=!4m7!3m6!1s0x91d59aa3b11b766b:0xe05b021acea45142!8m2!3d-0.162092!4d-78.4827826!16s%2Fg%2F11gds4cr9b!19sChIJa3YbsaOa1ZERQlGkzhoCW-A?authuser=0&hl=es-419&g_ep=EgoyMDI2MDkxNC4wIJJjKgBIAVAD&rclk=1"
"El Hornero Republica del Salvador","099 900 5005","","4.5","2511","https://elhornero.com.ec/","sitio_propio","","false","Restaurante","Av. República de El Salvador N36-149, 170505 Quito","Iñaquito, Quito","https://www.google.com/maps/place/El+Hornero+Republica+del+Salvador/data=!4m7!3m6!1s0x91d59a83e89f5727:0x845e546a9c757e08!8m2!3d-0.1783227!4d-78.4798348!16s%2Fg%2F11c15x8s0w!19sChIJJ1ef6IOa1ZERCH51nGpUXoQ?authuser=0&hl=es-419&g_ep=EgoyMDI2MDkxNC4wIJJjKgBIAVAD&rclk=1"
"Ch Farina a lado del club de leones","(02) 244-4444","","4.2","2552","https://www.chfarina.com/","sitio_propio","","false","Pizzería","Iñaquito &, 170102 Quito","Iñaquito, Quito","https://www.google.com/maps/place/Ch+Farina+a+lado+del+club+de+leones/data=!4m7!3m6!1s0x91d59a856b68fbe9:0xf8afbb64b184d010!8m2!3d-0.1749706!4d-78.4871643!16s%2Fg%2F1tjbt77b!19sChIJ6ftoa4Wa1ZERENCEsWS7r_g?authuser=0&hl=es-419&g_ep=EgoyMDI2MDkxNC4wIJJjKgBIAVAD&rclk=1"
"Texas Chicken","1800 100 700","","4","349","http://texaschicken.com.ec/","sitio_propio","2026","false","Restaurante especializado en pollo","RGJ8+F9W, Av. Río Amazonas, 170102 Quito","Iñaquito, Quito","https://www.google.com/maps/place/Texas+Chicken/data=!4m7!3m6!1s0x91d59a999c5e05a1:0xe1837d1e6f9c743a!8m2!3d-0.1687543!4d-78.4840389!16s%2Fg%2F11bwp2j7g6!19sChIJoQVenJma1ZEROnScbx59g-E?authuser=0&hl=es-419&g_ep=EgoyMDI2MDkxNC4wIJJjKgBIAVAD&rclk=1"
"TORTERIA EL ANDARIEGO","099 086 1148","","4.2","453","https://www.instagram.com/torteria_el_andariego/?hl=es","solo_red_social","","true","Restaurante mexicano","Isla Santa Fe n43-90, 170137 Quito","Iñaquito, Quito","https://www.google.com/maps/place/TORTERIA+EL+ANDARIEGO/data=!4m7!3m6!1s0x91d59b844754acc5:0xeede7d83964fd418!8m2!3d-0.1638652!4d-78.4799778!16s%2Fg%2F11m7gmw281!19sChIJxaxUR4Sb1ZERGNRPloN93u4?authuser=0&hl=es-419&g_ep=EgoyMDI2MDkxNC4wIJJjKgBIAVAD&rclk=1"
"Sushimoto | Calle Finlandia","096 330 0081","","4.6","2353","http://sushimoto.ec/","sitio_propio","","false","Restaurante de sushi","Finlandia, 170135 Quito","Iñaquito, Quito","https://www.google.com/maps/place/Sushimoto+%7C+Calle+Finlandia/data=!4m7!3m6!1s0x91d59be5e0875e3f:0xfbb8110d8bf9089a!8m2!3d-0.1784828!4d-78.4801539!16s%2Fg%2F11ptpnpk0z!19sChIJP16H4OWb1ZERmgj5iw0RuPs?authuser=0&hl=es-419&g_ep=EgoyMDI2MDkxNC4wIJJjKgBIAVAD&rclk=1"
"Cevicheria Manabiche - Amazonas (Desde 1994 Los originales)","098 375 0812","","4.1","1042","http://www.manabiche.com/","sitio_propio","2019","true","Marisquería","Av. Río Amazonas &, 170513 Quito","Iñaquito, Quito","https://www.google.com/maps/place/Cevicheria+Manabiche+-+Amazonas+%28Desde+1994+Los+originales%29/data=!4m7!3m6!1s0x91d59a9c0dc34ed3:0x7a93dfefb7c6dc3e!8m2!3d-0.1685008!4d-78.4839597!16s%2Fg%2F11hb37xn6k!19sChIJ007DDZya1ZERPtzGt-_fk3o?authuser=0&hl=es-419&g_ep=EgoyMDI2MDkxNC4wIJJjKgBIAVAD&rclk=1"
"MonoBolón","","","4","1355","http://monobolon.com/","sitio_propio","","true","Restaurante ecuatoriano","Av. República de El Salvador N36-109, 170135 Quito","Iñaquito, Quito","https://www.google.com/maps/place/MonoBol%C3%B3n/data=!4m7!3m6!1s0x91d59a814a31395f:0xd03b2a7d7724b415!8m2!3d-0.1790097!4d-78.4799833!16s%2Fg%2F11c1pbzn4w!19sChIJXzkxSoGa1ZERFbQkd30qO9A?authuser=0&hl=es-419&g_ep=EgoyMDI2MDkxNC4wIJJjKgBIAVAD&rclk=1"
"Pizzeria Amici Miei","099 841 2014","","4.6","796","","ninguno","","true","Pizzería","Vicente Cárdenas E5-57, 170102 Quito","Iñaquito, Quito","https://www.google.com/maps/place/Pizzeria+Amici+Miei/data=!4m7!3m6!1s0x91d59b4f8ac52a0f:0xab1030d81ca9573!8m2!3d-0.170115!4d-78.4832868!16s%2Fg%2F11fcr0p9y1!19sChIJDyrFik-b1ZERc5XKgQ0DsQo?authuser=0&hl=es-419&g_ep=EgoyMDI2MDkxNC4wIJJjKgBIAVAD&rclk=1"
"Casserole Caffè","096 874 1328","","4.4","1007","https://linktr.ee/casserolecaffe","solo_red_social","","true","Restaurante","Vicente Cárdenas, y y Japón, 170501 Quito","Iñaquito, Quito","https://www.google.com/maps/place/Casserole+Caff%C3%A8/data=!4m7!3m6!1s0x91d5903065e6d771:0xb7d959d58ba7078a!8m2!3d-0.1703543!4d-78.4821209!16s%2Fg%2F11ck4d8cyn!19sChIJcdfmZTCQ1ZERigeni9VZ2bc?authuser=0&hl=es-419&g_ep=EgoyMDI2MDkxNC4wIJJjKgBIAVAD&rclk=1"
"Naru","(02) 244-9596","","4.4","197","https://www.facebook.com/NaruQuito/","solo_red_social","","true","Restaurante coreano","Núñez de Vela n37-148, 170507 Quito","Iñaquito, Quito","https://www.google.com/maps/place/Naru/data=!4m7!3m6!1s0x91d59b96254951c5:0x5ce8844f7ec872ef!8m2!3d-0.1733184!4d-78.4863674!16s%2Fg%2F11fcnn8mq8!19sChIJxVFJJZab1ZER73LIfk-E6Fw?authuser=0&hl=es-419&g_ep=EgoyMDI2MDkxNC4wIJJjKgBIAVAD&rclk=1"
"Conchitas y Cazuelas","(02) 224-3256","","3.7","767","https://www.facebook.com/conchitasycazuelas/","solo_red_social","","true","Marisquería","RGP9+749, Av. Tomás de Berlanga, 170513 Quito","Iñaquito, Quito","https://www.google.com/maps/place/Conchitas+y+Cazuelas/data=!4m7!3m6!1s0x91d59aa20d6cb39b:0xdbb3e8ef5682962c!8m2!3d-0.1643397!4d-78.4821537!16s%2Fg%2F11btxhtmhl!19sChIJm7NsDaKa1ZERLJaCVu_os9s?authuser=0&hl=es-419&g_ep=EgoyMDI2MDkxNC4wIJJjKgBIAVAD&rclk=1"
"Segundo Muelle • Quicentro","096 909 4004","","4.5","1172","http://segundomuelle.com/","sitio_propio","","false","Restaurante peruano","Av. Naciones Unidas, 170135 Quito","Iñaquito, Quito","https://www.google.com/maps/place/Segundo+Muelle+%E2%80%A2+Quicentro/data=!4m7!3m6!1s0x91d59a83a791af33:0xf1187967e1f279a1!8m2!3d-0.1766106!4d-78.4783884!16s%2Fg%2F12qh95nkb!19sChIJM6-Rp4Oa1ZERoXny4Wd5GPE?authuser=0&hl=es-419&g_ep=EgoyMDI2MDkxNC4wIJJjKgBIAVAD&rclk=1"
"Chori Gol","099 871 6340","","4.2","2110","","ninguno","","true","Restaurante argentino","Av. Tomás de Berlanga, 170137 Quito","Iñaquito, Quito","https://www.google.com/maps/place/Chori+Gol/data=!4m7!3m6!1s0x91d59aa1ffb2e6fd:0x60f0ab8c3258bb0!8m2!3d-0.1646536!4d-78.4806644!16s%2Fg%2F1ptzhv4t3!19sChIJ_eay_6Ga1ZERsIslw7gKDwY?authuser=0&hl=es-419&g_ep=EgoyMDI2MDkxNC4wIJJjKgBIAVAD&rclk=1"
"MUSTANG IÑAQUITO","099 656 8888","","4","54","https://www.facebook.com/mustanginaquito/","solo_red_social","","true","Restaurante","IGNACIO SAN MARIA, Y y Juan González, 170507 Quito","Iñaquito, Quito","https://www.google.com/maps/place/MUSTANG+I%C3%91AQUITO/data=!4m7!3m6!1s0x91d59bbe38fe0217:0xb8366b75b038376d!8m2!3d-0.1788497!4d-78.4869629!16s%2Fg%2F11rpc3_r4d!19sChIJFwL-OL6b1ZERbTc4sHVrNrg?authuser=0&hl=es-419&g_ep=EgoyMDI2MDkxNC4wIJJjKgBIAVAD&rclk=1"
"Shefu SushiDog Río Coca","098 111 6174","support@now.site; shefusushidog2023@gmail.com","4.2","193","https://shefusushidog.now.site/home","sitio_propio","","false","Restaurante de sushi","Av. Río Coca y 170138 E6-90, 170138 Quito","Iñaquito, Quito","https://www.google.com/maps/place/Shefu+SushiDog+R%C3%ADo+Coca/data=!4m7!3m6!1s0x91d59b5ab21b4361:0x36ddc9ab734e5d81!8m2!3d-0.1625256!4d-78.4807864!16s%2Fg%2F11k9d9zv0d!19sChIJYUMbslqb1ZERgV1Oc6vJ3TY?authuser=0&hl=es-419&g_ep=EgoyMDI2MDkxNC4wIJJjKgBIAVAD&rclk=1"
"TOMATO'S PIZZA","099 257 6987","","4.7","106","","ninguno","","true","Pizzería","Isla Seymour 170513, 170513 Quito","Iñaquito, Quito","https://www.google.com/maps/place/TOMATO%27S+PIZZA/data=!4m7!3m6!1s0x91d59bf2abbaba81:0x33ad62097a93d03c!8m2!3d-0.1677653!4d-78.4801693!16s%2Fg%2F11rg7p3dnz!19sChIJgbq6q_Kb1ZERPNCTeglirTM?authuser=0&hl=es-419&g_ep=EgoyMDI2MDkxNC4wIJJjKgBIAVAD&rclk=1"
"Restaurante Villa Bellavista","095 884 1655","","4.5","191","","ninguno","","true","Restaurante","Av. Mariscal Sucre y Baltazar Loaiza, 170111 Quito","Bellavista, Quito","https://www.google.com/maps/place/Restaurante+Villa+Bellavista/data=!4m7!3m6!1s0x91d599d2d8a8d409:0xfa32a80eb566043d!8m2!3d-0.2428303!4d-78.5326874!16s%2Fg%2F11f65_mn54!19sChIJCdSo2NKZ1ZERPQRmtQ6oMvo?authuser=0&hl=es-419&g_ep=EgoyMDI2MDkxNC4wIJJjKgBIAVAD&rclk=1"
"AMONA","096 291 0786","","4.9","51","","ninguno","","true","Restaurante especializado en tapas","Quiteño Libre 557, 170135 Quito","Bellavista, Quito","https://www.google.com/maps/place/AMONA/data=!4m7!3m6!1s0x91d59b7d9df4a301:0x2fec27ffb6bc73d9!8m2!3d-0.1854967!4d-78.4763176!16s%2Fg%2F11ww8jyxs1!19sChIJAaP0nX2b1ZER2XO8tv8n7C8?authuser=0&hl=es-419&g_ep=EgoyMDI2MDkxNC4wIJJjKgBIAVAD&rclk=1"
"El Dorado Restaurant- Cocina Internacional","(02) 333-1486","","4.6","177","http://el-dorado-restaurante.com/","sitio_propio","","false","Restaurante peruano","Federico Paez 201, 170135 Quito","Bellavista, Quito","https://www.google.com/maps/place/El+Dorado+Restaurant-+Cocina+Internacional/data=!4m7!3m6!1s0x91d590803247817d:0xa2ba51edc34603ac!8m2!3d-0.1853766!4d-78.4744729!16s%2Fg%2F1tjdxzq1!19sChIJfYFHMoCQ1ZERrANGw-1RuqI?authuser=0&hl=es-419&g_ep=EgoyMDI2MDkxNC4wIJJjKgBIAVAD&rclk=1"
"La Jama! Guanguiltagua 🐟","099 938 1200","","4.5","361","https://lajama.ec/","sitio_propio","","true","Marisquería","Juan de Dios Martínez Mera 34-454, 170135 Quito","Bellavista, Quito","https://www.google.com/maps/place/La+Jama!+Guanguiltagua+%F0%9F%90%9F/data=!4m7!3m6!1s0x91d5917fefefdd1b:0x9fc886e5622e7413!8m2!3d-0.1827049!4d-78.4751376!16s%2Fg%2F11t57f1l4j!19sChIJG93v73-R1ZERE3QuYuWGyJ8?authuser=0&hl=es-419&g_ep=EgoyMDI2MDkxNC4wIJJjKgBIAVAD&rclk=1"
"Trattoria Sapori d’ Italia","097 985 3264","","4.8","118","","ninguno","","true","Restaurante italiano","Juan de Dios Martínez Mera 36-196, 170135 Quito","Bellavista, Quito","https://www.google.com/maps/place/Trattoria+Sapori+d%E2%80%99+Italia/data=!4m7!3m6!1s0x91d591af6bc8fda9:0xcc695cd1c5a8923d!8m2!3d-0.1789986!4d-78.4732717!16s%2Fg%2F11l2yx1121!19sChIJqf3Ia6-R1ZERPZKoxdFcacw?authuser=0&hl=es-419&g_ep=EgoyMDI2MDkxNC4wIJJjKgBIAVAD&rclk=1"
"MANQA by MURU","096 354 8986","","4.8","173","https://www.instagram.com/manqa.uio?igsh=bjB4NXBtejAwNng5","solo_red_social","","true","Restaurante","CC Megamaxi PB, 6 de diciembre, y y Julio Moreno, 170135 Quito","Bellavista, Quito","https://www.google.com/maps/place/MANQA+by+MURU/data=!4m7!3m6!1s0x91d59b2d8f94ac65:0xcea2e1d1c89fdc8b!8m2!3d-0.1797215!4d-78.4781652!16s%2Fg%2F11l2lq6rym!19sChIJZayUjy2b1ZERi9yfyNHhos4?authuser=0&hl=es-419&g_ep=EgoyMDI2MDkxNC4wIJJjKgBIAVAD&rclk=1"
"Grill Lovers","099 983 6994","","4.9","31","","ninguno","","true","Restaurante","Guanguiltagua 875, 170135 Quito","Bellavista, Quito","https://www.google.com/maps/place/Grill+Lovers/data=!4m7!3m6!1s0x91d591cab3bed307:0x290942033953fef5!8m2!3d-0.1784307!4d-78.4722928!16s%2Fg%2F11h0ljqxjm!19sChIJB9O-s8qR1ZER9f5TOQNCCSk?authuser=0&hl=es-419&g_ep=EgoyMDI2MDkxNC4wIJJjKgBIAVAD&rclk=1"
"Café Mi Amor","099 903 2322","","4.4","304","","ninguno","","true","Restaurante","Edificio JADE, Jose Bosmediano 11-50 y, 170102 Quito","Bellavista, Quito","https://www.google.com/maps/place/Caf%C3%A9+Mi+Amor/data=!4m7!3m6!1s0x91d59b28392ef167:0xefd578d6b4ff5ec7!8m2!3d-0.1872742!4d-78.4785181!16s%2Fg%2F11fr6yykbk!19sChIJZ_EuOSib1ZERx17_tNZ41e8?authuser=0&hl=es-419&g_ep=EgoyMDI2MDkxNC4wIJJjKgBIAVAD&rclk=1"
"Restaurante Argentos Grill","098 666 9520","","4.5","232","","ninguno","","true","Restaurante","Giacomo Roca 33, 170135 Quito","Bellavista, Quito","https://www.google.com/maps/place/Restaurante+Argentos+Grill/data=!4m7!3m6!1s0x91d59baa8ae443a3:0x3cc6540301dbb376!8m2!3d-0.1871899!4d-78.478981!16s%2Fg%2F11h914_rd8!19sChIJo0Pkiqqb1ZERdrPbAQNUxjw?authuser=0&hl=es-419&g_ep=EgoyMDI2MDkxNC4wIJJjKgBIAVAD&rclk=1"
"La Taqueria 57","096 377 3380","","4.7","924","","ninguno","","true","Restaurante mexicano","Juan de Dios Martínez Mera 34-410, 170135 Quito","Bellavista, Quito","https://www.google.com/maps/place/La+Taqueria+57/data=!4m7!3m6!1s0x91d59b8d18ec15bf:0x49ade05b7555f761!8m2!3d-0.1830985!4d-78.4751763!16s%2Fg%2F11q221cxyv!19sChIJvxXsGI2b1ZERYfdVdVvgrUk?authuser=0&hl=es-419&g_ep=EgoyMDI2MDkxNC4wIJJjKgBIAVAD&rclk=1"
"Carmine","(02) 333-2829","","4.6","1562","https://mtr.bio/carmine-ristorante","sitio_propio","","false","Restaurante italiano","Catalina Aldaz N34-208 y, 170135 Quito","Bellavista, Quito","https://www.google.com/maps/place/Carmine/data=!4m7!3m6!1s0x91d59a80769b2653:0x958eda5fcb0d62e9!8m2!3d-0.1828822!4d-78.4768993!16s%2Fg%2F1pzv_z0kh!19sChIJUyabdoCa1ZER6WINy1_ajpU?authuser=0&hl=es-419&g_ep=EgoyMDI2MDkxNC4wIJJjKgBIAVAD&rclk=1"
"El Chacal","098 730 2902","","4.5","1525","http://www.elchacalparrilla.com/","sitio_propio","2026","false","Parrilla","Av. Eloy Alfaro N33-368, 170102 Quito","Bellavista, Quito","https://www.google.com/maps/place/El+Chacal/data=!4m7!3m6!1s0x91d59a7ee2e42519:0xa458634b04f65c04!8m2!3d-0.1863187!4d-78.4781915!16s%2Fg%2F1vn19ljm!19sChIJGSXk4n6a1ZERBFz2BEtjWKQ?authuser=0&hl=es-419&g_ep=EgoyMDI2MDkxNC4wIJJjKgBIAVAD&rclk=1"
"Mile Time","098 775 0029","","4.6","314","https://www.facebook.com/miletimeecuador/","solo_red_social","","true","Restaurante vegetariano","Av. Portugal, 170135 Quito","Bellavista, Quito","https://www.google.com/maps/place/Mile+Time/data=!4m7!3m6!1s0x91d59a808c203aab:0x34f9835a63529924!8m2!3d-0.1824975!4d-78.4780059!16s%2Fg%2F11dxsqds7b!19sChIJqzogjICa1ZERJJlSY1qD-TQ?authuser=0&hl=es-419&g_ep=EgoyMDI2MDkxNC4wIJJjKgBIAVAD&rclk=1"
"Ají Panca Restaurante Peruano y Ecuatoriano","098 405 0772","","4.6","57","https://www.facebook.com/ajipancarestaurantequito/","solo_red_social","","true","Restaurante peruano","Federico Paez E14-37, 170135 Quito","Bellavista, Quito","https://www.google.com/maps/place/Aj%C3%AD+Panca+Restaurante+Peruano+y+Ecuatoriano/data=!4m7!3m6!1s0x91d591b00f6ecff5:0x80711397ad2cfa14!8m2!3d-0.1841105!4d-78.4752911!16s%2Fg%2F11krynp8_x!19sChIJ9c9uD7CR1ZERFPosrZcTcYA?authuser=0&hl=es-419&g_ep=EgoyMDI2MDkxNC4wIJJjKgBIAVAD&rclk=1"
"Chicken Box Ec","096 078 5661","b4e841e11ff44d8137eb5a5b65aca109@o4511055616212992.ingest.us; jlsandovalv90@gmail.com","4.8","613","https://chickenboxec.ola.click/","sitio_propio","","false","Restaurante especializado en pollo","Guanguiltagua y Diego Noboa, 170135 Quito","Bellavista, Quito","https://www.google.com/maps/place/Chicken+Box+Ec/data=!4m7!3m6!1s0x91d59bd27ad1425f:0x5d9f743a07b0358d!8m2!3d-0.1796337!4d-78.4724313!16s%2Fg%2F11nx1lm90w!19sChIJX0LRetKb1ZERjTWwBzp0n10?authuser=0&hl=es-419&g_ep=EgoyMDI2MDkxNC4wIJJjKgBIAVAD&rclk=1"
"Panecillo Cocina y Mirador","099 990 0072","reservas@goquitohotel.com","4","169","http://www.goquitohotel.com/","sitio_propio","","false","Restaurante","Av. Eloy Alfaro y Catalina Aldaz &, 170504 Quito","Bellavista, Quito","https://www.google.com/maps/place/Panecillo+Cocina+y+Mirador/data=!4m7!3m6!1s0x91d59b4e40cde87d:0xe2514b1736ec8a35!8m2!3d-0.1848086!4d-78.4773213!16s%2Fg%2F11v5dfzbp7!19sChIJfejNQE6b1ZERNYrsNhdLUeI?authuser=0&hl=es-419&g_ep=EgoyMDI2MDkxNC4wIJJjKgBIAVAD&rclk=1"
"Kims Bap (Sucursal 1)","099 903 5786","","4.7","211","https://linktr.ee/kimsbap_ec","solo_red_social","","true","Restaurante coreano","Julio Moreno 170135, 170102 Quito","Bellavista, Quito","https://www.google.com/maps/place/Kims+Bap+%28Sucursal+1%29/data=!4m7!3m6!1s0x91d59b0f084bf9f5:0x89d1ed1f34e4ec54!8m2!3d-0.1810609!4d-78.4782569!16s%2Fg%2F11v5g37qg8!19sChIJ9flLCA-b1ZERVOzkNB_t0Yk?authuser=0&hl=es-419&g_ep=EgoyMDI2MDkxNC4wIJJjKgBIAVAD&rclk=1"
"Vista Hermosa (Centro Histórico)","099 845 0888","","4.5","3257","https://vistahermosa.ec/","sitio_propio","2022","false","","Mejía Oe4-45, 170401 Quito","Bellavista, Quito","https://www.google.com/maps/place/Vista+Hermosa+%28Centro+Hist%C3%B3rico%29/data=!4m10!3m9!1s0x91d59a2836e34bf5:0x658429144a9fd887!5m2!4m1!1i2!8m2!3d-0.2191353!4d-78.5114302!16s%2Fg%2F11bccgv__8!19sChIJ9UvjNiia1ZERh9ifShQphGU?authuser=0&hl=es-419&g_ep=EgoyMDI2MDkxNC4wIJJjKgBIAVAD&rclk=1"
"Hotel Bellavista Quito","099 202 7604","contacto@ejemplo.com","4.4","336","https://hotel-bellavista-quito.webnode.es/","sitio_propio","2024","false","","Pasaje Lafayette N32-51 y Bosmediano a tres cuadras de Ecuavisa canal 8,, EC170516, Quito","Bellavista, Quito","https://www.google.com/maps/place/Hotel+Bellavista+Quito/data=!4m10!3m9!1s0x91d59a7883b3007d:0xb6a260a32d1d0f7e!5m2!4m1!1i2!8m2!3d-0.189255!4d-78.4758058!16s%2Fg%2F11bwz04601!19sChIJfQCzg3ia1ZERfg8dLaNgorY?authuser=0&hl=es-419&g_ep=EgoyMDI2MDkxNC4wIJJjKgBIAVAD&rclk=1"
"Brazolovers","098 481 4807","brazolovers@gmail.com","4.9","168","https://www.brazolovers.com/","sitio_propio","2026","false","Pastelería","Sergio Jativa 190, 170135 Quito","Bellavista, Quito","https://www.google.com/maps/place/Brazolovers/data=!4m7!3m6!1s0x91d59bc89ac6827f:0xa50250cc562922d3!8m2!3d-0.1879705!4d-78.4777063!16s%2Fg%2F11r7dqf4rx!19sChIJf4LGmsib1ZER0yIpVsxQAqU?authuser=0&hl=es-419&g_ep=EgoyMDI2MDkxNC4wIJJjKgBIAVAD&rclk=1"
"El Rincón De Carmita","099 980 9562","","4.6","15","","ninguno","","true","Restaurante","Av 6 de diciembre, Batan Bajo N34 - 18, 170102 Quito, Pichincha","Bellavista, Quito","https://www.google.com/maps/place/El+Rinc%C3%B3n+De+Carmita/data=!4m7!3m6!1s0x91d59a7ef141b03b:0x9699f34819e59f08!8m2!3d-0.1858451!4d-78.4790262!16s%2Fg%2F11f775mv7k!19sChIJO7BB8X6a1ZERCJ_lGUjzmZY?authuser=0&hl=es-419&g_ep=EgoyMDI2MDkxNC4wIJJjKgBIAVAD&rclk=1"
"QUITU | Identidad Culinaria","098 138 0285","","4.7","379","http://quitu.ec/","sitio_propio","","true","Restaurante ecuatoriano","Jose Bosmediano y Jose Carbo, 170525 Quito","Bellavista, Quito","https://www.google.com/maps/place/QUITU+%7C+Identidad+Culinaria/data=!4m7!3m6!1s0x91d59a12fb2dc4a3:0x363b3f0138210414!8m2!3d-0.1893379!4d-78.4741321!16s%2Fg%2F11g4bzyx0v!19sChIJo8Qt-xKa1ZERFAQhOAE_OzY?authuser=0&hl=es-419&g_ep=EgoyMDI2MDkxNC4wIJJjKgBIAVAD&rclk=1"
"El Café de Pepué","098 781 0222","","5","28","","ninguno","","true","Cafetería","El Café de Pepué, Avenida Eloy Alfaro N34-230 y Fernando Ayarza Edif Amalfi, Local 2, 170516 Quito","Bellavista, Quito","https://www.google.com/maps/place/El+Caf%C3%A9+de+Pepu%C3%A9/data=!4m7!3m6!1s0x91d59ba82661e5af:0x3a8f20a3e50939a3!8m2!3d-0.1843157!4d-78.4765354!16s%2Fg%2F11rb4m3m8c!19sChIJr-VhJqib1ZERozkJ5aMgjzo?authuser=0&hl=es-419&g_ep=EgoyMDI2MDkxNC4wIJJjKgBIAVAD&rclk=1"
"Pizzería Los Tíos Portugal","098 303 9977","soportejustoapp@getjusto.com\; adrian961223@gmail.com; facturaslostios@gmail.com; jachicot@hotmail.com; pizzerialostiossolanda@gmail.com; pizzerialostiosurdesa@gmail.com; lostiostumbaco@hotmail.com; lostiospomasqui2020@hotmail.com; happy02021974@gmail.com; u003efacturaslostios@gmail.com; u003eadrian961223@gmail.com; u003edmga2008@hotmail.com; u003elostioslaprensa2026@gmail.com; u003ejachicot@hotmail.com; u003ehappy02021974@gmail.com; u003emarketinglostios@gmail.com; u003ejustocolombia@getjusto.com; soportejustoapp@getjusto.com; u003esoportejustoapp@getjusto.com","4.2","77","https://www.pizzerialostios.com/","sitio_propio","","false","Pizzería","170102 Quito","Bellavista, Quito","https://www.google.com/maps/place/Pizzer%C3%ADa+Los+T%C3%ADos+Portugal/data=!4m7!3m6!1s0x91d59b0015836b25:0xa8de44b04eab7814!8m2!3d-0.1822229!4d-78.4758015!16s%2Fg%2F11lcj6lm7d!19sChIJJWuDFQCb1ZERFHirTrBE3qg?authuser=0&hl=es-419&g_ep=EgoyMDI2MDkxNC4wIJJjKgBIAVAD&rclk=1"
"Honey & Honey","333-0080","","4","1322","https://www.honeyhoneyec.com/","sitio_propio","","false","Cafetería","Av. Eloy Alfaro y Av. Portugal N34-511 Y, 170135 Quito","Bellavista, Quito","https://www.google.com/maps/place/Honey+%26+Honey/data=!4m7!3m6!1s0x91d59a8022859b95:0x4dff9a44c4f010a2!8m2!3d-0.1818781!4d-78.4757531!16s%2Fg%2F11cn6lrjbj!19sChIJlZuFIoCa1ZERohDwxESa_00?authuser=0&hl=es-419&g_ep=EgoyMDI2MDkxNC4wIJJjKgBIAVAD&rclk=1"
"Parallel Lobby Bar - GO Quito Hotel","096 366 6666","","4.5","11","","ninguno","","true","Restaurante","Av. Eloy Alfaro, y y Catalina Aldaz, 170504 Quito","Bellavista, Quito","https://www.google.com/maps/place/Parallel+Lobby+Bar+-+GO+Quito+Hotel/data=!4m7!3m6!1s0x91d59b8ff34072c3:0xe05c38bb4912257f!8m2!3d-0.184722!4d-78.4773116!16s%2Fg%2F11x0fjl9y5!19sChIJw3JA84-b1ZERfyUSSbs4XOA?authuser=0&hl=es-419&g_ep=EgoyMDI2MDkxNC4wIJJjKgBIAVAD&rclk=1"
"2 Cartas","097 871 6789","","4.4","11","","ninguno","","true","Restaurante","Federico Paez E14-90, 170135 Quito","Bellavista, Quito","https://www.google.com/maps/place/2+Cartas/data=!4m7!3m6!1s0x91d5908027510ba9:0xe4a2001b59bd3cec!8m2!3d-0.1846526!4d-78.475162!16s%2Fg%2F11gr60ndlb!19sChIJqQtRJ4CQ1ZER7Dy9WRsAouQ?authuser=0&hl=es-419&g_ep=EgoyMDI2MDkxNC4wIJJjKgBIAVAD&rclk=1"
"Horneando Memorias","099 977 0676","","4.9","78","","ninguno","","true","Tienda de galletas","Edi. Corinto, El Batán, y y Av. 6 de Diciembre, 170504 Quito","Bellavista, Quito","https://www.google.com/maps/place/Horneando+Memorias/data=!4m7!3m6!1s0x91d59b377fbcbae1:0x40586640cff6b85d!8m2!3d-0.1836079!4d-78.4780126!16s%2Fg%2F11thlqb1kb!19sChIJ4bq8fzeb1ZERXbj2z0BmWEA?authuser=0&hl=es-419&g_ep=EgoyMDI2MDkxNC4wIJJjKgBIAVAD&rclk=1"
"El Redil Ec","098 530 8538","","4.2","186","https://instagram.com/elredil_ec?igshid=OGQ2MjdiOTE=","solo_red_social","","true","Restaurante","Guanguiltagua 247, 170135 Quito","Bellavista, Quito","https://www.google.com/maps/place/El+Redil+Ec/data=!4m7!3m6!1s0x91d5912a2b1d335b:0x32077695c505ee97!8m2!3d-0.1836973!4d-78.4738384!16s%2Fg%2F11sht742qm!19sChIJWzMdKyqR1ZERl-4FxZV2BzI?authuser=0&hl=es-419&g_ep=EgoyMDI2MDkxNC4wIJJjKgBIAVAD&rclk=1"
"KÖHL Craft Beer & Eats","098 348 8469","","4.7","169","https://www.instagram.com/kohl.beer/","solo_red_social","","true","Cervecería artesanal","Giacomo Roca y Jose Bosmediano N33-19, 170135 Quito","Bellavista, Quito","https://www.google.com/maps/place/K%C3%96HL+Craft+Beer+%26+Eats/data=!4m7!3m6!1s0x91d59bf5f8632bf3:0x2ae3f2a8da9169b3!8m2!3d-0.1872507!4d-78.478892!16s%2Fg%2F11qbs57znj!19sChIJ8ytj-PWb1ZERs2mR2qjy4yo?authuser=0&hl=es-419&g_ep=EgoyMDI2MDkxNC4wIJJjKgBIAVAD&rclk=1"
"Rabiatto pizzeria","099 535 0513","","4.6","127","","ninguno","","true","Pizzería","Guanguiltagua n37-25, 170135 Quito","Bellavista, Quito","https://www.google.com/maps/place/Rabiatto+pizzeria/data=!4m7!3m6!1s0x91d591ef79e1e2bb:0x8d63462bacd52bd6!8m2!3d-0.1787043!4d-78.4723959!16s%2Fg%2F11nf9q9fy4!19sChIJu-Lhee-R1ZER1ivVrCtGY40?authuser=0&hl=es-419&g_ep=EgoyMDI2MDkxNC4wIJJjKgBIAVAD&rclk=1"
"Stop Cafetería Restaurante","(02) 333-0425","","4.4","332","","ninguno","","true","Cafetería","Av. Eloy Alfaro N34-248, 170518 Quito","Bellavista, Quito","https://www.google.com/maps/place/Stop+Cafeter%C3%ADa+Restaurante/data=!4m7!3m6!1s0x91d59a656b4a7a97:0xbfb644f74bdbf6aa!8m2!3d-0.1841854!4d-78.4763946!16s%2Fg%2F11c2jjf86v!19sChIJl3pKa2Wa1ZERqvbbS_dEtr8?authuser=0&hl=es-419&g_ep=EgoyMDI2MDkxNC4wIJJjKgBIAVAD&rclk=1"
"OAKBERRY Açai","096 263 4495","","4.3","59","","ninguno","","true","Restaurante de comida saludable","Megamaxi 6 Diciembre, junto a Smartfit. Av. 6 diciembre, y y Julio Moreno, 170504 Quito","Bellavista, Quito","https://www.google.com/maps/place/OAKBERRY+A%C3%A7ai/data=!4m7!3m6!1s0x91d59bd0e01e1c1b:0xef8abcdd3eb83474!8m2!3d-0.1802205!4d-78.4781272!16s%2Fg%2F11y3n1q31h!19sChIJGxwe4NCb1ZERdDS4Pt28iu8?authuser=0&hl=es-419&g_ep=EgoyMDI2MDkxNC4wIJJjKgBIAVAD&rclk=1"
"Francachela","096 312 1104","","3.8","274","","ninguno","","true","Bar restaurante","Fernando Ayarza, y y Carlos Montufar, 170516 Quito","Bellavista, Quito","https://www.google.com/maps/place/Francachela/data=!4m7!3m6!1s0x91d59bd69ab5bef9:0x40c2ff0b1027e290!8m2!3d-0.1874231!4d-78.4769936!16s%2Fg%2F11trd8ps4f!19sChIJ-b61mtab1ZERkOInEAv_wkA?authuser=0&hl=es-419&g_ep=EgoyMDI2MDkxNC4wIJJjKgBIAVAD&rclk=1"
"OMAMA Coffee Shop","099 955 6379","","4.8","219","https://www.facebook.com/omamacafe/","solo_red_social","","true","Cafetería","Mariano Calvache E17-169, 170516 Quito","Bellavista, Quito","https://www.google.com/maps/place/OMAMA+Coffee+Shop/data=!4m7!3m6!1s0x91d590839969fa75:0xc50f4365de223f45!8m2!3d-0.1897854!4d-78.4706506!16s%2Fg%2F11dzdc6f2y!19sChIJdfppmYOQ1ZERRT8i3mVDD8U?authuser=0&hl=es-419&g_ep=EgoyMDI2MDkxNC4wIJJjKgBIAVAD&rclk=1"
"POLO A POLO","098 720 2710","","4.3","6","","ninguno","","true","Restaurante","Srs34, 170102 Quito","Bellavista, Quito","https://www.google.com/maps/place/POLO+A+POLO/data=!4m7!3m6!1s0x91d5a319f3250083:0x1ddbee49eac199a0!8m2!3d-0.1835428!4d-78.4759221!16s%2Fg%2F11rbdwcqd7!19sChIJgwAl8xmj1ZERoJnB6knu2x0?authuser=0&hl=es-419&g_ep=EgoyMDI2MDkxNC4wIJJjKgBIAVAD&rclk=1"
"KFJ","098 466 9381","","3.5","12","","ninguno","","true","Restaurante especializado en pollo","Av. 6 de Diciembre y Julio Moreno &, 170102 Quito","Bellavista, Quito","https://www.google.com/maps/place/KFJ/data=!4m7!3m6!1s0x91d59b0002369527:0xdbdbf7b347857d58!8m2!3d-0.1810819!4d-78.4784192!16s%2Fg%2F11x2jkp23w!19sChIJJ5U2AgCb1ZERWH2FR7P329s?authuser=0&hl=es-419&g_ep=EgoyMDI2MDkxNC4wIJJjKgBIAVAD&rclk=1"
"Los Motes y Chugchucaras de la Guanguiltagua","099 887 7578","","3.9","905","https://www.facebook.com/pages/Los-motes-de-la-Guang%C3%BCiltagua/208930295783648","solo_red_social","","true","Restaurante ecuatoriano","Federico Paez E14-14, 170135 Quito","Bellavista, Quito","https://www.google.com/maps/place/Los+Motes+y+Chugchucaras+de+la+Guanguiltagua/data=!4m7!3m6!1s0x91d59a7ff7263109:0x1f769e0e5c5411dc!8m2!3d-0.1841246!4d-78.4755929!16s%2Fg%2F11c45kbsn2!19sChIJCTEm93-a1ZER3BFUXA6edh8?authuser=0&hl=es-419&g_ep=EgoyMDI2MDkxNC4wIJJjKgBIAVAD&rclk=1"
"Don Burrote","","","4.3","11","https://donburrote.com/","sitio_propio","","false","Restaurante de burritos","Juan de Dios Martínez Mera N34-368, 170516 Quito","Bellavista, Quito","https://www.google.com/maps/place/Don+Burrote/data=!4m7!3m6!1s0x91d591cc9d54f97f:0x9a84552f7e713537!8m2!3d-0.1834481!4d-78.4752556!16s%2Fg%2F11yf84_t79!19sChIJf_lUncyR1ZERNzVxfi9VhJo?authuser=0&hl=es-419&g_ep=EgoyMDI2MDkxNC4wIJJjKgBIAVAD&rclk=1"
"URKO","096 312 1818","","4.7","751","https://urko.rest/","sitio_propio","","false","Restaurante ecuatoriano","Mallorca 449 y, 170525 Quito","Bellavista, Quito","https://www.google.com/maps/place/URKO/data=!4m7!3m6!1s0x91d59a0e0a824cd1:0x867ad4038d32fb7c!8m2!3d-0.2094385!4d-78.4827171!16s%2Fg%2F11b6_n5f8r!19sChIJ0UyCCg6a1ZERfPsyjQPUeoY?authuser=0&hl=es-419&g_ep=EgoyMDI2MDkxNC4wIJJjKgBIAVAD&rclk=1"
"La Suiza - Súper Deli Catalina Aldaz","099 896 4351","","4","459","","ninguno","","true","Restaurante","Catalina Aldaz 34-131, 170102 Quito","Bellavista, Quito","https://www.google.com/maps/place/La+Suiza+-+S%C3%BAper+Deli+Catalina+Aldaz/data=!4m7!3m6!1s0x91d59a7fd85f820b:0x5a44faec88a08d1e!8m2!3d-0.1831072!4d-78.4771121!16s%2Fg%2F11bzzqlx4b!19sChIJC4Jf2H-a1ZERHo2giOz6RFo?authuser=0&hl=es-419&g_ep=EgoyMDI2MDkxNC4wIJJjKgBIAVAD&rclk=1"
"Yen Ramen Guangüiltagua","","","4.5","1281","http://www.yenramen.com/","sitio_propio","","false","Restaurante especializado en ramen","Guanguiltagua y Diego Noboa n36-118, 170135 Quito","Bellavista, Quito","https://www.google.com/maps/place/Yen+Ramen+Guang%C3%BCiltagua/data=!4m7!3m6!1s0x91d59079a3fae669:0x1cc2db0a196c94d9!8m2!3d-0.1805103!4d-78.4727372!16s%2Fg%2F11dzhcb987!19sChIJaeb6o3mQ1ZER2ZRsGQrbwhw?authuser=0&hl=es-419&g_ep=EgoyMDI2MDkxNC4wIJJjKgBIAVAD&rclk=1"
"La Catrina Tacos & Tequilas Quito","099 865 1892","info@indiantypefoundry.com","4.9","70","https://lacatrinaibarra.com/inicio","sitio_propio","2025","false","Restaurante","AVE, DEL RIO COCA N44, INTERSECCION y Av. 10 de Agosto E1-13, 100150 Quito","Quito Tenis, Quito","https://www.google.com/maps/place/La+Catrina+Tacos+%26+Tequilas+Quito/data=!4m7!3m6!1s0x91d59b818e6a8afd:0x9facd9474ad9169b!8m2!3d-0.1614061!4d-78.4853183!16s%2Fg%2F11vxzns305!19sChIJ_YpqjoGb1ZERmxbZSkfZrJ8?authuser=0&hl=es-419&g_ep=EgoyMDI2MDkxNC4wIJJjKgBIAVAD&rclk=1"
"Roraima Grill","098 835 8931","","4.1","687","","ninguno","","true","Restaurante","Cosme Renella, 170104 Quito","Quito Tenis, Quito","https://www.google.com/maps/place/Roraima+Grill/data=!4m7!3m6!1s0x91d59be5c1e38a1d:0xcfdfce75860a9191!8m2!3d-0.1595973!4d-78.4921633!16s%2Fg%2F11pppxsf_0!19sChIJHYrjweWb1ZERkZEKhnXO388?authuser=0&hl=es-419&g_ep=EgoyMDI2MDkxNC4wIJJjKgBIAVAD&rclk=1"
"D´Patos","(02) 246-2679","","4.4","769","","ninguno","","true","Restaurante ecuatoriano","RGH5+33C, Av. Juan José de Villalengua, 170102 Quito","Quito Tenis, Quito","https://www.google.com/maps/place/D%C2%B4Patos/data=!4m7!3m6!1s0x91d59be7329ead15:0x57ab27506b94bd42!8m2!3d-0.1723228!4d-78.4923472!16s%2Fg%2F11fwc7dby4!19sChIJFa2eMueb1ZERQr2Ua1Anq1c?authuser=0&hl=es-419&g_ep=EgoyMDI2MDkxNC4wIJJjKgBIAVAD&rclk=1"
"Calzoneria Artesanal","096 941 1566","calzoneriaartesanal@gmail.com","4.7","520","https://calzoneriaartesanal.com/","sitio_propio","2026","false","Restaurante italiano","Frente al parque, RGH4+2FH Quito Av Villalengua, y y Domingo de Brieva, 150170 Quito","Quito Tenis, Quito","https://www.google.com/maps/place/Calzoneria+Artesanal/data=!4m7!3m6!1s0x91d59bfcb9a5a909:0x45ac04d8027a7169!8m2!3d-0.1724375!4d-78.4938125!16s%2Fg%2F11l3qxgy8w!19sChIJCamlufyb1ZERaXF6AtgErEU?authuser=0&hl=es-419&g_ep=EgoyMDI2MDkxNC4wIJJjKgBIAVAD&rclk=1"
"Megaviche Quito Tenis","096 301 9080","","4","266","","ninguno","","true","Marisquería","Av. Brasil y Mariano Echeverria n41-112 y, 170510 Quito","Quito Tenis, Quito","https://www.google.com/maps/place/Megaviche+Quito+Tenis/data=!4m7!3m6!1s0x91d59b53c5a3c33f:0xee85529753ab0498!8m2!3d-0.1660834!4d-78.4890659!16s%2Fg%2F11vyx_xy6g!19sChIJP8OjxVOb1ZERmASrU5dShe4?authuser=0&hl=es-419&g_ep=EgoyMDI2MDkxNC4wIJJjKgBIAVAD&rclk=1"
"Georgina Chicago Style Pizza Quito Tenis","096 261 6085","","4.7","225","https://georginastylepizza.netlify.app/","sitio_propio","2026","false","Restaurante americano","Mariano Echeverria, 170901 Quito","Quito Tenis, Quito","https://www.google.com/maps/place/Georgina+Chicago+Style+Pizza+Quito+Tenis/data=!4m7!3m6!1s0x91d5911af45213cb:0x717d1dafeeacebe3!8m2!3d-0.1658183!4d-78.4887426!16s%2Fg%2F11l5bhwwvj!19sChIJyxNS9BqR1ZER4-us7q8dfXE?authuser=0&hl=es-419&g_ep=EgoyMDI2MDkxNC4wIJJjKgBIAVAD&rclk=1"
"El Bodegón Argentino","(02) 600-8607","reserva@elbodegonargentino.com","4.4","1182","http://www.elbodegonargentino.com/","sitio_propio","2025","false","Restaurante argentino","San Francisco N41-111 y, Mariano Echeverria, 170510 Quito","Quito Tenis, Quito","https://www.google.com/maps/place/El+Bodeg%C3%B3n+Argentino/data=!4m7!3m6!1s0x91d59a97b7615bab:0xe876e3dc96f8286b!8m2!3d-0.1661079!4d-78.4887195!16s%2Fg%2F1q5bn5gqv!19sChIJq1tht5ea1ZERayj4ltzjdug?authuser=0&hl=es-419&g_ep=EgoyMDI2MDkxNC4wIJJjKgBIAVAD&rclk=1"
"Vaco y Vaca El Bosque","098 854 9150","","4.3","1997","http://www.vacoyvaca.com/","sitio_propio","","false","Restaurante","S42B, 170132 Quito","Quito Tenis, Quito","https://www.google.com/maps/place/Vaco+y+Vaca+El+Bosque/data=!4m7!3m6!1s0x91d59abf83c84909:0xad46447505097d38!8m2!3d-0.1615415!4d-78.4974533!16s%2Fg%2F11b8ztcf8s!19sChIJCUnIg7-a1ZEROH0JBXVERq0?authuser=0&hl=es-419&g_ep=EgoyMDI2MDkxNC4wIJJjKgBIAVAD&rclk=1"
"La Reserva","099 690 7855","","4.7","149","","ninguno","","true","Cervecería artesanal","Vozandes, Pierre y Bouguer 40-100 y, 170510 Quito","Quito Tenis, Quito","https://www.google.com/maps/place/La+Reserva/data=!4m7!3m6!1s0x91d59b463c81de9f:0x23b22c5aafa64204!8m2!3d-0.1677445!4d-78.4880009!16s%2Fg%2F11ttbd2bhj!19sChIJn96BPEab1ZERBEKmr1ossiM?authuser=0&hl=es-419&g_ep=EgoyMDI2MDkxNC4wIJJjKgBIAVAD&rclk=1"
"Pulcinella Ecuador","096 320 9299","","4.4","921","https://www.pulcinella.com.ec/","sitio_propio","","false","Restaurante","Calle J, y y Alonso De Torres, 170501 Quito","Quito Tenis, Quito","https://www.google.com/maps/place/Pulcinella+Ecuador/data=!4m7!3m6!1s0x91d59b0ebb513557:0x321906f83adf90f5!8m2!3d-0.1633394!4d-78.4973413!16s%2Fg%2F11h00cvwcq!19sChIJVzVRuw6b1ZER9ZDfOvgGGTI?authuser=0&hl=es-419&g_ep=EgoyMDI2MDkxNC4wIJJjKgBIAVAD&rclk=1"
"ALIMAR","","","4.5","1324","http://www.alimar.com.ec/","sitio_propio","2015","true","Restaurante","Calle J y Alsonso de Torres, 170132 Quito","Quito Tenis, Quito","https://www.google.com/maps/place/ALIMAR/data=!4m7!3m6!1s0x91d59abf8e811087:0xce0196758eeaf6e3!8m2!3d-0.1633663!4d-78.4976444!16s%2Fg%2F11f15h_ym9!19sChIJhxCBjr-a1ZER4_bqjnWWAc4?authuser=0&hl=es-419&g_ep=EgoyMDI2MDkxNC4wIJJjKgBIAVAD&rclk=1"
"Rancho Viejo","099 241 2711","","4.4","604","","ninguno","","true","Bar restaurante","Av. Rio Coca E2_36 e, Isla Santiago, 170513 Quito","Quito Tenis, Quito","https://www.google.com/maps/place/Rancho+Viejo/data=!4m7!3m6!1s0x91d59aa311cfb3ed:0xd8606fd51035f582!8m2!3d-0.1619313!4d-78.4844818!16s%2Fg%2F11bv3vmh1z!19sChIJ7bPPEaOa1ZERgvU1ENVvYNg?authuser=0&hl=es-419&g_ep=EgoyMDI2MDkxNC4wIJJjKgBIAVAD&rclk=1"
"La Casa De Eduardo","(02) 245-4743","","4.5","1089","http://www.lacasadeeduardo.com.ec/","sitio_propio","2026","false","Restaurante mexicano","Isla Isabela, 170513 Quito","Quito Tenis, Quito","https://www.google.com/maps/place/La+Casa+De+Eduardo/data=!4m7!3m6!1s0x91d59a989c1382cd:0x34cf06f8f49bb7ec!8m2!3d-0.165075!4d-78.4827306!16s%2Fg%2F11b7gnvyzj!19sChIJzYITnJia1ZER7Leb9PgGzzQ?authuser=0&hl=es-419&g_ep=EgoyMDI2MDkxNC4wIJJjKgBIAVAD&rclk=1"
"Ko Hyang Jip","(02) 331-8016","","4.6","261","https://www.facebook.com/kohyangjipquito/","solo_red_social","","true","Restaurante coreano","Aurelio Espinosa Polit, y y Juan Lovato &, Quito","Quito Tenis, Quito","https://www.google.com/maps/place/Ko+Hyang+Jip/data=!4m7!3m6!1s0x91d59ab849e3159d:0x79abe044a180d9!8m2!3d-0.1568735!4d-78.4954299!16s%2Fg%2F11bxjlmjwt!19sChIJnRXjSbia1ZER2YChROCreQA?authuser=0&hl=es-419&g_ep=EgoyMDI2MDkxNC4wIJJjKgBIAVAD&rclk=1"
"La Birrería Quito","096 252 0583","","4.8","438","https://labirreria.com.ec/","sitio_propio","","false","Restaurante","Av. 6 de Diciembre y Germán Alemán, 170504 Quito","Quito Tenis, Quito","https://www.google.com/maps/place/La+Birrer%C3%ADa+Quito/data=!4m7!3m6!1s0x91d59b61188871ed:0x9e0d1ce0bad47b7f!8m2!3d-0.1795354!4d-78.4781902!16s%2Fg%2F11xvbbnswx!19sChIJ7XGIGGGb1ZERf3vUuuAcDZ4?authuser=0&hl=es-419&g_ep=EgoyMDI2MDkxNC4wIJJjKgBIAVAD&rclk=1"
"Las Hiedras Restaurante","099 633 5225","","4.4","104","","ninguno","","true","Restaurante ecuatoriano","De las Hiedras, 170138 Quito","Quito Tenis, Quito","https://www.google.com/maps/place/Las+Hiedras+Restaurante/data=!4m7!3m6!1s0x91d590755d1ad8ff:0xa4a3fd0c176087fd!8m2!3d-0.1663122!4d-78.4747826!16s%2Fg%2F11ggjlqqtj!19sChIJ_9gaXXWQ1ZER_YdgFwz9o6Q?authuser=0&hl=es-419&g_ep=EgoyMDI2MDkxNC4wIJJjKgBIAVAD&rclk=1"
"Parrilla El Argentino","098 390 8297","","4.4","343","https://instagram.com/parrilla.elargentino?utm_source=qr&igshid=MzNlNGNkZWQ4Mg==","solo_red_social","","true","Parrilla","Isla Isabela y Av. Isla Floreana n41 115 e, 170501 Quito","Quito Tenis, Quito","https://www.google.com/maps/place/Parrilla+El+Argentino/data=!4m7!3m6!1s0x91d59bad92117433:0x3f1088ea3b89395f!8m2!3d-0.1671005!4d-78.4832612!16s%2Fg%2F11gl3lbsfx!19sChIJM3QRkq2b1ZERXzmJO-qIED8?authuser=0&hl=es-419&g_ep=EgoyMDI2MDkxNC4wIJJjKgBIAVAD&rclk=1"
"Mi Chá","093 918 5798","","4.2","351","","ninguno","","true","Restaurante","Portete &, 170135 Quito","Quito Tenis, Quito","https://www.google.com/maps/place/Mi+Ch%C3%A1/data=!4m7!3m6!1s0x91d59bff76049a71:0xae33e0a327150c81!8m2!3d-0.1734454!4d-78.4760817!16s%2Fg%2F11pz36nyjy!19sChIJcZoEdv-b1ZERgQwVJ6PgM64?authuser=0&hl=es-419&g_ep=EgoyMDI2MDkxNC4wIJJjKgBIAVAD&rclk=1"
"IZANAGI Sushi and Sweets","098 594 5135","","4.9","891","https://bio.site/izanagi.sushiandsweets","sitio_propio","","false","Restaurante japonés","PB LOCAL 1 SUSHI AND SWEETS, N46, Marcos Jofre y SABINO ZAMBRANO OE5-71 Y, 171105 Quito","Quito Tenis, Quito","https://www.google.com/maps/place/IZANAGI+Sushi+and+Sweets/data=!4m7!3m6!1s0x91d59bf039d853cf:0xe8491317cc5e8194!8m2!3d-0.156015!4d-78.4925398!16s%2Fg%2F11fjwxrmjs!19sChIJz1PYOfCb1ZERlIFezBcTSeg?authuser=0&hl=es-419&g_ep=EgoyMDI2MDkxNC4wIJJjKgBIAVAD&rclk=1"
"El Típico Sabrosón","","","4.3","751","","ninguno","","true","Restaurante","Calle, De Las Gardenias E10-44, 170138 Quito","Quito Tenis, Quito","https://www.google.com/maps/place/El+T%C3%ADpico+Sabros%C3%B3n/data=!4m7!3m6!1s0x91d5900792b22a23:0xc1ace29f8fc01e0b!8m2!3d-0.1548014!4d-78.4742843!16s%2Fg%2F11fzf6fp35!19sChIJIyqykgeQ1ZERCx7Aj5_irME?authuser=0&hl=es-419&g_ep=EgoyMDI2MDkxNC4wIJJjKgBIAVAD&rclk=1"
"Ossiano","098 089 1183","ossianoseatotable@gmail.com","4.8","67","https://bit.ly/m/OSSIANOSEATOTABLE","sitio_propio","","false","Restaurante","De las Hiedras, 170184 Quito","Quito Tenis, Quito","https://www.google.com/maps/place/Ossiano/data=!4m7!3m6!1s0x91d591fee2e55967:0xd89186cdeb4dcf5a!8m2!3d-0.1674795!4d-78.4749135!16s%2Fg%2F11trpf8xtm!19sChIJZ1nl4v6R1ZERWs9N682Gkdg?authuser=0&hl=es-419&g_ep=EgoyMDI2MDkxNC4wIJJjKgBIAVAD&rclk=1"
"TOTEM RESTAURANTE","095 886 8378","","4.7","481","https://linktr.ee/totemrestobar?fbclid=PAAaZwy-3gy9QY3jN5EtSKpoUem1db4vOAqTHYyh9SUTGKHBGfmwjWZJEqxrw_aem_AbCjew-XCKGn0r61J0OBotTjOWjLoeezkGxbzrZrQj5j8YxzKS7wTx6C_n5O9_7GAqg","solo_red_social","","true","Restaurante","Av. Eloy Alfaro, y y Portugal, 170504 Quito","Quito Tenis, Quito","https://www.google.com/maps/place/TOTEM+RESTAURANTE/data=!4m7!3m6!1s0x91d5993df3bd787f:0xeb1a93892cfd834c!8m2!3d-0.1807023!4d-78.4746339!16s%2Fg%2F11s1blsmgn!19sChIJf3i98z2Z1ZERTIP9LImTGus?authuser=0&hl=es-419&g_ep=EgoyMDI2MDkxNC4wIJJjKgBIAVAD&rclk=1"
"Cassolette (Brasil)","(02) 331-6073","soportejustoapp@getjusto.com\; ekopark@cassolette.ec; pedidos@cassolette.ec; gonzalez@cassolette.ec; brasil@cassolette.ec; cumbaya@cassolette.ec; u003ecassolette@cassolette.ec; u003ejustocolombia@getjusto.com; soportejustoapp@getjusto.com; u003esoportejustoapp@getjusto.com","4.5","288","https://www.cassolette.ec/","sitio_propio","","false","Restaurante de comida para llevar","Av. Brasil, 170510 Quito","Quito Tenis, Quito","https://www.google.com/maps/place/Cassolette+%28Brasil%29/data=!4m7!3m6!1s0x91d59a97cdcdc4bb:0xab7096bbec8b645a!8m2!3d-0.1691282!4d-78.4898383!16s%2Fg%2F11c1tl_7wq!19sChIJu8TNzZea1ZERWmSL7LuWcKs?authuser=0&hl=es-419&g_ep=EgoyMDI2MDkxNC4wIJJjKgBIAVAD&rclk=1"
"Chios Portugal","099 984 1254","","4.8","7071","","ninguno","","true","Hamburguesería","Portugal y Av. República de El Salvador N35-729 y, 170345 Quito","Quito Tenis, Quito","https://www.google.com/maps/place/Chios+Portugal/data=!4m7!3m6!1s0x91d59be2f3dbbf2b:0x3a1897c3ca9df5b0!8m2!3d-0.1819002!4d-78.4806649!16s%2Fg%2F11fd565f3_!19sChIJK7_b8-Kb1ZERsPWdysOXGDo?authuser=0&hl=es-419&g_ep=EgoyMDI2MDkxNC4wIJJjKgBIAVAD&rclk=1"
"A lo Guayaco Cangrejal Quito - Restaurante de Especialidades de Cangrejo","098 402 0713","","4.4","695","","ninguno","","true","Restaurante familiar","Jipijapa, Av. Río Coca y Av. 10 de Agosto E1-21 y, 170501 Quito","Quito Tenis, Quito","https://www.google.com/maps/place/A+lo+Guayaco+Cangrejal+Quito+-+Restaurante+de+Especialidades+de+Cangrejo/data=!4m7!3m6!1s0x91d59b2550509079:0xc4a7b336dca75be2!8m2!3d-0.1614787!4d-78.4851943!16s%2Fg%2F11h2q78z5w!19sChIJeZBQUCWb1ZER4lun3Dazp8Q?authuser=0&hl=es-419&g_ep=EgoyMDI2MDkxNC4wIJJjKgBIAVAD&rclk=1"
"NUBORI experience","093 901 5500","morsel@edge-themes.com; morsel@yourdomain.com","4.7","1118","https://www.nubori.ec/","sitio_propio","","false","Restaurante especializado en fusión asiática","Catalina Aldaz y Portugal y esquina, Edificio Bristol Parc, 170135 Quito","Quito Tenis, Quito","https://www.google.com/maps/place/NUBORI+experience/data=!4m7!3m6!1s0x91d59a8069cda2e9:0xd7323b40fe938c1e!8m2!3d-0.1823594!4d-78.4769539!16s%2Fg%2F11bwm54xjr!19sChIJ6aLNaYCa1ZERHoyT_kA7Mtc?authuser=0&hl=es-419&g_ep=EgoyMDI2MDkxNC4wIJJjKgBIAVAD&rclk=1"
"Al Forno Quito Tenis","(02) 246-8369","","4.5","821","","ninguno","","true","Restaurante italiano","Bouguer y Vozandes, 170104 Quito","Quito Tenis, Quito","https://www.google.com/maps/place/Al+Forno+Quito+Tenis/data=!4m7!3m6!1s0x91d59a913cfb8663:0x19daa8b08dd37883!8m2!3d-0.1675413!4d-78.4882916!16s%2Fg%2F11c1txtqgl!19sChIJY4b7PJGa1ZERg3jTjbCo2hk?authuser=0&hl=es-419&g_ep=EgoyMDI2MDkxNC4wIJJjKgBIAVAD&rclk=1"
"Sabores - Comidas Típicas Quito","096 744 7449","","4.3","54","","ninguno","","true","Restaurante ecuatoriano","Centro Comercial, 170132 Quito","Quito Tenis, Quito","https://www.google.com/maps/place/Sabores+-+Comidas+T%C3%ADpicas+Quito/data=!4m7!3m6!1s0x91d59bcd37a4fd1d:0x3630a46f520d7a5!8m2!3d-0.161514!4d-78.4976782!16s%2Fg%2F11ptslwlhp!19sChIJHf2kN82b1ZERpdcg9UYKYwM?authuser=0&hl=es-419&g_ep=EgoyMDI2MDkxNC4wIJJjKgBIAVAD&rclk=1"
"SEASONS Bar & Grill","099 334 3538","","5","12","","ninguno","","true","Restaurante americano","Av. Brasil, 170104 Quito","Quito Tenis, Quito","https://www.google.com/maps/place/SEASONS+Bar+%26+Grill/data=!4m7!3m6!1s0x91d59b8e18b784d7:0xa6b1424c3727c1f8!8m2!3d-0.1665193!4d-78.4892028!16s%2Fg%2F11tmn9cd5l!19sChIJ14S3GI6b1ZER-MEnN0xCsaY?authuser=0&hl=es-419&g_ep=EgoyMDI2MDkxNC4wIJJjKgBIAVAD&rclk=1"
"Suvlaki","098 463 2326","","4.6","888","http://www.suvlakigriego.com/","sitio_propio","","false","Restaurante griego","Av. de los Shyris y Av. Portugal n34-452, 170505 Quito","Quito Tenis, Quito","https://www.google.com/maps/place/Suvlaki/data=!4m7!3m6!1s0x91d59a873cacf94b:0x691d895109b54f8d!8m2!3d-0.1817777!4d-78.4817761!16s%2Fg%2F11cn9gtbfz!19sChIJS_msPIea1ZERjU-1CVGJHWk?authuser=0&hl=es-419&g_ep=EgoyMDI2MDkxNC4wIJJjKgBIAVAD&rclk=1"
"Amara Restaurante","098 786 9496","","4.5","173","","ninguno","","true","Restaurante ecuatoriano","Isla Seymour N44-44, 170138 Quito","Quito Tenis, Quito","https://www.google.com/maps/place/Amara+Restaurante/data=!4m7!3m6!1s0x91d59aa10bbb863d:0x714a77ef4269758a!8m2!3d-0.1622312!4d-78.4791488!16s%2Fg%2F11dfj3m55s!19sChIJPYa7C6Ga1ZERinVpQu93SnE?authuser=0&hl=es-419&g_ep=EgoyMDI2MDkxNC4wIJJjKgBIAVAD&rclk=1"
"Chili's 6 de Diciembre","098 297 3796","","4.4","4151","http://www.chilis.com.ec/","sitio_propio","","true","Restaurante tex-mex","Av. 6 de Diciembre, 170102 Quito","Quito Tenis, Quito","https://www.google.com/maps/place/Chili%27s+6+de+Diciembre/data=!4m7!3m6!1s0x91d59a810dbaebed:0x65a44dcfa5d7639c!8m2!3d-0.1798636!4d-78.4786485!16s%2Fg%2F11bw2f_zsl!19sChIJ7eu6DYGa1ZERnGPXpc9NpGU?authuser=0&hl=es-419&g_ep=EgoyMDI2MDkxNC4wIJJjKgBIAVAD&rclk=1"
"Plaza Kendo","099 133 7778","","4.5","740","","ninguno","","true","Restaurante","Av. República del Salvador y Portugal EDF Plaza Real, 504, 170010 Quito","Quito Tenis, Quito","https://www.google.com/maps/place/Plaza+Kendo/data=!4m7!3m6!1s0x91d59a80ced830d3:0xe30ce017ff2056b3!8m2!3d-0.1811333!4d-78.480328!16s%2Fg%2F11c49_8dgb!19sChIJ0zDYzoCa1ZERs1Yg_xfgDOM?authuser=0&hl=es-419&g_ep=EgoyMDI2MDkxNC4wIJJjKgBIAVAD&rclk=1"
"El Salnés","099 738 8526","info@elsalnes.net; reservas@hoteltourblanche.com","4.5","86","http://www.elsalnes.net/","sitio_propio","","false","Restaurante de alta cocina","Isla Isabela 44-27, 170138 Quito","Quito Tenis, Quito","https://www.google.com/maps/place/El+Saln%C3%A9s/data=!4m7!3m6!1s0x91d59aa3b8bd4e5d:0xb7f1d249fab44301!8m2!3d-0.1617527!4d-78.4823515!16s%2Fg%2F11f3v1dv6y!19sChIJXU69uKOa1ZERAUO0-knS8bc?authuser=0&hl=es-419&g_ep=EgoyMDI2MDkxNC4wIJJjKgBIAVAD&rclk=1"
"Costaviche","096 812 1168","","3.9","208","https://www.facebook.com/costaviche.manabita/","solo_red_social","","true","Marisquería","Av. Brasil 951, Quito 170521, Mariano Echeverria, 170104 Quito","Quito Tenis, Quito","https://www.google.com/maps/place/Costaviche/data=!4m7!3m6!1s0x91d59bbf064b7b63:0xd28a51267705234f!8m2!3d-0.1651752!4d-78.4893868!16s%2Fg%2F11t7sdsx0m!19sChIJY3tLBr-b1ZERTyMFdyZRitI?authuser=0&hl=es-419&g_ep=EgoyMDI2MDkxNC4wIJJjKgBIAVAD&rclk=1"
"Restaurante San Sebastian","099 547 6156","","4.7","34","https://www.instagram.com/rgsansebastian_2018?igsh=MmFsbGIydXFpejA1","solo_red_social","","true","Restaurante","Rumihurco 412-466, 170103 Quito","Cotocollao, Quito","https://www.google.com/maps/place/Restaurante+San+Sebastian/data=!4m7!3m6!1s0x91d58513ad3751c1:0xf0be974edc8698fa!8m2!3d-0.1189747!4d-78.4958852!16s%2Fg%2F11j1zc98sm!19sChIJwVE3rROF1ZER-piG3E6XvvA?authuser=0&hl=es-419&g_ep=EgoyMDI2MDkxNC4wIJJjKgBIAVAD&rclk=1"
"La komelona uio","095 868 1316","","4.8","13","","ninguno","","true","Restaurante","Flavio Alfaro, y y Pedro Freile, 170103 Quito","Cotocollao, Quito","https://www.google.com/maps/place/La+komelona+uio/data=!4m7!3m6!1s0x91d5850b82b91377:0x931db7306d5faa85!8m2!3d-0.1236322!4d-78.4954659!16s%2Fg%2F11s1tlml_4!19sChIJdxO5gguF1ZERhapfbTC3HZM?authuser=0&hl=es-419&g_ep=EgoyMDI2MDkxNC4wIJJjKgBIAVAD&rclk=1"
"Cabaña Tosaguense","098 450 6464","","4.5","109","","ninguno","","true","Marisquería","Avenida De La Prensa, Norte N51-79, Quito","Cotocollao, Quito","https://www.google.com/maps/place/Caba%C3%B1a+Tosaguense/data=!4m7!3m6!1s0x91d5856b91d50027:0x3e7d6ed2e176a5ae!8m2!3d-0.1241196!4d-78.4940418!16s%2Fg%2F11fct8ffm0!19sChIJJwDVkWuF1ZERrqV24dJufT4?authuser=0&hl=es-419&g_ep=EgoyMDI2MDkxNC4wIJJjKgBIAVAD&rclk=1"
"Verde y Maíz Restaurant Cafetería","098 504 5385","","4.8","34","https://www.tiktok.com/@verdeymaiz_?_t=ZM-8zPCyaGrwU1&_r=1","solo_red_social","","true","Restaurante","Huachi N61-48, 170301 Quito","Cotocollao, Quito","https://www.google.com/maps/place/Verde+y+Ma%C3%ADz+Restaurant+Cafeter%C3%ADa/data=!4m7!3m6!1s0x91d585647ff217a1:0xd879250292a6ccc4!8m2!3d-0.1232745!4d-78.5004217!16s%2Fg%2F11pdy18633!19sChIJoRfyf2SF1ZERxMymkgIledg?authuser=0&hl=es-419&g_ep=EgoyMDI2MDkxNC4wIJJjKgBIAVAD&rclk=1"
"Don Olme","(02) 229-8978","","4.5","87","","ninguno","","true","Restaurante","Flavio Alfaro Oe5-163, 170301 Quito","Cotocollao, Quito","https://www.google.com/maps/place/Don+Olme/data=!4m7!3m6!1s0x91d58577aceb56c9:0xff8a58c047d8605b!8m2!3d-0.1238283!4d-78.4969269!16s%2Fg%2F11gl1vjhr8!19sChIJyVbrrHeF1ZERW2DYR8BYiv8?authuser=0&hl=es-419&g_ep=EgoyMDI2MDkxNC4wIJJjKgBIAVAD&rclk=1"
"ccs Bistro","099 979 7154","","4.8","86","","ninguno","","true","Restaurante","Machala y, Rigoberto Heredia N6252, 170103 Quito","Cotocollao, Quito","https://www.google.com/maps/place/ccs+Bistro/data=!4m7!3m6!1s0x91d5853698a10d3d:0x8840f1034a1ca6e2!8m2!3d-0.1217501!4d-78.498737!16s%2Fg%2F11h9465560!19sChIJPQ2hmDaF1ZER4qYcSgPxQIg?authuser=0&hl=es-419&g_ep=EgoyMDI2MDkxNC4wIJJjKgBIAVAD&rclk=1"
"Let's EAT Kusina Filipina","099 640 8614","","4.9","315","https://www.facebook.com/LetsEat86/","solo_red_social","","true","Restaurante filipino","Machala y Flavio Alfaro N60-200 y, 170103 Quito","Cotocollao, Quito","https://www.google.com/maps/place/Let%27s+EAT+Kusina+Filipina/data=!4m7!3m6!1s0x91d5857a82a0082f:0x517c3f1c0a36cee9!8m2!3d-0.1238054!4d-78.4986144!16s%2Fg%2F11k823kbj5!19sChIJLwiggnqF1ZER6c42Chw_fFE?authuser=0&hl=es-419&g_ep=EgoyMDI2MDkxNC4wIJJjKgBIAVAD&rclk=1"
"La Vaca Bandida","098 466 7912","","5","12","https://www.instagram.com/la_vaca.band/","solo_red_social","","true","Restaurante especializado en chuletas","Pedro de Alvarado y Ángel Ludeña 59-76 y, 170301 Quito","Cotocollao, Quito","https://www.google.com/maps/place/La+Vaca+Bandida/data=!4m7!3m6!1s0x91d5850d16b75f9b:0x9ed5ddd7acfaac53!8m2!3d-0.1272152!4d-78.5018985!16s%2Fg%2F11tcj77qt_!19sChIJm1-3Fg2F1ZERU6z6rNfd1Z4?authuser=0&hl=es-419&g_ep=EgoyMDI2MDkxNC4wIJJjKgBIAVAD&rclk=1"
"Carvajal","098 680 5457","","4.8","8","","ninguno","","true","Restaurante familiar","Flavio Alfaro y Norte Oe7-157, 170301 Quito","Cotocollao, Quito","https://www.google.com/maps/place/Carvajal/data=!4m7!3m6!1s0x91d585147468f19d:0x8f2e89fa9ef95cab!8m2!3d-0.1237962!4d-78.501957!16s%2Fg%2F11gv_wcq4n!19sChIJnfFodBSF1ZERq1z5nvqJLo8?authuser=0&hl=es-419&g_ep=EgoyMDI2MDkxNC4wIJJjKgBIAVAD&rclk=1"
"Matambre","098 389 7474","","4.8","21","","ninguno","","true","Restaurante","Sabanilla y Norte Oe4-64, 170301 Quito","Cotocollao, Quito","https://www.google.com/maps/place/Matambre/data=!4m7!3m6!1s0x91d5856da45b7dc3:0x3a92624447975110!8m2!3d-0.1205058!4d-78.4945859!16s%2Fg%2F11gtxbt7mm!19sChIJw31bpG2F1ZEREFGXR0Rikjo?authuser=0&hl=es-419&g_ep=EgoyMDI2MDkxNC4wIJJjKgBIAVAD&rclk=1"
"Los motes del parque de cotocollao","(02) 229-3847","","4.5","11","","ninguno","","true","Restaurante","Santa Teresa y Vicente Lopez &, 170103 Quito","Cotocollao, Quito","https://www.google.com/maps/place/Los+motes+del+parque+de+cotocollao/data=!4m7!3m6!1s0x91d5857d7f640b9f:0xc604d5880f15c4a6!8m2!3d-0.1155609!4d-78.4980445!16s%2Fg%2F11j13858pd!19sChIJnwtkf32F1ZERpsQVD4jVBMY?authuser=0&hl=es-419&g_ep=EgoyMDI2MDkxNC4wIJJjKgBIAVAD&rclk=1"
"Empanadas Cotocollao","099 846 9795","","4.9","203","","ninguno","","true","Restaurante","Ramon Chiriboga, 170144 Quito","Cotocollao, Quito","https://www.google.com/maps/place/Empanadas+Cotocollao/data=!4m7!3m6!1s0x91d585714f69d9a5:0xcb04fcab68365bd6!8m2!3d-0.1140066!4d-78.492736!16s%2Fg%2F11hfrw8xvn!19sChIJpdlpT3GF1ZER1ls2aKv8BMs?authuser=0&hl=es-419&g_ep=EgoyMDI2MDkxNC4wIJJjKgBIAVAD&rclk=1"
"Déjáburg","098 193 1919","","4.9","8","","ninguno","","true","Restaurante","Calle Flavio Alfaro, oe 4 y Av. de la Prensa 47 y, Quito","Cotocollao, Quito","https://www.google.com/maps/place/D%C3%A9j%C3%A1burg/data=!4m7!3m6!1s0x91d5853abc5d00d7:0x777b4b99a71ef73b!8m2!3d-0.1236476!4d-78.4944295!16s%2Fg%2F11rnc3gfln!19sChIJ1wBdvDqF1ZERO_cep5lLe3c?authuser=0&hl=es-419&g_ep=EgoyMDI2MDkxNC4wIJJjKgBIAVAD&rclk=1"
"La Pepa Restaurant","","","5","6","","ninguno","","true","Restaurante","Machala 2431, 170103 Quito","Cotocollao, Quito","https://www.google.com/maps/place/La+Pepa+Restaurant/data=!4m7!3m6!1s0x91d58f0079306bc7:0x12508a296d2b1da6!8m2!3d-0.1269187!4d-78.4986817!16s%2Fg%2F11wwmzv6td!19sChIJx2sweQCP1ZERph0rbSmKUBI?authuser=0&hl=es-419&g_ep=EgoyMDI2MDkxNC4wIJJjKgBIAVAD&rclk=1"
"Burguer","","","5","23","","ninguno","","true","Restaurante","evtnsos, 170150 Quito","Cotocollao, Quito","https://www.google.com/maps/place/Burguer/data=!4m7!3m6!1s0x91d585ef21d67353:0x7ab7c7400e17db04!8m2!3d-0.1234458!4d-78.5004225!16s%2Fg%2F11ry23vbsg!19sChIJU3PWIe-F1ZERBNsXDkDHt3o?authuser=0&hl=es-419&g_ep=EgoyMDI2MDkxNC4wIJJjKgBIAVAD&rclk=1"
"Kokoriko Cotocollao","(02) 229-3600","","4.1","51","","ninguno","","true","Restaurante","VGJ4+FCC, Quito","Cotocollao, Quito","https://www.google.com/maps/place/Kokoriko+Cotocollao/data=!4m7!3m6!1s0x91d5858c4b995699:0x6568a4c8d55dcdc2!8m2!3d-0.1188005!4d-78.493976!16s%2Fg%2F11f60z28pf!19sChIJmVaZS4yF1ZERws1d1cikaGU?authuser=0&hl=es-419&g_ep=EgoyMDI2MDkxNC4wIJJjKgBIAVAD&rclk=1"
"Asadero Del Valle","096 737 9122","","4","16","","ninguno","","true","Restaurante","Lizardo Ruiz y Gral. José María Guerrero OE5-156 y, 170301 Quito","Cotocollao, Quito","https://www.google.com/maps/place/Asadero+Del+Valle/data=!4m7!3m6!1s0x91d58510439bb759:0xc866e43faf3bc629!8m2!3d-0.1145041!4d-78.497288!16s%2Fg%2F11rx0k31wk!19sChIJWbebQxCF1ZERKcY7rz_kZsg?authuser=0&hl=es-419&g_ep=EgoyMDI2MDkxNC4wIJJjKgBIAVAD&rclk=1"
"Salchipapas Alvernia","099 130 9835","","4.7","11","","ninguno","","true","Restaurante","Av. de la Prensa N61-115, 170103 Quito","Cotocollao, Quito","https://www.google.com/maps/place/Salchipapas+Alvernia/data=!4m7!3m6!1s0x91d5856c69e36ef1:0xf04e4361afa03951!8m2!3d-0.1224893!4d-78.4940693!16s%2Fg%2F11g7_m3b99!19sChIJ8W7jaWyF1ZERUTmgr2FDTvA?authuser=0&hl=es-419&g_ep=EgoyMDI2MDkxNC4wIJJjKgBIAVAD&rclk=1"
"JOY'S BURGUER","099 588 0153","","4.4","20","http://www.facebook.com/joysburguer1","solo_red_social","","true","Restaurante","Av. de la Prensa y Bellavista &, 170103 Quito","Cotocollao, Quito","https://www.google.com/maps/place/JOY%27S+BURGUER/data=!4m7!3m6!1s0x91d58573b0277ed9:0x2c5edbb87d5a8127!8m2!3d-0.1162218!4d-78.4944017!16s%2Fg%2F11clwj_6d7!19sChIJ2X4nsHOF1ZERJ4FafbjbXiw?authuser=0&hl=es-419&g_ep=EgoyMDI2MDkxNC4wIJJjKgBIAVAD&rclk=1"
"Cuzquito","","","4.3","18","","ninguno","","true","Restaurante","Machala 61-25 Y, 170103 Quito","Cotocollao, Quito","https://www.google.com/maps/place/Cuzquito/data=!4m7!3m6!1s0x91d5850fc853f8ab:0xee3cb36176611b69!8m2!3d-0.1234161!4d-78.498786!16s%2Fg%2F11v3p0dr4f!19sChIJq_hTyA-F1ZERaRthdmGzPO4?authuser=0&hl=es-419&g_ep=EgoyMDI2MDkxNC4wIJJjKgBIAVAD&rclk=1"
"LA CASONA MARISQUERIA","096 387 4672","","4.1","190","","ninguno","","true","Restaurante","Av. De la Prensa, y y Lizardo Ruiz, 170301 Quito","Cotocollao, Quito","https://www.google.com/maps/place/LA+CASONA+MARISQUERIA/data=!4m7!3m6!1s0x91d5857476542e17:0x8298873a06b1505b!8m2!3d-0.1142379!4d-78.4945045!16s%2Fg%2F11c2qs_9s2!19sChIJFy5UdnSF1ZERW1CxBjqHmII?authuser=0&hl=es-419&g_ep=EgoyMDI2MDkxNC4wIJJjKgBIAVAD&rclk=1"
"Restaurante y Cafetería Muglisa","389-8987","","4.2","6","","ninguno","","true","Restaurante","VGJ4+HC7, Manta, 170103 Quito","Cotocollao, Quito","https://www.google.com/maps/place/Restaurante+y+Cafeter%C3%ADa+Muglisa/data=!4m7!3m6!1s0x91d585727161d279:0x8beaf2466e2ab941!8m2!3d-0.1185939!4d-78.493959!16s%2Fg%2F11c2y88g_5!19sChIJedJhcXKF1ZERQbkqbkby6os?authuser=0&hl=es-419&g_ep=EgoyMDI2MDkxNC4wIJJjKgBIAVAD&rclk=1"
"La Esquina De Ales","(02) 600-8368","","4.4","619","","ninguno","","true","Restaurante","VGM4+FCJ, Av. de la Prensa, Quito","Cotocollao, Quito","https://www.google.com/maps/place/La+Esquina+De+Ales/data=!4m7!3m6!1s0x91d58573b6d1536f:0x976f71c312794520!8m2!3d-0.1162803!4d-78.4939945!16s%2Fg%2F11gr318hkb!19sChIJb1PRtnOF1ZERIEV5EsNxb5c?authuser=0&hl=es-419&g_ep=EgoyMDI2MDkxNC4wIJJjKgBIAVAD&rclk=1"
"Menestras Del Negro - Cotocollao","229-7037","","4.1","1295","http://www.menestrasdelnegro.com/","sitio_propio","","false","Restaurante","Av. de la Prensa N59-110, 1701512 Quito","Cotocollao, Quito","https://www.google.com/maps/place/Menestras+Del+Negro+-+Cotocollao/data=!4m7!3m6!1s0x91d5854931df3d73:0x7170d06ddfb0d987!8m2!3d-0.125882!4d-78.493678!16s%2Fg%2F11c1cjtk56!19sChIJcz3fMUmF1ZERh9mw323QcHE?authuser=0&hl=es-419&g_ep=EgoyMDI2MDkxNC4wIJJjKgBIAVAD&rclk=1"
"PAPITAS TIKET","(02) 259-6563","","4.6","10","","ninguno","","true","Restaurante de comida rápida","VGF3+74G, Avenida Angel Ludeña y Oe5z180, 170103 Quito","Cotocollao, Quito","https://www.google.com/maps/place/PAPITAS+TIKET/data=!4m7!3m6!1s0x91d5856ac635e9cd:0xcbeb31cdb7802a2b!8m2!3d-0.1268224!4d-78.4971786!16s%2Fg%2F11cn3psw63!19sChIJzek1xmqF1ZERKyqAt80x68s?authuser=0&hl=es-419&g_ep=EgoyMDI2MDkxNC4wIJJjKgBIAVAD&rclk=1"
"La tribuna de mariscos","","","4.8","24","","ninguno","","true","Marisquería","VGH3+F68, 170103 Quito","Cotocollao, Quito","https://www.google.com/maps/place/La+tribuna+de+mariscos/data=!4m7!3m6!1s0x91d585ed8218aebd:0xbe97e3ae7ee574af!8m2!3d-0.1213428!4d-78.4969339!16s%2Fg%2F11qp2gd1t6!19sChIJva4Ygu2F1ZERr3Tlfq7jl74?authuser=0&hl=es-419&g_ep=EgoyMDI2MDkxNC4wIJJjKgBIAVAD&rclk=1"
"La bomba burger Restaurante de comida rapida","096 369 0518","","4.7","14","https://www.facebook.com/p/La-Bomba-Burger-61571433305273/?mibextid=ZbWKwL","solo_red_social","","true","Hamburguesería","Plaza cotocollao av de la prensa entre lizardo Ruiz, y y Ramon Chiriboga, Quito","Cotocollao, Quito","https://www.google.com/maps/place/La+bomba+burger+Restaurante+de+comida+rapida/data=!4m7!3m6!1s0x91d58575973e9c85:0x2c651739db4e874f!8m2!3d-0.1141877!4d-78.4946739!16s%2Fg%2F11lz6l1q27!19sChIJhZw-l3WF1ZERT4dO2zkXZSw?authuser=0&hl=es-419&g_ep=EgoyMDI2MDkxNC4wIJJjKgBIAVAD&rclk=1"
"Costa Manabita","098 616 1705","","4.1","35","","ninguno","","true","Restaurante ecuatoriano","Gral. José María Guerrero Oe5-161, 170301 Quito","Cotocollao, Quito","https://www.google.com/maps/place/Costa+Manabita/data=!4m7!3m6!1s0x91d5857337bfa3eb:0x35c5a850cda95c18!8m2!3d-0.1156242!4d-78.4973127!16s%2Fg%2F11gnpq5r1m!19sChIJ66O_N3OF1ZERGFypzVCoxTU?authuser=0&hl=es-419&g_ep=EgoyMDI2MDkxNC4wIJJjKgBIAVAD&rclk=1"
"Antojitos Lojanos","098 176 2505","","4.5","83","","ninguno","","true","Restaurante","Calle, Rigoberto Heredia Oe5-191, 170103 Quito","Cotocollao, Quito","https://www.google.com/maps/place/Antojitos+Lojanos/data=!4m7!3m6!1s0x91d5856cc803434f:0xc52bbbac52d02df4!8m2!3d-0.122444!4d-78.4973627!16s%2Fg%2F11f3nsl6g5!19sChIJT0MDyGyF1ZER9C3QUqy7K8U?authuser=0&hl=es-419&g_ep=EgoyMDI2MDkxNC4wIJJjKgBIAVAD&rclk=1"
"Pollo Campero - Cotocollao","(02) 259-9999","infocampero@grupotcg.com\; infocampero@grupotcg.com","4.2","964","https://campero.ec/es/menu/cotocollao","sitio_propio","2026","false","Restaurante de comida rápida","Av. de la Prensa N61-124, 170303 Quito","Cotocollao, Quito","https://www.google.com/maps/place/Pollo+Campero+-+Cotocollao/data=!4m7!3m6!1s0x91d5856c400b6021:0xb40bc5ba5815d067!8m2!3d-0.1228218!4d-78.4941711!16s%2Fg%2F11b6cq3fhm!19sChIJIWALQGyF1ZERZ9AVWLrFC7Q?authuser=0&hl=es-419&g_ep=EgoyMDI2MDkxNC4wIJJjKgBIAVAD&rclk=1"
"Chifa San Li","(02) 253-7358","","4.4","516","","ninguno","","true","Restaurante","VGM4+C82, Av. de la Prensa, 170103 Quito","Cotocollao, Quito","https://www.google.com/maps/place/Chifa+San+Li/data=!4m7!3m6!1s0x91d58573b24ebdd9:0x1cd95080825c7891!8m2!3d-0.1164989!4d-78.4942222!16s%2Fg%2F11fcpjkw9z!19sChIJ2b1OsnOF1ZERkXhcgoBQ2Rw?authuser=0&hl=es-419&g_ep=EgoyMDI2MDkxNC4wIJJjKgBIAVAD&rclk=1"
"Rincon Guarandeño","","","4.3","178","","ninguno","","true","Restaurante","VGJ4+89R, Av. de la Prensa, 170103 Quito","Cotocollao, Quito","https://www.google.com/maps/place/Rincon+Guarande%C3%B1o/data=!4m7!3m6!1s0x91d585727617bd2f:0x5e2105569325ce2a!8m2!3d-0.119147!4d-78.4941193!16s%2Fg%2F11d_d38gfk!19sChIJL70XdnKF1ZERKs4lk1YFIV4?authuser=0&hl=es-419&g_ep=EgoyMDI2MDkxNC4wIJJjKgBIAVAD&rclk=1"
"Chifa Corona","(02) 229-2147","","4.4","674","","ninguno","","true","Restaurante chino","Gualaquiza 940, 170144 Quito","Cotocollao, Quito","https://www.google.com/maps/place/Chifa+Corona/data=!4m7!3m6!1s0x91d58525e9a7b48d:0xaed203d690ab9a2f!8m2!3d-0.1203617!4d-78.4916946!16s%2Fg%2F11h3m0d7c3!19sChIJjbSn6SWF1ZERL5qrkNYD0q4?authuser=0&hl=es-419&g_ep=EgoyMDI2MDkxNC4wIJJjKgBIAVAD&rclk=1"
"Cheff Loco","(02) 229-6511","","4.2","21","https://www.facebook.com/CheffLoco","solo_red_social","","true","Restaurante ecuatoriano","José de Sucre N62-201, 170103 Quito","Cotocollao, Quito","https://www.google.com/maps/place/Cheff+Loco/data=!4m7!3m6!1s0x91d585110b7883dd:0xce8da04a36f33f3e!8m2!3d-0.1215545!4d-78.5052583!16s%2Fg%2F11d_w8nvnm!19sChIJ3YN4CxGF1ZERPj_zNkqgjc4?authuser=0&hl=es-419&g_ep=EgoyMDI2MDkxNC4wIJJjKgBIAVAD&rclk=1"
"El Coche Del Sabor","","","4.6","70","","ninguno","","true","Restaurante","Rigoberto Heredia y Norte N62-151, 170103 Quito","Cotocollao, Quito","https://www.google.com/maps/place/El+Coche+Del+Sabor/data=!4m7!3m6!1s0x91d5851349ded8c1:0x6d5230878abec06c!8m2!3d-0.122502!4d-78.4983842!16s%2Fg%2F11cmt5x4jc!19sChIJwdjeSROF1ZERbMC-iocwUm0?authuser=0&hl=es-419&g_ep=EgoyMDI2MDkxNC4wIJJjKgBIAVAD&rclk=1"
"Las Palmeras","(02) 259-4572","","4.4","377","http://www.laspalmeras.com.ec/locales/","sitio_propio","","false","Restaurante ecuatoriano","Alberto Bastidas Oe4-36, 170144 Quito","Cotocollao, Quito","https://www.google.com/maps/place/Las+Palmeras/data=!4m7!3m6!1s0x91d5856defd72dd1:0xa462990665e799c3!8m2!3d-0.1194935!4d-78.4932409!16s%2Fg%2F11g8_1qr8d!19sChIJ0S3X722F1ZERw5nnZQaZYqQ?authuser=0&hl=es-419&g_ep=EgoyMDI2MDkxNC4wIJJjKgBIAVAD&rclk=1"
"DaniPizzas","098 789 3644","","4.9","16","https://www.instagram.com/danipizzzas?igsh=MWtjeGh4NWc5b29vbQ==&utm_source=ig_contact_invite","solo_red_social","","true","Pizzería","Machala, y y Flavio Alfaro N61-25, 170103 Quito","Cotocollao, Quito","https://www.google.com/maps/place/DaniPizzas/data=!4m7!3m6!1s0x91d5859cdfa52c2f:0xa158f991403fb30e!8m2!3d-0.1234588!4d-78.4987842!16s%2Fg%2F11x7z4c_s7!19sChIJLyyl35yF1ZERDrM_QJH5WKE?authuser=0&hl=es-419&g_ep=EgoyMDI2MDkxNC4wIJJjKgBIAVAD&rclk=1"
"Martin's Pollo Horneado","098 687 9470","","4.7","56","https://wa.link/y216h6","sitio_propio","","false","Restaurante","Flavio Alfaro, 170103 Quito","Cotocollao, Quito","https://www.google.com/maps/place/Martin%27s+Pollo+Horneado/data=!4m7!3m6!1s0x91d5852809ace7c9:0x5e3c28b719ce2672!8m2!3d-0.1236818!4d-78.4988446!16s%2Fg%2F11gm9rn421!19sChIJyeesCSiF1ZERcibOGbcoPF4?authuser=0&hl=es-419&g_ep=EgoyMDI2MDkxNC4wIJJjKgBIAVAD&rclk=1"
"Trinos","(02) 259-3959","","4","6","","ninguno","","true","Restaurante familiar","Ángel Ludeña Oe8-157, 170103 Quito","Cotocollao, Quito","https://www.google.com/maps/place/Trinos/data=!4m7!3m6!1s0x91d585156f984fe5:0x9a9eb3dedc8f12c8!8m2!3d-0.1275851!4d-78.4999747!16s%2Fg%2F11ffgp3q4c!19sChIJ5U-YbxWF1ZERyBKP3N6znpo?authuser=0&hl=es-419&g_ep=EgoyMDI2MDkxNC4wIJJjKgBIAVAD&rclk=1"
"Pizza los tios","098 409 6159","","3.8","143","","ninguno","","true","Restaurante","Av. de la Prensa n63, 170301 Quito","Cotocollao, Quito","https://www.google.com/maps/place/Pizza+los+tios/data=!4m7!3m6!1s0x91d585a28206510d:0x3a2f2b5457c47dc7!8m2!3d-0.1222261!4d-78.4940395!16s%2Fg%2F11hzd0cpnh!19sChIJDVEGgqKF1ZERx33EV1QrLzo?authuser=0&hl=es-419&g_ep=EgoyMDI2MDkxNC4wIJJjKgBIAVAD&rclk=1"
"Pizzería Di Rulo / Av. del Maestro","(02) 253-0815","soportejustoapp@getjusto.com\; pedidodirulo@gmail.com; luis_latm@yahoo.com; u003eluis_latm@yahoo.com; u003efinanciero@dirulo.com; u003ejustocolombia@getjusto.com; soportejustoapp@getjusto.com; u003esoportejustoapp@getjusto.com","4.6","1147","https://www.dirulo.com/pedir","sitio_propio","","false","Pizzería","Gualaquiza N61- 41 y, 170303 Quito","Cotocollao, Quito","https://www.google.com/maps/place/Pizzer%C3%ADa+Di+Rulo+%2F+Av.+del+Maestro/data=!4m7!3m6!1s0x91d5856ea3c3b367:0x99da22730d992de3!8m2!3d-0.1223601!4d-78.4917289!16s%2Fg%2F11c0w9_2nx!19sChIJZ7PDo26F1ZER4y2ZDXMi2pk?authuser=0&hl=es-419&g_ep=EgoyMDI2MDkxNC4wIJJjKgBIAVAD&rclk=1"
"Koko Riko","099 867 0850","","4","6","","ninguno","","true","Restaurante especializado en pollo","Calle Flavio Alfaro y Norte S/N, 170301 Quito","Cotocollao, Quito","https://www.google.com/maps/place/Koko+Riko/data=!4m7!3m6!1s0x91d5856d1bb2aa09:0x6904464767ecb6f1!8m2!3d-0.1234468!4d-78.5020232!16s%2Fg%2F11g0gpfv77!19sChIJCaqyG22F1ZER8bbsZ0dGBGk?authuser=0&hl=es-419&g_ep=EgoyMDI2MDkxNC4wIJJjKgBIAVAD&rclk=1"
"Las Delicias Del Español","229-4261","","4.4","7","","ninguno","","true","Restaurante de cocina española","VFHX+G2J, Pedro de Alvarado, 170103 Quito","Cotocollao, Quito","https://www.google.com/maps/place/Las+Delicias+Del+Espa%C3%B1ol/data=!4m7!3m6!1s0x91d5854c56e9a2f9:0x2fc38ad952235301!8m2!3d-0.1211687!4d-78.5024868!16s%2Fg%2F11f72_tjp2!19sChIJ-aLpVkyF1ZERAVMjUtmKwy8?authuser=0&hl=es-419&g_ep=EgoyMDI2MDkxNC4wIJJjKgBIAVAD&rclk=1"
"Pollos Gus - Cotocollao","392-0071","","4.1","649","http://www.pollogus.com/","sitio_propio","","false","Restaurante especializado en pollo","Av. de la Prensa y Av del Maestro N61-104 y, 170301 Quito","Cotocollao, Quito","https://www.google.com/maps/place/Pollos+Gus+-+Cotocollao/data=!4m7!3m6!1s0x91d5856c6acb9233:0xe7fee94c604f1d20!8m2!3d-0.1223913!4d-78.4936493!16s%2Fg%2F11dxsvk3bd!19sChIJM5LLamyF1ZERIB1PYEzp_uc?authuser=0&hl=es-419&g_ep=EgoyMDI2MDkxNC4wIJJjKgBIAVAD&rclk=1"
"Desayunos","098 898 1003","","4.5","75","","ninguno","","true","Restaurante ecuatoriano","Gral. José María Guerrero N62, 170301 Quito","Cotocollao, Quito","https://www.google.com/maps/place/Desayunos/data=!4m7!3m6!1s0x91d5856cc4637d7b:0x7693af99f526883!8m2!3d-0.1220105!4d-78.4969127!16s%2Fg%2F11gnrmyjds!19sChIJe31jxGyF1ZERg2hSn_k6aQc?authuser=0&hl=es-419&g_ep=EgoyMDI2MDkxNC4wIJJjKgBIAVAD&rclk=1"
"Master Che","098 423 9647","","4.5","104","","ninguno","","true","Parrilla","Huachi 1053, 170103 Quito","Cotocollao, Quito","https://www.google.com/maps/place/Master+Che/data=!4m7!3m6!1s0x91d585c2034de4b7:0x625bab9b9bc13388!8m2!3d-0.1231431!4d-78.500566!16s%2Fg%2F11rrqqkhbs!19sChIJt-RNA8KF1ZERiDPBm5urW2I?authuser=0&hl=es-419&g_ep=EgoyMDI2MDkxNC4wIJJjKgBIAVAD&rclk=1"
"Las Rollingas Cotocollao","096 266 2587","lasrollingascotocollao@gmail.com","4.6","1138","http://www.lasrollingasecuador.com/","sitio_propio","","false","Hamburguesería","Gral. José María Guerrero y Pasaje N64B Oe5-05 y, 170103 Quito","Cotocollao, Quito","https://www.google.com/maps/place/Las+Rollingas+Cotocollao/data=!4m7!3m6!1s0x91d58572c57bb6a5:0xad0aef3f91b5fbcc!8m2!3d-0.1177469!4d-78.4972853!16s%2Fg%2F1tj4ck6h!19sChIJpbZ7xXKF1ZERzPu1kT_vCq0?authuser=0&hl=es-419&g_ep=EgoyMDI2MDkxNC4wIJJjKgBIAVAD&rclk=1"
"Parrilladas del che argentino","099 840 3084","","4.5","1152","","ninguno","","true","Restaurante argentino","Bartolomé Ruiz Oe6-11, 170301 Quito","Cotocollao, Quito","https://www.google.com/maps/place/Parrilladas+del+che+argentino/data=!4m7!3m6!1s0x91d58514d9ca2965:0x2a7bab3eb276b3f1!8m2!3d-0.1257165!4d-78.4987292!16s%2Fg%2F11cn95t6fh!19sChIJZSnK2RSF1ZER8bN2sj6reyo?authuser=0&hl=es-419&g_ep=EgoyMDI2MDkxNC4wIJJjKgBIAVAD&rclk=1"
"Manabipordentro en Pedro Freile 1007 y Ángel Ludeña","098 950 6982","","4.4","14","https://linktr.ee/manabipordentro","solo_red_social","","true","Bar restaurante","Pedro Freile y Ángel Ludeña 1007, 170103 Quito","Cotocollao, Quito","https://www.google.com/maps/place/Manabipordentro+en+Pedro+Freile+1007+y+%C3%81ngel+Lude%C3%B1a/data=!4m7!3m6!1s0x91d585004dee357d:0xa1336d9681a039ce!8m2!3d-0.126981!4d-78.4951831!16s%2Fg%2F11vz56jq6r!19sChIJfTXuTQCF1ZERzjmggZZtM6E?authuser=0&hl=es-419&g_ep=EgoyMDI2MDkxNC4wIJJjKgBIAVAD&rclk=1"
"Persepolis Shawarma","099 258 2984","","4.4","121","","ninguno","","true","Restaurante de comida rápida","Av. de la Prensa y Norte N60-41, 170301 Quito","Cotocollao, Quito","https://www.google.com/maps/place/Persepolis+Shawarma/data=!4m7!3m6!1s0x91d5856b960c8489:0x9982847604bec2bf!8m2!3d-0.1246488!4d-78.4940421!16s%2Fg%2F11gmxbh0j0!19sChIJiYQMlmuF1ZERv8K-BHaEgpk?authuser=0&hl=es-419&g_ep=EgoyMDI2MDkxNC4wIJJjKgBIAVAD&rclk=1"
"Gallo sin Marca San Carlos","099 853 4384","","4.8","1963","http://ungallosinmarca.com/","sitio_propio","","false","Restaurante","Hernando de Soto 59-48, 170103 Quito","Cotocollao, Quito","https://www.google.com/maps/place/Gallo+sin+Marca+San+Carlos/data=!4m7!3m6!1s0x91d585c3871392a5:0x9e4b1582be49c153!8m2!3d-0.1275114!4d-78.5015128!16s%2Fg%2F11rn5nnx9v!19sChIJpZITh8OF1ZERU8FJvoIVS54?authuser=0&hl=es-419&g_ep=EgoyMDI2MDkxNC4wIJJjKgBIAVAD&rclk=1"
"Chifa Libertador","099 229 0822","","3.8","17","","ninguno","","true","Restaurante chino","Libertador 291, 170103 Quito","Cotocollao, Quito","https://www.google.com/maps/place/Chifa+Libertador/data=!4m7!3m6!1s0x91d585991eeb7efd:0xfa5ae495026424ca!8m2!3d-0.1159591!4d-78.4957071!16s%2Fg%2F11r25r8dst!19sChIJ_X7rHpmF1ZERyiRkApXkWvo?authuser=0&hl=es-419&g_ep=EgoyMDI2MDkxNC4wIJJjKgBIAVAD&rclk=1"
"Family Chicken","(02) 600-6038","","3.8","6","","ninguno","","true","Restaurante especializado en pollo","VGF2+26Q, Ángel Ludeña, 170103 Quito","Cotocollao, Quito","https://www.google.com/maps/place/Family+Chicken/data=!4m7!3m6!1s0x91d585156818ef73:0xc6c13a44902c8f9b!8m2!3d-0.1274037!4d-78.4993917!16s%2Fg%2F11fx89l9f3!19sChIJc-8YaBWF1ZERm48skEQ6wcY?authuser=0&hl=es-419&g_ep=EgoyMDI2MDkxNC4wIJJjKgBIAVAD&rclk=1"
"Santore Pub n' Grill","","","4.5","6","","ninguno","","true","Bar","Pedro de Alvarado 1334, 170103 Quito","Cotocollao, Quito","https://www.google.com/maps/place/Santore+Pub+n%27+Grill/data=!4m7!3m6!1s0x91d58515be28cc95:0x144b3f8161b64009!8m2!3d-0.1276372!4d-78.501815!16s%2Fg%2F11gfml2c0g!19sChIJlcwovhWF1ZERCUC2YYE_SxQ?authuser=0&hl=es-419&g_ep=EgoyMDI2MDkxNC4wIJJjKgBIAVAD&rclk=1"
"El Colombiano","","","4.3","8","","ninguno","","true","Restaurante colombiano","VFHX+G2R, 170103 Quito","Cotocollao, Quito","https://www.google.com/maps/place/El+Colombiano/data=!4m7!3m6!1s0x91d585123463d28d:0xb858a6a8bc6a0bac!8m2!3d-0.1211262!4d-78.5024771!16s%2Fg%2F11g6_7bv0t!19sChIJjdJjNBKF1ZERrAtqvKimWLg?authuser=0&hl=es-419&g_ep=EgoyMDI2MDkxNC4wIJJjKgBIAVAD&rclk=1"
"San Carlos","098 989 0185","","3.9","173","","ninguno","","true","Restaurante","Pedro de Alvarado n63-38, Quito EC170103, Flavio Alfaro y Norte Oe7-106, 170301 Quito","Cotocollao, Quito","https://www.google.com/maps/place/San+Carlos/data=!4m7!3m6!1s0x91d585146d7b42c3:0x36b9b5b844416620!8m2!3d-0.1241641!4d-78.5020479!16s%2Fg%2F11c6qd5r6v!19sChIJw0J7bRSF1ZERIGZBRLi1uTY?authuser=0&hl=es-419&g_ep=EgoyMDI2MDkxNC4wIJJjKgBIAVAD&rclk=1"
"Las Hiedras Quito's food","","","4.4","78","","ninguno","","true","Restaurante ecuatoriano","25 de Mayo y José H. Figueroa N63-44, 170301 Quito","Cotocollao, Quito","https://www.google.com/maps/place/Las+Hiedras+Quito%27s+food/data=!4m7!3m6!1s0x91d585726596e6c5:0x19e48b70a3cdea43!8m2!3d-0.1181949!4d-78.4944!16s%2Fg%2F11cjnm0y8n!19sChIJxeaWZXKF1ZERQ-rNo3CL5Bk?authuser=0&hl=es-419&g_ep=EgoyMDI2MDkxNC4wIJJjKgBIAVAD&rclk=1"
"TOPSI BURGER","099 362 1676","","4.1","392","","ninguno","","true","Restaurante","Av. Cristóbal Vaca de Castro y Código, OE6-18, 170301 Quito","Cotocollao, Quito","https://www.google.com/maps/place/TOPSI+BURGER/data=!4m7!3m6!1s0x91d5853ff3b3c731:0x523614a9dcb8ca39!8m2!3d-0.1289747!4d-78.4984686!16s%2Fg%2F11g6n06y55!19sChIJMcez8z-F1ZEROcq43KkUNlI?authuser=0&hl=es-419&g_ep=EgoyMDI2MDkxNC4wIJJjKgBIAVAD&rclk=1"
"Mi Cuate Mexican Grill","096 800 6876","","3.7","6","","ninguno","","true","Restaurante mexicano","VGH4+57P, Rigoberto Heredia Y de la Prensa, 170103 Quito","Cotocollao, Quito","https://www.google.com/maps/place/Mi+Cuate+Mexican+Grill/data=!4m7!3m6!1s0x91d5859b6af015b9:0xc76d9e1dd8f37235!8m2!3d-0.122046!4d-78.4943!16s%2Fg%2F11pg09c4q1!19sChIJuRXwapuF1ZERNXLz2B2ebcc?authuser=0&hl=es-419&g_ep=EgoyMDI2MDkxNC4wIJJjKgBIAVAD&rclk=1"
"Comida Rápida | Motes al Paso De Cotocollao","098 390 3637","","4.4","7","","ninguno","","true","Restaurante ecuatoriano","Santa Teresa N65-174 y, N65-174 y, 170301 Quito","Cotocollao, Quito","https://www.google.com/maps/place/Comida+R%C3%A1pida+%7C+Motes+al+Paso+De+Cotocollao/data=!4m7!3m6!1s0x91d5855145f3c67f:0x44d1825edf501746!8m2!3d-0.115585!4d-78.498052!16s%2Fg%2F11q1d17v5n!19sChIJf8bzRVGF1ZERRhdQ316C0UQ?authuser=0&hl=es-419&g_ep=EgoyMDI2MDkxNC4wIJJjKgBIAVAD&rclk=1"
"Pollos el paisa","","","3.8","10","","ninguno","","true","Restaurante especializado en pollo","VGF3+CF8, 170103 Quito","Cotocollao, Quito","https://www.google.com/maps/place/Pollos+el+paisa/data=!4m7!3m6!1s0x91d585002f9ca3cf:0x8b1bb85e6ce682d4!8m2!3d-0.1264589!4d-78.4963057!16s%2Fg%2F11x916pzcj!19sChIJz6OcLwCF1ZER1ILmbF64G4s?authuser=0&hl=es-419&g_ep=EgoyMDI2MDkxNC4wIJJjKgBIAVAD&rclk=1"
"HELADOS DE PAILA ARAZAA EL SECRETO DE ROSALIA SUAREZ","098 579 7368","","4.4","8","","ninguno","","true","Restaurante especializado en sundae","Huachi y Flavio Alfaro N60-109 y, 170103 Quito","Cotocollao, Quito","https://www.google.com/maps/place/HELADOS+DE+PAILA+ARAZAA+EL+SECRETO+DE+ROSALIA+SUAREZ/data=!4m7!3m6!1s0x91d5853326e93cc7:0x35f296f92f2fa9c9!8m2!3d-0.124669!4d-78.5005085!16s%2Fg%2F11h13qkcmv!19sChIJxzzpJjOF1ZERyakvL_mW8jU?authuser=0&hl=es-419&g_ep=EgoyMDI2MDkxNC4wIJJjKgBIAVAD&rclk=1"
"Pizza Hut Cotocollao","(02) 399-3200","ejemplo@email.com; ejemplo@gmail.com","4.5","2038","https://www.pizzahut.com.ec/","sitio_propio","","false","Pizzería","Av. de la Prensa N62-38, 170303 Quito","Cotocollao, Quito","https://www.google.com/maps/place/Pizza+Hut+Cotocollao/data=!4m7!3m6!1s0x91d5856c12287667:0xba9937dbc51e4552!8m2!3d-0.121732!4d-78.493589!16s%2Fg%2F1tj58vbd!19sChIJZ3YoEmyF1ZERUkUexds3mbo?authuser=0&hl=es-419&g_ep=EgoyMDI2MDkxNC4wIJJjKgBIAVAD&rclk=1"
"Bogati - Helados con Queso (Quito, Cotocollao)","","","3.1","9","https://bogati.ec/","sitio_propio","","false","Heladería","Av. de la Prensa y Rigoberto Heredia N61-115 y, 170301 Quito","Cotocollao, Quito","https://www.google.com/maps/place/Bogati+-+Helados+con+Queso+%28Quito,+Cotocollao%29/data=!4m7!3m6!1s0x91d5850057327deb:0x56c3a7d1b72f84f6!8m2!3d-0.1224749!4d-78.4941293!16s%2Fg%2F11w_j5gq_6!19sChIJ630yVwCF1ZER9oQvt9Gnw1Y?authuser=0&hl=es-419&g_ep=EgoyMDI2MDkxNC4wIJJjKgBIAVAD&rclk=1"
"KFC La Prensa Autorápido","(02) 392-0070","","4.1","177","http://www.kfc.com.ec/","sitio_propio","","false","Restaurante especializado en pollo","Av. La Prensa y, Av. Luis G. Tufiño y Av. de la Prensa, 170103 Quito","Cotocollao, Quito","https://www.google.com/maps/place/KFC+La+Prensa+Autor%C3%A1pido/data=!4m7!3m6!1s0x91d5850008c80707:0x4f302cbf710d9e0e!8m2!3d-0.1255605!4d-78.4937082!16s%2Fg%2F11yb0070xg!19sChIJBwfICACF1ZERDp4Ncb8sME8?authuser=0&hl=es-419&g_ep=EgoyMDI2MDkxNC4wIJJjKgBIAVAD&rclk=1"
"Chub’s Smash Burgers - Carcelén","098 301 0957","","4.7","151","","ninguno","","true","Hamburguesería","WG8H+549, Av. Jaime Roldós Aguilera, 170120 Quito","Carcelén, Quito","https://www.google.com/maps/place/Chub%E2%80%99s+Smash+Burgers+-+Carcel%C3%A9n/data=!4m7!3m6!1s0x91d58f0023ced40d:0xcc6e81bcdf3a6d86!8m2!3d-0.0844007!4d-78.4719331!16s%2Fg%2F11x5pkb4mc!19sChIJDdTOIwCP1ZERhm0637yBbsw?authuser=0&hl=es-419&g_ep=EgoyMDI2MDkxNC4wIJJjKgBIAVAD&rclk=1"
"La Brasa Roja Restaurante","098 456 0944","","4.2","41","","ninguno","","true","Restaurante ecuatoriano","Calle Gregorio Ponce, Carcelen Alto N73-53, 170120 Quito, Pichincha","Carcelén, Quito","https://www.google.com/maps/place/La+Brasa+Roja+Restaurante/data=!4m7!3m6!1s0x91d58f5e5a2ec251:0xaddd4ccf77f4e083!8m2!3d-0.0895032!4d-78.4714945!16s%2Fg%2F11g1ls2jqx!19sChIJUcIuWl6P1ZERg-D0d89M3a0?authuser=0&hl=es-419&g_ep=EgoyMDI2MDkxNC4wIJJjKgBIAVAD&rclk=1"
"Los Cebiches de la Rumiñahui","(02) 397-2550","","4.2","681","http://www.loscebichesdelaruminahui.com/","sitio_propio","","false","Restaurante","Isidro Ayora N84-125 y, 170120 Quito","Carcelén, Quito","https://www.google.com/maps/place/Los+Cebiches+de+la+Rumi%C3%B1ahui/data=!4m7!3m6!1s0x91d58f5a5aa22c3b:0xbf9df5bb2c7e7b9a!8m2!3d-0.0839947!4d-78.4673331!16s%2Fg%2F11b7766pcw!19sChIJOyyiWlqP1ZERmnt-LLv1nb8?authuser=0&hl=es-419&g_ep=EgoyMDI2MDkxNC4wIJJjKgBIAVAD&rclk=1"
"El Ojo del Amo","098 620 4760","","4.7","28","https://www.instagram.com/el_ojo_del_amo?igsh=eDF6OGtwZGhoeTZn","solo_red_social","","true","Restaurante","Francisco del Campo 189, 170302 Quito","Carcelén, Quito","https://www.google.com/maps/place/El+Ojo+del+Amo/data=!4m7!3m6!1s0x91d58febcff46d21:0xa725d0a383a5bddc!8m2!3d-0.0882686!4d-78.4741761!16s%2Fg%2F11y319bdzp!19sChIJIW30z-uP1ZER3L2lg6PQJac?authuser=0&hl=es-419&g_ep=EgoyMDI2MDkxNC4wIJJjKgBIAVAD&rclk=1"
"Delicias de Verde","099 004 3147","","4.4","708","","ninguno","","true","Restaurante ecuatoriano","Av. República Dominicana, y y Antonio Ruiz N18-78, 170302 Quito","Carcelén, Quito","https://www.google.com/maps/place/Delicias+de+Verde/data=!4m7!3m6!1s0x91d58f5c0376a993:0x63cace3cfc39ff75!8m2!3d-0.0873533!4d-78.469222!16s%2Fg%2F11gjs8qydj!19sChIJk6l2A1yP1ZERdf85_DzOymM?authuser=0&hl=es-419&g_ep=EgoyMDI2MDkxNC4wIJJjKgBIAVAD&rclk=1"
"Bendita Hambre Bar & Restaurante","(02) 512-0542","","4.6","20","","ninguno","","true","Restaurante ecuatoriano","Av. Jaime Roldós Aguilera N80-78, 170120 Quito","Carcelén, Quito","https://www.google.com/maps/place/Bendita+Hambre+Bar+%26+Restaurante/data=!4m7!3m6!1s0x91d585f5923f4a7b:0x6cf04c0b4bb980a5!8m2!3d-0.0882707!4d-78.476015!16s%2Fg%2F11hdmkspcj!19sChIJe0o_kvWF1ZERpYC5SwtM8Gw?authuser=0&hl=es-419&g_ep=EgoyMDI2MDkxNC4wIJJjKgBIAVAD&rclk=1"
"SUSHI MAKAO Restaurante & delivery","096 900 9081","","4.9","267","","ninguno","","true","Restaurante","Andrés Guillén y H Vasquez Ruiz, 170120 Quito","Carcelén, Quito","https://www.google.com/maps/place/SUSHI+MAKAO+Restaurante+%26+delivery/data=!4m7!3m6!1s0x91d58f5a91e30481:0xae66466fc0a9d6!8m2!3d-0.0843448!4d-78.4707352!16s%2Fg%2F11lmkqk4ml!19sChIJgQTjkVqP1ZER1qnAb0ZmrgA?authuser=0&hl=es-419&g_ep=EgoyMDI2MDkxNC4wIJJjKgBIAVAD&rclk=1"
"Encebollados Carcelén El Vecino","096 750 1099","","4.2","436","https://www.facebook.com/encebolladoscarcelen","solo_red_social","","true","Marisquería","Alejandro Ponce, 170120 Quito","Carcelén, Quito","https://www.google.com/maps/place/Encebollados+Carcel%C3%A9n+El+Vecino/data=!4m7!3m6!1s0x91d58f5fcac397b7:0x4168b85536101d7c!8m2!3d-0.090409!4d-78.4723394!16s%2Fg%2F11gbf8g7b1!19sChIJt5fDyl-P1ZERfB0QNlW4aEE?authuser=0&hl=es-419&g_ep=EgoyMDI2MDkxNC4wIJJjKgBIAVAD&rclk=1"
"El Auténtico Ceviche Manaba Carcelen","","","4.2","184","","ninguno","","true","Marisquería","WG8J+R96, 170120 Quito","Carcelén, Quito","https://www.google.com/maps/place/El+Aut%C3%A9ntico+Ceviche+Manaba+Carcelen/data=!4m7!3m6!1s0x91d58fae138635a1:0xb6f344f2149175d0!8m2!3d-0.0829604!4d-78.4690567!16s%2Fg%2F11tg1b6_81!19sChIJoTWGE66P1ZER0HWRFPJE87Y?authuser=0&hl=es-419&g_ep=EgoyMDI2MDkxNC4wIJJjKgBIAVAD&rclk=1"
"Casa Grill Carcelen","099 263 3689","","4.2","16","","ninguno","","true","Restaurante","OE3 N79-06, 170120 Quito","Carcelén, Quito","https://www.google.com/maps/place/Casa+Grill+Carcelen/data=!4m7!3m6!1s0x91d58fe0280732cf:0xb106da890e812222!8m2!3d-0.0898874!4d-78.4723868!16s%2Fg%2F11w9tmpstd!19sChIJzzIHKOCP1ZERIiKBDonaBrE?authuser=0&hl=es-419&g_ep=EgoyMDI2MDkxNC4wIJJjKgBIAVAD&rclk=1"
"KABUKY STEAK Y GRILL","099 584 2776","","4.5","267","","ninguno","","true","Restaurante ecuatoriano","Francisco del Campo Oe3-176, 170120 Quito","Carcelén, Quito","https://www.google.com/maps/place/KABUKY+STEAK+Y+GRILL/data=!4m7!3m6!1s0x91d58f15c258ff47:0x70f1d7002aa52a3b!8m2!3d-0.088101!4d-78.4741301!16s%2Fg%2F11h4zg3zxk!19sChIJR_9YwhWP1ZEROyqlKgDX8XA?authuser=0&hl=es-419&g_ep=EgoyMDI2MDkxNC4wIJJjKgBIAVAD&rclk=1"
"Restaurante de comida tipica DALI","099 054 4407","","4.3","19","https://www.facebook.com/profile.php?id=100087099793222","solo_red_social","","true","Restaurante de comida saludable","Bartolomé Hernández, 170120 Quito","Carcelén, Quito","https://www.google.com/maps/place/Restaurante+de+comida+tipica+DALI/data=!4m7!3m6!1s0x91d58f5de7f362e9:0xb7c92eb1afe7b043!8m2!3d-0.0902988!4d-78.4691096!16s%2Fg%2F11cs31n635!19sChIJ6WLz512P1ZERQ7Dnr7Euybc?authuser=0&hl=es-419&g_ep=EgoyMDI2MDkxNC4wIJJjKgBIAVAD&rclk=1"
"Brio Restaurante","(02) 381-3560","","4.8","8","","ninguno","","true","Restaurante","WG7M+W3Q, Isidro Ayora Y, N84, 170120 Quito","Carcelén, Quito","https://www.google.com/maps/place/Brio+Restaurante/data=!4m7!3m6!1s0x91d58faa83d26af9:0x3c664a3ce35c04cb!8m2!3d-0.0851666!4d-78.4672755!16s%2Fg%2F11q85ztx3h!19sChIJ-WrSg6qP1ZERywRc4zxKZjw?authuser=0&hl=es-419&g_ep=EgoyMDI2MDkxNC4wIJJjKgBIAVAD&rclk=1"
"DELFÍN AZUL CARCELÉN","099 268 4942","","4.3","58","","ninguno","","true","Marisquería","WG8H+549, Av. Jaime Roldós Aguilera, 170120 Quito","Carcelén, Quito","https://www.google.com/maps/place/DELF%C3%8DN+AZUL+CARCEL%C3%89N/data=!4m7!3m6!1s0x91d58f7abbd60cfb:0xb3c7e8403e7419d6!8m2!3d-0.0845754!4d-78.4721305!16s%2Fg%2F11vc2n1c94!19sChIJ-wzWu3qP1ZER1hl0PkDox7M?authuser=0&hl=es-419&g_ep=EgoyMDI2MDkxNC4wIJJjKgBIAVAD&rclk=1"
"Megaviche","099 404 3225","","4.3","1116","","ninguno","","true","Restaurante","WG6G+MRP Francisco del Campo, 170120 Quito","Carcelén, Quito","https://www.google.com/maps/place/Megaviche/data=!4m7!3m6!1s0x91d58f89a7883c53:0x4edb2955a83c2b4a!8m2!3d-0.0882819!4d-78.472909!16s%2Fg%2F11h3x39nfl!19sChIJUzyIp4mP1ZERSis8qFUp204?authuser=0&hl=es-419&g_ep=EgoyMDI2MDkxNC4wIJJjKgBIAVAD&rclk=1"
"Bacam Carcelen","098 435 8757","","4.7","9","","ninguno","","true","Restaurante","Av Diego Vásquez de Cepeda, 170120 Quito","Carcelén, Quito","https://www.google.com/maps/place/Bacam+Carcelen/data=!4m7!3m6!1s0x91d5851dda4166db:0xbbab3e47c501cdf8!8m2!3d-0.0912711!4d-78.476276!16s%2Fg%2F11vb0yld4t!19sChIJ22ZB2h2F1ZER-M0BxUc-q7s?authuser=0&hl=es-419&g_ep=EgoyMDI2MDkxNC4wIJJjKgBIAVAD&rclk=1"
"Tipicas","","","4","179","","ninguno","","true","Restaurante","WG6H+C2C, Alejandro Ponce, 170120 Quito","Carcelén, Quito","https://www.google.com/maps/place/Tipicas/data=!4m7!3m6!1s0x91d58f5f01921aa7:0x7b8f02a41cc86972!8m2!3d-0.0889462!4d-78.4724977!16s%2Fg%2F1hhh2z9p0!19sChIJpxqSAV-P1ZERcmnIHKQCj3s?authuser=0&hl=es-419&g_ep=EgoyMDI2MDkxNC4wIJJjKgBIAVAD&rclk=1"
"Nonna Mia","096 315 0557","","4.5","89","","ninguno","","true","Pizzería","borja con Francisco de Aguilar, Alejandro Ponce, 170120 Quito","Carcelén, Quito","https://www.google.com/maps/place/Nonna+Mia/data=!4m7!3m6!1s0x91d58f061573a7ab:0x166f709d61a9d730!8m2!3d-0.0867121!4d-78.472429!16s%2Fg%2F11g4l_qwc9!19sChIJq6dzFQaP1ZERMNepYZ1wbxY?authuser=0&hl=es-419&g_ep=EgoyMDI2MDkxNC4wIJJjKgBIAVAD&rclk=1"
"Las Delicias Venezolanas","096 316 0716","","4.6","28","","ninguno","","true","Restaurante","Oe3, Jorge Gutiérrez y Pedro Ayala N78-44, 170302 Quito","Carcelén, Quito","https://www.google.com/maps/place/Las+Delicias+Venezolanas/data=!4m7!3m6!1s0x91d58fc4e3e6e70f:0xde69c46aaec2907e!8m2!3d-0.0909309!4d-78.4731298!16s%2Fg%2F11qg9lhpz1!19sChIJD-fm48SP1ZERfpDCrmrEad4?authuser=0&hl=es-419&g_ep=EgoyMDI2MDkxNC4wIJJjKgBIAVAD&rclk=1"
"Comida China","099 583 4594","","4.2","110","","ninguno","","true","Restaurante","Avenida Clemente Yerovi Indaburu E1-85, 170120 Quito","Carcelén, Quito","https://www.google.com/maps/place/Comida+China/data=!4m7!3m6!1s0x91d58f5df696e37b:0x377178493044cffc!8m2!3d-0.0910891!4d-78.4683881!16s%2Fg%2F1hhhk4dq_!19sChIJe-OW9l2P1ZER_M9EMEl4cTc?authuser=0&hl=es-419&g_ep=EgoyMDI2MDkxNC4wIJJjKgBIAVAD&rclk=1"
"LA MAMÁ DE LAS MENESTRAS","","","4.7","11","","ninguno","","true","Restaurante","Cristobal Alvarez N83-79, 170120 Quito","Carcelén, Quito","https://www.google.com/maps/place/LA+MAM%C3%81+DE+LAS+MENESTRAS/data=!4m7!3m6!1s0x91d58f701dc87135:0xe91bca7acb1b70d9!8m2!3d-0.0857212!4d-78.4688195!16s%2Fg%2F11j0c1sw51!19sChIJNXHIHXCP1ZER2XAby3rKG-k?authuser=0&hl=es-419&g_ep=EgoyMDI2MDkxNC4wIJJjKgBIAVAD&rclk=1"
"Chifa Tesoro","(02) 247-4050","","4.5","947","http://www.chifagrantesoro.com/","sitio_propio","2025","false","Restaurante","República Dominicana N8306, 170120 Quito","Carcelén, Quito","https://www.google.com/maps/place/Chifa+Tesoro/data=!4m7!3m6!1s0x91d58f5be393ef0f:0x89aee31003ec6d0!8m2!3d-0.0861335!4d-78.4692087!16s%2Fg%2F11dzt519nm!19sChIJD--T41uP1ZER0MY-ADHumgg?authuser=0&hl=es-419&g_ep=EgoyMDI2MDkxNC4wIJJjKgBIAVAD&rclk=1"
"Texas Chicken Carcelén","(02) 280-8490","","4.3","373","","ninguno","","true","Restaurante","José Enríquez Guerrero E1-141 y, 170120 Quito","Carcelén, Quito","https://www.google.com/maps/place/Texas+Chicken+Carcel%C3%A9n/data=!4m7!3m6!1s0x91d58fd6b446a013:0xf053d367b4fe0ed!8m2!3d-0.0851628!4d-78.4680764!16s%2Fg%2F11gmwpqgbm!19sChIJE6BGtNaP1ZER7eBPezY9BQ8?authuser=0&hl=es-419&g_ep=EgoyMDI2MDkxNC4wIJJjKgBIAVAD&rclk=1"
"Cesarinos Burger","","b4e841e11ff44d8137eb5a5b65aca109@o4511055616212992.ingest.us; ncarfeceva@gmail.com","5","26","https://cesarinos-burger.ola.click/","sitio_propio","","false","Hamburguesería","170302, Quito","Carcelén, Quito","https://www.google.com/maps/place/Cesarinos+Burger/data=!4m7!3m6!1s0x91d58f769eb550a5:0x282a616cd1d84e1e!8m2!3d-0.0862067!4d-78.4728507!16s%2Fg%2F11rq9rkpdh!19sChIJpVC1nnaP1ZERHk7Y0WxhKig?authuser=0&hl=es-419&g_ep=EgoyMDI2MDkxNC4wIJJjKgBIAVAD&rclk=1"
"El Charro","099 520 2474","","5","24","","ninguno","","true","Restaurante mexicano","José Enríquez Guerrero y Diego Anasco &, 170120 Quito","Carcelén, Quito","https://www.google.com/maps/place/El+Charro/data=!4m7!3m6!1s0x91d58f006e110541:0x23ebba28f42bb9a8!8m2!3d-0.085147!4d-78.468778!16s%2Fg%2F11w4_p96h_!19sChIJQQURbgCP1ZERqLkr9Ci66yM?authuser=0&hl=es-419&g_ep=EgoyMDI2MDkxNC4wIJJjKgBIAVAD&rclk=1"
"Dary","","","4.4","457","","ninguno","","true","Hamburguesería","170120 Quito","Carcelén, Quito","https://www.google.com/maps/place/Dary/data=!4m7!3m6!1s0x91d58f5ba571a675:0x6d49e69358242608!8m2!3d-0.085186!4d-78.4672709!16s%2Fg%2F11gfdj3y_n!19sChIJdaZxpVuP1ZERCCYkWJPmSW0?authuser=0&hl=es-419&g_ep=EgoyMDI2MDkxNC4wIJJjKgBIAVAD&rclk=1"
"Tomys Burguer","(02) 248-4459","","4.2","151","","ninguno","","true","Hamburguesería","WG7J+VHX, 170120 Quito","Carcelén, Quito","https://www.google.com/maps/place/Tomys+Burguer/data=!4m7!3m6!1s0x91d58fcb03c1b017:0x79ef43d21f293936!8m2!3d-0.0852675!4d-78.4685242!16s%2Fg%2F11fct0zn3p!19sChIJF7DBA8uP1ZERNjkpH9JD73k?authuser=0&hl=es-419&g_ep=EgoyMDI2MDkxNC4wIJJjKgBIAVAD&rclk=1"
"Pizzería Los Tíos Carcelén","097 921 9874","soportejustoapp@getjusto.com\; adrian961223@gmail.com; facturaslostios@gmail.com; jachicot@hotmail.com; pizzerialostiossolanda@gmail.com; pizzerialostiosurdesa@gmail.com; lostiostumbaco@hotmail.com; lostiospomasqui2020@hotmail.com; happy02021974@gmail.com; u003efacturaslostios@gmail.com; u003eadrian961223@gmail.com; u003edmga2008@hotmail.com; u003elostioslaprensa2026@gmail.com; u003ejachicot@hotmail.com; u003ehappy02021974@gmail.com; u003emarketinglostios@gmail.com; u003ejustocolombia@getjusto.com; soportejustoapp@getjusto.com; u003esoportejustoapp@getjusto.com","4.3","1612","https://www.pizzerialostios.com/","sitio_propio","","false","Pizzería","Av. Isidro Ayora, 170120 Quito","Carcelén, Quito","https://www.google.com/maps/place/Pizzer%C3%ADa+Los+T%C3%ADos+Carcel%C3%A9n/data=!4m7!3m6!1s0x91d58f5ba5649d27:0xd43925958a191ace!8m2!3d-0.0846639!4d-78.466976!16s%2Fg%2F11cn959_lb!19sChIJJ51kpVuP1ZERzhoZipUlOdQ?authuser=0&hl=es-419&g_ep=EgoyMDI2MDkxNC4wIJJjKgBIAVAD&rclk=1"
"Kuboa grill","(02) 248-4061","","4.7","43","","ninguno","","true","Restaurante","Av Diego Vásquez de Cepeda N77-360, 170310 Quito","Carcelén, Quito","https://www.google.com/maps/place/Kuboa+grill/data=!4m7!3m6!1s0x91d5855d45a599cd:0xa0fd53b80d8dc107!8m2!3d-0.0914606!4d-78.4764031!16s%2Fg%2F11s7hgv_7k!19sChIJzZmlRV2F1ZERB8GNDbhT_aA?authuser=0&hl=es-419&g_ep=EgoyMDI2MDkxNC4wIJJjKgBIAVAD&rclk=1"
"LA CASA DEL HORNADO PASTUZO - CARCELÉN","098 320 3851","info@website.com; info@email.com","4","363","https://lacasadelhornadopastuso.com/","sitio_propio","","false","Restaurante ecuatoriano","Francisco del Campo OE3-21 Y, 170302 Quito","Carcelén, Quito","https://www.google.com/maps/place/LA+CASA+DEL+HORNADO+PASTUZO+-+CARCEL%C3%89N/data=!4m7!3m6!1s0x91d58ffe286ff4e7:0xa41c138707f27699!8m2!3d-0.0882577!4d-78.4727267!16s%2Fg%2F11h_vbz1p_!19sChIJ5_RvKP6P1ZERmXbyB4cTHKQ?authuser=0&hl=es-419&g_ep=EgoyMDI2MDkxNC4wIJJjKgBIAVAD&rclk=1"
"Las empanadas y los morochos de carcelen","","","4.4","280","","ninguno","","true","Restaurante","WG6J+MCQ, 170120 Quito","Carcelén, Quito","https://www.google.com/maps/place/Las+empanadas+y+los+morochos+de+carcelen/data=!4m7!3m6!1s0x91d58f5c2367f56b:0x5a4cf41c68e970ab!8m2!3d-0.0882936!4d-78.4688897!16s%2Fg%2F11c1plycyp!19sChIJa_VnI1yP1ZERq3DpaBz0TFo?authuser=0&hl=es-419&g_ep=EgoyMDI2MDkxNC4wIJJjKgBIAVAD&rclk=1"
"Lu Pizza Pasta ""Carcelén""","(02) 248-5670","","4.5","408","","ninguno","","true","Restaurante italiano","República Dominicana N82 108 Aloso Días Malamer, 170120 Quito","Carcelén, Quito","https://www.google.com/maps/place/Lu+Pizza+Pasta+%22Carcel%C3%A9n%22/data=!4m7!3m6!1s0x91d58f5be367962b:0xd92a25cef53c776e!8m2!3d-0.0861156!4d-78.4692076!16s%2Fg%2F11b7ycm4md!19sChIJK5Zn41uP1ZERbnc89c4lKtk?authuser=0&hl=es-419&g_ep=EgoyMDI2MDkxNC4wIJJjKgBIAVAD&rclk=1"
"Pollos San Bartolo - Carcelen","1800 772 772","","4.1","1378","","ninguno","","true","Restaurante especializado en pollo","WG7J+WFV, José y Enrique Portilla Guerrero, 170120 Quito","Carcelén, Quito","https://www.google.com/maps/place/Pollos+San+Bartolo+-+Carcelen/data=!4m7!3m6!1s0x91d58f5bd01ae765:0x5c9f3bc8b1d01529!8m2!3d-0.085147!4d-78.4688358!16s%2Fg%2F11cn94j1lt!19sChIJZeca0FuP1ZERKRXQscg7n1w?authuser=0&hl=es-419&g_ep=EgoyMDI2MDkxNC4wIJJjKgBIAVAD&rclk=1"
"Super Cangrejo Guayaco","","","3.8","95","","ninguno","","true","Restaurante ecuatoriano","WG6G+QF9, Francisco del Campo, 170302 Quito","Carcelén, Quito","https://www.google.com/maps/place/Super+Cangrejo+Guayaco/data=!4m7!3m6!1s0x91d58f002637810b:0x5d5e0e2978a219e9!8m2!3d-0.0880931!4d-78.473769!16s%2Fg%2F11yb9crkt8!19sChIJC4E3JgCP1ZER6RmieCkOXl0?authuser=0&hl=es-419&g_ep=EgoyMDI2MDkxNC4wIJJjKgBIAVAD&rclk=1"
"Mickelo's Burguer","","","4.5","62","","ninguno","","true","Restaurante de comida rápida","WG6J+97X, 170120 Quito","Carcelén, Quito","https://www.google.com/maps/place/Mickelo%27s+Burguer/data=!4m7!3m6!1s0x91d58f5c2babffaf:0x8402aab033c2828b!8m2!3d-0.0890047!4d-78.4692545!16s%2Fg%2F11cs5n_nsc!19sChIJr_-rK1yP1ZERi4LCM7CqAoQ?authuser=0&hl=es-419&g_ep=EgoyMDI2MDkxNC4wIJJjKgBIAVAD&rclk=1"
"Wings Way Gastro Bar","096 355 5729","","4.9","134","http://www.wingswayec.com/","sitio_propio","","false","Bar restaurante","Av. Diego de Vasquez, y y Av. Real Audiencia, Quito","Carcelén, Quito","https://www.google.com/maps/place/Wings+Way+Gastro+Bar/data=!4m7!3m6!1s0x91d585e50b5fb011:0x62fb2cd810a0771!8m2!3d-0.0939171!4d-78.4812485!16s%2Fg%2F11krpkbn3b!19sChIJEbBfC-WF1ZERcQcKgc2yLwY?authuser=0&hl=es-419&g_ep=EgoyMDI2MDkxNC4wIJJjKgBIAVAD&rclk=1"
"GelatoMix® Quito - Carcelén","099 554 2621","","4.5","420","https://www.gelatomix.ec/","sitio_propio","","false","Restaurante especializado en sundae","Alejandro Ponce, Borja y Francisco Ruiz 80-05 y, 170330 Quito","Carcelén, Quito","https://www.google.com/maps/place/GelatoMix%C2%AE+Quito+-+Carcel%C3%A9n/data=!4m7!3m6!1s0x91d58f385abfb8d9:0x88292e8a94a394d6!8m2!3d-0.0890784!4d-78.4725166!16s%2Fg%2F11h022y6j7!19sChIJ2bi_WjiP1ZER1pSjlIouKYg?authuser=0&hl=es-419&g_ep=EgoyMDI2MDkxNC4wIJJjKgBIAVAD&rclk=1"
"IMPERIO PARRILLERO RESTAURANTE","099 273 3463","","4.2","26","https://www.aiyellow.com/themaacgrill/","sitio_propio","2007","true","Restaurante especializado en chuletas","Avenida Jose E1-66, 170120 Quito","Carcelén, Quito","https://www.google.com/maps/place/IMPERIO+PARRILLERO+RESTAURANTE/data=!4m7!3m6!1s0x91d58f5bc518e271:0x11a1f2af04796f25!8m2!3d-0.0853066!4d-78.4687009!16s%2Fg%2F11fb0zkpg1!19sChIJceIYxVuP1ZERJW95BK_yoRE?authuser=0&hl=es-419&g_ep=EgoyMDI2MDkxNC4wIJJjKgBIAVAD&rclk=1"
"SANDRY CARCELÉN","(02) 247-9273","","3.9","242","","ninguno","","true","Restaurante de comida rápida","Diego de Vásquez 77-544 y Antonio Núñez, 170133","Carcelén, Quito","https://www.google.com/maps/place/SANDRY+CARCEL%C3%89N/data=!4m7!3m6!1s0x91d58fefee854553:0xcdbed4900669972a!8m2!3d-0.0912155!4d-78.4739263!16s%2Fg%2F11f770x82n!19sChIJU0WF7u-P1ZERKpdpBpDUvs0?authuser=0&hl=es-419&g_ep=EgoyMDI2MDkxNC4wIJJjKgBIAVAD&rclk=1"
"Planta","096 900 9081","","4.1","85","","ninguno","","true","Restaurante de sushi","Av. Jaime Roldós Aguilera Oe2-80, 170120 Quito","Carcelén, Quito","https://www.google.com/maps/place/Planta/data=!4m7!3m6!1s0x91d58f599ef690eb:0xb117a7af1a5a1b31!8m2!3d-0.0835769!4d-78.4707394!16s%2Fg%2F11fyx9xpl8!19sChIJ65D2nlmP1ZERMRtaGq-nF7E?authuser=0&hl=es-419&g_ep=EgoyMDI2MDkxNC4wIJJjKgBIAVAD&rclk=1"
"KFC - Carcelén","(02) 392-0070","","4","2555","http://www.kfc.com.ec/","sitio_propio","","false","Restaurante especializado en pollo","Avenida Clemente Yerovi Indaburu y Alejandro Ponce, 170302 Quito","Carcelén, Quito","https://www.google.com/maps/place/KFC+-+Carcel%C3%A9n/data=!4m7!3m6!1s0x91d58f5fd497043f:0x7a21e07c3a34d9c3!8m2!3d-0.0912162!4d-78.4724195!16s%2Fg%2F11g69__cc5!19sChIJPwSX1F-P1ZERw9k0OnzgIXo?authuser=0&hl=es-419&g_ep=EgoyMDI2MDkxNC4wIJJjKgBIAVAD&rclk=1"
"Papiburguer Al oh Loor","096 352 2285","","4.6","41","","ninguno","","true","Restaurante de comida rápida","Avenida Clemente Yerovi Indaburu OE1-88, 170302 Quito","Carcelén, Quito","https://www.google.com/maps/place/Papiburguer+Al+oh+Loor/data=!4m7!3m6!1s0x91d58f82852ff87f:0xf83f4d6504fe71a6!8m2!3d-0.091281!4d-78.4703321!16s%2Fg%2F11q3yx77pg!19sChIJf_gvhYKP1ZERpnH-BGVNP_g?authuser=0&hl=es-419&g_ep=EgoyMDI2MDkxNC4wIJJjKgBIAVAD&rclk=1"
"Kicos Carcelen","099 902 6258","","4.4","124","https://www.kicosonline.com/","sitio_propio","","false","Heladería","José Enríquez Guerrero, y y Av. Isidro Ayora, 170120 Quito","Carcelén, Quito","https://www.google.com/maps/place/Kicos+Carcelen/data=!4m7!3m6!1s0x91d58ff819532957:0x12eacde12f7d210e!8m2!3d-0.0852367!4d-78.467377!16s%2Fg%2F11ny2lxq8p!19sChIJVylTGfiP1ZERDiF9L-HN6hI?authuser=0&hl=es-419&g_ep=EgoyMDI2MDkxNC4wIJJjKgBIAVAD&rclk=1"
"Las Alitas del Cadillac Plaza Carcelén","099 921 3570","","4.3","103","","ninguno","","true","Restaurante de alas de pollo","República Dominicana &, 170120 Quito","Carcelén, Quito","https://www.google.com/maps/place/Las+Alitas+del+Cadillac+Plaza+Carcel%C3%A9n/data=!4m7!3m6!1s0x91d58f2048112f75:0xb2828334143e6048!8m2!3d-0.089879!4d-78.4692871!16s%2Fg%2F11kpgh_ls4!19sChIJdS8RSCCP1ZERSGA-FDSDgrI?authuser=0&hl=es-419&g_ep=EgoyMDI2MDkxNC4wIJJjKgBIAVAD&rclk=1"
"Pollos Forastero","099 820 7130","info@elforastero.ec","4.4","307","https://www.elpolloforastero.com/","sitio_propio","","false","Restaurante","Av. Isidro Ayora N51-81, 170120 Quito","Carcelén, Quito","https://www.google.com/maps/place/Pollos+Forastero/data=!4m7!3m6!1s0x91d58f5c666c61d3:0xfa5dff4837e64128!8m2!3d-0.0877993!4d-78.4673749!16s%2Fg%2F11gfp7pkc5!19sChIJ02FsZlyP1ZERKEHmN0j_Xfo?authuser=0&hl=es-419&g_ep=EgoyMDI2MDkxNC4wIJJjKgBIAVAD&rclk=1"
"Monster Pizza Carcelen","099 280 4700","","4.6","185","","ninguno","","true","Pizzería","Av. Jaime Roldós Aguilera, 170120 Quito","Carcelén, Quito","https://www.google.com/maps/place/Monster+Pizza+Carcelen/data=!4m7!3m6!1s0x91d58f857855151d:0x305d6c148b2ee13a!8m2!3d-0.0843949!4d-78.4719033!16s%2Fg%2F11q248z467!19sChIJHRVVeIWP1ZEROuEuixRsXTA?authuser=0&hl=es-419&g_ep=EgoyMDI2MDkxNC4wIJJjKgBIAVAD&rclk=1"
"Salchipapas al paso","098 637 6049","","4.3","60","","ninguno","","true","Restaurante","República Dominicana y Alonso de Jerez &, 170120 Quito","Carcelén, Quito","https://www.google.com/maps/place/Salchipapas+al+paso/data=!4m7!3m6!1s0x91d58fdbbdddfee5:0xd98999ced07fb192!8m2!3d-0.0883929!4d-78.4691967!16s%2Fg%2F11hdqj_yb9!19sChIJ5f7dvduP1ZERkrF_0M6Zidk?authuser=0&hl=es-419&g_ep=EgoyMDI2MDkxNC4wIJJjKgBIAVAD&rclk=1"
"La brasa el auténtico sabor del carchi","098 956 8918","","3.4","25","","ninguno","","true","Restaurante especializado en pollo","Avenida Clemente Yerovi Indaburu N78-10, 170120 Quito","Carcelén, Quito","https://www.google.com/maps/place/La+brasa+el+aut%C3%A9ntico+sabor+del+carchi/data=!4m7!3m6!1s0x91d58f4b96336e0f:0xa176bff24a7fdff0!8m2!3d-0.0909897!4d-78.472432!16s%2Fg%2F11nw_x6l92!19sChIJD24zlkuP1ZER8N9_SvK_dqE?authuser=0&hl=es-419&g_ep=EgoyMDI2MDkxNC4wIJJjKgBIAVAD&rclk=1"
"Encebollados Las Palmas L2","098 132 5363","","4.4","142","","ninguno","","true","Restaurante","170302 Quito","Carcelén, Quito","https://www.google.com/maps/place/Encebollados+Las+Palmas+L2/data=!4m7!3m6!1s0x91d58f4477e5e841:0x2343df95896a1030!8m2!3d-0.0855087!4d-78.4722403!16s%2Fg%2F11sbjt55sn!19sChIJQejld0SP1ZERMBBqiZXfQyM?authuser=0&hl=es-419&g_ep=EgoyMDI2MDkxNC4wIJJjKgBIAVAD&rclk=1"
"Heladería frutto-Carcelén","099 180 0950","","4.6","109","https://fruttohelados.wordpress.com/","sitio_propio","","false","Heladería","diagonal al cuerpo de bomberos, Francisco Ruiz, y y Alejandro Ponce, 170107 Quito","Carcelén, Quito","https://www.google.com/maps/place/Helader%C3%ADa+frutto-Carcel%C3%A9n/data=!4m7!3m6!1s0x91d58fc6d186a7cd:0x93d5ba32a07e476c!8m2!3d-0.0892743!4d-78.4721229!16s%2Fg%2F11s92p0yl3!19sChIJzaeG0caP1ZERbEd-oDK61ZM?authuser=0&hl=es-419&g_ep=EgoyMDI2MDkxNC4wIJJjKgBIAVAD&rclk=1"
"Brothers Sports&Food","099 362 2301","","4.3","71","","ninguno","","true","Restaurante especializado en pollo","Francisco Ruiz y República Dominicana Oe1-07 y, 170120 Quito","Carcelén, Quito","https://www.google.com/maps/place/Brothers+Sports%26Food/data=!4m7!3m6!1s0x91d58f5dd58b5867:0xd58aee78a10081d!8m2!3d-0.0893918!4d-78.4694419!16s%2Fg%2F11cssj_7ns!19sChIJZ1iL1V2P1ZERHQgQiueuWA0?authuser=0&hl=es-419&g_ep=EgoyMDI2MDkxNC4wIJJjKgBIAVAD&rclk=1"
"Muyu Pizza","099 500 7751","","4.9","12","","ninguno","","true","Pizzería","N 81 A RODRIGO NUÑEZ, Perla y Alejandro Ponce OE3-12 Y, 170120 Quito","Carcelén, Quito","https://www.google.com/maps/place/Muyu+Pizza/data=!4m7!3m6!1s0x91d58f2bfc863ad3:0xb06dcf375a9b66d2!8m2!3d-0.0877028!4d-78.4724722!16s%2Fg%2F11sf2tk79b!19sChIJ0zqG_CuP1ZER0mabWjfPbbA?authuser=0&hl=es-419&g_ep=EgoyMDI2MDkxNC4wIJJjKgBIAVAD&rclk=1"
"YES MI PEZ SUCURSAL CARCELEN","098 332 8707","","4.7","13","","ninguno","","true","Marisquería","170120 Quito","Carcelén, Quito","https://www.google.com/maps/place/YES+MI+PEZ+SUCURSAL+CARCELEN/data=!4m7!3m6!1s0x91d585a9eec3f14f:0x619c05b84498161f!8m2!3d-0.0789497!4d-78.475631!16s%2Fg%2F11ss5ppbck!19sChIJT_HD7qmF1ZERHxaYRLgFnGE?authuser=0&hl=es-419&g_ep=EgoyMDI2MDkxNC4wIJJjKgBIAVAD&rclk=1"
"Zamboni","(02) 247-2873","","4","251","https://www.facebook.com/ZamboniRestaurante/","solo_red_social","","true","Bar restaurante","WG49+HVP, Av Diego Vásquez de Cepeda, 170134 Quito","Carcelén, Quito","https://www.google.com/maps/place/Zamboni/data=!4m7!3m6!1s0x91d5858b7a390ecb:0x1a9770965f92e9b9!8m2!3d-0.0935274!4d-78.4803003!16s%2Fg%2F1z44bjcv0!19sChIJyw45eouF1ZERuemSX5Zwlxo?authuser=0&hl=es-419&g_ep=EgoyMDI2MDkxNC4wIJJjKgBIAVAD&rclk=1"
"Kokoriko","","","4","176","","ninguno","","true","Restaurante especializado en pollo","170120 Quito","Carcelén, Quito","https://www.google.com/maps/place/Kokoriko/data=!4m7!3m6!1s0x91d58f5de24741cf:0x25365e9dd58831bc!8m2!3d-0.0906832!4d-78.4693452!16s%2Fg%2F11c6wnbm19!19sChIJz0FH4l2P1ZERvDGI1Z1eNiU?authuser=0&hl=es-419&g_ep=EgoyMDI2MDkxNC4wIJJjKgBIAVAD&rclk=1"
"Las super menestras de Carcelén","099 733 2523","","4","8","","ninguno","","true","Restaurante","Alonso de Jerez E1- 16 y, 170302 Quito","Carcelén, Quito","https://www.google.com/maps/place/Las+super+menestras+de+Carcel%C3%A9n/data=!4m7!3m6!1s0x91d58f50d37125b3:0x9ffb44a409f88f17!8m2!3d-0.0883866!4d-78.4691658!16s%2Fg%2F11pdy6k5bs!19sChIJsyVx01CP1ZERF4_4CaRE-58?authuser=0&hl=es-419&g_ep=EgoyMDI2MDkxNC4wIJJjKgBIAVAD&rclk=1"
"Batidoos Carcelén","099 582 6723","","4.9","9","","ninguno","","true","Tienda de zumos","Avenida Clemente Yerovi Indaburu y, Antonio de Velasco y 170120 &, Quito","Carcelén, Quito","https://www.google.com/maps/place/Batidoos+Carcel%C3%A9n/data=!4m7!3m6!1s0x91d58f00228c0049:0xe5310f545ea1ddc6!8m2!3d-0.0913124!4d-78.4700666!16s%2Fg%2F11njpc2g0x!19sChIJSQCMIgCP1ZERxt2hXlQPMeU?authuser=0&hl=es-419&g_ep=EgoyMDI2MDkxNC4wIJJjKgBIAVAD&rclk=1"
"Pollos el Gordito - Carcelen","","","3.8","56","https://m.facebook.com/PollosElGordiito/","solo_red_social","","true","Restaurante","CARCELEN, AV ISIDRO AYORA, Y y José Enríquez Guerrero N83-83, 170120 Quito","Carcelén, Quito","https://www.google.com/maps/place/Pollos+el+Gordito+-+Carcelen/data=!4m7!3m6!1s0x91d58f7e1e4b3481:0xccf7bfb9ca4e5994!8m2!3d-0.085369!4d-78.4673391!16s%2Fg%2F11sgvb5__l!19sChIJgTRLHn6P1ZERlFlOyrm_98w?authuser=0&hl=es-419&g_ep=EgoyMDI2MDkxNC4wIJJjKgBIAVAD&rclk=1"
"La Leona Food Truck Garage","","","4.4","34","","ninguno","","true","Hamburguesería","WG6H+C2J, 170120 Quito","Carcelén, Quito","https://www.google.com/maps/place/La+Leona+Food+Truck+Garage/data=!4m7!3m6!1s0x91d58f5f01864d57:0x1f2bbae734defa3b!8m2!3d-0.0889181!4d-78.4724967!16s%2Fg%2F11cs2h82qh!19sChIJV02GAV-P1ZERO_reNOe6Kx8?authuser=0&hl=es-419&g_ep=EgoyMDI2MDkxNC4wIJJjKgBIAVAD&rclk=1"
"Asadero De Pollos Carchi","098 612 8898","","4","118","","ninguno","","true","Restaurante","República Dominicana N78-17, 170120 Quito","Carcelén, Quito","https://www.google.com/maps/place/Asadero+De+Pollos+Carchi/data=!4m7!3m6!1s0x91d58f5e0760b493:0xf1265daa3bb23e69!8m2!3d-0.0912823!4d-78.469346!16s%2Fg%2F11g1lx6y00!19sChIJk7RgB16P1ZERaT6yO6pdJvE?authuser=0&hl=es-419&g_ep=EgoyMDI2MDkxNC4wIJJjKgBIAVAD&rclk=1"
"LAS TRIPITAS DE CARCELEN","099 277 0064","","4.9","7","","ninguno","","true","Restaurante de comida rápida","Enrrique Gerrero, 170120 Quito","Carcelén, Quito","https://www.google.com/maps/place/LAS+TRIPITAS+DE+CARCELEN/data=!4m7!3m6!1s0x91d58f3dff73942b:0x87169fa4423c6fe2!8m2!3d-0.085169!4d-78.4693923!16s%2Fg%2F11swm693w3!19sChIJK5Rz_z2P1ZER4m88QqSfFoc?authuser=0&hl=es-419&g_ep=EgoyMDI2MDkxNC4wIJJjKgBIAVAD&rclk=1"
"EL PALACIO DE LAS EMPANADAS ""2""","099 255 4652","","4.7","42","","ninguno","","true","Restaurante","José Enríquez Guerrero, 170120 Quito","Carcelén, Quito","https://www.google.com/maps/place/EL+PALACIO+DE+LAS+EMPANADAS+%222%22/data=!4m7!3m6!1s0x91d58f5bc65201b1:0x3a1cd8a85e94f0ba!8m2!3d-0.0858608!4d-78.4691365!16s%2Fg%2F11dyp1z56q!19sChIJsQFSxluP1ZERuvCUXqjYHDo?authuser=0&hl=es-419&g_ep=EgoyMDI2MDkxNC4wIJJjKgBIAVAD&rclk=1"
"Casa Fiorella - Cafetería","099 903 0730","","4.7","112","https://linktr.ee/Casafiorellacafeteria","solo_red_social","","true","Cafetería","Av. Isidro Ayora, 170120 Quito","Carcelén, Quito","https://www.google.com/maps/place/Casa+Fiorella+-+Cafeter%C3%ADa/data=!4m7!3m6!1s0x91d58f67126c01dd:0x11050a32ed86d571!8m2!3d-0.0906369!4d-78.4674599!16s%2Fg%2F11j83wrvjs!19sChIJ3QFsEmeP1ZERcdWG7TIKBRE?authuser=0&hl=es-419&g_ep=EgoyMDI2MDkxNC4wIJJjKgBIAVAD&rclk=1"
"La Papa Nostra","099 050 5257","","4.5","8","","ninguno","","true","Restaurante","WG6J+H79, 170120 Quito","Carcelén, Quito","https://www.google.com/maps/place/La+Papa+Nostra/data=!4m7!3m6!1s0x91d58f8528a2ae87:0x907873cbfa16d6b1!8m2!3d-0.0885766!4d-78.4692693!16s%2Fg%2F11h0g_3cz9!19sChIJh66iKIWP1ZERsdYW-stzeJA?authuser=0&hl=es-419&g_ep=EgoyMDI2MDkxNC4wIJJjKgBIAVAD&rclk=1"
"RESTAURANTE CEVICHERIA DOÑA MAGGI","099 196 1727","","4.8","23","","ninguno","","true","Marisquería","E2 82, 170120 Quito","Carcelén, Quito","https://www.google.com/maps/place/RESTAURANTE+CEVICHERIA+DO%C3%91A+MAGGI/data=!4m7!3m6!1s0x91d58f1de7e082a5:0xc307f8585b0e54e4!8m2!3d-0.0799016!4d-78.4680865!16s%2Fg%2F11fv77_3xb!19sChIJpYLg5x2P1ZER5FQOW1j4B8M?authuser=0&hl=es-419&g_ep=EgoyMDI2MDkxNC4wIJJjKgBIAVAD&rclk=1"
"Cariamanga","099 794 2352","","3.6","8","","ninguno","","true","Restaurante","170302 Quito","Carcelén, Quito","https://www.google.com/maps/place/Cariamanga/data=!4m7!3m6!1s0x91d58fec120d6fe1:0x254754547fc8881!8m2!3d-0.0897066!4d-78.4690022!16s%2Fg%2F11hfy0djc5!19sChIJ4W8NEuyP1ZERgYj8R0V1VAI?authuser=0&hl=es-419&g_ep=EgoyMDI2MDkxNC4wIJJjKgBIAVAD&rclk=1"
"Verde, Pintón y Maduro - Carcelen","","","4","14","","ninguno","","true","Cafetería","Rodrigo Muñoz y Hernando de Paredes, 170302 Quito","Carcelén, Quito","https://www.google.com/maps/place/Verde,+Pint%C3%B3n+y+Maduro+-+Carcelen/data=!4m7!3m6!1s0x91d58fc10a348c27:0xcaed0864c78690be!8m2!3d-0.0901511!4d-78.474613!16s%2Fg%2F11yw2gn050!19sChIJJ4w0CsGP1ZERvpCGx2QI7co?authuser=0&hl=es-419&g_ep=EgoyMDI2MDkxNC4wIJJjKgBIAVAD&rclk=1"
"Pizzería Los Tíos Solanda","099 760 9976","soportejustoapp@getjusto.com\; adrian961223@gmail.com; facturaslostios@gmail.com; jachicot@hotmail.com; pizzerialostiossolanda@gmail.com; pizzerialostiosurdesa@gmail.com; lostiostumbaco@hotmail.com; lostiospomasqui2020@hotmail.com; happy02021974@gmail.com; u003efacturaslostios@gmail.com; u003eadrian961223@gmail.com; u003edmga2008@hotmail.com; u003elostioslaprensa2026@gmail.com; u003ejachicot@hotmail.com; u003ehappy02021974@gmail.com; u003emarketinglostios@gmail.com; u003ejustocolombia@getjusto.com; soportejustoapp@getjusto.com; u003esoportejustoapp@getjusto.com","4.9","552","https://www.pizzerialostios.com/","sitio_propio","","false","Pizzería","Rumichaca y y, 170131 Quito","Solanda, Quito","https://www.google.com/maps/place/Pizzer%C3%ADa+Los+T%C3%ADos+Solanda/data=!4m7!3m6!1s0x91d599f8aec50adf:0x923a86464687028b!8m2!3d-0.2730905!4d-78.543128!16s%2Fg%2F11ylb0fb5g!19sChIJ3wrFrviZ1ZERiwKHRkaGOpI?authuser=0&hl=es-419&g_ep=EgoyMDI2MDkxNC4wIJJjKgBIAVAD&rclk=1"
"Patio De Comidas Solanda","","","4.4","335","","ninguno","","true","Restaurante","PFM6+FV2, José María Alemán, 170148 Quito","Solanda, Quito","https://www.google.com/maps/place/Patio+De+Comidas+Solanda/data=!4m7!3m6!1s0x91d598e8a6650b5d:0x2631f43407d47a6c!8m2!3d-0.2663681!4d-78.5378508!16s%2Fg%2F11c1x6fy4k!19sChIJXQtlpuiY1ZERbHrUBzT0MSY?authuser=0&hl=es-419&g_ep=EgoyMDI2MDkxNC4wIJJjKgBIAVAD&rclk=1"
"Lobo Feroz","096 290 9180","","4.7","101","","ninguno","","true","Restaurante americano","Salvador Bravo y Benancio Estandoque oe3-290 y, 170131 Quito","Solanda, Quito","https://www.google.com/maps/place/Lobo+Feroz/data=!4m7!3m6!1s0x91d599088baec5ad:0x7e140e07fc4198!8m2!3d-0.2691409!4d-78.5383459!16s%2Fg%2F11r0w1h1xx!19sChIJrcWuiwiZ1ZERmEH8Bw4UfgA?authuser=0&hl=es-419&g_ep=EgoyMDI2MDkxNC4wIJJjKgBIAVAD&rclk=1"
"Neo Fast and Grill Restaurant","098 381 7233","","4.4","781","https://www.facebook.com/NEOFASTANDGRILL","solo_red_social","","true","Restaurante","Unnamed Road, 170148 Quito","Solanda, Quito","https://www.google.com/maps/place/Neo+Fast+and+Grill+Restaurant/data=!4m7!3m6!1s0x91d599b3550b6a41:0x44109be21774437b!8m2!3d-0.2668486!4d-78.5382267!16s%2Fg%2F11gtz557h2!19sChIJQWoLVbOZ1ZERe0N0F-KbEEQ?authuser=0&hl=es-419&g_ep=EgoyMDI2MDkxNC4wIJJjKgBIAVAD&rclk=1"
"Parrilladas Columbia Steak House Solanda","097 933 1507","","4.6","152","https://linktr.ee/parrilladascolumbia?utm_source=linktree_profile_share","solo_red_social","","true","Restaurante","Av. Rumichaca Ñan y Cubijies S25-141 y, 170606 Quito","Solanda, Quito","https://www.google.com/maps/place/Parrilladas+Columbia+Steak+House+Solanda/data=!4m7!3m6!1s0x91d59966160bd5b5:0xb92c458e583f091d!8m2!3d-0.2734966!4d-78.5434326!16s%2Fg%2F11sj859qdf!19sChIJtdULFmaZ1ZERHQk_WI5FLLk?authuser=0&hl=es-419&g_ep=EgoyMDI2MDkxNC4wIJJjKgBIAVAD&rclk=1"
"Tokio Internacional","(02) 273-4391","","4.2","304","","ninguno","","true","Restaurante de cocina mandarina","Calle, José Abarcas Oe4-149, 170131 Quito","Solanda, Quito","https://www.google.com/maps/place/Tokio+Internacional/data=!4m7!3m6!1s0x91d598e90104a47f:0x8def7961de158b8a!8m2!3d-0.2684617!4d-78.5403287!16s%2Fg%2F11dxnrl906!19sChIJf6QEAemY1ZERiosV3mF5740?authuser=0&hl=es-419&g_ep=EgoyMDI2MDkxNC4wIJJjKgBIAVAD&rclk=1"
"LA PAKA RESTAURANTE SOLANDA","099 279 3720","b4e841e11ff44d8137eb5a5b65aca109@o4511055616212992.ingest.us","4.4","86","https://lapakarestaurantesolanda.ola.click/","sitio_propio","","false","Hamburguesería","José María Alemán y Av. Ajaví, 170606 Quito","Solanda, Quito","https://www.google.com/maps/place/LA+PAKA+RESTAURANTE+SOLANDA/data=!4m7!3m6!1s0x91d598a932120a85:0xe2dc2a39d3d4392a!8m2!3d-0.2653987!4d-78.5365804!16s%2Fg%2F11fd4b6lbb!19sChIJhQoSMqmY1ZERKjnU0zkq3OI?authuser=0&hl=es-419&g_ep=EgoyMDI2MDkxNC4wIJJjKgBIAVAD&rclk=1"
"Cocina del Diablo Solanda","098 473 2472","","3.9","159","","ninguno","","true","Restaurante de comida rápida","PFJ5+4H6, Bartolome Solon, 170131 Quito","Solanda, Quito","https://www.google.com/maps/place/Cocina+del+Diablo+Solanda/data=!4m7!3m6!1s0x91d5992d3b91d5cd:0x2eadd32545fcc943!8m2!3d-0.2697211!4d-78.5411142!16s%2Fg%2F11s0wp7dfh!19sChIJzdWROy2Z1ZERQ8n8RSXTrS4?authuser=0&hl=es-419&g_ep=EgoyMDI2MDkxNC4wIJJjKgBIAVAD&rclk=1"
"CHULLA PAPA SOLANDA","","","4.3","52","","ninguno","","true","Restaurante","Benancio Estandoque y Cardenal Marcelo Spínola &, 170148 Quito","Solanda, Quito","https://www.google.com/maps/place/CHULLA+PAPA+SOLANDA/data=!4m7!3m6!1s0x91d59b005ed77cff:0xf1a148ac0f63f3a8!8m2!3d-0.2669302!4d-78.5363706!16s%2Fg%2F11wx728v0v!19sChIJ_3zXXgCb1ZERqPNjD6xIofE?authuser=0&hl=es-419&g_ep=EgoyMDI2MDkxNC4wIJJjKgBIAVAD&rclk=1"
"SOLANDA BURGUER","","","4.4","54","","ninguno","","true","Restaurante","PFJ6+M46, Simón Guerra y José María Alemán, 170148 Quito","Solanda, Quito","https://www.google.com/maps/place/SOLANDA+BURGUER/data=!4m7!3m6!1s0x91d598e91d41885d:0x1184c9eda5a28681!8m2!3d-0.2683391!4d-78.5397396!16s%2Fg%2F11gg2dz64c!19sChIJXYhBHemY1ZERgYaipe3JhBE?authuser=0&hl=es-419&g_ep=EgoyMDI2MDkxNC4wIJJjKgBIAVAD&rclk=1"
"ARKANUS SOLANDA","099 551 0219","","4.2","338","","ninguno","","true","Restaurante","LA J)Y AJAVI, Av. CALLE, José María Alemán, 170606 Quito","Solanda, Quito","https://www.google.com/maps/place/ARKANUS+SOLANDA/data=!4m7!3m6!1s0x91d59953f387d5e1:0x9ec7d8dff2fd9051!8m2!3d-0.2656905!4d-78.5369059!16s%2Fg%2F11rwzwgghj!19sChIJ4dWH81OZ1ZERUZD98t_Yx54?authuser=0&hl=es-419&g_ep=EgoyMDI2MDkxNC4wIJJjKgBIAVAD&rclk=1"
"Vike's Restaurante (Banquetes Y Eventos)","099 665 1988","","4.9","10","","ninguno","","true","Restaurante","PFJ6+84R, José Abarcas, 170131 Quito","Solanda, Quito","https://www.google.com/maps/place/Vike%27s+Restaurante+%28Banquetes+Y+Eventos%29/data=!4m7!3m6!1s0x91d598e9118e0ebf:0x310b685611a68428!8m2!3d-0.2691251!4d-78.5397195!16s%2Fg%2F11g6nj_pb9!19sChIJvw6OEemY1ZERKISmEVZoCzE?authuser=0&hl=es-419&g_ep=EgoyMDI2MDkxNC4wIJJjKgBIAVAD&rclk=1"
"Veredazo Grill Restaurante SOLANDA","096 943 4055","","4.7","44","","ninguno","","true","Restaurante","Av. Solanda, y y Av. Rumichaca Ñan esquina, Quito","Solanda, Quito","https://www.google.com/maps/place/Veredazo+Grill+Restaurante+SOLANDA/data=!4m7!3m6!1s0x91d5991b6dda4f4f:0xc2d6a01902df3a8!8m2!3d-0.2730652!4d-78.5430696!16s%2Fg%2F11hblr3zw7!19sChIJT0_abRuZ1ZERqPMtkAFqLQw?authuser=0&hl=es-419&g_ep=EgoyMDI2MDkxNC4wIJJjKgBIAVAD&rclk=1"
"Chorigol Solanda","099 527 1431","","4.5","190","","ninguno","","true","Restaurante","Av. Solanda y Av. Rumichaca Ñan &, 170131 Quito","Solanda, Quito","https://www.google.com/maps/place/Chorigol+Solanda/data=!4m7!3m6!1s0x91d5990ee20a70e7:0x9add636822c509e7!8m2!3d-0.272391!4d-78.5428517!16s%2Fg%2F11j4v0f88p!19sChIJ53AK4g6Z1ZER5wnFImhj3Zo?authuser=0&hl=es-419&g_ep=EgoyMDI2MDkxNC4wIJJjKgBIAVAD&rclk=1"
"Lulu's Chicken and Ribs","","","3.7","175","","ninguno","","true","Restaurante americano","PFM6+5MR, Av. Solanda, 170131 Quito","Solanda, Quito","https://www.google.com/maps/place/Lulu%27s+Chicken+and+Ribs/data=!4m7!3m6!1s0x91d599d5b52b717f:0xfb83174c5d86a483!8m2!3d-0.267021!4d-78.5383588!16s%2Fg%2F11vl23c12z!19sChIJf3ErtdWZ1ZERg6SGXUwXg_s?authuser=0&hl=es-419&g_ep=EgoyMDI2MDkxNC4wIJJjKgBIAVAD&rclk=1"
"Encebollados Los de Solanda","098 744 9893","","4.3","689","https://www.facebook.com/encebolladoslosdesolanda/","solo_red_social","","true","Restaurante","Juan Barreiro s24-72 y, s24-72 y, 170606 Quito","Solanda, Quito","https://www.google.com/maps/place/Encebollados+Los+de+Solanda/data=!4m7!3m6!1s0x91d598c20cca5a95:0xcb4a1ee6a5b31beb!8m2!3d-0.2700172!4d-78.5444963!16s%2Fg%2F11b7l1x72x!19sChIJlVrKDMKY1ZER6xuzpeYeSss?authuser=0&hl=es-419&g_ep=EgoyMDI2MDkxNC4wIJJjKgBIAVAD&rclk=1"
"La Terrasse","","","4.9","15","","ninguno","","true","","","Solanda, Quito","https://www.google.com/maps/place/La+Terrasse/data=!4m7!3m6!1s0x91d599d0f5715949:0x9dbd65f60d558b88!8m2!3d-0.2689626!4d-78.5398529!16s%2Fg%2F11sdd03lw1!19sChIJSVlx9dCZ1ZERiItVDfZlvZ0?authuser=0&hl=es-419&g_ep=EgoyMDI2MDkxNC4wIJJjKgBIAVAD&rclk=1"
"El Manaba","099 355 6089","","4.6","71","","ninguno","","true","Restaurante ecuatoriano","Fco. Rueda S72-80, 170131 Quito","Solanda, Quito","https://www.google.com/maps/place/El+Manaba/data=!4m7!3m6!1s0x91d598e828f319b1:0xdf07ab8632e2c9bb!8m2!3d-0.2677897!4d-78.5431617!16s%2Fg%2F11gv0qv3q9!19sChIJsRnzKOiY1ZERu8niMoarB98?authuser=0&hl=es-419&g_ep=EgoyMDI2MDkxNC4wIJJjKgBIAVAD&rclk=1"
"El Pabellón del Tío Willy 3","","","4.7","163","","ninguno","","true","Restaurante familiar","PFJ5+29W, 170131 Quito","Solanda, Quito","https://www.google.com/maps/place/El+Pabell%C3%B3n+del+T%C3%ADo+Willy+3/data=!4m7!3m6!1s0x91d59937f46040e7:0x6b7f648902bb00b1!8m2!3d-0.2698989!4d-78.5415517!16s%2Fg%2F11nyxsm94s!19sChIJ50Bg9DeZ1ZERsQC7Aolkf2s?authuser=0&hl=es-419&g_ep=EgoyMDI2MDkxNC4wIJJjKgBIAVAD&rclk=1"
"CHIFA OCEANO SOLANDA","099 761 3111","","4.2","1104","https://www.facebook.com/chifa.feliz.96/about_overview","solo_red_social","","true","Restaurante chino","Av. Rumichaca Ñan, 170131 Quito","Solanda, Quito","https://www.google.com/maps/place/CHIFA+OCEANO+SOLANDA/data=!4m7!3m6!1s0x91d59950cf20f865:0x2623de515a784309!8m2!3d-0.274311!4d-78.5440512!16s%2Fg%2F11q46qb9rf!19sChIJZfggz1CZ1ZERCUN4WlHeIyY?authuser=0&hl=es-419&g_ep=EgoyMDI2MDkxNC4wIJJjKgBIAVAD&rclk=1"
"Las ricas fritadas de Otavalo","(02) 273-5105","","4.5","240","","ninguno","","true","Restaurante","Av. Solanda Oe4-314, 170131 Quito","Solanda, Quito","https://www.google.com/maps/place/Las+ricas+fritadas+de+Otavalo/data=!4m7!3m6!1s0x91d598c27dcd5711:0x7dda115316d1327b!8m2!3d-0.2703297!4d-78.5444184!16s%2Fg%2F11cs5vg6qs!19sChIJEVfNfcKY1ZERezLRFlMR2n0?authuser=0&hl=es-419&g_ep=EgoyMDI2MDkxNC4wIJJjKgBIAVAD&rclk=1"
"El Leñador Solanda","098 222 8788","","4.3","961","","ninguno","","true","Pizzería","José María Alemán S22-20, 170131 Quito","Solanda, Quito","https://www.google.com/maps/place/El+Le%C3%B1ador+Solanda/data=!4m7!3m6!1s0x91d598e99868bb5d:0x4d6336c269080501!8m2!3d-0.269425!4d-78.5411214!16s%2Fg%2F11cs4y95_6!19sChIJXbtomOmY1ZERAQUIacI2Y00?authuser=0&hl=es-419&g_ep=EgoyMDI2MDkxNC4wIJJjKgBIAVAD&rclk=1"
"Malecon de Solanda","099 553 2347","","4.3","218","","ninguno","","true","Zona de restauración","PFM6+CV8, 170148 Quito","Solanda, Quito","https://www.google.com/maps/place/Malecon+de+Solanda/data=!4m7!3m6!1s0x91d598e8aca7cf5d:0xa398981b219a4206!8m2!3d-0.2664609!4d-78.537794!16s%2Fg%2F11crzqmzcx!19sChIJXc-nrOiY1ZERBkKaIRuYmKM?authuser=0&hl=es-419&g_ep=EgoyMDI2MDkxNC4wIJJjKgBIAVAD&rclk=1"
"ALITAS D’L CADILLAC PLAZA SOLANDA","098 788 7941","","4.1","212","https://www.instagram.com/cadillacplazasolanda?igsh=MTVlcm9vNjc1Zm9ubg%3D%3D&utm_source=qr","solo_red_social","","true","Restaurante americano","Salvador Bravo 2, 170131 Quito","Solanda, Quito","https://www.google.com/maps/place/ALITAS+D%E2%80%99L+CADILLAC+PLAZA+SOLANDA/data=!4m7!3m6!1s0x91d59906f8ffe05b:0x5039d56e1c9139ab!8m2!3d-0.2679345!4d-78.5391031!16s%2Fg%2F11mhwmxs2y!19sChIJW-D_-AaZ1ZERqzmRHG7VOVA?authuser=0&hl=es-419&g_ep=EgoyMDI2MDkxNC4wIJJjKgBIAVAD&rclk=1"
"GRILL EL CISNE","099 561 2881","","4.4","33","","ninguno","","true","Restaurante","solanda sector 1 calle jose maria aleman s2132 y jose abarca, 170606 Quito","Solanda, Quito","https://www.google.com/maps/place/GRILL+EL+CISNE/data=!4m7!3m6!1s0x91d599c515555931:0x30582edbbc5f89d5!8m2!3d-0.2688399!4d-78.5404135!16s%2Fg%2F11g4g70dtc!19sChIJMVlVFcWZ1ZER1YlfvNsuWDA?authuser=0&hl=es-419&g_ep=EgoyMDI2MDkxNC4wIJJjKgBIAVAD&rclk=1"
"Donald's Pizza & Parrilladas","099 933 3252","","4.4","124","","ninguno","","true","Restaurante","Av. Solanda y y, 170606 Quito","Solanda, Quito","https://www.google.com/maps/place/Donald%27s+Pizza+%26+Parrilladas/data=!4m7!3m6!1s0x91d599cc35fa0a6b:0x5dd1edfc1178b0d1!8m2!3d-0.272271!4d-78.5430577!16s%2Fg%2F11pdmyhxyl!19sChIJawr6NcyZ1ZER0bB4Efzt0V0?authuser=0&hl=es-419&g_ep=EgoyMDI2MDkxNC4wIJJjKgBIAVAD&rclk=1"
"Tokio Internacional","098 687 3204","","4.2","807","","ninguno","","true","Restaurante","Avenida rumichaca, y y Malimpia, 170131 Quito","Solanda, Quito","https://www.google.com/maps/place/Tokio+Internacional/data=!4m7!3m6!1s0x91d598ea8d69536f:0x93f011fba8fc4b0f!8m2!3d-0.2733879!4d-78.5420048!16s%2Fg%2F11bwyh4220!19sChIJb1NpjeqY1ZERD0v8qPsR8JM?authuser=0&hl=es-419&g_ep=EgoyMDI2MDkxNC4wIJJjKgBIAVAD&rclk=1"
"Saku Sushi /Solanda","096 003 9449","","4.5","410","","ninguno","","true","Restaurante","Cardenal Marcelo Spínola y Lorenzo Flores Oe3-162 y, 170606 Quito","Solanda, Quito","https://www.google.com/maps/place/Saku+Sushi+%2FSolanda/data=!4m7!3m6!1s0x91d598eee2f1eeaf:0x4db7a9399100844a!8m2!3d-0.2682692!4d-78.5357244!16s%2Fg%2F11gfk01tb9!19sChIJr-7x4u6Y1ZERSoQAkTmpt00?authuser=0&hl=es-419&g_ep=EgoyMDI2MDkxNC4wIJJjKgBIAVAD&rclk=1"
"Wanna Wings Solanda","099 777 4085","","4.2","179","","ninguno","","true","Restaurante americano","Av. Solanda Oe4 360 y, 170606 Quito","Solanda, Quito","https://www.google.com/maps/place/Wanna+Wings+Solanda/data=!4m7!3m6!1s0x91d599f101794061:0x4ae5e68a52d91312!8m2!3d-0.2715186!4d-78.5436918!16s%2Fg%2F11nx_vtqz6!19sChIJYUB5AfGZ1ZEREhPZUorm5Uo?authuser=0&hl=es-419&g_ep=EgoyMDI2MDkxNC4wIJJjKgBIAVAD&rclk=1"
"Mexican Fast Food Solanda","096 273 5976","","4.6","87","","ninguno","","true","Restaurante mexicano","Av. Solanda Oe4-316, 170131 Quito","Solanda, Quito","https://www.google.com/maps/place/Mexican+Fast+Food+Solanda/data=!4m7!3m6!1s0x91d5995860a62bc7:0x7797122d7bfda0bd!8m2!3d-0.2714653!4d-78.543735!16s%2Fg%2F11s33kzf7x!19sChIJxyumYFiZ1ZERvaD9ey0Sl3c?authuser=0&hl=es-419&g_ep=EgoyMDI2MDkxNC4wIJJjKgBIAVAD&rclk=1"
"Los Pollos de la Jota - Solanda","098 161 1141","","4","1159","","ninguno","","true","Restaurante especializado en pollo","PFJ5+4C3, Bonifacio Aguilar, 170131 Quito","Solanda, Quito","https://www.google.com/maps/place/Los+Pollos+de+la+Jota+-+Solanda/data=!4m7!3m6!1s0x91d598e9916cc105:0x206293ae6e9d7b38!8m2!3d-0.2697362!4d-78.5414634!16s%2Fg%2F11cph33v5h!19sChIJBcFskemY1ZEROHudbq6TYiA?authuser=0&hl=es-419&g_ep=EgoyMDI2MDkxNC4wIJJjKgBIAVAD&rclk=1"
"Pollos El Ídolo","095 960 2251","","4.2","140","https://www.facebook.com/share/14oXFC66AqX/?mibextid=wwXIfr","solo_red_social","","true","Restaurante ecuatoriano","Av. Solanda Oe3-108, 170131 Quito","Solanda, Quito","https://www.google.com/maps/place/Pollos+El+%C3%8Ddolo/data=!4m7!3m6!1s0x91d598ea8aa4cbdb:0x37d57ae33e226499!8m2!3d-0.2729244!4d-78.5420104!16s%2Fg%2F11gpnbywbs!19sChIJ28ukiuqY1ZERmWQiPuN61Tc?authuser=0&hl=es-419&g_ep=EgoyMDI2MDkxNC4wIJJjKgBIAVAD&rclk=1"
"Don Jimmy's","098 724 2716","","3.9","152","","ninguno","","true","Restaurante ecuatoriano","Av. Solanda Oe4-504, 170131 Quito","Solanda, Quito","https://www.google.com/maps/place/Don+Jimmy%27s/data=!4m7!3m6!1s0x91d598c24f7c9c01:0x988f3c657f1661ba!8m2!3d-0.2690396!4d-78.5455207!16s%2Fg%2F11gphvjl_y!19sChIJAZx8T8KY1ZERumEWf2U8j5g?authuser=0&hl=es-419&g_ep=EgoyMDI2MDkxNC4wIJJjKgBIAVAD&rclk=1"
"Zajud Cerveza Artesanal - Solanda Gastro Pub","099 298 5402","","4.8","39","https://www.instagram.com/zajudcerveceria","solo_red_social","","true","Restaurante","Av. Solanda, y y Juan Aleman, 999999 Quito","Solanda, Quito","https://www.google.com/maps/place/Zajud+Cerveza+Artesanal+-+Solanda+Gastro+Pub/data=!4m7!3m6!1s0x91d599a81d3eceb9:0xd96daadc3305d420!8m2!3d-0.2721049!4d-78.5431566!16s%2Fg%2F11xzc9b_dy!19sChIJuc4-HaiZ1ZERINQFM9yqbdk?authuser=0&hl=es-419&g_ep=EgoyMDI2MDkxNC4wIJJjKgBIAVAD&rclk=1"
"Tacos y Shawarmas RossWill","","","4.5","256","","ninguno","","true","Restaurante mexicano","PFJ6+V99, José María Alemán, 170148 Quito","Solanda, Quito","https://www.google.com/maps/place/Tacos+y+Shawarmas+RossWill/data=!4m7!3m6!1s0x91d599a180b9dd6f:0x111c99b8627bcfdb!8m2!3d-0.2678382!4d-78.5390102!16s%2Fg%2F11n5gf_jwx!19sChIJb925gKGZ1ZER2897YriZHBE?authuser=0&hl=es-419&g_ep=EgoyMDI2MDkxNC4wIJJjKgBIAVAD&rclk=1"
"Colossus Buguer & Grill","099 597 1588","","4.7","143","","ninguno","","true","Restaurante","Av. Solanda, 170131 Quito","Solanda, Quito","https://www.google.com/maps/place/Colossus+Buguer+%26+Grill/data=!4m7!3m6!1s0x91d599ea222283c7:0x379dc1a274d98b5b!8m2!3d-0.2688722!4d-78.545735!16s%2Fg%2F11fmz8cfk3!19sChIJx4MiIuqZ1ZERW4vZdKLBnTc?authuser=0&hl=es-419&g_ep=EgoyMDI2MDkxNC4wIJJjKgBIAVAD&rclk=1"
"Mollejitas Mami Blanqui","098 007 5154","","4.7","36","","ninguno","","true","Restaurante","170131 Quito","Solanda, Quito","https://www.google.com/maps/place/Mollejitas+Mami+Blanqui/data=!4m7!3m6!1s0x91d599a68bf3291f:0x1e38c9a731c6212a!8m2!3d-0.2692819!4d-78.5453769!16s%2Fg%2F11h4h393px!19sChIJHynzi6aZ1ZERKiHGMafJOB4?authuser=0&hl=es-419&g_ep=EgoyMDI2MDkxNC4wIJJjKgBIAVAD&rclk=1"
"Sugar_Factory","098 450 6147","","4.7","12","","ninguno","","true","Bar restaurante","Av. Solanda s25 y, 170606 Quito","Solanda, Quito","https://www.google.com/maps/place/Sugar_Factory/data=!4m7!3m6!1s0x91d599a91ae35161:0x46d8089defb1322c!8m2!3d-0.2715489!4d-78.5436861!16s%2Fg%2F11pdpr3jtm!19sChIJYVHjGqmZ1ZERLDKx750I2EY?authuser=0&hl=es-419&g_ep=EgoyMDI2MDkxNC4wIJJjKgBIAVAD&rclk=1"
"Casa de la Hamburguesa","096 280 9814","","4.7","59","","ninguno","","true","Hamburguesería","Salvador Bravo, 170131 Quito","Solanda, Quito","https://www.google.com/maps/place/Casa+de+la+Hamburguesa/data=!4m7!3m6!1s0x91d59919039dd035:0x9e1dac952e53b8b3!8m2!3d-0.2695365!4d-78.5379794!16s%2Fg%2F11lgtrtp6d!19sChIJNdCdAxmZ1ZERs7hTLpWsHZ4?authuser=0&hl=es-419&g_ep=EgoyMDI2MDkxNC4wIJJjKgBIAVAD&rclk=1"
"La Parrilla Guayaca de mi Sub","099 745 5525","","4.7","7","","ninguno","","true","Restaurante especializado en chuletas","Av. Solanda, 170131 Quito","Solanda, Quito","https://www.google.com/maps/place/La+Parrilla+Guayaca+de+mi+Sub/data=!4m7!3m6!1s0x91d599003abe6677:0x89eaa8444c439fdc!8m2!3d-0.2728514!4d-78.542512!16s%2Fg%2F11xyn8hj_x!19sChIJd2a-OgCZ1ZER3J9DTESo6ok?authuser=0&hl=es-419&g_ep=EgoyMDI2MDkxNC4wIJJjKgBIAVAD&rclk=1"
"Chifa Solanda","098 855 0357","","3.5","72","","ninguno","","true","Restaurante asiático","PFJ5+585, Bonifacio Aguilar, 170131 Quito","Solanda, Quito","https://www.google.com/maps/place/Chifa+Solanda/data=!4m7!3m6!1s0x91d598e9c6325b47:0x2f1b4ec5ec34e877!8m2!3d-0.2696069!4d-78.541642!16s%2Fg%2F11cs5wnx9m!19sChIJR1syxumY1ZERd-g07MVOGy8?authuser=0&hl=es-419&g_ep=EgoyMDI2MDkxNC4wIJJjKgBIAVAD&rclk=1"
"Papas Fritas Del Laberinto","","","4.7","66","","ninguno","","true","Restaurante de comida rápida","Calisto del Pilar y S23 137, 170131 Quito","Solanda, Quito","https://www.google.com/maps/place/Papas+Fritas+Del+Laberinto/data=!4m7!3m6!1s0x91d598e9f963d71d:0x4115b5bf43f3cf68!8m2!3d-0.2702308!4d-78.5429559!16s%2Fg%2F11cr_22wz6!19sChIJHddj-emY1ZERaM_zQ7-1FUE?authuser=0&hl=es-419&g_ep=EgoyMDI2MDkxNC4wIJJjKgBIAVAD&rclk=1"
"El Costeñito","(02) 306-0873","","4.3","8","","ninguno","","true","Restaurante ecuatoriano","José María Alemán S22-81, 170606 Quito","Solanda, Quito","https://www.google.com/maps/place/El+Coste%C3%B1ito/data=!4m7!3m6!1s0x91d598e9903ef969:0x6d04cdf7d965e4e3!8m2!3d-0.269797!4d-78.5412621!16s%2Fg%2F11c52644f8!19sChIJafk-kOmY1ZER4-Rl2ffNBG0?authuser=0&hl=es-419&g_ep=EgoyMDI2MDkxNC4wIJJjKgBIAVAD&rclk=1"
"Pollos San Bartolo - Solanda","099 910 6071","","4.1","667","","ninguno","","true","Restaurante especializado en pollo","PFH4+3WV, 170131 Quito","Solanda, Quito","https://www.google.com/maps/place/Pollos+San+Bartolo+-+Solanda/data=!4m7!3m6!1s0x91d598ea7019ebed:0xe6832f8ffd6288f8!8m2!3d-0.2722573!4d-78.5427001!16s%2Fg%2F11bx1xr483!19sChIJ7esZcOqY1ZER-Ihi_Y8vg-Y?authuser=0&hl=es-419&g_ep=EgoyMDI2MDkxNC4wIJJjKgBIAVAD&rclk=1"
"Nebulosa Fast Food","","","4.9","27","http://shorturl.at/VKATO","sitio_propio","","false","Restaurante","Av. Solanda y Apuela s25 y, 170606 Quito","Solanda, Quito","https://www.google.com/maps/place/Nebulosa+Fast+Food/data=!4m7!3m6!1s0x91d5993af0272b2b:0xee11081d6ec320be!8m2!3d-0.2703724!4d-78.5448334!16s%2Fg%2F11v3rg4t7p!19sChIJKysn8DqZ1ZERviDDbh0IEe4?authuser=0&hl=es-419&g_ep=EgoyMDI2MDkxNC4wIJJjKgBIAVAD&rclk=1"
"Los Pollos de la Isla","099 165 8067","","4.3","23","","ninguno","","true","Restaurante","1000, Quito","Solanda, Quito","https://www.google.com/maps/place/Los+Pollos+de+la+Isla/data=!4m7!3m6!1s0x91d59985f3303245:0x66c3a106fba54a13!8m2!3d-0.2694834!4d-78.5451998!16s%2Fg%2F11q255qmvq!19sChIJRTIw84WZ1ZERE0ql-wahw2Y?authuser=0&hl=es-419&g_ep=EgoyMDI2MDkxNC4wIJJjKgBIAVAD&rclk=1"
"Su MARE restaurant - Solanda","099 984 5105","","4.4","7","https://www.facebook.com/SU-MARE-Restaurant-107962404245242","solo_red_social","","true","Restaurante","Cardenal de la Torre y S14A S14-04 y, 170606 Quito","Solanda, Quito","https://www.google.com/maps/place/Su+MARE+restaurant+-+Solanda/data=!4m7!3m6!1s0x91d5999908678537:0x19305fc73607e4d!8m2!3d-0.2595375!4d-78.5349901!16s%2Fg%2F11pc65zxzm!19sChIJN4VnCJmZ1ZERTX5gc_wFkwE?authuser=0&hl=es-419&g_ep=EgoyMDI2MDkxNC4wIJJjKgBIAVAD&rclk=1"
"Cyrus Resto Bar","098 704 9246","","4.5","13","https://cyrus-bar.jimdosite.com/","sitio_propio","","false","Bar restaurante","170606, Quito","Solanda, Quito","https://www.google.com/maps/place/Cyrus+Resto+Bar/data=!4m7!3m6!1s0x91d5990a80a7e4e5:0x1e56a9c8314dfb48!8m2!3d-0.2693566!4d-78.5366843!16s%2Fg%2F11pz2p9krf!19sChIJ5eSngAqZ1ZERSPtNMcipVh4?authuser=0&hl=es-419&g_ep=EgoyMDI2MDkxNC4wIJJjKgBIAVAD&rclk=1"
"Los CangreJ. Sazón Manabita (Los Cangrejos de la J)","096 406 6941","","4.8","16","https://www.tiktok.com/@los.cangre.j?_t=8si4U6TQzYL&_r=1","solo_red_social","","true","Marisquería","Bartolome Solon y Juan Aleman &, 170131 Quito","Solanda, Quito","https://www.google.com/maps/place/Los+CangreJ.+Saz%C3%B3n+Manabita+%28Los+Cangrejos+de+la+J%29/data=!4m7!3m6!1s0x91d5990058e75bed:0x2284688ac37d047a!8m2!3d-0.2700327!4d-78.5408353!16s%2Fg%2F11wxs599wy!19sChIJ7VvnWACZ1ZERegR9w4pohCI?authuser=0&hl=es-419&g_ep=EgoyMDI2MDkxNC4wIJJjKgBIAVAD&rclk=1"
"ChupitosBar","099 502 8979","","4.7","11","https://www.instagram.com/chupitosbar593/","solo_red_social","","true","Bar restaurante","Av. Solanda, 170131 Quito","Solanda, Quito","https://www.google.com/maps/place/ChupitosBar/data=!4m7!3m6!1s0x91d5990db50f7c8f:0x80f58f22eb9407b4!8m2!3d-0.2686866!4d-78.5458985!16s%2Fg%2F11ty504ypm!19sChIJj3wPtQ2Z1ZERtAeU6yKP9YA?authuser=0&hl=es-419&g_ep=EgoyMDI2MDkxNC4wIJJjKgBIAVAD&rclk=1"
"Asadero La Esquina Del Ales","098 360 3949","","4.2","182","","ninguno","","true","Restaurante ecuatoriano","Solanda y Oe3 245, 170120 Quito","Solanda, Quito","https://www.google.com/maps/place/Asadero+La+Esquina+Del+Ales/data=!4m7!3m6!1s0x91d598eaed4d1b53:0xfe188ee3cbf1cac6!8m2!3d-0.2735085!4d-78.541942!16s%2Fg%2F11ff0qy809!19sChIJUxtN7eqY1ZERxsrxy-OOGP4?authuser=0&hl=es-419&g_ep=EgoyMDI2MDkxNC4wIJJjKgBIAVAD&rclk=1"
"WINGS Alitas de Pelicula","","","4.7","837","https://www.facebook.com/WingsAlitasDePeliculaSolanda/","solo_red_social","","true","Restaurante","Avenida Marquesa de Solanda Oe4-178 entre Jose Endara Y J, Aleman, 170131 Quito","Solanda, Quito","https://www.google.com/maps/place/WINGS+Alitas+de+Pelicula/data=!4m7!3m6!1s0x91d598c1fb5f3443:0x669c57cebe28a328!8m2!3d-0.2710977!4d-78.5437484!16s%2Fg%2F11c5_58jls!19sChIJQzRf-8GY1ZERKKMovs5XnGY?authuser=0&hl=es-419&g_ep=EgoyMDI2MDkxNC4wIJJjKgBIAVAD&rclk=1"
"Sparrow - Restaurant and Drinks","099 478 2611","","4.6","8","","ninguno","","true","Restaurante","170131, Quito","Solanda, Quito","https://www.google.com/maps/place/Sparrow+-+Restaurant+and+Drinks/data=!4m7!3m6!1s0x91d5990c70238601:0xf7f262755fd71852!8m2!3d-0.2699388!4d-78.5415906!16s%2Fg%2F11sdqvj4l6!19sChIJAYYjcAyZ1ZERUhjXX3Vi8vc?authuser=0&hl=es-419&g_ep=EgoyMDI2MDkxNC4wIJJjKgBIAVAD&rclk=1"
"Pizzería New Time","099 677 9964","","4.4","179","https://dilantapia123.wixsite.com/pizzas","sitio_propio","","false","Pizzería","170618, 170606","Solanda, Quito","https://www.google.com/maps/place/Pizzer%C3%ADa+New+Time/data=!4m7!3m6!1s0x91d598ea20ace075:0x34f06daab1a28a33!8m2!3d-0.2706225!4d-78.5416532!16s%2Fg%2F11cmbgvps6!19sChIJdeCsIOqY1ZERM4qisapt8DQ?authuser=0&hl=es-419&g_ep=EgoyMDI2MDkxNC4wIJJjKgBIAVAD&rclk=1"
"KFC - Solanda","","","4.1","1123","","ninguno","","true","","","Solanda, Quito","https://www.google.com/maps/place/KFC+-+Solanda/data=!4m7!3m6!1s0x91d598e8d331fa09:0x94cacac0f9128722!8m2!3d-0.2677716!4d-78.5376602!16s%2Fg%2F11c520y_qy!19sChIJCfox0-iY1ZERIocS-cDKypQ?authuser=0&hl=es-419&g_ep=EgoyMDI2MDkxNC4wIJJjKgBIAVAD&rclk=1"
"Monster pizza Av. Solanda","099 830 0055","","4.3","77","","ninguno","","true","Pizzería","Av. Solanda y Av. Rumichaca Ñan &, 170131 Quito","Solanda, Quito","https://www.google.com/maps/place/Monster+pizza+Av.+Solanda/data=!4m7!3m6!1s0x91d599e2cde50929:0x338b4aea8645fc1!8m2!3d-0.2724005!4d-78.542592!16s%2Fg%2F11nnr9w5bn!19sChIJKQnlzeKZ1ZERwV9kqK60OAM?authuser=0&hl=es-419&g_ep=EgoyMDI2MDkxNC4wIJJjKgBIAVAD&rclk=1"
"ALAS CHELAS SOLANDA","098 770 0606","","4.1","10","https://alaschelas.kyte.site/","sitio_propio","","false","Pub restaurante","170131 Quito","Solanda, Quito","https://www.google.com/maps/place/ALAS+CHELAS+SOLANDA/data=!4m7!3m6!1s0x91d5994d5eaa3cd7:0x712ab4e2427e600a!8m2!3d-0.2709375!4d-78.5426875!16s%2Fg%2F11ry5qdjkc!19sChIJ1zyqXk2Z1ZERCmB-QuK0KnE?authuser=0&hl=es-419&g_ep=EgoyMDI2MDkxNC4wIJJjKgBIAVAD&rclk=1"
"Las Delicias del Peru","(02) 267-5964","","4.4","7","","ninguno","","true","Restaurante peruano","Calle, Benancio Estandoque S 17-53, 170606 Quito","Solanda, Quito","https://www.google.com/maps/place/Las+Delicias+del+Peru/data=!4m7!3m6!1s0x91d598ef40f86f9d:0x28d37f41df2a9d0c!8m2!3d-0.2670166!4d-78.5364515!16s%2Fg%2F11gsbhj7wm!19sChIJnW_4QO-Y1ZERDJ0q30F_0yg?authuser=0&hl=es-419&g_ep=EgoyMDI2MDkxNC4wIJJjKgBIAVAD&rclk=1"
"Chavi Choclo","096 393 1101","","4.6","8","","ninguno","","true","Restaurante","170606, Quito","Solanda, Quito","https://www.google.com/maps/place/Chavi+Choclo/data=!4m7!3m6!1s0x91d599dacdc85b6b:0x39458a9da8e63d2c!8m2!3d-0.2703793!4d-78.5424679!16s%2Fg%2F11q4k4qdt3!19sChIJa1vIzdqZ1ZERLD3mqJ2KRTk?authuser=0&hl=es-419&g_ep=EgoyMDI2MDkxNC4wIJJjKgBIAVAD&rclk=1"
"Sur - Parrilla Gourmet","(02) 225-6739","caja@surparrillagourmet.com; basilicofood123@gmail.com; brochetterestaurant@gmail.com","4.5","1414","https://www.surparrillagourmet.com/","sitio_propio","","false","Bar restaurante","Av. Portugal E11-61, 170135 Quito","Solanda, Quito","https://www.google.com/maps/place/Sur+-+Parrilla+Gourmet/data=!4m7!3m6!1s0x91d59a8042598fab:0xc4c0e8d8629f0896!8m2!3d-0.181918!4d-78.477227!16s%2Fg%2F11b7dvpc4c!19sChIJq49ZQoCa1ZERlgifYtjowMQ?authuser=0&hl=es-419&g_ep=EgoyMDI2MDkxNC4wIJJjKgBIAVAD&rclk=1"
"Restaurante El pollito Broster","099 547 7053","","3.8","8","","ninguno","","true","Restaurante","Juan Barreiro S23, 170131 Quito","Solanda, Quito","https://www.google.com/maps/place/Restaurante+El+pollito+Broster/data=!4m7!3m6!1s0x91d598c275081355:0x8be4d9ae6074e0bb!8m2!3d-0.2692995!4d-78.5434991!16s%2Fg%2F11c594x0bp!19sChIJVRMIdcKY1ZERu-B0YK7Z5Is?authuser=0&hl=es-419&g_ep=EgoyMDI2MDkxNC4wIJJjKgBIAVAD&rclk=1"
"Buffalos Wings Quito","093 948 4708","b4e841e11ff44d8137eb5a5b65aca109@o4511055616212992.ingest.us; jc_hb@hotmail.com; nickmacom@hotmail.com","4.6","42","https://buffaloswingsquito.ola.click/","sitio_propio","","false","Restaurante especializado en pollo","Av Solanda, Y y Apuela, Quito","Solanda, Quito","https://www.google.com/maps/place/Buffalos+Wings+Quito/data=!4m7!3m6!1s0x91d5995f3375da9b:0x4e7f920c9669300e!8m2!3d-0.2706607!4d-78.5444663!16s%2Fg%2F11fwh8z231!19sChIJm9p1M1-Z1ZERDjBplgySf04?authuser=0&hl=es-419&g_ep=EgoyMDI2MDkxNC4wIJJjKgBIAVAD&rclk=1"
"DORIMA SUSHI","095 881 8736","","4.6","28","","ninguno","","true","Restaurante japonés","Salvador Bravo y Jose Viteri, 111111 Quito","Solanda, Quito","https://www.google.com/maps/place/DORIMA+SUSHI/data=!4m7!3m6!1s0x91d599d8d8e21f17:0x503d82282bf2f88c!8m2!3d-0.2673285!4d-78.5400508!16s%2Fg%2F11jzzdg8z4!19sChIJFx_i2NiZ1ZERjPjyKyiCPVA?authuser=0&hl=es-419&g_ep=EgoyMDI2MDkxNC4wIJJjKgBIAVAD&rclk=1"
"Super Papa","098 624 9056","","5","8","","ninguno","","true","Restaurante de comida rápida","Av. Ajaví Oe4-267, 170148 Quito","Solanda, Quito","https://www.google.com/maps/place/Super+Papa/data=!4m7!3m6!1s0x91d598e5d03810d9:0x2bf04987d56ca108!8m2!3d-0.2641503!4d-78.5370654!16s%2Fg%2F11gtggm5bd!19sChIJ2RA40OWY1ZERCKFs1YdJ8Cs?authuser=0&hl=es-419&g_ep=EgoyMDI2MDkxNC4wIJJjKgBIAVAD&rclk=1"
"Corn & Waffle","097 878 8288","","4.7","70","https://www.facebook.com/cornwaffleuio","solo_red_social","","true","Restaurante de comida rápida","Lorenzo Flores y S20B, 170131 Quito","Solanda, Quito","https://www.google.com/maps/place/Corn+%26+Waffle/data=!4m7!3m6!1s0x91d599e61ed65723:0x120dc5e63fab85b5!8m2!3d-0.2707394!4d-78.5377731!16s%2Fg%2F11r_vjp2v_!19sChIJI1fWHuaZ1ZERtYWrP-bFDRI?authuser=0&hl=es-419&g_ep=EgoyMDI2MDkxNC4wIJJjKgBIAVAD&rclk=1"
"ChoriGol - Quitumbe","096 122 2000","","4.3","693","","ninguno","","true","Restaurante","PF44+57H Plataforma Gubernamental Sur, Amauta, 170146 Quito","Quitumbe, Quito","https://www.google.com/maps/place/ChoriGol+-+Quitumbe/data=!4m7!3m6!1s0x91d5a363b5a9e3a5:0x9ce6764bdacdb369!8m2!3d-0.2945518!4d-78.5442797!16s%2Fg%2F11h07yy0y5!19sChIJpeOptWOj1ZERabPN2kt25pw?authuser=0&hl=es-419&g_ep=EgoyMDI2MDkxNC4wIJJjKgBIAVAD&rclk=1"
"Aristeo Quitumbe","096 356 6874","","4.6","289","https://www.instagram.com/aristeoecu/","solo_red_social","","true","Restaurante","Av. Rumichaca Ñan, 170146 Quito","Quitumbe, Quito","https://www.google.com/maps/place/Aristeo+Quitumbe/data=!4m7!3m6!1s0x91d5a35ac86229a3:0xb6aafc39fdbf6178!8m2!3d-0.3024034!4d-78.5564098!16s%2Fg%2F11yklw8vyk!19sChIJoyliyFqj1ZEReGG__Tn8qrY?authuser=0&hl=es-419&g_ep=EgoyMDI2MDkxNC4wIJJjKgBIAVAD&rclk=1"
"MONGOS QUITUMBE","098 464 9260","","4.9","2421","https://mongos.com.ec/site/mongos-quitumbe/","sitio_propio","","false","Karaoke","Av. Quitumbe Ñan y Blanca Benitez S34 374 y, 170146 Quito","Quitumbe, Quito","https://www.google.com/maps/place/MONGOS+QUITUMBE/data=!4m7!3m6!1s0x91d5a3e66447111f:0xd60a63256fd31cdf!8m2!3d-0.2937922!4d-78.5480344!16s%2Fg%2F11fmxk74gr!19sChIJHxFHZOaj1ZER3xzTbyVjCtY?authuser=0&hl=es-419&g_ep=EgoyMDI2MDkxNC4wIJJjKgBIAVAD&rclk=1"
"Restaurante - Cafetería Plaza Quitumbe, Propietaria: Ma. Isabel Figueroa S.","093 976 4113","","4.6","44","","ninguno","","true","Restaurante de cocina criolla","Av Quitumbe S34-276, Quito 170702 entre la calle Cari, y y Avenida Quitumbe, 170146 Quito","Quitumbe, Quito","https://www.google.com/maps/place/Restaurante+-+Cafeter%C3%ADa+Plaza+Quitumbe,+Propietaria:+Ma.+Isabel+Figueroa+S./data=!4m7!3m6!1s0x91d598a0981ef73d:0xf6f6eba82c687344!8m2!3d-0.2931805!4d-78.5475204!16s%2Fg%2F11gmzjldn3!19sChIJPfcemKCY1ZERRHNoLKjr9vY?authuser=0&hl=es-419&g_ep=EgoyMDI2MDkxNC4wIJJjKgBIAVAD&rclk=1"
"Che Pibe Parrilla","099 274 1991","","4.5","76","","ninguno","","true","Restaurante","conjuntos Prados de Quitumbe 2, Av. Quitumbe Ñan, 170146 Quito","Quitumbe, Quito","https://www.google.com/maps/place/Che+Pibe+Parrilla/data=!4m7!3m6!1s0x91d599f3acd621cb:0xbb0cae3708e30d74!8m2!3d-0.2932528!4d-78.5475681!16s%2Fg%2F11h3nj9nc6!19sChIJyyHWrPOZ1ZERdA3jCDeuDLs?authuser=0&hl=es-419&g_ep=EgoyMDI2MDkxNC4wIJJjKgBIAVAD&rclk=1"
"Restaurante Faro del Mediterraneo","099 586 5254","","4.4","45","","ninguno","","true","Restaurante","PF33+H98, Quitumbe Av Llirañan, y y Pachamama, Quito","Quitumbe, Quito","https://www.google.com/maps/place/Restaurante+Faro+del+Mediterraneo/data=!4m7!3m6!1s0x91d5a3e0d2f5ab51:0xdd97c450c894e2ff!8m2!3d-0.2960794!4d-78.5465513!16s%2Fg%2F11r466bk47!19sChIJUav10uCj1ZER_-KUyFDEl90?authuser=0&hl=es-419&g_ep=EgoyMDI2MDkxNC4wIJJjKgBIAVAD&rclk=1"
"ARKANUS QUITUMBE","096 353 3596","","4.4","120","","ninguno","","true","Pub restaurante","Av. Cóndor Ñan &, 170146 Quito","Quitumbe, Quito","https://www.google.com/maps/place/ARKANUS+QUITUMBE/data=!4m7!3m6!1s0x91d5a3791ff5e7bf:0x10275649998dd8a8!8m2!3d-0.2980554!4d-78.5494278!16s%2Fg%2F11rtl844g3!19sChIJv-f1H3mj1ZERqNiNmUlWJxA?authuser=0&hl=es-419&g_ep=EgoyMDI2MDkxNC4wIJJjKgBIAVAD&rclk=1"
"Restaurante Kingdom House, Restaurantes en Quito, Carnes Asadas en Quito","098 742 7586","","4.1","146","","ninguno","","true","Restaurante","Av. Llira Ñan y, Av. Amaru Ñan, 170146 Quito","Quitumbe, Quito","https://www.google.com/maps/place/Restaurante+Kingdom+House,+Restaurantes+en+Quito,+Carnes+Asadas+en+Quito/data=!4m7!3m6!1s0x91d599e66be9b5b9:0x363802a06406116e!8m2!3d-0.29343!4d-78.5445327!16s%2Fg%2F11qby35ylr!19sChIJubXpa-aZ1ZERbhEGZKACODY?authuser=0&hl=es-419&g_ep=EgoyMDI2MDkxNC4wIJJjKgBIAVAD&rclk=1"
"Chifa H Y K Quitumbe","096 878 6479","","4.5","466","","ninguno","","true","Restaurante","170146 Quito","Quitumbe, Quito","https://www.google.com/maps/place/Chifa+H+Y+K+Quitumbe/data=!4m7!3m6!1s0x91d5a20ba9afc44d:0xb92ca475339578d8!8m2!3d-0.2961477!4d-78.5462915!16s%2Fg%2F11gbxgnj9s!19sChIJTcSvqQui1ZER2HiVM3WkLLk?authuser=0&hl=es-419&g_ep=EgoyMDI2MDkxNC4wIJJjKgBIAVAD&rclk=1"
"La Marimba Restaurante","096 763 2794","","3.6","154","","ninguno","","true","Restaurante","Nusta 2198, 170146 Quito","Quitumbe, Quito","https://www.google.com/maps/place/La+Marimba+Restaurante/data=!4m7!3m6!1s0x91d5998b8bebee19:0x84f2bdf2355fedf6!8m2!3d-0.2993051!4d-78.5491095!16s%2Fg%2F11sp0kwnl2!19sChIJGe7ri4uZ1ZER9u1fNfK98oQ?authuser=0&hl=es-419&g_ep=EgoyMDI2MDkxNC4wIJJjKgBIAVAD&rclk=1"
"El Tenedor Urbano (QUITUMBE)","099 506 6858","","4.1","16","","ninguno","","true","Restaurante de brunch","Av. Quitumbe Ñan, S34-210, 170146 Quito","Quitumbe, Quito","https://www.google.com/maps/place/El+Tenedor+Urbano+%28QUITUMBE%29/data=!4m7!3m6!1s0x91d5999993fd758d:0x9de48f6649f8216b!8m2!3d-0.2927127!4d-78.547044!16s%2Fg%2F11r_nc1h0g!19sChIJjXX9k5mZ1ZERayH4SWaP5J0?authuser=0&hl=es-419&g_ep=EgoyMDI2MDkxNC4wIJJjKgBIAVAD&rclk=1"
"Las Delicias De Charito Quitumbe","098 259 5978","","4.4","10","","ninguno","","true","Restaurante","Amauta S34-284, 170146 Quito","Quitumbe, Quito","https://www.google.com/maps/place/Las+Delicias+De+Charito+Quitumbe/data=!4m7!3m6!1s0x91d5a376c9b3ba9b:0xa88c54b9d6ea1d38!8m2!3d-0.2949798!4d-78.5442439!16s%2Fg%2F11gtg7_9vt!19sChIJm7qzyXaj1ZEROB3q1rlUjKg?authuser=0&hl=es-419&g_ep=EgoyMDI2MDkxNC4wIJJjKgBIAVAD&rclk=1"
"Di Rulo Quitumbe","098 013 5478","soportejustoapp@getjusto.com\; pedidodirulo@gmail.com; luis_latm@yahoo.com; u003eluis_latm@yahoo.com; u003efinanciero@dirulo.com; u003ejustocolombia@getjusto.com; soportejustoapp@getjusto.com; u003esoportejustoapp@getjusto.com","4.5","506","http://www.dirulo.com/","sitio_propio","","false","Pizzería","4 833d, 170146 Quito","Quitumbe, Quito","https://www.google.com/maps/place/Di+Rulo+Quitumbe/data=!4m7!3m6!1s0x91d59b8df210ddc1:0x1bc5c679d8701909!8m2!3d-0.2907505!4d-78.5447578!16s%2Fg%2F11j10_js42!19sChIJwd0Q8o2b1ZERCRlw2HnGxRs?authuser=0&hl=es-419&g_ep=EgoyMDI2MDkxNC4wIJJjKgBIAVAD&rclk=1"
"El Hornero Quitumbe","099 900 5005","","4.5","2228","https://elhornero.com.ec/","sitio_propio","","false","Restaurante","PF33+WQ7, Av. Llira Ñan, 170146 Quito","Quitumbe, Quito","https://www.google.com/maps/place/El+Hornero+Quitumbe/data=!4m7!3m6!1s0x91d5a20c423eca35:0xa5be6470160e6278!8m2!3d-0.2994542!4d-78.5471774!16s%2Fg%2F11c7s4zjws!19sChIJNco-Qgyi1ZEReGIOFnBkvqU?authuser=0&hl=es-419&g_ep=EgoyMDI2MDkxNC4wIJJjKgBIAVAD&rclk=1"
"LAS BROCHETAS DEL BAMBUCHA","098 241 8945","","4.5","597","","ninguno","","true","Restaurante","Av. Guayanay Ñan y Av. Llira Ñan, 170146 Quito","Quitumbe, Quito","https://www.google.com/maps/place/LAS+BROCHETAS+DEL+BAMBUCHA/data=!4m7!3m6!1s0x91d5a20c0001826d:0x48e78de6ba22f654!8m2!3d-0.303251!4d-78.5491294!16s%2Fg%2F11hd7dq6nt!19sChIJbYIBAAyi1ZERVPYiuuaN50g?authuser=0&hl=es-419&g_ep=EgoyMDI2MDkxNC4wIJJjKgBIAVAD&rclk=1"
"ChochoMadre - Los Auténticos Cevichochos de Quitumbe","099 920 1368","","4.6","17","","ninguno","","true","Restaurante","Av. Quitumbe Ñan y y S 32, 170701 Quito","Quitumbe, Quito","https://www.google.com/maps/place/ChochoMadre+-+Los+Aut%C3%A9nticos+Cevichochos+de+Quitumbe/data=!4m7!3m6!1s0x91d5990050bcce0b:0x4920503f4a2081c3!8m2!3d-0.2879348!4d-78.5449658!16s%2Fg%2F11yftkpqvg!19sChIJC868UACZ1ZERw4EgSj9QIEk?authuser=0&hl=es-419&g_ep=EgoyMDI2MDkxNC4wIJJjKgBIAVAD&rclk=1"
"ENCEBOLLADO DE LA RUMICHACA Ñ","098 819 3614","","4.6","75","","ninguno","","true","Restaurante","Rumichaca Ñan y Amaru Ñan, 170702 Quito","Quitumbe, Quito","https://www.google.com/maps/place/ENCEBOLLADO+DE+LA+RUMICHACA+%C3%91/data=!4m7!3m6!1s0x91d5996f2332dca3:0x4008aa895f70648a!8m2!3d-0.2904243!4d-78.5502947!16s%2Fg%2F11q8570xkj!19sChIJo9wyI2-Z1ZERimRwX4mqCEA?authuser=0&hl=es-419&g_ep=EgoyMDI2MDkxNC4wIJJjKgBIAVAD&rclk=1"
"El Arrastre","","","4.5","84","","ninguno","","true","Marisquería","Amauta, 170146 Quito","Quitumbe, Quito","https://www.google.com/maps/place/El+Arrastre/data=!4m7!3m6!1s0x91d5a3f89148cfb7:0xd67e88dc2cf86ff0!8m2!3d-0.2945297!4d-78.5440999!16s%2Fg%2F11kb92qbyw!19sChIJt89Ikfij1ZER8G_4LNyIftY?authuser=0&hl=es-419&g_ep=EgoyMDI2MDkxNC4wIJJjKgBIAVAD&rclk=1"
"Kambar","","","5","8","","ninguno","","true","Pub restaurante","Av. Quitumbe Ñan, 170146 Quito","Quitumbe, Quito","https://www.google.com/maps/place/Kambar/data=!4m7!3m6!1s0x91d599df37d24b3b:0x21ce111506716126!8m2!3d-0.293335!4d-78.5476298!16s%2Fg%2F11rrq626xp!19sChIJO0vSN9-Z1ZERJmFxBhURziE?authuser=0&hl=es-419&g_ep=EgoyMDI2MDkxNC4wIJJjKgBIAVAD&rclk=1"
"EL JAKAL RestoBar","099 847 0102","","4.8","10","","ninguno","","true","Bar restaurante","MCVX+673, Av. Quitumbe Ñan, S44 y","Quitumbe, Quito","https://www.google.com/maps/place/EL+JAKAL+RestoBar/data=!4m7!3m6!1s0x91d5a3eef1e4a2ab:0xb14e03bb8a59cc75!8m2!3d-0.3069936!4d-78.5518356!16s%2Fg%2F11h00cjw9g!19sChIJq6Lk8e6j1ZERdcxZirsDTrE?authuser=0&hl=es-419&g_ep=EgoyMDI2MDkxNC4wIJJjKgBIAVAD&rclk=1"
"Umami sushi lab Quitumbe 🍣🍥","097 885 3131","","4.3","82","","ninguno","","true","Restaurante de sushi","Quipu 62 y, 170146 Quito","Quitumbe, Quito","https://www.google.com/maps/place/Umami+sushi+lab+Quitumbe+%F0%9F%8D%A3%F0%9F%8D%A5/data=!4m7!3m6!1s0x91d599004ad62d2b:0x8753ead46e4c27d3!8m2!3d-0.2884911!4d-78.5429886!16s%2Fg%2F11vwksp3wd!19sChIJKy3WSgCZ1ZER0ydMbtTqU4c?authuser=0&hl=es-419&g_ep=EgoyMDI2MDkxNC4wIJJjKgBIAVAD&rclk=1"
"Domino´s Pizza Quitumbe","(02) 381-5760","","4.6","382","http://www.dominos.ec/","sitio_propio","","false","Restaurante","Av. Morán Valverde y Teniente Hugo Ortiz Ed. El Moblar, 170606 Quito","Quitumbe, Quito","https://www.google.com/maps/place/Domino%C2%B4s+Pizza+Quitumbe/data=!4m7!3m6!1s0x91d599b19e14e9b1:0x22b2e18269da122a!8m2!3d-0.2863688!4d-78.5411901!16s%2Fg%2F11m43cnjkz!19sChIJsekUnrGZ1ZERKhLaaYLhsiI?authuser=0&hl=es-419&g_ep=EgoyMDI2MDkxNC4wIJJjKgBIAVAD&rclk=1"
"Restaurante ""El Secreto Del Sabor""","","","4.3","7","","ninguno","","true","Restaurante","PF44+47Q, Cari, 170146 Quito","Quitumbe, Quito","https://www.google.com/maps/place/Restaurante+%22El+Secreto+Del+Sabor%22/data=!4m7!3m6!1s0x91d5a33f63f99517:0xe9aaf688dc5a23b7!8m2!3d-0.2946601!4d-78.5442766!16s%2Fg%2F11fd6n3_rs!19sChIJF5X5Yz-j1ZERtyNa3Ij2quk?authuser=0&hl=es-419&g_ep=EgoyMDI2MDkxNC4wIJJjKgBIAVAD&rclk=1"
"STOP DELI QUITUMBE","099 547 0646","","4.3","6","https://stopdeliec.com/","sitio_propio","","true","Restaurante","Av. Lira Ñam, Quitumbe, y y Av. Amaru Ñan S/N, 170702 Quito","Quitumbe, Quito","https://www.google.com/maps/place/STOP+DELI+QUITUMBE/data=!4m7!3m6!1s0x91d5998b7b743ec1:0xca4f6665128d5530!8m2!3d-0.2931625!4d-78.5443819!16s%2Fg%2F11yx_h19zt!19sChIJwT50e4uZ1ZERMFWNEmVmT8o?authuser=0&hl=es-419&g_ep=EgoyMDI2MDkxNC4wIJJjKgBIAVAD&rclk=1"
"LOS POLLOS DE TURUBAMBA","099 581 2288","","4.4","30","","ninguno","","true","Restaurante","Av Quitumbe, 170146 Quito","Quitumbe, Quito","https://www.google.com/maps/place/LOS+POLLOS+DE+TURUBAMBA/data=!4m7!3m6!1s0x91d59938b14ac65f:0x8b6c30345fae638c!8m2!3d-0.2896078!4d-78.5451292!16s%2Fg%2F11l8mjbc83!19sChIJX8ZKsTiZ1ZERjGOuXzQwbIs?authuser=0&hl=es-419&g_ep=EgoyMDI2MDkxNC4wIJJjKgBIAVAD&rclk=1"
"Restaurantes Caída Del Sol","099 402 7650","","4.4","41","","ninguno","","true","Restaurante ecuatoriano","Av. Llira Ñan S/N, 170702 Quito","Quitumbe, Quito","https://www.google.com/maps/place/Restaurantes+Ca%C3%ADda+Del+Sol/data=!4m7!3m6!1s0x91d598a00c78f99f:0x5f43b0b1955e547d!8m2!3d-0.2933157!4d-78.5445803!16s%2Fg%2F11ffv200wn!19sChIJn_l4DKCY1ZERfVRelbGwQ18?authuser=0&hl=es-419&g_ep=EgoyMDI2MDkxNC4wIJJjKgBIAVAD&rclk=1"
"Chifa Liu","096 714 2642","","4.1","175","","ninguno","","true","Restaurante","Avenida Quitumbe Ñan Ciudadela del ejercito S43, 170701","Quitumbe, Quito","https://www.google.com/maps/place/Chifa+Liu/data=!4m7!3m6!1s0x91d5a211d0aeb407:0x97c3110610756e99!8m2!3d-0.30304!4d-78.5514092!16s%2Fg%2F11b75f1jlb!19sChIJB7Su0BGi1ZERmW51EAYRw5c?authuser=0&hl=es-419&g_ep=EgoyMDI2MDkxNC4wIJJjKgBIAVAD&rclk=1"
"Quitumbe Shore","099 975 7069","","5","9","","ninguno","","true","Restaurante de comida rápida","Oe3d, y y Av. Guayanay Ñan, Quito","Quitumbe, Quito","https://www.google.com/maps/place/Quitumbe+Shore/data=!4m7!3m6!1s0x91d5a3670a381275:0xc459ad40e182fe2c!8m2!3d-0.301448!4d-78.552578!16s%2Fg%2F11rstfj7kx!19sChIJdRI4Cmej1ZERLP6C4UCtWcQ?authuser=0&hl=es-419&g_ep=EgoyMDI2MDkxNC4wIJJjKgBIAVAD&rclk=1"
"JAMA BANANA","099 563 0187","","4.1","1217","https://www.facebook.com/jamabanana/?ref=br_rs","solo_red_social","","true","Marisquería","Amauta S34-306, 170146 Quito","Quitumbe, Quito","https://www.google.com/maps/place/JAMA+BANANA/data=!4m7!3m6!1s0x91d5a20aaf7809ad:0x461799a332614923!8m2!3d-0.2951571!4d-78.5444254!16s%2Fg%2F11ggbl9sj3!19sChIJrQl4rwqi1ZERI0lhMqOZF0Y?authuser=0&hl=es-419&g_ep=EgoyMDI2MDkxNC4wIJJjKgBIAVAD&rclk=1"
"Samir's (Quitumbe)","","","4.2","9","","ninguno","","true","Restaurante","PF43+R33, 170146 Quito","Quitumbe, Quito","https://www.google.com/maps/place/Samir%27s+%28Quitumbe%29/data=!4m7!3m6!1s0x91d59929f4560c17:0x62bee95a7d2214a5!8m2!3d-0.2930267!4d-78.547406!16s%2Fg%2F11l76b33y6!19sChIJFwxW9CmZ1ZERpRQifVrpvmI?authuser=0&hl=es-419&g_ep=EgoyMDI2MDkxNC4wIJJjKgBIAVAD&rclk=1"
"Pollos Alcalá Quitumbe","098 775 8229","","4","53","https://www.instagram.com/pollosalcala_quitumbe/","solo_red_social","","true","Restaurante","PF44+VX2, Otoya Ñan Quito EC, Av. Amaru Ñan y y, 170146 Quito","Quitumbe, Quito","https://www.google.com/maps/place/Pollos+Alcal%C3%A1+Quitumbe/data=!4m7!3m6!1s0x91d599b72bf119b7:0x6e52b934ba63ed27!8m2!3d-0.2929151!4d-78.5425838!16s%2Fg%2F11trrs1vds!19sChIJtxnxK7eZ1ZERJ-1jujS5Um4?authuser=0&hl=es-419&g_ep=EgoyMDI2MDkxNC4wIJJjKgBIAVAD&rclk=1"
"The Syx grill, comida rápida","099 937 9206","","4.5","63","","ninguno","","true","Restaurante","Av. Amaru Ñan s34, 170702 Quito","Quitumbe, Quito","https://www.google.com/maps/place/The+Syx+grill,+comida+r%C3%A1pida/data=!4m7!3m6!1s0x91d599b2101b5ef1:0x28dd7aedc1d3b635!8m2!3d-0.2926435!4d-78.5434702!16s%2Fg%2F11j29d7kpx!19sChIJ8V4bELKZ1ZERNbbTwe163Sg?authuser=0&hl=es-419&g_ep=EgoyMDI2MDkxNC4wIJJjKgBIAVAD&rclk=1"
"Cafe de la Abuela","","","4.1","14","","ninguno","","true","Cafetería","Av. Quitumbe Ñan S35-84, 170702 Quito","Quitumbe, Quito","https://www.google.com/maps/place/Cafe+de+la+Abuela/data=!4m7!3m6!1s0x91d5a20a270bbf87:0x896665f1a5e53cc4!8m2!3d-0.2951989!4d-78.5491237!16s%2Fg%2F11c6q91mjf!19sChIJh78LJwqi1ZERxDzlpfFlZok?authuser=0&hl=es-419&g_ep=EgoyMDI2MDkxNC4wIJJjKgBIAVAD&rclk=1"
"Restaurante ""Mi Madre""","099 283 0676","","4.8","21","","ninguno","","true","Restaurante familiar","170105 Quito","Quitumbe, Quito","https://www.google.com/maps/place/Restaurante+%22Mi+Madre%22/data=!4m7!3m6!1s0x91d5992b92cc23e1:0xd994e573997eb845!8m2!3d-0.2859967!4d-78.5640669!16s%2Fg%2F11qyp45hbl!19sChIJ4SPMkiuZ1ZERRbh-mXPllNk?authuser=0&hl=es-419&g_ep=EgoyMDI2MDkxNC4wIJJjKgBIAVAD&rclk=1"
"La Brostería Quitumbe","099 116 2640","","3.9","7","","ninguno","","true","Restaurante","Av. Cóndor Ñan, y y Av. Llira Ñan, 170702 Quito","Quitumbe, Quito","https://www.google.com/maps/place/La+Broster%C3%ADa+Quitumbe/data=!4m7!3m6!1s0x91d5a38907536ad1:0xcddb5c0de7cdf14e!8m2!3d-0.2984038!4d-78.5475222!16s%2Fg%2F11w9hpt5p3!19sChIJ0WpTB4mj1ZERTvHN5w1c280?authuser=0&hl=es-419&g_ep=EgoyMDI2MDkxNC4wIJJjKgBIAVAD&rclk=1"
"Asados y Rosticería Don Milton","096 285 4111","","4.1","460","","ninguno","","true","Restaurante familiar","Amauta &, 170146 Quito","Quitumbe, Quito","https://www.google.com/maps/place/Asados+y+Rosticer%C3%ADa+Don+Milton/data=!4m7!3m6!1s0x91d5a385a109afe7:0xd72a59e7238b1272!8m2!3d-0.2945374!4d-78.5442834!16s%2Fg%2F11shnbxwd5!19sChIJ568JoYWj1ZERchKLI-dZKtc?authuser=0&hl=es-419&g_ep=EgoyMDI2MDkxNC4wIJJjKgBIAVAD&rclk=1"
"Menestras el metro","","","4.6","32","","ninguno","","true","Restaurante","Av. Mariscal Sucre, Quito","Quitumbe, Quito","https://www.google.com/maps/place/Menestras+el+metro/data=!4m7!3m6!1s0x91d5a3f5e514881f:0x3e400745dc17712!8m2!3d-0.2962778!4d-78.5590167!16s%2Fg%2F11nngdnrfp!19sChIJH4gU5fWj1ZEREnfBXXQA5AM?authuser=0&hl=es-419&g_ep=EgoyMDI2MDkxNC4wIJJjKgBIAVAD&rclk=1"
"Disergio","099 842 8385","","4.6","195","","ninguno","","true","Heladería","Av. Guayanay Ñan y Av. Mariscal Sucre, 170146 Quito","Quitumbe, Quito","https://www.google.com/maps/place/Disergio/data=!4m7!3m6!1s0x91d5a3bf203d41c3:0xbe2030e96a1414cf!8m2!3d-0.3007985!4d-78.5573689!16s%2Fg%2F11kk7k92nj!19sChIJw0E9IL-j1ZERzxQUaukwIL4?authuser=0&hl=es-419&g_ep=EgoyMDI2MDkxNC4wIJJjKgBIAVAD&rclk=1"
"Tokosushiec Sur","099 098 7085","b4e841e11ff44d8137eb5a5b65aca109@o4511055616212992.ingest.us","4.5","308","https://tokosushiec.ola.click/products","sitio_propio","","false","Restaurante japonés","Ñusta, y y Av. Llira Ñan, 170146 Quito","Quitumbe, Quito","https://www.google.com/maps/place/Tokosushiec+Sur/data=!4m7!3m6!1s0x91d5a3705e0d7425:0x777376450c1082f9!8m2!3d-0.2994971!4d-78.5480797!16s%2Fg%2F11rtq17x28!19sChIJJXQNXnCj1ZER-YIQDEV2c3c?authuser=0&hl=es-419&g_ep=EgoyMDI2MDkxNC4wIJJjKgBIAVAD&rclk=1"
"BRISA MARINA","098 472 4591","","4.4","276","","ninguno","","true","Marisquería","PF23+RH5, Calle Tamia, S35F, 170146 Quito","Quitumbe, Quito","https://www.google.com/maps/place/BRISA+MARINA/data=!4m7!3m6!1s0x91d5a20b7f20a7c1:0x22606689d5866410!8m2!3d-0.2979904!4d-78.5460204!16s%2Fg%2F11gtggmcbv!19sChIJwacgfwui1ZEREGSG1YlmYCI?authuser=0&hl=es-419&g_ep=EgoyMDI2MDkxNC4wIJJjKgBIAVAD&rclk=1"
"SKY WINGS QUITUMBE","098 912 4628","","4.5","65","","ninguno","","true","Bar","Amauta, Y y Tamia, 170146 Quito","Quitumbe, Quito","https://www.google.com/maps/place/SKY+WINGS+QUITUMBE/data=!4m7!3m6!1s0x91d5a3816ac94757:0xea66b9d1d0c256ab!8m2!3d-0.2976548!4d-78.5449866!16s%2Fg%2F11ny285s7b!19sChIJV0fJaoGj1ZERq1bC0NG5Zuo?authuser=0&hl=es-419&g_ep=EgoyMDI2MDkxNC4wIJJjKgBIAVAD&rclk=1"
"El Auténtico Ceviche Manaba Quitumbe","","","3.9","20","","ninguno","","true","Marisquería","OE2 y Av. Llira Ñan S35-153, 170702 Quito","Quitumbe, Quito","https://www.google.com/maps/place/El+Aut%C3%A9ntico+Ceviche+Manaba+Quitumbe/data=!4m7!3m6!1s0x91d5a3003d04bbdb:0x45abafeb73f41485!8m2!3d-0.2969562!4d-78.5466146!16s%2Fg%2F11vr0v8qx_!19sChIJ27sEPQCj1ZERhRT0c-uvq0U?authuser=0&hl=es-419&g_ep=EgoyMDI2MDkxNC4wIJJjKgBIAVAD&rclk=1"
"Candy By Salsa Sur ""Quitumbe 2""","099 955 8502","","4.6","17","","ninguno","","true","Bar restaurante","Av Quitumbe Ñan, Y y Blanca Benitez, 170701 Quito","Quitumbe, Quito","https://www.google.com/maps/place/Candy+By+Salsa+Sur+%22Quitumbe+2%22/data=!4m7!3m6!1s0x91d5a3432f50a3ef:0x1554843aaecf2d0e!8m2!3d-0.2936786!4d-78.5479282!16s%2Fg%2F11t7r5bj64!19sChIJ76NQL0Oj1ZERDi3PrjqEVBU?authuser=0&hl=es-419&g_ep=EgoyMDI2MDkxNC4wIJJjKgBIAVAD&rclk=1"
"Hot Quito","098 465 1891","","4.8","23","","ninguno","","true","Hamburguesería","Quipu 62, 170146 Quito","Quitumbe, Quito","https://www.google.com/maps/place/Hot+Quito/data=!4m7!3m6!1s0x91d599567b49db51:0xee1df401b64eef2f!8m2!3d-0.2885355!4d-78.5430059!16s%2Fg%2F11rxwcykw9!19sChIJUdtJe1aZ1ZERL-9OtgH0He4?authuser=0&hl=es-419&g_ep=EgoyMDI2MDkxNC4wIJJjKgBIAVAD&rclk=1"
"Heidy's","099 639 1550","","4.4","129","","ninguno","","true","Restaurante ecuatoriano","Ave Moran Valverde, 170146 Quito","Quitumbe, Quito","https://www.google.com/maps/place/Heidy%27s/data=!4m7!3m6!1s0x91d598a2a4000001:0x905e31b24ec2b025!8m2!3d-0.2852635!4d-78.5437251!16s%2Fg%2F11fy4frpn7!19sChIJAQAApKKY1ZERJbDCTrIxXpA?authuser=0&hl=es-419&g_ep=EgoyMDI2MDkxNC4wIJJjKgBIAVAD&rclk=1"
"Pato's Pizzeria","098 778 8727","","4.6","4439","","ninguno","","true","Pizzería","PC4Q+V9F Cerca de, S37, 170140 Quito","Quitumbe, Quito","https://www.google.com/maps/place/Pato%27s+Pizzeria/data=!4m7!3m6!1s0x91d598aa093246df:0x642f3d815d4aad76!8m2!3d-0.2932945!4d-78.561441!16s%2Fg%2F11bwkfd6g8!19sChIJ30YyCaqY1ZERdq1KXYE9L2Q?authuser=0&hl=es-419&g_ep=EgoyMDI2MDkxNC4wIJJjKgBIAVAD&rclk=1"
"CHIFA OCEANO","(02) 273-8154","","4.2","1564","","ninguno","","true","Restaurante","Av. Cóndor Ñan Oe1-237, 170146 Quito","Quitumbe, Quito","https://www.google.com/maps/place/CHIFA+OCEANO/data=!4m7!3m6!1s0x91d5a20cc7379629:0x27e9145f42ee1330!8m2!3d-0.2994653!4d-78.5444528!16s%2Fg%2F11g6_6f1pj!19sChIJKZY3xwyi1ZERMBPuQl8U6Sc?authuser=0&hl=es-419&g_ep=EgoyMDI2MDkxNC4wIJJjKgBIAVAD&rclk=1"
"FUEGO ANDINO URBAN COFFEE","099 634 0466","","4.7","11","","ninguno","","true","Cafetería","170102 Quito","Quitumbe, Quito","https://www.google.com/maps/place/FUEGO+ANDINO+URBAN+COFFEE/data=!4m7!3m6!1s0x91d5a35645177b55:0xb63e68318f501d9b!8m2!3d-0.2936895!4d-78.5439827!16s%2Fg%2F11ygqwl820!19sChIJVXsXRVaj1ZERmx1QjzFoPrY?authuser=0&hl=es-419&g_ep=EgoyMDI2MDkxNC4wIJJjKgBIAVAD&rclk=1"
"CEVICHES EXPRESS EL MACHITO","096 397 4456","","4","341","","ninguno","","true","Marisquería","Amauta, Y y Cari 170702, 170702 Quito","Quitumbe, Quito","https://www.google.com/maps/place/CEVICHES+EXPRESS+EL+MACHITO/data=!4m7!3m6!1s0x91d5a30d480f73df:0xfbaec59bd74f73c4!8m2!3d-0.2943582!4d-78.5440897!16s%2Fg%2F11lfgq2m76!19sChIJ33MPSA2j1ZERxHNP15vFrvs?authuser=0&hl=es-419&g_ep=EgoyMDI2MDkxNC4wIJJjKgBIAVAD&rclk=1"
"GreenLands Quitumbe","(02) 506-0511","","4.8","11","","ninguno","","true","Heladería","Av. Quitumbe Ñan, 170146 Quito","Quitumbe, Quito","https://www.google.com/maps/place/GreenLands+Quitumbe/data=!4m7!3m6!1s0x91d5990072315ccb:0x95b3d6809fc341f5!8m2!3d-0.2887889!4d-78.5435752!16s%2Fg%2F11xz0vf639!19sChIJy1wxcgCZ1ZER9UHDn4DWs5U?authuser=0&hl=es-419&g_ep=EgoyMDI2MDkxNC4wIJJjKgBIAVAD&rclk=1"
"CHIFA ORIGEN","098 390 6877","","4.3","75","","ninguno","","true","Restaurante chino de comida para llevar","170146 Quito","Quitumbe, Quito","https://www.google.com/maps/place/CHIFA+ORIGEN/data=!4m7!3m6!1s0x91d599e24e6cafdf:0xbac01b3b4cf991cc!8m2!3d-0.2916599!4d-78.5436895!16s%2Fg%2F11px0q3ls9!19sChIJ369sTuKZ1ZERzJH5TDsbwLo?authuser=0&hl=es-419&g_ep=EgoyMDI2MDkxNC4wIJJjKgBIAVAD&rclk=1"
"Mini de Mi Comisariato Quitumbe","(04) 370-2400 ext. 4423","","4.5","82","https://micomisariato.com/mini","sitio_propio","","false","Tienda de alimentación","Llira Nan y Y, 170146 Quito","Quitumbe, Quito","https://www.google.com/maps/place/Mini+de+Mi+Comisariato+Quitumbe/data=!4m7!3m6!1s0x91d599c87f5da79d:0xe6129106ebea0d2b!8m2!3d-0.2926817!4d-78.5440603!16s%2Fg%2F11t30mctjr!19sChIJnaddf8iZ1ZERKw3q6waREuY?authuser=0&hl=es-419&g_ep=EgoyMDI2MDkxNC4wIJJjKgBIAVAD&rclk=1"
"Los pollos de la Tri -Quitumbe","098 948 1730","","4","31","","ninguno","","true","Restaurante","Av. Guayanay Ñan Lote 200, 170150 Quito","Quitumbe, Quito","https://www.google.com/maps/place/Los+pollos+de+la+Tri+-Quitumbe/data=!4m7!3m6!1s0x91d5a3a0c91f128b:0xccf7a05ba4e997c3!8m2!3d-0.3024889!4d-78.5531981!16s%2Fg%2F11pcnm2bnv!19sChIJixIfyaCj1ZERw5fppFug98w?authuser=0&hl=es-419&g_ep=EgoyMDI2MDkxNC4wIJJjKgBIAVAD&rclk=1"
"EDO C-vichería","","","4.7","26","","ninguno","","true","Marisquería","PF64+HGQ, 2, 170146 Quito","Quitumbe, Quito","https://www.google.com/maps/place/EDO+C-vicher%C3%ADa/data=!4m7!3m6!1s0x91d59913d794ac4b:0x6e3844649672a24!8m2!3d-0.2885423!4d-78.5436553!16s%2Fg%2F11h8d7639k!19sChIJS6yU1xOZ1ZERJCpnSUaE4wY?authuser=0&hl=es-419&g_ep=EgoyMDI2MDkxNC4wIJJjKgBIAVAD&rclk=1"
"KFC - Quitumbe","(02) 392-0070","","4","1342","http://www.kfc.com.ec/","sitio_propio","","false","Restaurante especializado en pollo","Av. Guayanay Ñan, 170707 Quito","Quitumbe, Quito","https://www.google.com/maps/place/KFC+-+Quitumbe/data=!4m7!3m6!1s0x91d5a20500a449cd:0xa9d8892329319dca!8m2!3d-0.3005195!4d-78.5574203!16s%2Fg%2F11c0vyzh68!19sChIJzUmkAAWi1ZERyp0xKSOJ2Kk?authuser=0&hl=es-419&g_ep=EgoyMDI2MDkxNC4wIJJjKgBIAVAD&rclk=1"
"SAZON MONTÉS","096 295 9029","","4.5","6","","ninguno","","true","Restaurante","S44A, LOCALIDAD : QUITO, Av. Quitumbe Ñan, 170771 Quito","Quitumbe, Quito","https://www.google.com/maps/place/SAZON+MONT%C3%89S/data=!4m7!3m6!1s0x91d5a3bb311d2247:0x762330a2ef32fd2a!8m2!3d-0.30771!4d-78.5545958!16s%2Fg%2F11hkgwlrl2!19sChIJRyIdMbuj1ZERKv0y76IwI3Y?authuser=0&hl=es-419&g_ep=EgoyMDI2MDkxNC4wIJJjKgBIAVAD&rclk=1"
"TROPIBURGER - Quicentro Sur","099 500 6202","","4.1","89","http://tropiburger.ec/","sitio_propio","","true","Hamburguesería","Av. Morán Valverde 1000, 170146 Quito","Quitumbe, Quito","https://www.google.com/maps/place/TROPIBURGER+-+Quicentro+Sur/data=!4m7!3m6!1s0x91d599f3d368898d:0x8b8e23ceb0f600c5!8m2!3d-0.2852809!4d-78.5434352!16s%2Fg%2F11rfcm_rx4!19sChIJjYlo0_OZ1ZERxQD2sM4jjos?authuser=0&hl=es-419&g_ep=EgoyMDI2MDkxNC4wIJJjKgBIAVAD&rclk=1"
"Papitas Express","098 714 7003","","4.1","7","","ninguno","","true","Restaurante de comida rápida","Calle Condor Ñan, Quitumbe, Local 6, 170146 Quito, Pichincha","Quitumbe, Quito","https://www.google.com/maps/place/Papitas+Express/data=!4m7!3m6!1s0x91d5a2088f7535ad:0xdb2983c148adb202!8m2!3d-0.2963502!4d-78.5539305!16s%2Fg%2F11g1lxdgx3!19sChIJrTV1jwii1ZERArKtSMGDKds?authuser=0&hl=es-419&g_ep=EgoyMDI2MDkxNC4wIJJjKgBIAVAD&rclk=1"
"Pollos La Llama Roja","093 940 2829","","3.9","83","","ninguno","","true","Restaurante","Av. Llira Ñan Oe2-114, 170146 Quito","Quitumbe, Quito","https://www.google.com/maps/place/Pollos+La+Llama+Roja/data=!4m7!3m6!1s0x91d5a379f6b3df8f:0x943f76bc8fe8e948!8m2!3d-0.2982076!4d-78.5469757!16s%2Fg%2F11fct1bbss!19sChIJj9-z9nmj1ZERSOnoj7x2P5Q?authuser=0&hl=es-419&g_ep=EgoyMDI2MDkxNC4wIJJjKgBIAVAD&rclk=1"
"RESTAURANTE MARISQUERÍA “LA TÍA”","097 883 8082","","4.4","15","","ninguno","","true","Marisquería","Susana Letor Y E2E, 170146 Quito","Quitumbe, Quito","https://www.google.com/maps/place/RESTAURANTE+MARISQUER%C3%8DA+%E2%80%9CLA+T%C3%8DA%E2%80%9D/data=!4m7!3m6!1s0x91d5a325b24827b9:0xec3b132cc869ea6e!8m2!3d-0.3021854!4d-78.5390191!16s%2Fg%2F11p4kw1s9g!19sChIJuSdIsiWj1ZERbuppyCwTO-w?authuser=0&hl=es-419&g_ep=EgoyMDI2MDkxNC4wIJJjKgBIAVAD&rclk=1"
"Broaster NIKO","099 798 0575","","3.3","29","","ninguno","","true","Restaurante de comida rápida","Av Quitumbe S34-96, 170702 Quito","Quitumbe, Quito","https://www.google.com/maps/place/Broaster+NIKO/data=!4m7!3m6!1s0x91d5996f8d96236d:0x3a9d489868e4d01a!8m2!3d-0.29186!4d-78.5464916!16s%2Fg%2F11t6glg25l!19sChIJbSOWjW-Z1ZERGtDkaJhInTo?authuser=0&hl=es-419&g_ep=EgoyMDI2MDkxNC4wIJJjKgBIAVAD&rclk=1"
"Plaza Quitumbe","","","4.2","1869","","ninguno","","true","Parque","PF43+565, Av Quitumbe, 170146 Quito","Quitumbe, Quito","https://www.google.com/maps/place/Plaza+Quitumbe/data=!4m7!3m6!1s0x91d5a20a662c1cb5:0x9d7a83c30945a27c!8m2!3d-0.2946217!4d-78.5468902!16s%2Fg%2F1232kgb0h!19sChIJtRwsZgqi1ZERfKJFCcODep0?authuser=0&hl=es-419&g_ep=EgoyMDI2MDkxNC4wIJJjKgBIAVAD&rclk=1"
"Zajud Cerveza Artesanal - Quitumbe Gastro PUB","099 298 5402","","4.7","44","https://www.instagram.com/zajudcerveceria/?hl=es-la","solo_red_social","","true","Restaurante","PF22+QFV, Av. Cóndor Ñan, Quito 170506, 170702 Quito","Quitumbe, Quito","https://www.google.com/maps/place/Zajud+Cerveza+Artesanal+-+Quitumbe+Gastro+PUB/data=!4m7!3m6!1s0x91d5a3785ccc2771:0xfbd352df1ab80060!8m2!3d-0.298006!4d-78.5488155!16s%2Fg%2F11sn7qtpg9!19sChIJcSfMXHij1ZERYAC4Gt9S0_s?authuser=0&hl=es-419&g_ep=EgoyMDI2MDkxNC4wIJJjKgBIAVAD&rclk=1"
"Menestras del Negro - Quicentro Sur","098 612 2458","","3.8","290","","ninguno","","true","Restaurante","Shopping Center, Ground floor and upper floor, Av. Quitumbe Ñan, 170146 Quito","Quitumbe, Quito","https://www.google.com/maps/place/Menestras+del+Negro+-+Quicentro+Sur/data=!4m7!3m6!1s0x91d59898083eabc3:0x91796210096e5bc1!8m2!3d-0.2850643!4d-78.5433026!16s%2Fg%2F11c7_xdygp!19sChIJw6s-CJiY1ZERwVtuCRBieZE?authuser=0&hl=es-419&g_ep=EgoyMDI2MDkxNC4wIJJjKgBIAVAD&rclk=1"
"Pizza Hut Quicentro Sur","(02) 399-3200","ejemplo@email.com; ejemplo@gmail.com","5","436","https://www.pizzahut.com.ec/","sitio_propio","","false","Restaurante","Ave Moran Valverde y Av. Quitumbe Ñan &, 170146 Quito","Quitumbe, Quito","https://www.google.com/maps/place/Pizza+Hut+Quicentro+Sur/data=!4m7!3m6!1s0x91d591a47a17f3c7:0x8442361897d9e010!8m2!3d-0.2853885!4d-78.5432932!16s%2Fg%2F11qqrjky77!19sChIJx_MXeqSR1ZEREODZlxg2QoQ?authuser=0&hl=es-419&g_ep=EgoyMDI2MDkxNC4wIJJjKgBIAVAD&rclk=1"
"RESTAURANTE -CEVICHERIA MEGALODON","098 531 8227","","4.2","10","","ninguno","","true","Restaurante","Av. Llira Ñan 25, 170146 Quito","Quitumbe, Quito","https://www.google.com/maps/place/RESTAURANTE+-CEVICHERIA+MEGALODON/data=!4m7!3m6!1s0x91d5a356645f9f59:0x508f70c3ffde5910!8m2!3d-0.2964169!4d-78.5466934!16s%2Fg%2F11fsjlbc6t!19sChIJWZ9fZFaj1ZEREFne_8Nwj1A?authuser=0&hl=es-419&g_ep=EgoyMDI2MDkxNC4wIJJjKgBIAVAD&rclk=1"
"EL REY DE LAS CAZUELAS","(02) 269-5502","","4","339","","ninguno","","true","Restaurante de cocina criolla","MCMW+8GX, Av. Quitumbe Ñan, 170701 Quito","Quitumbe, Quito","https://www.google.com/maps/place/EL+REY+DE+LAS+CAZUELAS/data=!4m7!3m6!1s0x91d5a23ca0a9351d:0xabf4785734a27579!8m2!3d-0.3166375!4d-78.5536351!16s%2Fg%2F11ffl2bhyl!19sChIJHTWpoDyi1ZEReXWiNFd49Ks?authuser=0&hl=es-419&g_ep=EgoyMDI2MDkxNC4wIJJjKgBIAVAD&rclk=1"
"Martini Sports","099 674 4195","","4.7","48","https://linktr.ee/Martinisportsfd","solo_red_social","","true","Pub restaurante","Martha Bucaram de Roldos y S37, 170140 Quito","Quitumbe, Quito","https://www.google.com/maps/place/Martini+Sports/data=!4m7!3m6!1s0x91d59944b92e75d9:0xbb9e666a9c5a35b3!8m2!3d-0.2921927!4d-78.561782!16s%2Fg%2F11rf9x7d4k!19sChIJ2XUuuUSZ1ZERszVanGpmnrs?authuser=0&hl=es-419&g_ep=EgoyMDI2MDkxNC4wIJJjKgBIAVAD&rclk=1"
"Hornado Riobambeño Sur","098 395 2019","","4.4","11","","ninguno","","true","Restaurante","Av. Quitumbe Ñan y S44B, 170146 Quito","Quitumbe, Quito","https://www.google.com/maps/place/Hornado+Riobambe%C3%B1o+Sur/data=!4m7!3m6!1s0x91d5993d6d055fb5:0x5b61255b6eee1d90!8m2!3d-0.3080549!4d-78.5519678!16s%2Fg%2F11sbxgkh_g!19sChIJtV8FbT2Z1ZERkB3ublslYVs?authuser=0&hl=es-419&g_ep=EgoyMDI2MDkxNC4wIJJjKgBIAVAD&rclk=1"
"LUMOS","098 777 9790","","4.6","55","","ninguno","","true","Restaurante de comida rápida","Amauta &, 170146 Quito","Quitumbe, Quito","https://www.google.com/maps/place/LUMOS/data=!4m7!3m6!1s0x91d5a3a15fe45307:0x4524bf93b8034eb3!8m2!3d-0.2982046!4d-78.5453454!16s%2Fg%2F11s752cp9s!19sChIJB1PkX6Gj1ZERs04DuJO_JEU?authuser=0&hl=es-419&g_ep=EgoyMDI2MDkxNC4wIJJjKgBIAVAD&rclk=1"
"Papa Longa","","","4.4","50","","ninguno","","true","Restaurante de comida rápida","Av. Cóndor Ñan 4, 170146 Quito","Quitumbe, Quito","https://www.google.com/maps/place/Papa+Longa/data=!4m7!3m6!1s0x91d5a31a9d584667:0x41fc02aef2ee24c!8m2!3d-0.2983529!4d-78.5475479!16s%2Fg%2F11n2mtyj3d!19sChIJZ0ZYnRqj1ZERTOIu7yrAHwQ?authuser=0&hl=es-419&g_ep=EgoyMDI2MDkxNC4wIJJjKgBIAVAD&rclk=1"
"Smashers","095 861 4488","","4.6","32","https://linktr.ee/smashersuio","solo_red_social","","true","Restaurante de comida rápida","Amauta y, Cari Lote 6, 170146 Quito","Quitumbe, Quito","https://www.google.com/maps/place/Smashers/data=!4m7!3m6!1s0x91d5a37c0bb0bbe9:0x6fd3964d0568e606!8m2!3d-0.294534!4d-78.5442179!16s%2Fg%2F11rsfnj8h7!19sChIJ6buwC3yj1ZERBuZoBU2W028?authuser=0&hl=es-419&g_ep=EgoyMDI2MDkxNC4wIJJjKgBIAVAD&rclk=1"
"Quicentro Sur","","","4.5","30528","http://www.quicentrosur.com/","sitio_propio","2026","false","Centro comercial","Av. Morán Valverde 1000, 170146 Quito","Quitumbe, Quito","https://www.google.com/maps/place/Quicentro+Sur/data=!4m7!3m6!1s0x91d598a2acf1a997:0x14dc7499d813fb50!8m2!3d-0.285879!4d-78.5424266!16s%2Fm%2F0j44279!19sChIJl6nxrKKY1ZERUPsT2Jl03BQ?authuser=0&hl=es-419&g_ep=EgoyMDI2MDkxNC4wIJJjKgBIAVAD&rclk=1"
"Martica Restaurante - Cafetería","","","5","6","","ninguno","","true","Restaurante de brunch","Av. Quitumbe Ñan, S47D, y y OE1J Lote 1006, 170146 Quito","Quitumbe, Quito","https://www.google.com/maps/place/Martica+Restaurante+-+Cafeter%C3%ADa/data=!4m7!3m6!1s0x91d5a3184df34181:0x2ebf7d11cbb0ce4e!8m2!3d-0.3139661!4d-78.550279!16s%2Fg%2F11sh0cl_92!19sChIJgUHzTRij1ZERTs6wyxF9vy4?authuser=0&hl=es-419&g_ep=EgoyMDI2MDkxNC4wIJJjKgBIAVAD&rclk=1"
"KFC - Quicentro Sur Patio","(02) 392-0070","","4","41","http://www.kfc.com.ec/","sitio_propio","","false","Restaurante de comida rápida","Patio de Comidas - C.C, Av. Moran Valverde, y y Av. Quitumbe Ñan, 170146 Quito","Quitumbe, Quito","https://www.google.com/maps/place/KFC+-+Quicentro+Sur+Patio/data=!4m7!3m6!1s0x91d599d1db5f71cd:0x79b59c0b284d2449!8m2!3d-0.285808!4d-78.543255!16s%2Fg%2F11ww0scpcq!19sChIJzXFf29GZ1ZERSSRNKAuctXk?authuser=0&hl=es-419&g_ep=EgoyMDI2MDkxNC4wIJJjKgBIAVAD&rclk=1"
"MELOW'S","097 897 5777","","4","146","http://encuentranos.melows.lat/","sitio_propio","2026","false","Cafetería","170146 Quito","Quitumbe, Quito","https://www.google.com/maps/place/MELOW%27S/data=!4m7!3m6!1s0x91d5a3e41e5604ed:0xd280243787ac367f!8m2!3d-0.296015!4d-78.5462396!16s%2Fg%2F11hq38myxb!19sChIJ7QRWHuSj1ZERfzashzckgNI?authuser=0&hl=es-419&g_ep=EgoyMDI2MDkxNC4wIJJjKgBIAVAD&rclk=1"
"Beef Republik","","","4.3","467","http://www.fb.com/beefrepublik.uio","sitio_propio","","false","Parrilla","17430080","Quitumbe, Quito","https://www.google.com/maps/place/Beef+Republik/data=!4m7!3m6!1s0x91d5990c7f536863:0xff25aa4d9ff063ed!8m2!3d-0.2504514!4d-78.5261166!16s%2Fg%2F11gw37vp6y!19sChIJY2hTfwyZ1ZER7WPwn02qJf8?authuser=0&hl=es-419&g_ep=EgoyMDI2MDkxNC4wIJJjKgBIAVAD&rclk=1"
"La Casona Restaurante, Catering y Eventos","097 912 5473","","4.3","104","","ninguno","","true","Restaurante","Matilde Alvarez, 170603 Quito","Quitumbe, Quito","https://www.google.com/maps/place/La+Casona+Restaurante,+Catering+y+Eventos/data=!4m7!3m6!1s0x91d599a087aba733:0x4b62d9795e4a07bf!8m2!3d-0.2843454!4d-78.5522032!16s%2Fg%2F11f6xzk6jw!19sChIJM6erh6CZ1ZERvwdKXnnZYks?authuser=0&hl=es-419&g_ep=EgoyMDI2MDkxNC4wIJJjKgBIAVAD&rclk=1"